X,site_type,allele_freq,dist_bin,mean_D,mean_r2,mean_D_prime,num_pairs,s_ben,theta,s_del,rho_exp,mu_exp,h_ben,h_del,end_freq,model,num_sites
1,syn,rare,10,0.00139865107913669,0.107452484855712,-0.705879733210287,2224,0,0.01,0.001,6,6,0.5,0.5,0.5,0,1
2,nonsyn,rare,10,7.6481178396072e-4,0.0501273604643459,-0.871744294855566,5499,0,0.01,0.001,6,6,0.5,0.5,0.5,0,1
3,syn,int,10,0.0039233700254022,0.28765362077738,-0.382840914964297,1181,0,0.01,0.001,6,6,0.5,0.5,0.5,0,1
4,nonsyn,int,10,0.00293801478352693,0.144499520874141,-0.630510322469967,947,0,0.01,0.001,6,6,0.5,0.5,0.5,0,1
5,syn,common,10,0.00448623298033283,0.658938137831422,-0.0422074658940859,661,0,0.01,0.001,6,6,0.5,0.5,0.5,0,1
6,nonsyn,common,10,0.0104160714285714,0.597199526358158,-0.0340580218251859,112,0,0.01,0.001,6,6,0.5,0.5,0.5,0,1
7,syn,rare,15,0.00131060743427017,0.116911659173623,-0.69734718456944,1103,0,0.01,0.001,6,6,0.5,0.5,0.5,0,1
8,nonsyn,rare,15,5.78814762242725e-4,0.0475269624731597,-0.879466708498319,2818,0,0.01,0.001,6,6,0.5,0.5,0.5,0,1
9,syn,int,15,0.00280761589403973,0.27809801173229,-0.3994352356075,604,0,0.01,0.001,6,6,0.5,0.5,0.5,0,1
10,nonsyn,int,15,0.00217266666666667,0.11629389538031,-0.658189839418976,450,0,0.01,0.001,6,6,0.5,0.5,0.5,0,1
11,syn,common,15,0.0142282352941176,0.627477189906972,0.0288038778321954,340,0,0.01,0.001,6,6,0.5,0.5,0.5,0,1
12,nonsyn,common,15,0.0122741935483871,0.600172818180533,-0.0631806458667715,62,0,0.01,0.001,6,6,0.5,0.5,0.5,0,1
13,syn,rare,20,0.00117019230769231,0.10431124658322,-0.702225474897167,1040,0,0.01,0.001,6,6,0.5,0.5,0.5,0,1
14,nonsyn,rare,20,7.67281272595806e-4,0.0538391545162092,-0.862203393178266,2766,0,0.01,0.001,6,6,0.5,0.5,0.5,0,1
15,syn,int,20,0.00599619834710744,0.258021076013688,-0.349513334569096,605,0,0.01,0.001,6,6,0.5,0.5,0.5,0,1
16,nonsyn,int,20,0.00440963855421687,0.160244871904993,-0.588341294640641,415,0,0.01,0.001,6,6,0.5,0.5,0.5,0,1
17,syn,common,20,0.0169217821782178,0.634937636182451,0.0202056975266987,303,0,0.01,0.001,6,6,0.5,0.5,0.5,0,1
18,nonsyn,common,20,0.00334186046511628,0.447001689816964,-0.134551164532082,43,0,0.01,0.001,6,6,0.5,0.5,0.5,0,1
19,syn,rare,25,0.00174829867674858,0.0979353564232936,-0.727385127516333,1058,0,0.01,0.001,6,6,0.5,0.5,0.5,0,1
20,nonsyn,rare,25,8.22222222222222e-4,0.0532693012704786,-0.861897169171881,2799,0,0.01,0.001,6,6,0.5,0.5,0.5,0,1
21,syn,int,25,1.19565217391305e-5,0.248594064681686,-0.385395211361304,552,0,0.01,0.001,6,6,0.5,0.5,0.5,0,1
22,nonsyn,int,25,0.00167864923747277,0.131679435742056,-0.631775017774462,459,0,0.01,0.001,6,6,0.5,0.5,0.5,0,1
23,syn,common,25,-0.00578457142857143,0.592644886222628,-0.101578622015536,350,0,0.01,0.001,6,6,0.5,0.5,0.5,0,1
24,nonsyn,common,25,0.00673090909090909,0.452996648118563,-0.0847943663667737,55,0,0.01,0.001,6,6,0.5,0.5,0.5,0,1
25,syn,rare,50,0.00129745730550285,0.0895650268692758,-0.707926299592936,5270,0,0.01,0.001,6,6,0.5,0.5,0.5,0,1
26,nonsyn,rare,50,7.13900326565384e-4,0.0501712021365021,-0.868690909068738,14086,0,0.01,0.001,6,6,0.5,0.5,0.5,0,1
27,syn,int,50,0.00495111275964392,0.239146302610643,-0.38692268291371,2696,0,0.01,0.001,6,6,0.5,0.5,0.5,0,1
28,nonsyn,int,50,0.00222311827956989,0.126978917784146,-0.641114792576249,2232,0,0.01,0.001,6,6,0.5,0.5,0.5,0,1
29,syn,common,50,0.00161824675324675,0.538186171270569,-0.0496040172499325,1540,0,0.01,0.001,6,6,0.5,0.5,0.5,0,1
30,nonsyn,common,50,0.00347011952191235,0.464850372501204,-0.0983772117370162,251,0,0.01,0.001,6,6,0.5,0.5,0.5,0,1
31,syn,rare,75,8.44279578289731e-4,0.0732832816615828,-0.736858915706467,5122,0,0.01,0.001,6,6,0.5,0.5,0.5,0,1
32,nonsyn,rare,75,6.1491870514135e-4,0.0465901605060611,-0.87046848790551,13654,0,0.01,0.001,6,6,0.5,0.5,0.5,0,1
33,syn,int,75,0.00413700664322001,0.183366187513649,-0.375558560964658,2559,0,0.01,0.001,6,6,0.5,0.5,0.5,0,1
34,nonsyn,int,75,0.00211807709348693,0.114221370434485,-0.638213310482693,2257,0,0.01,0.001,6,6,0.5,0.5,0.5,0,1
35,syn,common,75,0.00820439344262295,0.462184883799173,0.0019146640280892,1525,0,0.01,0.001,6,6,0.5,0.5,0.5,0,1
36,nonsyn,common,75,-0.00312826086956522,0.372536471592689,-0.143077150884458,230,0,0.01,0.001,6,6,0.5,0.5,0.5,0,1
37,syn,rare,100,9.81570231833236e-4,0.0723434314410262,-0.740440068917551,5133,0,0.01,0.001,6,6,0.5,0.5,0.5,0,1
38,nonsyn,rare,100,6.05946769163826e-4,0.0469176227597629,-0.872062877979086,13789,0,0.01,0.001,6,6,0.5,0.5,0.5,0,1
39,syn,int,100,0.00331412103746398,0.169236619267658,-0.413023443160855,2429,0,0.01,0.001,6,6,0.5,0.5,0.5,0,1
40,nonsyn,int,100,0.00156317641882974,0.108259718475362,-0.625405065749872,2273,0,0.01,0.001,6,6,0.5,0.5,0.5,0,1
41,syn,common,100,0.00850714791224345,0.392692708841177,0.00936836792544767,1413,0,0.01,0.001,6,6,0.5,0.5,0.5,0,1
42,nonsyn,common,100,-0.00766233183856502,0.368475771437689,-0.153713611881953,223,0,0.01,0.001,6,6,0.5,0.5,0.5,0,1
43,syn,rare,125,8.28407720144753e-4,0.0645442315796742,-0.745329211691015,4974,0,0.01,0.001,6,6,0.5,0.5,0.5,0,1
44,nonsyn,rare,125,5.21105600933489e-4,0.0416411469943077,-0.877215489599438,13712,0,0.01,0.001,6,6,0.5,0.5,0.5,0,1
45,syn,int,125,0.0033732868280673,0.150835397772617,-0.389162980289622,2437,0,0.01,0.001,6,6,0.5,0.5,0.5,0,1
46,nonsyn,int,125,0.00233990566037736,0.103378411681814,-0.615924698927538,2120,0,0.01,0.001,6,6,0.5,0.5,0.5,0,1
47,syn,common,125,0.00643173515981735,0.339220523384989,-0.00893634197360999,1314,0,0.01,0.001,6,6,0.5,0.5,0.5,0,1
48,nonsyn,common,125,-0.001158203125,0.334146797191777,-0.105628310810255,256,0,0.01,0.001,6,6,0.5,0.5,0.5,0,1
49,syn,rare,150,7.25814282824196e-4,0.0592712046529253,-0.758020088369054,4943,0,0.01,0.001,6,6,0.5,0.5,0.5,0,1
50,nonsyn,rare,150,5.78442808194212e-4,0.0440387863375647,-0.873634909394185,13717,0,0.01,0.001,6,6,0.5,0.5,0.5,0,1
51,syn,int,150,0.00300667215815486,0.138546603733985,-0.426853155640824,2428,0,0.01,0.001,6,6,0.5,0.5,0.5,0,1
52,nonsyn,int,150,0.00189582766439909,0.100716938544049,-0.609249639726006,2205,0,0.01,0.001,6,6,0.5,0.5,0.5,0,1
53,syn,common,150,0.0057822695035461,0.304319095206275,-0.00514290831843784,1269,0,0.01,0.001,6,6,0.5,0.5,0.5,0,1
54,nonsyn,common,150,0.00955862068965517,0.28881385648562,-0.0259349017004062,232,0,0.01,0.001,6,6,0.5,0.5,0.5,0,1
55,syn,rare,175,7.04489544895449e-4,0.0587117615700703,-0.766155415276832,4878,0,0.01,0.001,6,6,0.5,0.5,0.5,0,1
56,nonsyn,rare,175,5.78791460441752e-4,0.0426363388771179,-0.87191370569113,13537,0,0.01,0.001,6,6,0.5,0.5,0.5,0,1
57,syn,int,175,0.00408954195379003,0.131605219926811,-0.380998422213972,2467,0,0.01,0.001,6,6,0.5,0.5,0.5,0,1
58,nonsyn,int,175,0.00139541073887104,0.0922830900972227,-0.629212030706797,2179,0,0.01,0.001,6,6,0.5,0.5,0.5,0,1
59,syn,common,175,0.0080209561752988,0.263566781488184,0.00803562093610072,1255,0,0.01,0.001,6,6,0.5,0.5,0.5,0,1
60,nonsyn,common,175,0.00268070175438597,0.279149961385586,-0.0636435488589977,228,0,0.01,0.001,6,6,0.5,0.5,0.5,0,1
61,syn,rare,200,7.39190845933797e-4,0.0539919453494832,-0.754140359209726,4894,0,0.01,0.001,6,6,0.5,0.5,0.5,0,1
62,nonsyn,rare,200,5.88457318411235e-4,0.0448332593519581,-0.868225085685836,13671,0,0.01,0.001,6,6,0.5,0.5,0.5,0,1
63,syn,int,200,0.00263056822895064,0.121850647455707,-0.390697052561648,2411,0,0.01,0.001,6,6,0.5,0.5,0.5,0,1
64,nonsyn,int,200,0.00235637030247479,0.0916165622784779,-0.615836928264702,2182,0,0.01,0.001,6,6,0.5,0.5,0.5,0,1
65,syn,common,200,0.00622724333063864,0.249696889163863,0.0125150348203449,1237,0,0.01,0.001,6,6,0.5,0.5,0.5,0,1
66,nonsyn,common,200,-0.00606989247311828,0.23230551096393,-0.160570448693303,186,0,0.01,0.001,6,6,0.5,0.5,0.5,0,1
67,syn,rare,250,6.75899531545899e-4,0.0485964147215493,-0.764778929148427,10033,0,0.01,0.001,6,6,0.5,0.5,0.5,0,1
68,nonsyn,rare,250,0.00044282308236784297,0.0388501792486231,-0.878831520359984,26843,0,0.01,0.001,6,6,0.5,0.5,0.5,0,1
69,syn,int,250,0.00226305062458909,0.101283995960935,-0.381825993397081,4563,0,0.01,0.001,6,6,0.5,0.5,0.5,0,1
70,nonsyn,int,250,0.00172544298046343,0.0858764296301337,-0.612048381778948,4402,0,0.01,0.001,6,6,0.5,0.5,0.5,0,1
71,syn,common,250,0.00631512234255917,0.214623235709338,0.00159936929251521,2493,0,0.01,0.001,6,6,0.5,0.5,0.5,0,1
72,nonsyn,common,250,0.00243937007874016,0.233007906558741,-0.106234414438055,381,0,0.01,0.001,6,6,0.5,0.5,0.5,0,1
73,syn,rare,300,5.67975675118532e-4,0.0460726969869523,-0.766065344310421,9702,0,0.01,0.001,6,6,0.5,0.5,0.5,0,1
74,nonsyn,rare,300,4.51279269843645e-4,0.0384579403655051,-0.879171694897904,26734,0,0.01,0.001,6,6,0.5,0.5,0.5,0,1
75,syn,int,300,0.0019729772016093,0.089712228880716,-0.388567652676988,4474,0,0.01,0.001,6,6,0.5,0.5,0.5,0,1
76,nonsyn,int,300,0.00120031048483401,0.0821598080871432,-0.598433409692806,4187,0,0.01,0.001,6,6,0.5,0.5,0.5,0,1
77,syn,common,300,0.00531116999592336,0.185809464087773,-0.00541490462035268,2453,0,0.01,0.001,6,6,0.5,0.5,0.5,0,1
78,nonsyn,common,300,0.0106913265306122,0.185122492080493,-0.0419354794865107,392,0,0.01,0.001,6,6,0.5,0.5,0.5,0,1
79,syn,rare,350,4.4859822611887e-4,0.0402631898300541,-0.778068349401848,9809,0,0.01,0.001,6,6,0.5,0.5,0.5,0,1
80,nonsyn,rare,350,3.92275494672755e-4,0.0363536369639195,-0.882861956735937,26280,0,0.01,0.001,6,6,0.5,0.5,0.5,0,1
81,syn,int,350,0.0017871010056843,0.088213848981113,-0.396878863051705,4574,0,0.01,0.001,6,6,0.5,0.5,0.5,0,1
82,nonsyn,int,350,0.00117385125532923,0.0740187833124753,-0.605743156390944,4222,0,0.01,0.001,6,6,0.5,0.5,0.5,0,1
83,syn,common,350,0.00486576156130675,0.157663626200298,0.00146824209827605,2357,0,0.01,0.001,6,6,0.5,0.5,0.5,0,1
84,nonsyn,common,350,0.00949322429906542,0.186066534785099,-0.0257844845412944,428,0,0.01,0.001,6,6,0.5,0.5,0.5,0,1
85,syn,rare,400,6.60787688569404e-4,0.0451212536107496,-0.75932319546165306,9877,0,0.01,0.001,6,6,0.5,0.5,0.5,0,1
86,nonsyn,rare,400,3.69728311785647e-4,0.0357347843565824,-0.881888892123195,26685,0,0.01,0.001,6,6,0.5,0.5,0.5,0,1
87,syn,int,400,0.00153139789658195,0.0705783583947665,-0.39200570112169,4564,0,0.01,0.001,6,6,0.5,0.5,0.5,0,1
88,nonsyn,int,400,0.00111676843588539,0.0670266733780158,-0.592009909095799,4258,0,0.01,0.001,6,6,0.5,0.5,0.5,0,1
89,syn,common,400,0.00560542503203759,0.141888012438346,0.00384850058643227,2341,0,0.01,0.001,6,6,0.5,0.5,0.5,0,1
90,nonsyn,common,400,0.00401296758104738,0.135273483894448,-0.0421781491077972,401,0,0.01,0.001,6,6,0.5,0.5,0.5,0,1
91,syn,rare,450,4.40240889437925e-4,0.0370145695637796,-0.765996953060264,9714,0,0.01,0.001,6,6,0.5,0.5,0.5,0,1
92,nonsyn,rare,450,4.04830790149569e-4,0.0347890881931505,-0.879319873778307,26476,0,0.01,0.001,6,6,0.5,0.5,0.5,0,1
93,syn,int,450,0.00222801331853496,0.0765427264456486,-0.373938140583771,4505,0,0.01,0.001,6,6,0.5,0.5,0.5,0,1
94,nonsyn,int,450,0.00144840336134454,0.0698746113727864,-0.583539619683497,4165,0,0.01,0.001,6,6,0.5,0.5,0.5,0,1
95,syn,common,450,0.00198231321232588,0.121825876066052,-0.0103976987067644,2369,0,0.01,0.001,6,6,0.5,0.5,0.5,0,1
96,nonsyn,common,450,0.00600756501182033,0.139743884772986,-0.022273132474358,423,0,0.01,0.001,6,6,0.5,0.5,0.5,0,1
97,syn,rare,500,3.77248115511201e-4,0.035431835152867,-0.777641497468671,9419,0,0.01,0.001,6,6,0.5,0.5,0.5,0,1
98,nonsyn,rare,500,3.41052876414948e-4,0.0334548333614104,-0.88227806074779,25796,0,0.01,0.001,6,6,0.5,0.5,0.5,0,1
99,syn,int,500,0.00071052868391451105,0.065472381511239,-0.389352271007581,4445,0,0.01,0.001,6,6,0.5,0.5,0.5,0,1
100,nonsyn,int,500,8.54623497669855e-4,0.0634185134335425,-0.576545195318443,4077,0,0.01,0.001,6,6,0.5,0.5,0.5,0,1
101,syn,common,500,0.00285738738738739,0.109196163420425,-0.0046326703526475,2220,0,0.01,0.001,6,6,0.5,0.5,0.5,0,1
102,nonsyn,common,500,0.00112693333333334,0.0986420918488005,-0.0596220561604012,375,0,0.01,0.001,6,6,0.5,0.5,0.5,0,1
103,syn,rare,550,4.67095061072756e-4,0.0367144683316117,-0.768900205989551,9415,0,0.01,0.001,6,6,0.5,0.5,0.5,0,1
104,nonsyn,rare,550,3.67457246769326e-4,0.0332525959978567,-0.879996916188654,25846,0,0.01,0.001,6,6,0.5,0.5,0.5,0,1
105,syn,int,550,0.00152187284829011,0.0666832604259959,-0.383562400578086,4357,0,0.01,0.001,6,6,0.5,0.5,0.5,0,1
106,nonsyn,int,550,0.00152983059170145,0.0642663297913065,-0.559477613555146,4073,0,0.01,0.001,6,6,0.5,0.5,0.5,0,1
107,syn,common,550,0.00301732967535437,0.10550269341067,-0.00876662761070795,2187,0,0.01,0.001,6,6,0.5,0.5,0.5,0,1
108,nonsyn,common,550,0.00818071625344353,0.119064219871572,-0.00737265219616574,363,0,0.01,0.001,6,6,0.5,0.5,0.5,0,1
109,syn,rare,600,2.95364308342133e-4,0.0322092315369847,-0.789342864611222,9470,0,0.01,0.001,6,6,0.5,0.5,0.5,0,1
110,nonsyn,rare,600,3.16082746821169e-4,0.0325304145602637,-0.883513569975682,25717,0,0.01,0.001,6,6,0.5,0.5,0.5,0,1
111,syn,int,600,0.00115275466606701,0.0597501846442975,-0.371746074431428,4447,0,0.01,0.001,6,6,0.5,0.5,0.5,0,1
112,nonsyn,int,600,0.0014733671988389,0.0619277110582853,-0.557434477955895,4134,0,0.01,0.001,6,6,0.5,0.5,0.5,0,1
113,syn,common,600,0.00106712942230184,0.0913144362148939,-0.0113100705864627,2233,0,0.01,0.001,6,6,0.5,0.5,0.5,0,1
114,nonsyn,common,600,0.00558131067961165,0.0963106194489711,-0.0119338298090682,412,0,0.01,0.001,6,6,0.5,0.5,0.5,0,1
115,syn,rare,650,3.73863019646152e-4,0.0328548646729931,-0.779104606782694,9213,0,0.01,0.001,6,6,0.5,0.5,0.5,0,1
116,nonsyn,rare,650,3.16730941529352e-4,0.0315947124862047,-0.884519968863387,25671,0,0.01,0.001,6,6,0.5,0.5,0.5,0,1
117,syn,int,650,0.00131508875739645,0.0587009324800783,-0.365116906285733,4394,0,0.01,0.001,6,6,0.5,0.5,0.5,0,1
118,nonsyn,int,650,5.98213842718928e-4,0.0546005662780455,-0.576767997971919,4031,0,0.01,0.001,6,6,0.5,0.5,0.5,0,1
119,syn,common,650,0.0013450364298725,0.0797529493422925,-0.0162516473076177,2196,0,0.01,0.001,6,6,0.5,0.5,0.5,0,1
120,nonsyn,common,650,0.00455917874396135,0.0972437376208634,-0.0244497277814256,414,0,0.01,0.001,6,6,0.5,0.5,0.5,0,1
121,syn,rare,700,3.08876772082879e-4,0.0300164113313084,-0.783735905410393,9170,0,0.01,0.001,6,6,0.5,0.5,0.5,0,1
122,nonsyn,rare,700,2.59370320750256e-4,0.0298464693464679,-0.888250222535168,25378,0,0.01,0.001,6,6,0.5,0.5,0.5,0,1
123,syn,int,700,8.77681701332087e-4,0.0524777217856603,-0.367342031879012,4279,0,0.01,0.001,6,6,0.5,0.5,0.5,0,1
124,nonsyn,int,700,-3.15505271277963e-5,0.0500110250650862,-0.577877515215353,3889,0,0.01,0.001,6,6,0.5,0.5,0.5,0,1
125,syn,common,700,0.00362398909586551,0.076707404300974,-0.00129758503196356,2201,0,0.01,0.001,6,6,0.5,0.5,0.5,0,1
126,nonsyn,common,700,0.00182677165354331,0.0741469783223459,-0.0533158311932739,381,0,0.01,0.001,6,6,0.5,0.5,0.5,0,1
127,syn,rare,750,3.00411980848458e-4,0.0317711004838227,-0.778006199120182,8981,0,0.01,0.001,6,6,0.5,0.5,0.5,0,1
128,nonsyn,rare,750,3.0914937268208e-4,0.0309893894497093,-0.881968137275715,25346,0,0.01,0.001,6,6,0.5,0.5,0.5,0,1
129,syn,int,750,3.69421487603306e-4,0.05057826797998,-0.395982636554249,4356,0,0.01,0.001,6,6,0.5,0.5,0.5,0,1
130,nonsyn,int,750,2.21656210790464e-4,0.048785394170267,-0.578935853997749,3985,0,0.01,0.001,6,6,0.5,0.5,0.5,0,1
131,syn,common,750,0.00117070330693992,0.0724761955593178,-0.0111362556857528,2147,0,0.01,0.001,6,6,0.5,0.5,0.5,0,1
132,nonsyn,common,750,0.00297452054794521,0.071824617654172307,-0.0282852130971063,365,0,0.01,0.001,6,6,0.5,0.5,0.5,0,1
133,syn,rare,800,2.12526141992295e-4,0.0288855701354017,-0.788301078938305,9085,0,0.01,0.001,6,6,0.5,0.5,0.5,0,1
134,nonsyn,rare,800,1.86911374064236e-4,0.0275471437045938,-0.891141226332736,24846,0,0.01,0.001,6,6,0.5,0.5,0.5,0,1
135,syn,int,800,0.00117415492957746,0.0494723649435671,-0.348984485347447,4260,0,0.01,0.001,6,6,0.5,0.5,0.5,0,1
136,nonsyn,int,800,3.0484323222024e-4,0.0499286248744439,-0.565481354607042,3923,0,0.01,0.001,6,6,0.5,0.5,0.5,0,1
137,syn,common,800,0.00177707156308851,0.0674928545168817,-0.0104858453654646,2124,0,0.01,0.001,6,6,0.5,0.5,0.5,0,1
138,nonsyn,common,800,0.00851536231884058,0.0765980273285832,0.0181262737218289,345,0,0.01,0.001,6,6,0.5,0.5,0.5,0,1
139,syn,rare,850,2.49330655957162e-4,0.0285476463966032,-0.788586922253425,8964,0,0.01,0.001,6,6,0.5,0.5,0.5,0,1
140,nonsyn,rare,850,2.69774508236047e-4,0.0287784366651546,-0.883728016164455,25012,0,0.01,0.001,6,6,0.5,0.5,0.5,0,1
141,syn,int,850,5.38707369425233e-4,0.0454591002469154,-0.365618598273299,4193,0,0.01,0.001,6,6,0.5,0.5,0.5,0,1
142,nonsyn,int,850,8.79959565327268e-5,0.0475256031052746,-0.572443147407758,3957,0,0.01,0.001,6,6,0.5,0.5,0.5,0,1
143,syn,common,850,0.00166251781472684,0.0645413091438632,-1.55076564013028e-4,2105,0,0.01,0.001,6,6,0.5,0.5,0.5,0,1
144,nonsyn,common,850,0.00252837465564738,0.0693792662958,-0.0317061494916974,363,0,0.01,0.001,6,6,0.5,0.5,0.5,0,1
145,syn,rare,900,3.15539712598864e-4,0.0292732042615037,-0.780814765987942,8977,0,0.01,0.001,6,6,0.5,0.5,0.5,0,1
146,nonsyn,rare,900,2.8464345873105e-4,0.0289977572104055,-0.881849373383217,24934,0,0.01,0.001,6,6,0.5,0.5,0.5,0,1
147,syn,int,900,5.52451566610858e-4,0.043351537526632,-0.355604273786139,4181,0,0.01,0.001,6,6,0.5,0.5,0.5,0,1
148,nonsyn,int,900,0.00105813060179257,0.0491221465030875,-0.538609536012059,3905,0,0.01,0.001,6,6,0.5,0.5,0.5,0,1
149,syn,common,900,0.00184669035984007,0.0585499766340477,-0.00365366488178069,2251,0,0.01,0.001,6,6,0.5,0.5,0.5,0,1
150,nonsyn,common,900,0.00443415300546448,0.0621249474740565,-0.0219950538788303,366,0,0.01,0.001,6,6,0.5,0.5,0.5,0,1
151,syn,rare,950,2.96727272727273e-4,0.027865706043523,-0.79071443568905,9075,0,0.01,0.001,6,6,0.5,0.5,0.5,0,1
152,nonsyn,rare,950,2.22657801921596e-4,0.027188250255278,-0.885867335534887,24667,0,0.01,0.001,6,6,0.5,0.5,0.5,0,1
153,syn,int,950,3.65622723962129e-5,0.0403401076078958,-0.372165326098196,4119,0,0.01,0.001,6,6,0.5,0.5,0.5,0,1
154,nonsyn,int,950,4.8406779661017e-4,0.0433156433011962,-0.540210637205865,3835,0,0.01,0.001,6,6,0.5,0.5,0.5,0,1
155,syn,common,950,0.00168735913767761,0.0571117621750125,-0.00448351998083609,2041,0,0.01,0.001,6,6,0.5,0.5,0.5,0,1
156,nonsyn,common,950,0.00270025839793282,0.0671766616052011,-0.028090060291379,387,0,0.01,0.001,6,6,0.5,0.5,0.5,0,1
157,syn,rare,1000,2.50061363382796e-4,0.0268842003835571,-0.780611530756358,8963,0,0.01,0.001,6,6,0.5,0.5,0.5,0,1
158,nonsyn,rare,1000,1.89858595680888e-4,0.0263652048530704,-0.8887636727421,24681,0,0.01,0.001,6,6,0.5,0.5,0.5,0,1
159,syn,int,1000,7.82090250175356e-5,0.0431515266227597,-0.363506942878655,4277,0,0.01,0.001,6,6,0.5,0.5,0.5,0,1
160,nonsyn,int,1000,6.44852941176471e-4,0.044206681274444,-0.536559491717875,3808,0,0.01,0.001,6,6,0.5,0.5,0.5,0,1
161,syn,common,1000,0.0026629179331307,0.0539561093223184,0.00891347300179699,1974,0,0.01,0.001,6,6,0.5,0.5,0.5,0,1
162,nonsyn,common,1000,0.00204805194805195,0.0581688000076271,-0.0456799253397587,385,0,0.01,0.001,6,6,0.5,0.5,0.5,0,1
163,syn,rare,1050,1.47753125351954e-4,0.0252934677575859,-0.791754282098406,8879,0,0.01,0.001,6,6,0.5,0.5,0.5,0,1
164,nonsyn,rare,1050,2.21866260898174e-4,0.0265532527820903,-0.883976552259548,24316,0,0.01,0.001,6,6,0.5,0.5,0.5,0,1
165,syn,int,1050,8.15435259692758e-4,0.0412981839219383,-0.34391613697954,4101,0,0.01,0.001,6,6,0.5,0.5,0.5,0,1
166,nonsyn,int,1050,8.50188781014024e-4,0.042990740748481,-0.52561462589488706,3708,0,0.01,0.001,6,6,0.5,0.5,0.5,0,1
167,syn,common,1050,0.00293668188736682,0.0497057203052952,0.00249925817297783,1971,0,0.01,0.001,6,6,0.5,0.5,0.5,0,1
168,nonsyn,common,1050,0.00300427807486631,0.0562119270563439,-0.0195418419189824,374,0,0.01,0.001,6,6,0.5,0.5,0.5,0,1
169,syn,rare,1100,1.31321575813101e-4,0.0242030060063287,-0.788798350950177,8732,0,0.01,0.001,6,6,0.5,0.5,0.5,0,1
170,nonsyn,rare,1100,1.54046361986471e-4,0.0245189060075168,-0.892004147166078,24244,0,0.01,0.001,6,6,0.5,0.5,0.5,0,1
171,syn,int,1100,7.40418204182042e-4,0.039392809802946,-0.346252587000546,4065,0,0.01,0.001,6,6,0.5,0.5,0.5,0,1
172,nonsyn,int,1100,2.27712724434036e-4,0.0418889095296122,-0.543748734512455,3843,0,0.01,0.001,6,6,0.5,0.5,0.5,0,1
173,syn,common,1100,0.00151975249881009,0.0478199186159575,-0.00890132536326078,2101,0,0.01,0.001,6,6,0.5,0.5,0.5,0,1
174,nonsyn,common,1100,0.00143657894736842,0.0486783093992477,-0.0332012318787467,380,0,0.01,0.001,6,6,0.5,0.5,0.5,0,1
175,syn,rare,1150,1.25885338562695e-4,0.0250228110728977,-0.794601677845146,8669,0,0.01,0.001,6,6,0.5,0.5,0.5,0,1
176,nonsyn,rare,1150,1.81707216153592e-4,0.0258643278870166,-0.889287068879008,24168,0,0.01,0.001,6,6,0.5,0.5,0.5,0,1
177,syn,int,1150,4.1066373840898e-4,0.0377044738403054,-0.357339342225465,4098,0,0.01,0.001,6,6,0.5,0.5,0.5,0,1
178,nonsyn,int,1150,6.2529675547349e-4,0.0436324695923161,-0.531783254573389,3791,0,0.01,0.001,6,6,0.5,0.5,0.5,0,1
179,syn,common,1150,-2.17029702970297e-4,0.0466687665330917,-0.0182261853896229,2020,0,0.01,0.001,6,6,0.5,0.5,0.5,0,1
180,nonsyn,common,1150,0.00564137055837563,0.0499507264774329,0.00878312267557084,394,0,0.01,0.001,6,6,0.5,0.5,0.5,0,1
181,syn,rare,1200,1.7838526584038e-4,0.0257163641539908,-0.793228470695109,8633,0,0.01,0.001,6,6,0.5,0.5,0.5,0,1
182,nonsyn,rare,1200,1.48221687945614e-4,0.0243282680957418,-0.888628654785445,24124,0,0.01,0.001,6,6,0.5,0.5,0.5,0,1
183,syn,int,1200,-1.3979746835443e-4,0.0349623972340627,-0.363251483617439,3950,0,0.01,0.001,6,6,0.5,0.5,0.5,0,1
184,nonsyn,int,1200,2.91864497199253e-4,0.0374350305478231,-0.527950486906151,3749,0,0.01,0.001,6,6,0.5,0.5,0.5,0,1
185,syn,common,1200,6.71940604198669e-4,0.0454583599660645,-0.00892940633304209,1953,0,0.01,0.001,6,6,0.5,0.5,0.5,0,1
186,nonsyn,common,1200,0.00445666666666667,0.0490994014851077,-0.0218756512763652,360,0,0.01,0.001,6,6,0.5,0.5,0.5,0,1
187,syn,rare,1300,1.15723715228666e-4,0.0228317143295025,-0.791719415527239,16968,0,0.01,0.001,6,6,0.5,0.5,0.5,0,1
188,nonsyn,rare,1300,2.08253630889125e-4,0.0264806309868012,-0.886229801539809,47991,0,0.01,0.001,6,6,0.5,0.5,0.5,0,1
189,syn,int,1300,2.16866279787628e-4,0.035288721585531,-0.34360313183439,8099,0,0.01,0.001,6,6,0.5,0.5,0.5,0,1
190,nonsyn,int,1300,2.89043689977005e-4,0.0379121303478256,-0.51758209880739,7393,0,0.01,0.001,6,6,0.5,0.5,0.5,0,1
191,syn,common,1300,0.00107176774193548,0.0426740024677522,-0.0122782555274045,3875,0,0.01,0.001,6,6,0.5,0.5,0.5,0,1
192,nonsyn,common,1300,0.00131619170984456,0.04565918432464,-0.0242954956724348,772,0,0.01,0.001,6,6,0.5,0.5,0.5,0,1
193,syn,rare,1400,1.66465614097333e-4,0.0243768723594082,-0.788031345707386,16911,0,0.01,0.001,6,6,0.5,0.5,0.5,0,1
194,nonsyn,rare,1400,1.95407089242808e-4,0.0248024074942118,-0.883944411351909,47029,0,0.01,0.001,6,6,0.5,0.5,0.5,0,1
195,syn,int,1400,2.2223341306811e-4,0.0334510715812567,-0.345701236484507,7943,0,0.01,0.001,6,6,0.5,0.5,0.5,0,1
196,nonsyn,int,1400,4.37094133697135e-4,0.03584220595428,-0.51168230312031,7330,0,0.01,0.001,6,6,0.5,0.5,0.5,0,1
197,syn,common,1400,8.67765293383271e-4,0.0404129465048821,-0.00971911047160095,4005,0,0.01,0.001,6,6,0.5,0.5,0.5,0,1
198,nonsyn,common,1400,0.00182927170868347,0.0401181650316687,-0.00983966387153744,714,0,0.01,0.001,6,6,0.5,0.5,0.5,0,1
199,syn,rare,1500,1.51171408080325e-4,0.022849740820158,-0.786796485663664,16732,0,0.01,0.001,6,6,0.5,0.5,0.5,0,1
200,nonsyn,rare,1500,1.73748191652452e-4,0.0244145640531458,-0.884031330479098,46313,0,0.01,0.001,6,6,0.5,0.5,0.5,0,1
201,syn,int,1500,3.33170292186897e-4,0.0321766637936545,-0.34090487895585603,7769,0,0.01,0.001,6,6,0.5,0.5,0.5,0,1
202,nonsyn,int,1500,2.96686913307565e-4,0.0337073689561247,-0.505097431810826,7244,0,0.01,0.001,6,6,0.5,0.5,0.5,0,1
203,syn,common,1500,7.02861685214626e-4,0.0358391872059227,-0.006122386950069,3774,0,0.01,0.001,6,6,0.5,0.5,0.5,0,1
204,nonsyn,common,1500,0.00312720694645441,0.0383413630606867,-0.00916149025301931,691,0,0.01,0.001,6,6,0.5,0.5,0.5,0,1
205,syn,rare,1600,1.35009867830871e-4,0.0225755326726822,-0.788919288838743,16721,0,0.01,0.001,6,6,0.5,0.5,0.5,0,1
206,nonsyn,rare,1600,1.21055490375005e-4,0.0225470412094579,-0.888160744754752,46026,0,0.01,0.001,6,6,0.5,0.5,0.5,0,1
207,syn,int,1600,-1.95358210895852e-4,0.0289023944049433,-0.345137539331333,7691,0,0.01,0.001,6,6,0.5,0.5,0.5,0,1
208,nonsyn,int,1600,2.66256295467264e-4,0.0334434923716812,-0.500042938103041,7148,0,0.01,0.001,6,6,0.5,0.5,0.5,0,1
209,syn,common,1600,6.31630492323981e-4,0.0369291399090131,-0.0069057833762222,3778,0,0.01,0.001,6,6,0.5,0.5,0.5,0,1
210,nonsyn,common,1600,0.0010449591280654,0.0373354207985389,-0.0362922455764712,734,0,0.01,0.001,6,6,0.5,0.5,0.5,0,1
211,syn,rare,1700,1.394560381024e-4,0.0230858680200479,-0.793809184092163,15957,0,0.01,0.001,6,6,0.5,0.5,0.5,0,1
212,nonsyn,rare,1700,1.23707490553456e-4,0.0216501302972062,-0.887794074649749,44990,0,0.01,0.001,6,6,0.5,0.5,0.5,0,1
213,syn,int,1700,2.46236278097229e-4,0.0291027998324014,-0.317549081260191,7652,0,0.01,0.001,6,6,0.5,0.5,0.5,0,1
214,nonsyn,int,1700,3.66940045248869e-5,0.0300262184605644,-0.506273011364876,7072,0,0.01,0.001,6,6,0.5,0.5,0.5,0,1
215,syn,common,1700,7.75046954655218e-4,0.0330719531673758,-0.0050103545516071,3727,0,0.01,0.001,6,6,0.5,0.5,0.5,0,1
216,nonsyn,common,1700,0.00100206794682422,0.0336525055171744,-0.0197941457116772,677,0,0.01,0.001,6,6,0.5,0.5,0.5,0,1
217,syn,rare,1800,1.26950532247965e-4,0.0218894260282659,-0.789718618045675,15970,0,0.01,0.001,6,6,0.5,0.5,0.5,0,1
218,nonsyn,rare,1800,1.26127680552132e-4,0.0218586041701844,-0.888177880772915,44627,0,0.01,0.001,6,6,0.5,0.5,0.5,0,1
219,syn,int,1800,1.16884709730172e-4,0.0281693981594583,-0.321566969007858,7338,0,0.01,0.001,6,6,0.5,0.5,0.5,0,1
220,nonsyn,int,1800,4.50265659955257e-4,0.0314086072373821,-0.48530922320893,7152,0,0.01,0.001,6,6,0.5,0.5,0.5,0,1
221,syn,common,1800,0.00222651963421194,0.0316456493984605,0.00263213045323816,3718,0,0.01,0.001,6,6,0.5,0.5,0.5,0,1
222,nonsyn,common,1800,0.00172614942528736,0.0324779926259084,-0.0131333245511856,696,0,0.01,0.001,6,6,0.5,0.5,0.5,0,1
223,syn,rare,1900,1.45050913920688e-4,0.0217198402020697,-0.788730213355836,15811,0,0.01,0.001,6,6,0.5,0.5,0.5,0,1
224,nonsyn,rare,1900,1.2924321860041e-4,0.0215116447578482,-0.887191478305019,43870,0,0.01,0.001,6,6,0.5,0.5,0.5,0,1
225,syn,int,1900,1.84942829590853e-4,0.0279849616337098,-0.320378577166519,7259,0,0.01,0.001,6,6,0.5,0.5,0.5,0,1
226,nonsyn,int,1900,1.99392888117953e-4,0.0310070823788192,-0.489865926849347,6918,0,0.01,0.001,6,6,0.5,0.5,0.5,0,1
227,syn,common,1900,-3.46162402669633e-4,0.0307455345961908,-0.0123003915843866,3596,0,0.01,0.001,6,6,0.5,0.5,0.5,0,1
228,nonsyn,common,1900,0.00183954480796586,0.0279588746597197,-0.0202926614149442,703,0,0.01,0.001,6,6,0.5,0.5,0.5,0,1
229,syn,rare,2000,3.98624779207671e-5,0.0190109192132935,-0.792470332701448,15852,0,0.01,0.001,6,6,0.5,0.5,0.5,0,1
230,nonsyn,rare,2000,1.00737510274911e-4,0.0205712316438342,-0.887412680676475,43796,0,0.01,0.001,6,6,0.5,0.5,0.5,0,1
231,syn,int,2000,6.39960712782377e-5,0.0257099936360713,-0.31964826672876,7127,0,0.01,0.001,6,6,0.5,0.5,0.5,0,1
232,nonsyn,int,2000,1.90097710368966e-4,0.0295064957651314,-0.482807671031623,6857,0,0.01,0.001,6,6,0.5,0.5,0.5,0,1
233,syn,common,2000,4.05258855585831e-4,0.0303120282552371,-0.00365436439774673,3670,0,0.01,0.001,6,6,0.5,0.5,0.5,0,1
234,nonsyn,common,2000,4.59715639810427e-4,0.0294095655575282,-0.0263145700534285,633,0,0.01,0.001,6,6,0.5,0.5,0.5,0,1
235,syn,rare,2500,9.79956741167989e-5,0.0198675954339003,-0.786199699585965,76285,0,0.01,0.001,6,6,0.5,0.5,0.5,0,1
236,nonsyn,rare,2500,9.02638404779142e-5,0.0198960556709757,-0.88777439800228,208573,0,0.01,0.001,6,6,0.5,0.5,0.5,0,1
237,syn,int,2500,1.23809799103917e-4,0.0237381182852224,-0.311750376939507,34595,0,0.01,0.001,6,6,0.5,0.5,0.5,0,1
238,nonsyn,int,2500,2.06829312809905e-4,0.0271258142425232,-0.470972850980516,32873,0,0.01,0.001,6,6,0.5,0.5,0.5,0,1
239,syn,common,2500,6.01467313731087e-4,0.0251245211537306,-0.00466674260114832,17515,0,0.01,0.001,6,6,0.5,0.5,0.5,0,1
240,nonsyn,common,2500,1.69221065909808e-4,0.0245203954394069,-0.0220558068427208,3171,0,0.01,0.001,6,6,0.5,0.5,0.5,0,1
241,syn,rare,3000,6.27050221607431e-5,0.0181244832168814,-0.78763504530737,70846,0,0.01,0.001,6,6,0.5,0.5,0.5,0,1
242,nonsyn,rare,3000,6.93041500679213e-5,0.0186052347720369,-0.887182276633679,196551,0,0.01,0.001,6,6,0.5,0.5,0.5,0,1
243,syn,int,3000,4.87186502507981e-5,0.0217328864303511,-0.304460659391257,32895,0,0.01,0.001,6,6,0.5,0.5,0.5,0,1
244,nonsyn,int,3000,2.12522153836239e-4,0.0235718465748612,-0.452380473305626,31033,0,0.01,0.001,6,6,0.5,0.5,0.5,0,1
245,syn,common,3000,5.17432086734072e-4,0.0221459079905446,-0.00536545520156795,16418,0,0.01,0.001,6,6,0.5,0.5,0.5,0,1
246,nonsyn,common,3000,0.00145783298826777,0.0215841461978365,-0.0128970320122562,2898,0,0.01,0.001,6,6,0.5,0.5,0.5,0,1
247,syn,rare,3500,5.00409748990804e-5,0.0171917187138635,-0.787698861987504,65894,0,0.01,0.001,6,6,0.5,0.5,0.5,0,1
248,nonsyn,rare,3500,5.82163194083572e-5,0.0175994626955124,-0.886285854024184,182813,0,0.01,0.001,6,6,0.5,0.5,0.5,0,1
249,syn,int,3500,1.29736258645223e-4,0.0199671374298745,-0.289515332526421,30219,0,0.01,0.001,6,6,0.5,0.5,0.5,0,1
250,nonsyn,int,3500,1.63212216956293e-4,0.0214568486543513,-0.444436669414742,28485,0,0.01,0.001,6,6,0.5,0.5,0.5,0,1
251,syn,common,3500,1.96072790526527e-4,0.020151374622672,-0.00653774065087563,14947,0,0.01,0.001,6,6,0.5,0.5,0.5,0,1
252,nonsyn,common,3500,0.00171720505617978,0.0193952150491163,-0.0061777884677395,2848,0,0.01,0.001,6,6,0.5,0.5,0.5,0,1
253,syn,rare,4000,2.23274893783269e-5,0.015994241663518,-0.787583615690032,61431,0,0.01,0.001,6,6,0.5,0.5,0.5,0,1
254,nonsyn,rare,4000,5.02102190641861e-5,0.0169851078787131,-0.885825156302773,169585,0,0.01,0.001,6,6,0.5,0.5,0.5,0,1
255,syn,int,4000,5.59809298490877e-5,0.0186446337816234,-0.285482794966403,27897,0,0.01,0.001,6,6,0.5,0.5,0.5,0,1
256,nonsyn,int,4000,1.0335254454364e-4,0.0190666561677894,-0.435801473005006,26547,0,0.01,0.001,6,6,0.5,0.5,0.5,0,1
257,syn,common,4000,1.19921381440404e-4,0.01893147554058,-0.00679189079304881,14246,0,0.01,0.001,6,6,0.5,0.5,0.5,0,1
258,nonsyn,common,4000,1.5301431801055e-4,0.018190684210591,-0.0206514605927108,2654,0,0.01,0.001,6,6,0.5,0.5,0.5,0,1
259,syn,rare,4500,1.47225149279944e-5,0.0156020382233178,-0.786094772333219,56940,0,0.01,0.001,6,6,0.5,0.5,0.5,0,1
260,nonsyn,rare,4500,2.26774376020898e-5,0.0159151920872236,-0.886468479132761,157337,0,0.01,0.001,6,6,0.5,0.5,0.5,0,1
261,syn,int,4500,6.33515964481391e-5,0.0173815515443615,-0.283449505858031,26465,0,0.01,0.001,6,6,0.5,0.5,0.5,0,1
262,nonsyn,int,4500,6.02985555063775e-5,0.0183393917225778,-0.429692319273532,24853,0,0.01,0.001,6,6,0.5,0.5,0.5,0,1
263,syn,common,4500,3.49999999999999e-5,0.0167982328682867,-0.00895934462097344,13060,0,0.01,0.001,6,6,0.5,0.5,0.5,0,1
264,nonsyn,common,4500,1.34118602761982e-4,0.0170044246372884,-0.0200492916534908,2462,0,0.01,0.001,6,6,0.5,0.5,0.5,0,1
265,syn,rare,5000,1.54073905369243e-5,0.0151931031976577,-0.787232312538902,52689,0,0.01,0.001,6,6,0.5,0.5,0.5,0,1
266,nonsyn,rare,5000,2.52708288166057e-5,0.0156110430430867,-0.88450115305636,142987,0,0.01,0.001,6,6,0.5,0.5,0.5,0,1
267,syn,int,5000,1.78723668933488e-4,0.0166527140660726,-0.270577514687164,24116,0,0.01,0.001,6,6,0.5,0.5,0.5,0,1
268,nonsyn,int,5000,6.71732935269372e-5,0.0173550768312507,-0.423267433534403,22107,0,0.01,0.001,6,6,0.5,0.5,0.5,0,1
269,syn,common,5000,-3.01628611179311e-4,0.0158045903952651,-0.0100663757458336,12219,0,0.01,0.001,6,6,0.5,0.5,0.5,0,1
270,nonsyn,common,5000,7.11847480708125e-4,0.0158776419775604,-0.00935304699317454,2203,0,0.01,0.001,6,6,0.5,0.5,0.5,0,1
271,syn,rare,7500,1.77550708038867e-5,0.0137723171588277,-0.777915363649411,189467,0,0.01,0.001,6,6,0.5,0.5,0.5,0,1
272,nonsyn,rare,7500,2.69709849874118e-5,0.0146269464748332,-0.881281738267523,514768,0,0.01,0.001,6,6,0.5,0.5,0.5,0,1
273,syn,int,7500,-8.75349826486062e-5,0.015115829525277,-0.27218622721235203,89330,0,0.01,0.001,6,6,0.5,0.5,0.5,0,1
274,nonsyn,int,7500,3.50007957787001e-5,0.0160067893163744,-0.409045062056678,81681,0,0.01,0.001,6,6,0.5,0.5,0.5,0,1
275,syn,common,7500,2.50723433714088e-4,0.0143071551626284,-0.0063642711717729,43335,0,0.01,0.001,6,6,0.5,0.5,0.5,0,1
276,nonsyn,common,7500,-3.97760661817145e-4,0.0144227347242362,-0.0231308263622653,7011,0,0.01,0.001,6,6,0.5,0.5,0.5,0,1
277,syn,rare,10000,-2.07138136153337e-5,0.0127818905673813,-0.770908452037177,68085,0,0.01,0.001,6,6,0.5,0.5,0.5,0,1
278,nonsyn,rare,10000,-1.78801275952767e-6,0.0133658777784779,-0.879673403463163,178690,0,0.01,0.001,6,6,0.5,0.5,0.5,0,1
279,syn,int,10000,-6.36325275785158e-5,0.0136772123274232,-0.262430054971712,33178,0,0.01,0.001,6,6,0.5,0.5,0.5,0,1
280,nonsyn,int,10000,1.16625908449006e-4,0.0145281893864401,-0.387413765361475,29033,0,0.01,0.001,6,6,0.5,0.5,0.5,0,1
281,syn,common,10000,2.74602026049204e-4,0.0131589990702504,-0.00350424322601928,16584,0,0.01,0.001,6,6,0.5,0.5,0.5,0,1
282,nonsyn,common,10000,5.19916240111679e-4,0.0127118754040051,-0.0180700335903505,2149,0,0.01,0.001,6,6,0.5,0.5,0.5,0,1
1,syn,common,10,0.00209185139318885,0.637330138347645,-0.0338804084215095,8075,0,0.01,0,6,6,0.5,0.5,0.5,0,1
2,nonsyn,common,10,0.00678264486313544,0.640181455181201,-0.0125587263265506,42195,0,0.01,0,6,6,0.5,0.5,0.5,0,1
3,syn,int,10,0.00518954954954955,0.365450862475398,-0.279598251225896,6660,0,0.01,0,6,6,0.5,0.5,0.5,0,1
4,nonsyn,int,10,0.0055201535616208,0.351153969952607,-0.281998817929368,35686,0,0.01,0,6,6,0.5,0.5,0.5,0,1
5,syn,rare,10,0.00215919302071974,0.180581933646337,-0.574087113227838,4585,0,0.01,0,6,6,0.5,0.5,0.5,0,1
6,nonsyn,rare,10,0.00180895834170249,0.175387973424715,-0.60770666177162,24893,0,0.01,0,6,6,0.5,0.5,0.5,0,1
7,syn,common,15,0.00766241021548284,0.582342686017262,-0.00582161310812396,3759,0,0.01,0,6,6,0.5,0.5,0.5,0,1
8,nonsyn,common,15,0.00778812537077319,0.577673362309598,-0.00220263458324171,20228,0,0.01,0,6,6,0.5,0.5,0.5,0,1
9,syn,int,15,0.00496772370486656,0.314261438635271,-0.291940065314024,3185,0,0.01,0,6,6,0.5,0.5,0.5,0,1
10,nonsyn,int,15,0.00552821909783245,0.311152609679157,-0.288861391364025,17070,0,0.01,0,6,6,0.5,0.5,0.5,0,1
11,syn,rare,15,0.0017904593639576,0.158848328368196,-0.610484700903002,2264,0,0.01,0,6,6,0.5,0.5,0.5,0,1
12,nonsyn,rare,15,0.00165793204595453,0.157290414651953,-0.617655084075089,12273,0,0.01,0,6,6,0.5,0.5,0.5,0,1
13,syn,common,20,0.00733396724775489,0.542412632678669,-0.00343683414043914,3786,0,0.01,0,6,6,0.5,0.5,0.5,0,1
14,nonsyn,common,20,0.00526742672705503,0.534004944009927,-0.0199825651707516,19209,0,0.01,0,6,6,0.5,0.5,0.5,0,1
15,syn,int,20,0.00354825455668829,0.278749392124832,-0.327969767111624,3237,0,0.01,0,6,6,0.5,0.5,0.5,0,1
16,nonsyn,int,20,0.00488569814462417,0.290557627907955,-0.296061475837278,16816,0,0.01,0,6,6,0.5,0.5,0.5,0,1
17,syn,rare,20,0.00146230486685032,0.13560264877146,-0.644731310467119,2178,0,0.01,0,6,6,0.5,0.5,0.5,0,1
18,nonsyn,rare,20,0.00158029860434924,0.14195076395324,-0.635849941543881,12324,0,0.01,0,6,6,0.5,0.5,0.5,0,1
19,syn,common,25,0.0064815,0.505795955664387,-0.0143926361034645,3600,0,0.01,0,6,6,0.5,0.5,0.5,0,1
20,nonsyn,common,25,0.00354053697647431,0.502500568754687,-0.0247820570920853,18958,0,0.01,0,6,6,0.5,0.5,0.5,0,1
21,syn,int,25,0.00569856443719413,0.279345881037884,-0.297102066914182,3065,0,0.01,0,6,6,0.5,0.5,0.5,0,1
22,nonsyn,int,25,0.00347706394476133,0.267777597038915,-0.322723120970874,16655,0,0.01,0,6,6,0.5,0.5,0.5,0,1
23,syn,rare,25,0.00156178899082569,0.131357709299592,-0.624695320146872,2180,0,0.01,0,6,6,0.5,0.5,0.5,0,1
24,nonsyn,rare,25,0.00169472065181244,0.13594621746218,-0.634958373491576,12028,0,0.01,0,6,6,0.5,0.5,0.5,0,1
25,syn,common,50,0.00211198000357079,0.428989965032916,-0.0289406510743265,16803,0,0.01,0,6,6,0.5,0.5,0.5,0,1
26,nonsyn,common,50,0.00436228545214492,0.433250022456643,-0.0161563030422708,89374,0,0.01,0,6,6,0.5,0.5,0.5,0,1
27,syn,int,50,0.00353217798277148,0.229870351128078,-0.318734972526819,14743,0,0.01,0,6,6,0.5,0.5,0.5,0,1
28,nonsyn,int,50,0.00424429609193075,0.227354601587269,-0.32402817513954,79016,0,0.01,0,6,6,0.5,0.5,0.5,0,1
29,syn,rare,50,0.00135467089315682,0.112827003206789,-0.653037467226957,10726,0,0.01,0,6,6,0.5,0.5,0.5,0,1
30,nonsyn,rare,50,0.0013770866304273,0.113465105436119,-0.663191300916278,58132,0,0.01,0,6,6,0.5,0.5,0.5,0,1
31,syn,common,75,0.00299138571977952,0.338650465209387,-0.0202820926109102,15602,0,0.01,0,6,6,0.5,0.5,0.5,0,1
32,nonsyn,common,75,0.00331696989863219,0.340523353127208,-0.0202242031671688,84149,0,0.01,0,6,6,0.5,0.5,0.5,0,1
33,syn,int,75,0.00214949349809613,0.176500608083456,-0.355348305492177,13919,0,0.01,0,6,6,0.5,0.5,0.5,0,1
34,nonsyn,int,75,0.00322516520334247,0.178135396937628,-0.339993664512375,75513,0,0.01,0,6,6,0.5,0.5,0.5,0,1
35,syn,rare,75,0.00128817017999807,0.0965519678360123,-0.675499269603757,10389,0,0.01,0,6,6,0.5,0.5,0.5,0,1
36,nonsyn,rare,75,0.00135719245944761,0.0943320252267596,-0.670933617696661,57025,0,0.01,0,6,6,0.5,0.5,0.5,0,1
37,syn,common,100,0.00463305921052632,0.278682276449925,-0.00836434670199468,15200,0,0.01,0,6,6,0.5,0.5,0.5,0,1
38,nonsyn,common,100,0.00304234437315762,0.280246671784431,-0.017576675566844,80738,0,0.01,0,6,6,0.5,0.5,0.5,0,1
39,syn,int,100,0.00277343453510436,0.147527625334185,-0.340821499254189,13702,0,0.01,0,6,6,0.5,0.5,0.5,0,1
40,nonsyn,int,100,0.00274626903792125,0.148147434627729,-0.348875406651193,74391,0,0.01,0,6,6,0.5,0.5,0.5,0,1
41,syn,rare,100,0.00118444444444444,0.0798274570064364,-0.685376967898972,10170,0,0.01,0,6,6,0.5,0.5,0.5,0,1
42,nonsyn,rare,100,0.0010973898945268,0.0776281676789389,-0.688749337428201,56128,0,0.01,0,6,6,0.5,0.5,0.5,0,1
43,syn,common,125,0.00404995991983968,0.234667519845174,-0.00863050332084416,14970,0,0.01,0,6,6,0.5,0.5,0.5,0,1
44,nonsyn,common,125,0.00225389133812513,0.235901087125676,-0.0196676926655263,79163,0,0.01,0,6,6,0.5,0.5,0.5,0,1
45,syn,int,125,0.00229619714024947,0.125067672372663,-0.352259251771947,13148,0,0.01,0,6,6,0.5,0.5,0.5,0,1
46,nonsyn,int,125,0.00236443615439678,0.127327342850465,-0.348722121200726,72644,0,0.01,0,6,6,0.5,0.5,0.5,0,1
47,syn,rare,125,0.00106049548684463,0.0731454289208872,-0.69719530345117,10414,0,0.01,0,6,6,0.5,0.5,0.5,0,1
48,nonsyn,rare,125,0.00108403743991905,0.0713117110270243,-0.697845580879681,55342,0,0.01,0,6,6,0.5,0.5,0.5,0,1
49,syn,common,150,0.00286153899576359,0.206432863819601,-0.0103645818461121,14399,0,0.01,0,6,6,0.5,0.5,0.5,0,1
50,nonsyn,common,150,0.00260190636569313,0.204543801224815,-0.0143727964123984,77792,0,0.01,0,6,6,0.5,0.5,0.5,0,1
51,syn,int,150,0.00194242583158526,0.110272234072833,-0.35624653307752,13348,0,0.01,0,6,6,0.5,0.5,0.5,0,1
52,nonsyn,int,150,0.00207583394068509,0.11303246168851,-0.352034271605001,71348,0,0.01,0,6,6,0.5,0.5,0.5,0,1
53,syn,rare,150,7.61170848267623e-4,0.0596916375517675,-0.714687529217176,10044,0,0.01,0,6,6,0.5,0.5,0.5,0,1
54,nonsyn,rare,150,9.08573413278737e-4,0.0660475359297815,-0.702068317309059,54704,0,0.01,0,6,6,0.5,0.5,0.5,0,1
55,syn,common,175,0.00275716021151922,0.182639132347654,-0.0121449932912673,13994,0,0.01,0,6,6,0.5,0.5,0.5,0,1
56,nonsyn,common,175,0.00222807623147698,0.180506581428557,-0.0152125638191724,76189,0,0.01,0,6,6,0.5,0.5,0.5,0,1
57,syn,int,175,0.00214425606325553,0.105450266962843,-0.346423286142896,13153,0,0.01,0,6,6,0.5,0.5,0.5,0,1
58,nonsyn,int,175,0.00162153841780608,0.10398270027179,-0.357172412045322,70358,0,0.01,0,6,6,0.5,0.5,0.5,0,1
59,syn,rare,175,9.23982442138867e-4,0.0610929071422799,-0.701250672309544,10024,0,0.01,0,6,6,0.5,0.5,0.5,0,1
60,nonsyn,rare,175,9.35750160978751e-4,0.0613585650942911,-0.701971555628995,54355,0,0.01,0,6,6,0.5,0.5,0.5,0,1
61,syn,common,200,0.00266901349367266,0.161128730999327,-0.00824413254057016,14303,0,0.01,0,6,6,0.5,0.5,0.5,0,1
62,nonsyn,common,200,0.00261364437669826,0.160113759254667,-0.00880687346625446,75445,0,0.01,0,6,6,0.5,0.5,0.5,0,1
63,syn,int,200,0.00136981102729606,0.0925638445822245,-0.356456188942377,12859,0,0.01,0,6,6,0.5,0.5,0.5,0,1
64,nonsyn,int,200,0.0014973814789611,0.0945009119536158,-0.35494024316547,70536,0,0.01,0,6,6,0.5,0.5,0.5,0,1
65,syn,rare,200,8.48145944874083e-4,0.0597369798434587,-0.708804187705361,10086,0,0.01,0,6,6,0.5,0.5,0.5,0,1
66,nonsyn,rare,200,7.52533205783877e-4,0.0544129268803727,-0.71437617716735,54358,0,0.01,0,6,6,0.5,0.5,0.5,0,1
67,syn,common,250,0.00202696689213243,0.136361054505451,-0.00911436240619664,28090,0,0.01,0,6,6,0.5,0.5,0.5,0,1
68,nonsyn,common,250,0.00188138147755249,0.136778088587357,-0.0128575416476471,149883,0,0.01,0,6,6,0.5,0.5,0.5,0,1
69,syn,int,250,0.00119864262093363,0.0845124338455174,-0.348976107362744,26006,0,0.01,0,6,6,0.5,0.5,0.5,0,1
70,nonsyn,int,250,0.00138346438599137,0.0859643974491758,-0.346989531227196,139257,0,0.01,0,6,6,0.5,0.5,0.5,0,1
71,syn,rare,250,6.52811373846078e-4,0.0507484255416043,-0.718430115080661,20257,0,0.01,0,6,6,0.5,0.5,0.5,0,1
72,nonsyn,rare,250,7.16084740570198e-4,0.0514197003979017,-0.715198653793189,107717,0,0.01,0,6,6,0.5,0.5,0.5,0,1
73,syn,common,300,0.00190386532324572,0.115586186764938,-0.00852664473728831,27889,0,0.01,0,6,6,0.5,0.5,0.5,0,1
74,nonsyn,common,300,0.00153369894871411,0.115712173504902,-0.0119128212199128,147058,0,0.01,0,6,6,0.5,0.5,0.5,0,1
75,syn,int,300,6.37468973006516e-4,0.0736386990370304,-0.357774546094892,25784,0,0.01,0,6,6,0.5,0.5,0.5,0,1
76,nonsyn,int,300,0.00106089247023529,0.0740881147626651,-0.347774064395572,137999,0,0.01,0,6,6,0.5,0.5,0.5,0,1
77,syn,rare,300,5.37667641423818e-4,0.0459213984944876,-0.720456171333332,19834,0,0.01,0,6,6,0.5,0.5,0.5,0,1
78,nonsyn,rare,300,6.15384687426832e-4,0.046796431250038,-0.718780500565758,106775,0,0.01,0,6,6,0.5,0.5,0.5,0,1
79,syn,common,350,5.03658315507052e-4,0.099745011026302,-0.0187829762350067,27581,0,0.01,0,6,6,0.5,0.5,0.5,0,1
80,nonsyn,common,350,0.0012809140338592101,0.0999216577019081,-0.0121369039036471,145662,0,0.01,0,6,6,0.5,0.5,0.5,0,1
81,syn,int,350,8.42877291960508e-4,0.0670734584123072,-0.343123836566174,25524,0,0.01,0,6,6,0.5,0.5,0.5,0,1
82,nonsyn,int,350,8.65382488886923e-4,0.0679172839230733,-0.344438455804122,135651,0,0.01,0,6,6,0.5,0.5,0.5,0,1
83,syn,rare,350,5.59980490810145e-4,0.0432156304648303,-0.71873661350361,19478,0,0.01,0,6,6,0.5,0.5,0.5,0,1
84,nonsyn,rare,350,5.73104068117313e-4,0.0435149574671233,-0.721998839861955,105700,0,0.01,0,6,6,0.5,0.5,0.5,0,1
85,syn,common,400,0.00157037773359841,0.0880977741592816,-0.00804146466747191,27162,0,0.01,0,6,6,0.5,0.5,0.5,0,1
86,nonsyn,common,400,0.00104490158415433,0.0880541760277487,-0.0119158205669068,145251,0,0.01,0,6,6,0.5,0.5,0.5,0,1
87,syn,int,400,9.88056551174831e-4,0.0623708919963922,-0.334666266646902,25110,0,0.01,0,6,6,0.5,0.5,0.5,0,1
88,nonsyn,int,400,6.41229388654087e-4,0.0617221545308556,-0.341518690778015,134392,0,0.01,0,6,6,0.5,0.5,0.5,0,1
89,syn,rare,400,0.00055640029021558905,0.0408774620314492,-0.711939964794603,19296,0,0.01,0,6,6,0.5,0.5,0.5,0,1
90,nonsyn,rare,400,5.13835748056964e-4,0.0405069840634154,-0.726178376198906,105119,0,0.01,0,6,6,0.5,0.5,0.5,0,1
91,syn,common,450,5.69794449391511e-4,0.0786008261282803,-0.0138724565320063,26952,0,0.01,0,6,6,0.5,0.5,0.5,0,1
92,nonsyn,common,450,0.00075743453973358495,0.07856416422901,-0.0130175216129776,144286,0,0.01,0,6,6,0.5,0.5,0.5,0,1
93,syn,int,450,7.05209264526615e-4,0.0576710878936753,-0.335856022982513,24610,0,0.01,0,6,6,0.5,0.5,0.5,0,1
94,nonsyn,int,450,5.69107505070994e-4,0.0574379336057254,-0.338613115892128,133110,0,0.01,0,6,6,0.5,0.5,0.5,0,1
95,syn,rare,450,5.19026205613273e-4,0.0396034781587423,-0.728527891313269,19347,0,0.01,0,6,6,0.5,0.5,0.5,0,1
96,nonsyn,rare,450,4.49595308254564e-4,0.037974986591251,-0.732729059873518,104524,0,0.01,0,6,6,0.5,0.5,0.5,0,1
97,syn,common,500,8.87183291909337e-4,0.0691113503577369,-0.0106846626247434,26957,0,0.01,0,6,6,0.5,0.5,0.5,0,1
98,nonsyn,common,500,6.59608522139403e-4,0.0703754858895954,-0.012403912838571,142077,0,0.01,0,6,6,0.5,0.5,0.5,0,1
99,syn,int,500,5.13229901269393e-4,0.0522365861321867,-0.337157354436988,24815,0,0.01,0,6,6,0.5,0.5,0.5,0,1
100,nonsyn,int,500,4.62961271533492e-4,0.0523167008231259,-0.332653610585415,133571,0,0.01,0,6,6,0.5,0.5,0.5,0,1
101,syn,rare,500,4.76119556815254e-4,0.0378860458104005,-0.724843459358295,19405,0,0.01,0,6,6,0.5,0.5,0.5,0,1
102,nonsyn,rare,500,4.39821238887241e-4,0.0372386655348526,-0.726381548145575,104497,0,0.01,0,6,6,0.5,0.5,0.5,0,1
103,syn,common,550,8.38523845571537e-4,0.064232258167338,-0.00969384225561257,26420,0,0.01,0,6,6,0.5,0.5,0.5,0,1
104,nonsyn,common,550,5.65352444171969e-4,0.0652001583299496,-0.012582584766581,141909,0,0.01,0,6,6,0.5,0.5,0.5,0,1
105,syn,int,550,5.79122799886184e-4,0.048450925387494,-0.31934522479945,24601,0,0.01,0,6,6,0.5,0.5,0.5,0,1
106,nonsyn,int,550,3.93892443551372e-4,0.0494914899297896,-0.32773752087501,132377,0,0.01,0,6,6,0.5,0.5,0.5,0,1
107,syn,rare,550,4.34633637548892e-4,0.0365388931695874,-0.730915686371404,19175,0,0.01,0,6,6,0.5,0.5,0.5,0,1
108,nonsyn,rare,550,3.83639084301761e-4,0.0350649198839394,-0.730273949011305,102916,0,0.01,0,6,6,0.5,0.5,0.5,0,1
109,syn,common,600,4.47585594626935e-4,0.0602092570036229,-0.0122420739737725,25907,0,0.01,0,6,6,0.5,0.5,0.5,0,1
110,nonsyn,common,600,6.800253051186e-4,0.0593767757356118,-0.011990213740559,140683,0,0.01,0,6,6,0.5,0.5,0.5,0,1
111,syn,int,600,5.06875050611386e-4,0.0472833418764089,-0.319104982807335,24698,0,0.01,0,6,6,0.5,0.5,0.5,0,1
112,nonsyn,int,600,3.04647166612176e-4,0.047324746335747,-0.323563160664491,131521,0,0.01,0,6,6,0.5,0.5,0.5,0,1
113,syn,rare,600,3.61311596496782e-4,0.0334138725873794,-0.731805048257811,18954,0,0.01,0,6,6,0.5,0.5,0.5,0,1
114,nonsyn,rare,600,3.53747636406168e-4,0.0337738727239296,-0.729154920768624,102598,0,0.01,0,6,6,0.5,0.5,0.5,0,1
115,syn,common,650,0.00112451294317349,0.0558956065177376,-0.00665343078701896,25921,0,0.01,0,6,6,0.5,0.5,0.5,0,1
116,nonsyn,common,650,5.29195656228034e-4,0.0548138576286886,-0.0109542698714087,139418,0,0.01,0,6,6,0.5,0.5,0.5,0,1
117,syn,int,650,2.62131751227496e-4,0.0430104224546125,-0.313126407247566,24440,0,0.01,0,6,6,0.5,0.5,0.5,0,1
118,nonsyn,int,650,3.20899413927302e-4,0.04440072065061,-0.321806783304887,130018,0,0.01,0,6,6,0.5,0.5,0.5,0,1
119,syn,rare,650,2.76733218047477e-4,0.0307778660360377,-0.732543937767251,19083,0,0.01,0,6,6,0.5,0.5,0.5,0,1
120,nonsyn,rare,650,2.82764700696465e-4,0.0314949124813866,-0.735982711154229,102087,0,0.01,0,6,6,0.5,0.5,0.5,0,1
121,syn,common,700,4.59817316548971e-4,0.0523309058483022,-0.0101505490726561,26056,0,0.01,0,6,6,0.5,0.5,0.5,0,1
122,nonsyn,common,700,6.98886191840334e-4,0.0522704591318259,-0.00931528341085776,137187,0,0.01,0,6,6,0.5,0.5,0.5,0,1
123,syn,int,700,3.39560803811892e-4,0.0418798956146949,-0.313987964280878,24135,0,0.01,0,6,6,0.5,0.5,0.5,0,1
124,nonsyn,int,700,2.93683587777462e-4,0.0423310715342772,-0.315200546814754,130153,0,0.01,0,6,6,0.5,0.5,0.5,0,1
125,syn,rare,700,2.69624827293017e-4,0.0315800237345079,-0.734887315972733,18818,0,0.01,0,6,6,0.5,0.5,0.5,0,1
126,nonsyn,rare,700,2.81051799911116e-4,0.0303109435544559,-0.73095064162524,101255,0,0.01,0,6,6,0.5,0.5,0.5,0,1
127,syn,common,750,5.5679259346436e-4,0.0498767700101784,-0.01057779258428,25491,0,0.01,0,6,6,0.5,0.5,0.5,0,1
128,nonsyn,common,750,4.27115430888025e-4,0.0490062133695942,-0.0109598526172413,137147,0,0.01,0,6,6,0.5,0.5,0.5,0,1
129,syn,int,750,2.0986429420688e-4,0.0400779654129924,-0.309418482748731,24391,0,0.01,0,6,6,0.5,0.5,0.5,0,1
130,nonsyn,int,750,3.34904020732143e-4,0.0405571681498895,-0.31239920116739,128882,0,0.01,0,6,6,0.5,0.5,0.5,0,1
131,syn,rare,750,2.7614065365117e-4,0.0294609541288411,-0.729706298410714,18542,0,0.01,0,6,6,0.5,0.5,0.5,0,1
132,nonsyn,rare,750,2.56977076939776e-4,0.0288667931465295,-0.738894176656385,101339,0,0.01,0,6,6,0.5,0.5,0.5,0,1
133,syn,common,800,1.97205028641728e-4,0.0464946121080696,-0.0110693575768242,26011,0,0.01,0,6,6,0.5,0.5,0.5,0,1
134,nonsyn,common,800,4.36467771020566e-4,0.0463013803547486,-0.0095394938770102,136973,0,0.01,0,6,6,0.5,0.5,0.5,0,1
135,syn,int,800,2.01303247574863e-4,0.0387139185348689,-0.314826801134677,23710,0,0.01,0,6,6,0.5,0.5,0.5,0,1
136,nonsyn,int,800,2.30351968170925e-4,0.0390704534024341,-0.310522569045948,127682,0,0.01,0,6,6,0.5,0.5,0.5,0,1
137,syn,rare,800,2.39961338130269e-4,0.0272268045336228,-0.732432092566783,18623,0,0.01,0,6,6,0.5,0.5,0.5,0,1
138,nonsyn,rare,800,2.71277982938993e-4,0.0288559760136444,-0.735584567819462,100463,0,0.01,0,6,6,0.5,0.5,0.5,0,1
139,syn,common,850,1.26299115249391e-4,0.0440137522349679,-0.0122180676035961,25883,0,0.01,0,6,6,0.5,0.5,0.5,0,1
140,nonsyn,common,850,4.01009656951099e-4,0.0441092313404643,-0.00962729136167342,136482,0,0.01,0,6,6,0.5,0.5,0.5,0,1
141,syn,int,850,7.41426011584781e-5,0.0371378184382894,-0.310097468241945,23997,0,0.01,0,6,6,0.5,0.5,0.5,0,1
142,nonsyn,int,850,2.21338981186049e-4,0.0373083023430518,-0.306555750469485,127246,0,0.01,0,6,6,0.5,0.5,0.5,0,1
143,syn,rare,850,2.07556278817467e-4,0.0276289840562643,-0.730048701602714,18435,0,0.01,0,6,6,0.5,0.5,0.5,0,1
144,nonsyn,rare,850,2.47016643774744e-4,0.0280848109550941,-0.737242865913214,99016,0,0.01,0,6,6,0.5,0.5,0.5,0,1
145,syn,common,900,5.44894524676138e-4,0.0423286473051933,-0.00790380374483296,25551,0,0.01,0,6,6,0.5,0.5,0.5,0,1
146,nonsyn,common,900,2.98151127775153e-4,0.0418855217989085,-0.0110742748317502,135488,0,0.01,0,6,6,0.5,0.5,0.5,0,1
147,syn,int,900,1.4325231918734e-4,0.0359499296360158,-0.303178473061914,23823,0,0.01,0,6,6,0.5,0.5,0.5,0,1
148,nonsyn,int,900,2.03353294354332e-4,0.0361343367841538,-0.301908963324152,127248,0,0.01,0,6,6,0.5,0.5,0.5,0,1
149,syn,rare,900,2.21436027028512e-4,0.0266967411603903,-0.731095561411777,18203,0,0.01,0,6,6,0.5,0.5,0.5,0,1
150,nonsyn,rare,900,1.88304265431661e-4,0.0260890175502253,-0.742822822576606,98677,0,0.01,0,6,6,0.5,0.5,0.5,0,1
151,syn,common,950,2.27493345858776e-4,0.0391841479152242,-0.0100918836816841,25548,0,0.01,0,6,6,0.5,0.5,0.5,0,1
152,nonsyn,common,950,1.81211804648733e-4,0.0406371542084951,-0.0104145073579017,134015,0,0.01,0,6,6,0.5,0.5,0.5,0,1
153,syn,int,950,2.42386638901874e-4,0.0352163749044128,-0.295527044401273,23531,0,0.01,0,6,6,0.5,0.5,0.5,0,1
154,nonsyn,int,950,1.17657357892652e-4,0.0348257067576811,-0.304573384478945,126225,0,0.01,0,6,6,0.5,0.5,0.5,0,1
155,syn,rare,950,2.20339355334688e-4,0.0267372253752576,-0.729764864809576,18211,0,0.01,0,6,6,0.5,0.5,0.5,0,1
156,nonsyn,rare,950,2.0338970970074e-4,0.0257518961667444,-0.742482995077651,98209,0,0.01,0,6,6,0.5,0.5,0.5,0,1
157,syn,common,1000,2.41033725803233e-4,0.0388087651511928,-0.0114761477831085,25055,0,0.01,0,6,6,0.5,0.5,0.5,0,1
158,nonsyn,common,1000,2.02635394900243e-4,0.0385416541319381,-0.0103121514286862,134477,0,0.01,0,6,6,0.5,0.5,0.5,0,1
159,syn,int,1000,2.1111493313841e-4,0.0337775860052722,-0.29401076926796,23257,0,0.01,0,6,6,0.5,0.5,0.5,0,1
160,nonsyn,int,1000,9.10162575810499e-5,0.0338225279342328,-0.300653236672391,125972,0,0.01,0,6,6,0.5,0.5,0.5,0,1
161,syn,rare,1000,1.73698205185021e-4,0.0250015517614565,-0.741279678297708,18052,0,0.01,0,6,6,0.5,0.5,0.5,0,1
162,nonsyn,rare,1000,1.82133857214857e-4,0.0255352763544518,-0.740074202880036,97223,0,0.01,0,6,6,0.5,0.5,0.5,0,1
163,syn,common,1050,4.19095198445739e-4,0.0367667037581281,-0.0078636000929499,25221,0,0.01,0,6,6,0.5,0.5,0.5,0,1
164,nonsyn,common,1050,3.19806091074354e-4,0.036586835824533,-0.0100061367013541,133671,0,0.01,0,6,6,0.5,0.5,0.5,0,1
165,syn,int,1050,2.3854407112935e-4,0.0331790490377305,-0.285374255176279,23394,0,0.01,0,6,6,0.5,0.5,0.5,0,1
166,nonsyn,int,1050,1.93915832365066e-4,0.0329710160101405,-0.290802894407312,125654,0,0.01,0,6,6,0.5,0.5,0.5,0,1
167,syn,rare,1050,1.22499448001766e-4,0.0235914767760631,-0.740886214789904,18116,0,0.01,0,6,6,0.5,0.5,0.5,0,1
168,nonsyn,rare,1050,1.65509407464012e-4,0.0247230788432252,-0.739311616476768,96838,0,0.01,0,6,6,0.5,0.5,0.5,0,1
169,syn,common,1100,3.73745204287466e-4,0.035116874457127,-0.00679596209973327,25283,0,0.01,0,6,6,0.5,0.5,0.5,0,1
170,nonsyn,common,1100,2.36436589874216e-4,0.0356220416987422,-0.00968964761598598,133086,0,0.01,0,6,6,0.5,0.5,0.5,0,1
171,syn,int,1100,1.65385114388272e-4,0.0323952170485117,-0.29190777240122,23123,0,0.01,0,6,6,0.5,0.5,0.5,0,1
172,nonsyn,int,1100,9.75352987868924e-5,0.0313650241488564,-0.293581115801051,124721,0,0.01,0,6,6,0.5,0.5,0.5,0,1
173,syn,rare,1100,1.57142857142857e-4,0.0233395828674504,-0.734149190672996,17780,0,0.01,0,6,6,0.5,0.5,0.5,0,1
174,nonsyn,rare,1100,1.63553453286342e-4,0.0242793762037606,-0.741111474710945,97038,0,0.01,0,6,6,0.5,0.5,0.5,0,1
175,syn,common,1150,3.50577367205543e-4,0.0346221501506417,-0.00667686446994829,24681,0,0.01,0,6,6,0.5,0.5,0.5,0,1
176,nonsyn,common,1150,2.19531882993465e-4,0.0344871050937196,-0.00983074472175802,132061,0,0.01,0,6,6,0.5,0.5,0.5,0,1
177,syn,int,1150,1.50871543877726e-4,0.031723197514399,-0.283062694563448,23292,0,0.01,0,6,6,0.5,0.5,0.5,0,1
178,nonsyn,int,1150,-1.29189454776843e-5,0.0305489699928784,-0.294961554122433,124151,0,0.01,0,6,6,0.5,0.5,0.5,0,1
179,syn,rare,1150,1.54708942009739e-4,0.0225272835271703,-0.737594491044122,18072,0,0.01,0,6,6,0.5,0.5,0.5,0,1
180,nonsyn,rare,1150,1.72032292179303e-4,0.0242230084727579,-0.739951759853961,95503,0,0.01,0,6,6,0.5,0.5,0.5,0,1
181,syn,common,1200,-6.38777514115048e-5,0.03348196408476,-0.0121527150475441,24442,0,0.01,0,6,6,0.5,0.5,0.5,0,1
182,nonsyn,common,1200,3.50333513748389e-4,0.0335126185272261,-0.00873384752107692,131179,0,0.01,0,6,6,0.5,0.5,0.5,0,1
183,syn,int,1200,1.9140333747559e-4,0.0302156610807341,-0.28230909038885,22532,0,0.01,0,6,6,0.5,0.5,0.5,0,1
184,nonsyn,int,1200,1.15686514943431e-4,0.0297331129194743,-0.288905316344289,122328,0,0.01,0,6,6,0.5,0.5,0.5,0,1
185,syn,rare,1200,1.42569870483981e-4,0.0229248976771361,-0.731049448582377,17604,0,0.01,0,6,6,0.5,0.5,0.5,0,1
186,nonsyn,rare,1200,1.55081247439682e-4,0.0238894285570524,-0.73962721521189,95203,0,0.01,0,6,6,0.5,0.5,0.5,0,1
187,syn,common,1300,-6.85658153241652e-5,0.0321576087474603,-0.0113071439340457,48355,0,0.01,0,6,6,0.5,0.5,0.5,0,1
188,nonsyn,common,1300,3.04922475710079e-4,0.0320783385407765,-0.00828722427600863,260499,0,0.01,0,6,6,0.5,0.5,0.5,0,1
189,syn,int,1300,1.96638991253386e-4,0.0290116296204356,-0.283667207287577,45046,0,0.01,0,6,6,0.5,0.5,0.5,0,1
190,nonsyn,int,1300,-3.41616559357199e-6,0.0287725573517205,-0.287041961407236,244309,0,0.01,0,6,6,0.5,0.5,0.5,0,1
191,syn,rare,1300,1.33328551755795e-4,0.0221266093845752,-0.738189328879352,34856,0,0.01,0,6,6,0.5,0.5,0.5,0,1
192,nonsyn,rare,1300,1.42355095725758e-4,0.0231150317129197,-0.740210897083496,190022,0,0.01,0,6,6,0.5,0.5,0.5,0,1
193,syn,common,1400,3.51022308679276e-4,0.0304958511399883,-0.0076085979030825,48322,0,0.01,0,6,6,0.5,0.5,0.5,0,1
194,nonsyn,common,1400,2.26141088530717e-4,0.0301852983581829,-0.00857281664585638,256860,0,0.01,0,6,6,0.5,0.5,0.5,0,1
195,syn,int,1400,5.08582355033797e-5,0.027641869547126,-0.278547015937588,44976,0,0.01,0,6,6,0.5,0.5,0.5,0,1
196,nonsyn,int,1400,-1.44523187865223e-5,0.0273963214636275,-0.282485445701684,241290,0,0.01,0,6,6,0.5,0.5,0.5,0,1
197,syn,rare,1400,7.5893751610041e-5,0.0212332012865282,-0.734190402852124,34937,0,0.01,0,6,6,0.5,0.5,0.5,0,1
198,nonsyn,rare,1400,1.26211483136112e-4,0.0219094727185747,-0.739206818657284,187353,0,0.01,0,6,6,0.5,0.5,0.5,0,1
199,syn,common,1500,2.58359402884797e-4,0.0287023053967565,-0.00655020563405862,47629,0,0.01,0,6,6,0.5,0.5,0.5,0,1
200,nonsyn,common,1500,2.27608880395067e-4,0.0287541409874593,-0.00837930350209708,255349,0,0.01,0,6,6,0.5,0.5,0.5,0,1
201,syn,int,1500,-9.01516004775526e-5,0.0260912336334944,-0.282443351977636,44393,0,0.01,0,6,6,0.5,0.5,0.5,0,1
202,nonsyn,int,1500,3.95768691875602e-5,0.0264557588869937,-0.276894791769596,236239,0,0.01,0,6,6,0.5,0.5,0.5,0,1
203,syn,rare,1500,7.94856164184738e-5,0.0212139477869155,-0.738331011066256,34449,0,0.01,0,6,6,0.5,0.5,0.5,0,1
204,nonsyn,rare,1500,1.22845578275173e-4,0.0214598521486853,-0.738958071673273,186036,0,0.01,0,6,6,0.5,0.5,0.5,0,1
205,syn,common,1600,6.74058072304464e-5,0.0279130031879718,-0.010002572742866,47217,0,0.01,0,6,6,0.5,0.5,0.5,0,1
206,nonsyn,common,1600,1.08812164279989e-4,0.0274621796322428,-0.00898986009846735,250767,0,0.01,0,6,6,0.5,0.5,0.5,0,1
207,syn,int,1600,1.22800873282998e-4,0.0257745896742825,-0.267409567458871,43972,0,0.01,0,6,6,0.5,0.5,0.5,0,1
208,nonsyn,int,1600,-7.43478819548543e-6,0.0255341145846,-0.274543456593766,233470,0,0.01,0,6,6,0.5,0.5,0.5,0,1
209,syn,rare,1600,1.33927616330897e-4,0.0210957180036228,-0.735138917319373,33654,0,0.01,0,6,6,0.5,0.5,0.5,0,1
210,nonsyn,rare,1600,1.18724148293856e-4,0.0207448384935283,-0.739913023184272,183015,0,0.01,0,6,6,0.5,0.5,0.5,0,1
211,syn,common,1700,-2.22561768530561e-5,0.0267418566039306,-0.0102970294250758,46140,0,0.01,0,6,6,0.5,0.5,0.5,0,1
212,nonsyn,common,1700,1.53618919510238e-4,0.0260695040700092,-0.00829277163421665,246814,0,0.01,0,6,6,0.5,0.5,0.5,0,1
213,syn,int,1700,-6.7739993981342e-5,0.0246082383931235,-0.271909018886852,43199,0,0.01,0,6,6,0.5,0.5,0.5,0,1
214,nonsyn,int,1700,8.28438111180015e-5,0.0248746646301232,-0.269126711868216,230599,0,0.01,0,6,6,0.5,0.5,0.5,0,1
215,syn,rare,1700,8.09346579824115e-5,0.0197394708313782,-0.737156985912867,33317,0,0.01,0,6,6,0.5,0.5,0.5,0,1
216,nonsyn,rare,1700,9.59124443361323e-5,0.0199950931243123,-0.738250173819429,180548,0,0.01,0,6,6,0.5,0.5,0.5,0,1
217,syn,common,1800,-1.46413918690625e-4,0.0255728599262089,-0.00970900761627379,45579,0,0.01,0,6,6,0.5,0.5,0.5,0,1
218,nonsyn,common,1800,7.8385081416344e-5,0.0251219836075295,-0.00939689785773989,243133,0,0.01,0,6,6,0.5,0.5,0.5,0,1
219,syn,int,1800,-5.76187595961475e-5,0.0240830420862836,-0.274080452443424,42986,0,0.01,0,6,6,0.5,0.5,0.5,0,1
220,nonsyn,int,1800,3.82001977804638e-5,0.0239618189396699,-0.267157922195438,227525,0,0.01,0,6,6,0.5,0.5,0.5,0,1
221,syn,rare,1800,1.00893740815164e-4,0.019639069432306,-0.740209631499406,33343,0,0.01,0,6,6,0.5,0.5,0.5,0,1
222,nonsyn,rare,1800,1.13370415921288e-4,0.0199892568318017,-0.738812041353032,178880,0,0.01,0,6,6,0.5,0.5,0.5,0,1
223,syn,common,1900,2.74024727727191e-4,0.0243418842202351,-0.00718432226199667,44808,0,0.01,0,6,6,0.5,0.5,0.5,0,1
224,nonsyn,common,1900,6.02361309265346e-5,0.0243424029260361,-0.00880614218311887,241815,0,0.01,0,6,6,0.5,0.5,0.5,0,1
225,syn,int,1900,4.37454417127399e-5,0.0230193325681276,-0.266831337701317,42505,0,0.01,0,6,6,0.5,0.5,0.5,0,1
226,nonsyn,int,1900,-4.82401794239778e-5,0.0232501792189322,-0.265671640335701,225165,0,0.01,0,6,6,0.5,0.5,0.5,0,1
227,syn,rare,1900,8.19902301145966e-5,0.0196122184410257,-0.738065601787546,32549,0,0.01,0,6,6,0.5,0.5,0.5,0,1
228,nonsyn,rare,1900,1.05462335082991e-4,0.01974268368952,-0.739937445056874,176225,0,0.01,0,6,6,0.5,0.5,0.5,0,1
229,syn,common,2000,2.65262968056087e-4,0.023812730983067,-0.00719282801444225,44359,0,0.01,0,6,6,0.5,0.5,0.5,0,1
230,nonsyn,common,2000,2.12367233249996e-4,0.0236761290456454,-0.0076696130507105,238388,0,0.01,0,6,6,0.5,0.5,0.5,0,1
231,syn,int,2000,-1.06879548065874e-5,0.0224810009957684,-0.261061426908862,41776,0,0.01,0,6,6,0.5,0.5,0.5,0,1
232,nonsyn,int,2000,-1.43143474545559e-5,0.0228569088243131,-0.263433054162302,223517,0,0.01,0,6,6,0.5,0.5,0.5,0,1
233,syn,rare,2000,5.59720496894411e-5,0.0182028695197899,-0.740473938835225,32200,0,0.01,0,6,6,0.5,0.5,0.5,0,1
234,nonsyn,rare,2000,8.31883440106928e-5,0.0192794502983087,-0.737927061678332,173576,0,0.01,0,6,6,0.5,0.5,0.5,0,1
235,syn,common,2500,1.30028739615388e-4,0.0215380909121576,-0.00726040409494071,216426,0,0.01,0,6,6,0.5,0.5,0.5,0,1
236,nonsyn,common,2500,9.66356284328098e-5,0.0216404587599135,-0.00789091637724292,1148476,0,0.01,0,6,6,0.5,0.5,0.5,0,1
237,syn,int,2500,-5.81447204253117e-6,0.0210163920021203,-0.25813522338259,199571,0,0.01,0,6,6,0.5,0.5,0.5,0,1
238,nonsyn,int,2500,1.72241501821419e-6,0.0210653397417108,-0.257260863439878,1066758,0,0.01,0,6,6,0.5,0.5,0.5,0,1
239,syn,rare,2500,6.37157426744738e-5,0.0176393053568677,-0.735664766326576,156098,0,0.01,0,6,6,0.5,0.5,0.5,0,1
240,nonsyn,rare,2500,7.00859728074907e-5,0.0180668439918829,-0.737851204143929,838172,0,0.01,0,6,6,0.5,0.5,0.5,0,1
241,syn,common,3000,6.073970330418e-5,0.0192194439523133,-0.00764009762418943,201351,0,0.01,0,6,6,0.5,0.5,0.5,0,1
242,nonsyn,common,3000,2.38073080326316e-5,0.0193199386920026,-0.00786574862921427,1070247,0,0.01,0,6,6,0.5,0.5,0.5,0,1
243,syn,int,3000,2.89439053355731e-5,0.0189972565317066,-0.24684610682277,186934,0,0.01,0,6,6,0.5,0.5,0.5,0,1
244,nonsyn,int,3000,-3.57919348325698e-5,0.0192251292775908,-0.248238207972104,1002955,0,0.01,0,6,6,0.5,0.5,0.5,0,1
245,syn,rare,3000,5.944573318875e-5,0.0169023434914462,-0.732203100973505,145706,0,0.01,0,6,6,0.5,0.5,0.5,0,1
246,nonsyn,rare,3000,4.81408220275933e-5,0.0167680791178177,-0.735898372555013,783599,0,0.01,0,6,6,0.5,0.5,0.5,0,1
247,syn,common,3500,3.82108602469974e-5,0.017970506792251,-0.00718076982316184,188504,0,0.01,0,6,6,0.5,0.5,0.5,0,1
248,nonsyn,common,3500,1.67393704526736e-5,0.0179501902354287,-0.00753671489526799,998114,0,0.01,0,6,6,0.5,0.5,0.5,0,1
249,syn,int,3500,4.16904314762006e-5,0.0177733700383368,-0.238586566766971,172524,0,0.01,0,6,6,0.5,0.5,0.5,0,1
250,nonsyn,int,3500,-5.0215830435859e-6,0.0176872036822565,-0.239406580284115,928970,0,0.01,0,6,6,0.5,0.5,0.5,0,1
251,syn,rare,3500,3.08198626207952e-5,0.0159054687738803,-0.729945555901574,135974,0,0.01,0,6,6,0.5,0.5,0.5,0,1
252,nonsyn,rare,3500,3.55227776728776e-5,0.0160768528379642,-0.7360480724243,725557,0,0.01,0,6,6,0.5,0.5,0.5,0,1
253,syn,common,4000,7.10051095602106e-5,0.0170959934998294,-0.00725413094996635,174379,0,0.01,0,6,6,0.5,0.5,0.5,0,1
254,nonsyn,common,4000,9.80034652747883e-5,0.0170124403317178,-0.00699992294576849,924602,0,0.01,0,6,6,0.5,0.5,0.5,0,1
255,syn,int,4000,1.3386988006479e-5,0.0168604349887607,-0.235231153073489,158669,0,0.01,0,6,6,0.5,0.5,0.5,0,1
256,nonsyn,int,4000,4.96748831575093e-6,0.0167912120354584,-0.233011761610639,861844,0,0.01,0,6,6,0.5,0.5,0.5,0,1
257,syn,rare,4000,2.69895000280749e-5,0.0153524363086058,-0.734913971974407,124667,0,0.01,0,6,6,0.5,0.5,0.5,0,1
258,nonsyn,rare,4000,3.19145740673826e-5,0.0155004150735989,-0.732734761161311,672489,0,0.01,0,6,6,0.5,0.5,0.5,0,1
259,syn,common,4500,6.72528324053402e-6,0.0160750585784699,-0.00693454689233525,160023,0,0.01,0,6,6,0.5,0.5,0.5,0,1
260,nonsyn,common,4500,4.29306460345459e-5,0.0161519299885279,-0.00705756214021433,858855,0,0.01,0,6,6,0.5,0.5,0.5,0,1
261,syn,int,4500,1.2960597890356e-6,0.0160448101916441,-0.229298910299103,147987,0,0.01,0,6,6,0.5,0.5,0.5,0,1
262,nonsyn,int,4500,4.07872001604996e-5,0.0160401529654279,-0.227489091574223,797510,0,0.01,0,6,6,0.5,0.5,0.5,0,1
263,syn,rare,4500,1.36999826779838e-5,0.0144850266776169,-0.733782121847538,115460,0,0.01,0,6,6,0.5,0.5,0.5,0,1
264,nonsyn,rare,4500,1.8154684159096e-5,0.014746184435343,-0.734071314579978,620154,0,0.01,0,6,6,0.5,0.5,0.5,0,1
265,syn,common,5000,-2.84085717987006e-5,0.0156956016388604,-0.00745533886215597,146667,0,0.01,0,6,6,0.5,0.5,0.5,0,1
266,nonsyn,common,5000,7.04930665531139e-5,0.015693260717634,-0.00640500371809353,777319,0,0.01,0,6,6,0.5,0.5,0.5,0,1
267,syn,int,5000,2.9506122297071e-5,0.0153819893479862,-0.227963751465094,134345,0,0.01,0,6,6,0.5,0.5,0.5,0,1
268,nonsyn,int,5000,2.22624870823286e-5,0.0154542173154777,-0.225744104210853,725750,0,0.01,0,6,6,0.5,0.5,0.5,0,1
269,syn,rare,5000,-1.04648054080882e-6,0.0140330526843121,-0.735274499158436,104732,0,0.01,0,6,6,0.5,0.5,0.5,0,1
270,nonsyn,rare,5000,2.94327805222301e-5,0.0145095321387233,-0.734747014759538,566800,0,0.01,0,6,6,0.5,0.5,0.5,0,1
271,syn,common,7500,4.80823724369151e-5,0.0142774888854229,-0.00657831828890609,520174,0,0.01,0,6,6,0.5,0.5,0.5,0,1
272,nonsyn,common,7500,-1.90002623418314e-6,0.0142021469682994,-0.00700031373328719,2740699,0,0.01,0,6,6,0.5,0.5,0.5,0,1
273,syn,int,7500,8.86938916013344e-6,0.0144074693130596,-0.22103612560057,490947,0,0.01,0,6,6,0.5,0.5,0.5,0,1
274,nonsyn,int,7500,-7.68328741488148e-6,0.0144083157402998,-0.219776773709378,2637647,0,0.01,0,6,6,0.5,0.5,0.5,0,1
275,syn,rare,7500,1.11777799539994e-5,0.0136243491894904,-0.736023032495864,377821,0,0.01,0,6,6,0.5,0.5,0.5,0,1
276,nonsyn,rare,7500,1.46584599771462e-5,0.0135789649114245,-0.741744194158072,2033788,0,0.01,0,6,6,0.5,0.5,0.5,0,1
277,syn,common,10000,-1.64338889835541e-5,0.0133049220368226,-0.00715199258909029,170191,0,0.01,0,6,6,0.5,0.5,0.5,0,1
278,nonsyn,common,10000,-3.10607994595505e-5,0.0132786352335322,-0.00694974239617611,897031,0,0.01,0,6,6,0.5,0.5,0.5,0,1
279,syn,int,10000,-9.15570384688783e-5,0.0130806427902292,-0.217719639366319,162443,0,0.01,0,6,6,0.5,0.5,0.5,0,1
280,nonsyn,int,10000,-9.5125171517988e-6,0.0132062604834753,-0.215673259054349,887662,0,0.01,0,6,6,0.5,0.5,0.5,0,1
281,syn,rare,10000,4.22065252881706e-8,0.0124628637262899,-0.735488226166388,125573,0,0.01,0,6,6,0.5,0.5,0.5,0,1
282,nonsyn,rare,10000,-1.45705623495005e-6,0.0126551396717797,-0.74831809474549,676501,0,0.01,0,6,6,0.5,0.5,0.5,0,1
1,nonsyn,rare,10,2.76060606060606e-4,0.0440113182773277,-0.864256510685082,330,0,0.01,0.01,6,6,0.5,0.5,0.5,0,1
2,syn,rare,10,0.0022459010952539,0.189443508737095,-0.579499477920072,3013,0,0.01,0.01,6,6,0.5,0.5,0.5,0,1
3,nonsyn,int,10,0.0126573770491803,0.434601525730002,-0.325770633777791,61,0,0.01,0.01,6,6,0.5,0.5,0.5,0,1
4,syn,int,10,0.00688895649528445,0.389188447601771,-0.254073843931662,3287,0,0.01,0.01,6,6,0.5,0.5,0.5,0,1
5,nonsyn,common,10,-0.0193061728395062,0.701209927408073,-0.106075988222346,81,0,0.01,0.01,6,6,0.5,0.5,0.5,0,1
6,syn,common,10,0.00630705073086844,0.695656316786617,-0.0250156987257323,3489,0,0.01,0.01,6,6,0.5,0.5,0.5,0,1
7,nonsyn,rare,15,5.92391304347826e-4,0.0447534449139731,-0.847826086956522,184,0,0.01,0.01,6,6,0.5,0.5,0.5,0,1
8,syn,rare,15,0.00119667101827676,0.150458463911527,-0.669205344464294,1532,0,0.01,0.01,6,6,0.5,0.5,0.5,0,1
9,nonsyn,int,15,0.005388,0.443654834503935,-0.208130081300813,25,0,0.01,0.01,6,6,0.5,0.5,0.5,0,1
10,syn,int,15,0.00391205936920223,0.3390080921176,-0.324038421858308,1617,0,0.01,0.01,6,6,0.5,0.5,0.5,0,1
11,nonsyn,common,15,-0.004125,0.680178902998298,-8.67092588486193e-4,36,0,0.01,0.01,6,6,0.5,0.5,0.5,0,1
12,syn,common,15,0.00294847931873479,0.660753683468657,-0.0388259670259666,1644,0,0.01,0.01,6,6,0.5,0.5,0.5,0,1
13,nonsyn,rare,20,1.80813953488372e-4,0.0449967264355438,-0.86046511627907,172,0,0.01,0.01,6,6,0.5,0.5,0.5,0,1
14,syn,rare,20,0.00125953678474114,0.128790301724467,-0.678695587973266,1468,0,0.01,0.01,6,6,0.5,0.5,0.5,0,1
15,nonsyn,int,20,0.0197521739130435,0.459326887987835,-0.221985716611999,23,0,0.01,0.01,6,6,0.5,0.5,0.5,0,1
16,syn,int,20,0.00528431758530184,0.342063565241818,-0.272627661401621,1524,0,0.01,0.01,6,6,0.5,0.5,0.5,0,1
17,nonsyn,common,20,-0.03564,0.616065169729093,-0.204575406532323,25,0,0.01,0.01,6,6,0.5,0.5,0.5,0,1
18,syn,common,20,0.00140254452926209,0.634885848835264,-0.049234534675877,1572,0,0.01,0.01,6,6,0.5,0.5,0.5,0,1
19,nonsyn,rare,25,3.08928571428571e-4,0.0323137199779961,-0.875216055064638,168,0,0.01,0.01,6,6,0.5,0.5,0.5,0,1
20,syn,rare,25,0.00195293305728088,0.148824832958249,-0.649105332183489,1449,0,0.01,0.01,6,6,0.5,0.5,0.5,0,1
21,nonsyn,int,25,0.0235741935483871,0.26121008935616,-0.17435849394779,31,0,0.01,0.01,6,6,0.5,0.5,0.5,0,1
22,syn,int,25,0.00698002672010688,0.335960495525589,-0.267641213776606,1497,0,0.01,0.01,6,6,0.5,0.5,0.5,0,1
23,nonsyn,common,25,0.0518566666666667,0.607899859704886,0.224618782506202,30,0,0.01,0.01,6,6,0.5,0.5,0.5,0,1
24,syn,common,25,0.00659520202020202,0.601250863734577,-0.0204198276851221,1584,0,0.01,0.01,6,6,0.5,0.5,0.5,0,1
25,nonsyn,rare,50,3.47338618346546e-4,0.044674983823925,-0.860153413270131,883,0,0.01,0.01,6,6,0.5,0.5,0.5,0,1
26,syn,rare,50,0.00143337120136325,0.13096802146948,-0.66304681286281,7042,0,0.01,0.01,6,6,0.5,0.5,0.5,0,1
27,nonsyn,int,50,0.00374180327868853,0.267458838576932,-0.325908297112342,122,0,0.01,0.01,6,6,0.5,0.5,0.5,0,1
28,syn,int,50,0.00529809114128243,0.294851876696189,-0.31181128830751,7439,0,0.01,0.01,6,6,0.5,0.5,0.5,0,1
29,nonsyn,common,50,0.0124390243902439,0.556447340421734,0.00760483128464932,164,0,0.01,0.01,6,6,0.5,0.5,0.5,0,1
30,syn,common,50,0.00369585561497326,0.546162470395057,-0.0285489499072231,7480,0,0.01,0.01,6,6,0.5,0.5,0.5,0,1
31,nonsyn,rare,75,5.89928909952607e-4,0.0461233419824852,-0.842672130068457,844,0,0.01,0.01,6,6,0.5,0.5,0.5,0,1
32,syn,rare,75,0.0014076790336497,0.104944494737794,-0.683501235432582,6954,0,0.01,0.01,6,6,0.5,0.5,0.5,0,1
33,nonsyn,int,75,0.00214857142857143,0.212421135156469,-0.331770710322215,105,0,0.01,0.01,6,6,0.5,0.5,0.5,0,1
34,syn,int,75,0.00412802330538582,0.236922224697756,-0.337494096073533,7037,0,0.01,0.01,6,6,0.5,0.5,0.5,0,1
35,nonsyn,common,75,0.0101049295774648,0.452170822124484,0.0412204825750987,142,0,0.01,0.01,6,6,0.5,0.5,0.5,0,1
36,syn,common,75,0.00623660638598474,0.460856907846025,-0.0114468618183725,7078,0,0.01,0.01,6,6,0.5,0.5,0.5,0,1
37,nonsyn,rare,100,4.69187358916479e-4,0.0437566689439219,-0.835033518627618,886,0,0.01,0.01,6,6,0.5,0.5,0.5,0,1
38,syn,rare,100,0.0012349764252036,0.0956920990687668,-0.697485331592325,6999,0,0.01,0.01,6,6,0.5,0.5,0.5,0,1
39,nonsyn,int,100,0.00571951219512195,0.182137949432196,-0.316893893717769,123,0,0.01,0.01,6,6,0.5,0.5,0.5,0,1
40,syn,int,100,0.00364868787567805,0.210260815448668,-0.327911324468379,6821,0,0.01,0.01,6,6,0.5,0.5,0.5,0,1
41,nonsyn,common,100,0.00271,0.397325065654259,-0.032568684758116,140,0,0.01,0.01,6,6,0.5,0.5,0.5,0,1
42,syn,common,100,0.00230774137431139,0.401663411105663,-0.0276219969467326,6898,0,0.01,0.01,6,6,0.5,0.5,0.5,0,1
43,nonsyn,rare,125,5.45921787709497e-4,0.0432869999982804,-0.844220839986358,895,0,0.01,0.01,6,6,0.5,0.5,0.5,0,1
44,syn,rare,125,0.00127497803806735,0.0892621532070346,-0.697932699375414,6830,0,0.01,0.01,6,6,0.5,0.5,0.5,0,1
45,nonsyn,int,125,0.0134509803921569,0.192352279660627,-0.329749820466004,102,0,0.01,0.01,6,6,0.5,0.5,0.5,0,1
46,syn,int,125,0.00339552590266876,0.184429618727505,-0.347557217416637,6370,0,0.01,0.01,6,6,0.5,0.5,0.5,0,1
47,nonsyn,common,125,0.0165523178807947,0.352035141542193,0.0650667312972622,151,0,0.01,0.01,6,6,0.5,0.5,0.5,0,1
48,syn,common,125,0.00419951799969875,0.350789594865969,-0.0150975997438339,6639,0,0.01,0.01,6,6,0.5,0.5,0.5,0,1
49,nonsyn,rare,150,5.18329466357309e-4,0.0362038249147556,-0.870945165811515,862,0,0.01,0.01,6,6,0.5,0.5,0.5,0,1
50,syn,rare,150,0.0010738064141634,0.077069754194277,-0.712231152887801,6891,0,0.01,0.01,6,6,0.5,0.5,0.5,0,1
51,nonsyn,int,150,0.00510396825396825,0.177118172866029,-0.362307401946577,126,0,0.01,0.01,6,6,0.5,0.5,0.5,0,1
52,syn,int,150,0.00319796962182269,0.16487726410786,-0.340559026338235,6452,0,0.01,0.01,6,6,0.5,0.5,0.5,0,1
53,nonsyn,common,150,0.018400826446281,0.307569874697779,0.100007222204535,121,0,0.01,0.01,6,6,0.5,0.5,0.5,0,1
54,syn,common,150,0.00367307752791319,0.316159793047373,-0.0207489408569135,6359,0,0.01,0.01,6,6,0.5,0.5,0.5,0,1
55,nonsyn,rare,175,3.79041248606466e-4,0.0436029987501369,-0.859738118440258,897,0,0.01,0.01,6,6,0.5,0.5,0.5,0,1
56,syn,rare,175,0.00127547169811321,0.0765216728897115,-0.707145344497463,6678,0,0.01,0.01,6,6,0.5,0.5,0.5,0,1
57,nonsyn,int,175,-8.25423728813559e-4,0.155139772121568,-0.460210975036843,118,0,0.01,0.01,6,6,0.5,0.5,0.5,0,1
58,syn,int,175,0.00241634856070088,0.157815169987705,-0.358058723595095,6392,0,0.01,0.01,6,6,0.5,0.5,0.5,0,1
59,nonsyn,common,175,-0.00186124031007752,0.299747568799481,-0.0734341004815576,129,0,0.01,0.01,6,6,0.5,0.5,0.5,0,1
60,syn,common,175,0.00423108151476252,0.278584640345282,-0.00886626772637606,6232,0,0.01,0.01,6,6,0.5,0.5,0.5,0,1
61,nonsyn,rare,200,2.35740072202166e-4,0.0317822515972368,-0.855589603601391,831,0,0.01,0.01,6,6,0.5,0.5,0.5,0,1
62,syn,rare,200,9.4108643457383e-4,0.0638308720756798,-0.722480913413152,6664,0,0.01,0.01,6,6,0.5,0.5,0.5,0,1
63,nonsyn,int,200,-0.0038212962962963,0.132146233810054,-0.480667109956792,108,0,0.01,0.01,6,6,0.5,0.5,0.5,0,1
64,syn,int,200,0.00295254761517174,0.13483924974642,-0.342340631719205,6143,0,0.01,0.01,6,6,0.5,0.5,0.5,0,1
65,nonsyn,common,200,-1.72727272727271e-4,0.254460957496523,0.00221823625258019,121,0,0.01,0.01,6,6,0.5,0.5,0.5,0,1
66,syn,common,200,0.00458513782796413,0.259761690801812,-0.00579813680363279,6022,0,0.01,0.01,6,6,0.5,0.5,0.5,0,1
67,nonsyn,rare,250,3.22784090909091e-4,0.0346918720771597,-0.867648330421898,1760,0,0.01,0.01,6,6,0.5,0.5,0.5,0,1
68,syn,rare,250,8.42441011451848e-4,0.0622985058529455,-0.727165830447368,13011,0,0.01,0.01,6,6,0.5,0.5,0.5,0,1
69,nonsyn,int,250,0.00350779220779221,0.11564767441435,-0.356969042232438,231,0,0.01,0.01,6,6,0.5,0.5,0.5,0,1
70,syn,int,250,0.00203772541476316,0.123084744263688,-0.356034598705265,12477,0,0.01,0.01,6,6,0.5,0.5,0.5,0,1
71,nonsyn,common,250,0.00702734082397004,0.210425298702707,-0.00154657782626906,267,0,0.01,0.01,6,6,0.5,0.5,0.5,0,1
72,syn,common,250,0.00147322422810866,0.223740274492557,-0.0249577417091155,11854,0,0.01,0.01,6,6,0.5,0.5,0.5,0,1
73,nonsyn,rare,300,1.78559369724254e-4,0.0323393791763414,-0.87273221886916,1777,0,0.01,0.01,6,6,0.5,0.5,0.5,0,1
74,syn,rare,300,7.56695773124179e-4,0.0569537200961548,-0.727484990924552,12941,0,0.01,0.01,6,6,0.5,0.5,0.5,0,1
75,nonsyn,int,300,0.00153873873873874,0.115391464984481,-0.399610711451851,222,0,0.01,0.01,6,6,0.5,0.5,0.5,0,1
76,syn,int,300,0.00158725018353862,0.1100893731993,-0.355183695333865,12259,0,0.01,0.01,6,6,0.5,0.5,0.5,0,1
77,nonsyn,common,300,0.0108773504273504,0.197316911034243,0.0355949607191776,234,0,0.01,0.01,6,6,0.5,0.5,0.5,0,1
78,syn,common,300,0.00244230736627956,0.196511887101012,-0.0146036670858871,11797,0,0.01,0.01,6,6,0.5,0.5,0.5,0,1
79,nonsyn,rare,350,1.64476021314387e-4,0.0269136825405317,-0.893206812451764,1689,0,0.01,0.01,6,6,0.5,0.5,0.5,0,1
80,syn,rare,350,6.86163913991898e-4,0.0517118038688001,-0.736221032220811,12836,0,0.01,0.01,6,6,0.5,0.5,0.5,0,1
81,nonsyn,int,350,-0.00262903225806452,0.0803883383164903,-0.385160839866074,217,0,0.01,0.01,6,6,0.5,0.5,0.5,0,1
82,syn,int,350,0.00141863364361702,0.0969902951342582,-0.362755868640573,12032,0,0.01,0.01,6,6,0.5,0.5,0.5,0,1
83,nonsyn,common,350,-0.00135378151260504,0.162035377228053,-0.0248233005360029,238,0,0.01,0.01,6,6,0.5,0.5,0.5,0,1
84,syn,common,350,0.00347817223805822,0.165957007579258,-0.00689579442585435,11577,0,0.01,0.01,6,6,0.5,0.5,0.5,0,1
85,nonsyn,rare,400,3.05904288377874e-4,0.0333269185353497,-0.872380436640259,1609,0,0.01,0.01,6,6,0.5,0.5,0.5,0,1
86,syn,rare,400,7.18634423897582e-4,0.0500823130456381,-0.738962004134035,12654,0,0.01,0.01,6,6,0.5,0.5,0.5,0,1
87,nonsyn,int,400,0.00121712962962963,0.0716986153854104,-0.357594027285123,216,0,0.01,0.01,6,6,0.5,0.5,0.5,0,1
88,syn,int,400,0.00107942021636241,0.0879746785144771,-0.356984187600396,11832,0,0.01,0.01,6,6,0.5,0.5,0.5,0,1
89,nonsyn,common,400,0.00427543859649123,0.167119813062278,0.00874271559029803,228,0,0.01,0.01,6,6,0.5,0.5,0.5,0,1
90,syn,common,400,0.00135236816187662,0.148715480156861,-0.0194679913290405,11169,0,0.01,0.01,6,6,0.5,0.5,0.5,0,1
91,nonsyn,rare,450,1.80941176470588e-4,0.0344349971936247,-0.887527685450197,1700,0,0.01,0.01,6,6,0.5,0.5,0.5,0,1
92,syn,rare,450,5.49174630755865e-4,0.0453672005366779,-0.737687593825814,12661,0,0.01,0.01,6,6,0.5,0.5,0.5,0,1
93,nonsyn,int,450,2.87619047619048e-4,0.0880154094513143,-0.359360091875738,210,0,0.01,0.01,6,6,0.5,0.5,0.5,0,1
94,syn,int,450,0.0012245062989445,0.0839847623504954,-0.345936255677618,11748,0,0.01,0.01,6,6,0.5,0.5,0.5,0,1
95,nonsyn,common,450,0.00162126865671642,0.140128343953268,-8.62148995404617e-4,268,0,0.01,0.01,6,6,0.5,0.5,0.5,0,1
96,syn,common,450,0.00149266013835235,0.13614738370007,-0.0164932054007563,11131,0,0.01,0.01,6,6,0.5,0.5,0.5,0,1
97,nonsyn,rare,500,4.11052009456265e-4,0.036301922778291,-0.84555123455743,1692,0,0.01,0.01,6,6,0.5,0.5,0.5,0,1
98,syn,rare,500,6.12208373282199e-4,0.0458212376753764,-0.7404708819461,12516,0,0.01,0.01,6,6,0.5,0.5,0.5,0,1
99,nonsyn,int,500,0.00331822222222222,0.0666116146039699,-0.350523990348515,225,0,0.01,0.01,6,6,0.5,0.5,0.5,0,1
100,syn,int,500,9.43174932917857e-4,0.0755487195072326,-0.352465101152357,11553,0,0.01,0.01,6,6,0.5,0.5,0.5,0,1
101,nonsyn,common,500,4.78468899521524e-5,0.11574933951475,-0.0507700075953641,209,0,0.01,0.01,6,6,0.5,0.5,0.5,0,1
102,syn,common,500,6.52637889688249e-4,0.12084673031132,-0.0231039696693861,10842,0,0.01,0.01,6,6,0.5,0.5,0.5,0,1
103,nonsyn,rare,550,1.66329565734682e-4,0.0293471616738509,-0.87170742737838,1681,0,0.01,0.01,6,6,0.5,0.5,0.5,0,1
104,syn,rare,550,5.66191626409018e-4,0.0421904101448517,-0.744522141637456,12420,0,0.01,0.01,6,6,0.5,0.5,0.5,0,1
105,nonsyn,int,550,0.00118989361702128,0.0700487621348759,-0.365489212189857,188,0,0.01,0.01,6,6,0.5,0.5,0.5,0,1
106,syn,int,550,0.00105678752846383,0.0708554959714843,-0.347507590611565,11418,0,0.01,0.01,6,6,0.5,0.5,0.5,0,1
107,nonsyn,common,550,-0.00442442748091603,0.112857121612765,-0.0318007105855556,262,0,0.01,0.01,6,6,0.5,0.5,0.5,0,1
108,syn,common,550,0.00147807447103391,0.112810342111451,-0.0141014526536614,10823,0,0.01,0.01,6,6,0.5,0.5,0.5,0,1
109,nonsyn,rare,600,1.8109756097561e-4,0.0294187359279416,-0.877207572198844,1640,0,0.01,0.01,6,6,0.5,0.5,0.5,0,1
110,syn,rare,600,4.1955e-4,0.0388859112465361,-0.755309499371921,12000,0,0.01,0.01,6,6,0.5,0.5,0.5,0,1
111,nonsyn,int,600,0.0010878453038674,0.0607556910806647,-0.360100848920323,181,0,0.01,0.01,6,6,0.5,0.5,0.5,0,1
112,syn,int,600,7.54409817250817e-4,0.0671633832448931,-0.341877052141421,11327,0,0.01,0.01,6,6,0.5,0.5,0.5,0,1
113,nonsyn,common,600,0.00719923664122137,0.118259192947343,0.00424515956449754,262,0,0.01,0.01,6,6,0.5,0.5,0.5,0,1
114,syn,common,600,0.00169618227753345,0.102867080266195,-0.012995092008163,10687,0,0.01,0.01,6,6,0.5,0.5,0.5,0,1
115,nonsyn,rare,650,3.4741641337386e-4,0.0331592576646364,-0.857049033456281,1645,0,0.01,0.01,6,6,0.5,0.5,0.5,0,1
116,syn,rare,650,5.2511731291677e-4,0.0390796675092059,-0.743198542239803,12147,0,0.01,0.01,6,6,0.5,0.5,0.5,0,1
117,nonsyn,int,650,4.41463414634147e-4,0.0609289551348169,-0.314096300213305,205,0,0.01,0.01,6,6,0.5,0.5,0.5,0,1
118,syn,int,650,9.90158202954287e-4,0.0635934977547186,-0.334033873506968,11441,0,0.01,0.01,6,6,0.5,0.5,0.5,0,1
119,nonsyn,common,650,0.0045320895522388,0.0798293913686284,0.0111531847307105,268,0,0.01,0.01,6,6,0.5,0.5,0.5,0,1
120,syn,common,650,0.00215718134522482,0.0949061652032719,-0.00638334263684684,10764,0,0.01,0.01,6,6,0.5,0.5,0.5,0,1
121,nonsyn,rare,700,2.67297457125961e-4,0.0322266482974241,-0.867025262432944,1691,0,0.01,0.01,6,6,0.5,0.5,0.5,0,1
122,syn,rare,700,3.5367898420967e-4,0.036107213382901,-0.762433625827463,12286,0,0.01,0.01,6,6,0.5,0.5,0.5,0,1
123,nonsyn,int,700,-5.20526315789474e-4,0.0538059560179939,-0.379156930105378,190,0,0.01,0.01,6,6,0.5,0.5,0.5,0,1
124,syn,int,700,9.07029616724739e-4,0.0597837906162178,-0.335548766267041,11480,0,0.01,0.01,6,6,0.5,0.5,0.5,0,1
125,nonsyn,common,700,0.0025618320610687,0.0896501495777673,-0.0175327689761171,262,0,0.01,0.01,6,6,0.5,0.5,0.5,0,1
126,syn,common,700,0.00150195383583948,0.0869683367761578,-0.0116511104423735,10441,0,0.01,0.01,6,6,0.5,0.5,0.5,0,1
127,nonsyn,rare,750,1.02571770334928e-4,0.0257022441057539,-0.879825936915204,1672,0,0.01,0.01,6,6,0.5,0.5,0.5,0,1
128,syn,rare,750,4.8939178448925e-4,0.0382306790277808,-0.742100528598434,11953,0,0.01,0.01,6,6,0.5,0.5,0.5,0,1
129,nonsyn,int,750,0.00136940639269406,0.0610717827275422,-0.356909037293597,219,0,0.01,0.01,6,6,0.5,0.5,0.5,0,1
130,syn,int,750,8.47253234095339e-4,0.0596308898933633,-0.31788392642561,11286,0,0.01,0.01,6,6,0.5,0.5,0.5,0,1
131,nonsyn,common,750,0.0058147859922179,0.0835780031632374,0.0302429351191287,257,0,0.01,0.01,6,6,0.5,0.5,0.5,0,1
132,syn,common,750,9.34745843230403e-4,0.083324518851848,-0.0142572729441959,10525,0,0.01,0.01,6,6,0.5,0.5,0.5,0,1
133,nonsyn,rare,800,3.1317978246961e-4,0.0355135093069458,-0.870472138600095,1563,0,0.01,0.01,6,6,0.5,0.5,0.5,0,1
134,syn,rare,800,4.12593401057846e-4,0.0362342441789931,-0.74887564279274,11911,0,0.01,0.01,6,6,0.5,0.5,0.5,0,1
135,nonsyn,int,800,6.84057971014493e-4,0.0407643706142329,-0.335864992723901,207,0,0.01,0.01,6,6,0.5,0.5,0.5,0,1
136,syn,int,800,5.27089755213055e-4,0.0554789254335587,-0.323210738334304,11030,0,0.01,0.01,6,6,0.5,0.5,0.5,0,1
137,nonsyn,common,800,-0.00538842975206612,0.0655611955418623,-0.0468872768949404,242,0,0.01,0.01,6,6,0.5,0.5,0.5,0,1
138,syn,common,800,0.00122770458697952,0.0760906059212967,-0.00937868091166402,10399,0,0.01,0.01,6,6,0.5,0.5,0.5,0,1
139,nonsyn,rare,850,2.40111940298507e-4,0.0326780932679847,-0.868868681249885,1608,0,0.01,0.01,6,6,0.5,0.5,0.5,0,1
140,syn,rare,850,4.44816815802803e-4,0.0350443294186276,-0.742781896286335,11846,0,0.01,0.01,6,6,0.5,0.5,0.5,0,1
141,nonsyn,int,850,-0.00127352941176471,0.0407336778203833,-0.388470768235313,204,0,0.01,0.01,6,6,0.5,0.5,0.5,0,1
142,syn,int,850,3.64887252646112e-4,0.0519666676224112,-0.323025775820177,10865,0,0.01,0.01,6,6,0.5,0.5,0.5,0,1
143,nonsyn,common,850,-0.00786211453744493,0.0818539184137696,-0.0651932962597438,227,0,0.01,0.01,6,6,0.5,0.5,0.5,0,1
144,syn,common,850,0.00166595599688473,0.0724915237272645,-0.0058009350794849,10272,0,0.01,0.01,6,6,0.5,0.5,0.5,0,1
145,nonsyn,rare,900,2.81441441441441e-4,0.0310273923605216,-0.861675555385668,1665,0,0.01,0.01,6,6,0.5,0.5,0.5,0,1
146,syn,rare,900,3.81229690439542e-4,0.032130950487064,-0.755894068214578,11694,0,0.01,0.01,6,6,0.5,0.5,0.5,0,1
147,nonsyn,int,900,-0.0018265306122449,0.0352703543921664,-0.432399567728044,196,0,0.01,0.01,6,6,0.5,0.5,0.5,0,1
148,syn,int,900,5.14839907192576e-4,0.0495643990854546,-0.32330828766803,10775,0,0.01,0.01,6,6,0.5,0.5,0.5,0,1
149,nonsyn,common,900,-0.00216864406779661,0.0627412259709811,-0.0447480390428123,236,0,0.01,0.01,6,6,0.5,0.5,0.5,0,1
150,syn,common,900,0.00146834894036471,0.0702220045500842,-0.0039691784534735,10145,0,0.01,0.01,6,6,0.5,0.5,0.5,0,1
151,nonsyn,rare,950,3.00760938490805e-4,0.0333616566814359,-0.873177102740129,1577,0,0.01,0.01,6,6,0.5,0.5,0.5,0,1
152,syn,rare,950,4.32785774767147e-4,0.0331805435888325,-0.743552336909137,11810,0,0.01,0.01,6,6,0.5,0.5,0.5,0,1
153,nonsyn,int,950,0.00152840909090909,0.0580005998741116,-0.342322779556721,176,0,0.01,0.01,6,6,0.5,0.5,0.5,0,1
154,syn,int,950,2.40355018411859e-4,0.0467860447235936,-0.330970140450672,10591,0,0.01,0.01,6,6,0.5,0.5,0.5,0,1
155,nonsyn,common,950,-0.00332017543859649,0.0723795617411195,-0.0224733515631785,228,0,0.01,0.01,6,6,0.5,0.5,0.5,0,1
156,syn,common,950,9.4958025184889e-4,0.0662990486820309,-0.00818158408015545,10006,0,0.01,0.01,6,6,0.5,0.5,0.5,0,1
157,nonsyn,rare,1000,1.5306258322237e-4,0.0247466820038518,-0.86822047876649,1502,0,0.01,0.01,6,6,0.5,0.5,0.5,0,1
158,syn,rare,1000,4.08576863219782e-4,0.0335579448251912,-0.750081288898439,11566,0,0.01,0.01,6,6,0.5,0.5,0.5,0,1
159,nonsyn,int,1000,-1.80952380952381e-4,0.0431217393395817,-0.358222440556775,189,0,0.01,0.01,6,6,0.5,0.5,0.5,0,1
160,syn,int,1000,2.81879194630874e-5,0.0448194457660301,-0.328972253385858,10281,0,0.01,0.01,6,6,0.5,0.5,0.5,0,1
161,nonsyn,common,1000,-5.33469387755102e-4,0.0645332195775731,-0.0173038019466211,245,0,0.01,0.01,6,6,0.5,0.5,0.5,0,1
162,syn,common,1000,0.00107011147936125,0.0625006241229549,-0.00913284103945894,9957,0,0.01,0.01,6,6,0.5,0.5,0.5,0,1
163,nonsyn,rare,1050,2.15081967213115e-5,0.0229118682649277,-0.885277667800766,1525,0,0.01,0.01,6,6,0.5,0.5,0.5,0,1
164,syn,rare,1050,3.26732246095435e-4,0.0321767225710171,-0.755738789828796,11589,0,0.01,0.01,6,6,0.5,0.5,0.5,0,1
165,nonsyn,int,1050,-0.00129130434782609,0.049290770945127,-0.322164833426154,184,0,0.01,0.01,6,6,0.5,0.5,0.5,0,1
166,syn,int,1050,1.64756017607942e-4,0.042879547624868,-0.326528000511612,10677,0,0.01,0.01,6,6,0.5,0.5,0.5,0,1
167,nonsyn,common,1050,0.00720127118644068,0.0609002190381598,0.0382163377895195,236,0,0.01,0.01,6,6,0.5,0.5,0.5,0,1
168,syn,common,1050,0.00155293372319688,0.0588208074543723,-0.002956967034701,10260,0,0.01,0.01,6,6,0.5,0.5,0.5,0,1
169,nonsyn,rare,1100,1.04417413572343e-4,0.027278590543159,-0.868142109238784,1562,0,0.01,0.01,6,6,0.5,0.5,0.5,0,1
170,syn,rare,1100,3.25971777335296e-4,0.0298657724555261,-0.752990584803292,11551,0,0.01,0.01,6,6,0.5,0.5,0.5,0,1
171,nonsyn,int,1100,7.61111111111111e-4,0.04613063470619,-0.320488286655104,216,0,0.01,0.01,6,6,0.5,0.5,0.5,0,1
172,syn,int,1100,3.94003831417624e-4,0.0433134006093715,-0.307244850911962,10440,0,0.01,0.01,6,6,0.5,0.5,0.5,0,1
173,nonsyn,common,1100,-0.00493021276595745,0.0536355993911734,-0.0316308066577311,235,0,0.01,0.01,6,6,0.5,0.5,0.5,0,1
174,syn,common,1100,0.00111214457348818,0.0573211848708165,-0.010551003379017,9988,0,0.01,0.01,6,6,0.5,0.5,0.5,0,1
175,nonsyn,rare,1150,3.27504786215699e-4,0.0312862803438264,-0.872582695819992,1567,0,0.01,0.01,6,6,0.5,0.5,0.5,0,1
176,syn,rare,1150,2.00650263620387e-4,0.0270589122173234,-0.7698334312031,11380,0,0.01,0.01,6,6,0.5,0.5,0.5,0,1
177,nonsyn,int,1150,6.49431818181818e-4,0.039964500265313,-0.322707356121678,176,0,0.01,0.01,6,6,0.5,0.5,0.5,0,1
178,syn,int,1150,2.80594996619337e-4,0.0428951175367067,-0.302125631548075,10353,0,0.01,0.01,6,6,0.5,0.5,0.5,0,1
179,nonsyn,common,1150,8.19841269841269e-4,0.0565418221099467,-0.0215501176032952,252,0,0.01,0.01,6,6,0.5,0.5,0.5,0,1
180,syn,common,1150,6.85326307255776e-4,0.0558849139930304,-0.00815879158863799,9868,0,0.01,0.01,6,6,0.5,0.5,0.5,0,1
181,nonsyn,rare,1200,8.93358876117497e-5,0.0246724453233215,-0.886343567515253,1566,0,0.01,0.01,6,6,0.5,0.5,0.5,0,1
182,syn,rare,1200,2.95477921617308e-4,0.0280686635676735,-0.765683189026801,11278,0,0.01,0.01,6,6,0.5,0.5,0.5,0,1
183,nonsyn,int,1200,8.84259259259261e-5,0.0306582150065834,-0.322942347010626,216,0,0.01,0.01,6,6,0.5,0.5,0.5,0,1
184,syn,int,1200,3.27850941371574e-4,0.0407457937043952,-0.309086798004476,10251,0,0.01,0.01,6,6,0.5,0.5,0.5,0,1
185,nonsyn,common,1200,9.27419354838703e-5,0.0519446259362554,0.00772002351353958,248,0,0.01,0.01,6,6,0.5,0.5,0.5,0,1
186,syn,common,1200,5.78438964744243e-4,0.0538867884666063,-0.0128428255124184,9814,0,0.01,0.01,6,6,0.5,0.5,0.5,0,1
187,nonsyn,rare,1300,3.3516447368421e-4,0.0324104298102889,-0.872903374081722,3040,0,0.01,0.01,6,6,0.5,0.5,0.5,0,1
188,syn,rare,1300,2.8193381920239e-4,0.0287585612192917,-0.753080012581985,22091,0,0.01,0.01,6,6,0.5,0.5,0.5,0,1
189,nonsyn,int,1300,1.96938775510205e-4,0.0394397343946982,-0.311271024679214,392,0,0.01,0.01,6,6,0.5,0.5,0.5,0,1
190,syn,int,1300,4.80771293452294e-4,0.0390368710970449,-0.300257221864153,20511,0,0.01,0.01,6,6,0.5,0.5,0.5,0,1
191,nonsyn,common,1300,0.00206917808219178,0.0499085066762049,0.00735467973208048,438,0,0.01,0.01,6,6,0.5,0.5,0.5,0,1
192,syn,common,1300,6.16884039583862e-4,0.0508530068503863,-0.00845778391430499,19705,0,0.01,0.01,6,6,0.5,0.5,0.5,0,1
193,nonsyn,rare,1400,1.87765783447825e-4,0.0271577759313882,-0.873982597537022,3057,0,0.01,0.01,6,6,0.5,0.5,0.5,0,1
194,syn,rare,1400,1.55563105916463e-4,0.025663461175973,-0.763953024226097,22074,0,0.01,0.01,6,6,0.5,0.5,0.5,0,1
195,nonsyn,int,1400,0.00106584022038568,0.0322350002940013,-0.26139572800023,363,0,0.01,0.01,6,6,0.5,0.5,0.5,0,1
196,syn,int,1400,4.88340695885244e-4,0.0381754428987202,-0.294560329610437,20147,0,0.01,0.01,6,6,0.5,0.5,0.5,0,1
197,nonsyn,common,1400,0.00196217303822938,0.0515282889938697,0.0114576083114166,497,0,0.01,0.01,6,6,0.5,0.5,0.5,0,1
198,syn,common,1400,0.00103366448176977,0.0471068767907328,-0.00634792726575784,19528,0,0.01,0.01,6,6,0.5,0.5,0.5,0,1
199,nonsyn,rare,1500,2.04904266039637e-5,0.0221837121157191,-0.876414859971151,2977,0,0.01,0.01,6,6,0.5,0.5,0.5,0,1
200,syn,rare,1500,1.71576561994173e-4,0.024689940643212602,-0.770459512363904,21623,0,0.01,0.01,6,6,0.5,0.5,0.5,0,1
201,nonsyn,int,1500,-7.03293413173652e-4,0.0341984598889307,-0.316086831336918,334,0,0.01,0.01,6,6,0.5,0.5,0.5,0,1
202,syn,int,1500,2.38215825895096e-4,0.0351306978479886,-0.29798627632732,19942,0,0.01,0.01,6,6,0.5,0.5,0.5,0,1
203,nonsyn,common,1500,1.83710407239819e-4,0.039870266235348,-0.0158988666303736,442,0,0.01,0.01,6,6,0.5,0.5,0.5,0,1
204,syn,common,1500,9.60952732254835e-4,0.0438086736326867,-0.00550984236313805,18977,0,0.01,0.01,6,6,0.5,0.5,0.5,0,1
205,nonsyn,rare,1600,1.7720465890183e-4,0.0261889691238133,-0.876872872135081,3005,0,0.01,0.01,6,6,0.5,0.5,0.5,0,1
206,syn,rare,1600,1.62978902558825e-4,0.0243236552048819,-0.766067641155388,21377,0,0.01,0.01,6,6,0.5,0.5,0.5,0,1
207,nonsyn,int,1600,4.79834254143647e-4,0.0418275632203037,-0.325555643435334,362,0,0.01,0.01,6,6,0.5,0.5,0.5,0,1
208,syn,int,1600,3.14305470190535e-4,0.0333554642491623,-0.283778922150064,19524,0,0.01,0.01,6,6,0.5,0.5,0.5,0,1
209,nonsyn,common,1600,0.0048569844789357,0.0402316683876849,0.0251072927701923,451,0,0.01,0.01,6,6,0.5,0.5,0.5,0,1
210,syn,common,1600,5.28241280610622e-4,0.0416374289352259,-0.00907364426838213,18866,0,0.01,0.01,6,6,0.5,0.5,0.5,0,1
211,nonsyn,rare,1700,3.43777702011592e-4,0.0306938873948272,-0.850283669543716,2933,0,0.01,0.01,6,6,0.5,0.5,0.5,0,1
212,syn,rare,1700,1.083113266433e-4,0.0230182685706928,-0.764588488406848,20827,0,0.01,0.01,6,6,0.5,0.5,0.5,0,1
213,nonsyn,int,1700,-0.00119157303370787,0.0322147012844164,-0.321654466784559,356,0,0.01,0.01,6,6,0.5,0.5,0.5,0,1
214,syn,int,1700,-1.55250670517845e-5,0.0315210190172478,-0.289110917111277,19388,0,0.01,0.01,6,6,0.5,0.5,0.5,0,1
215,nonsyn,common,1700,0.00117336152219873,0.0392637724614024,0.0032016682638189,473,0,0.01,0.01,6,6,0.5,0.5,0.5,0,1
216,syn,common,1700,1.00909437455753e-4,0.0384918681135765,-0.0116317361020295,18363,0,0.01,0.01,6,6,0.5,0.5,0.5,0,1
217,nonsyn,rare,1800,1.74780778674149e-4,0.0284976018287896,-0.865925267426794,2851,0,0.01,0.01,6,6,0.5,0.5,0.5,0,1
218,syn,rare,1800,1.50481813887577e-4,0.0226907380691659,-0.760206479148809,21170,0,0.01,0.01,6,6,0.5,0.5,0.5,0,1
219,nonsyn,int,1800,3.72159090909091e-4,0.0277173925025314,-0.286334715357337,352,0,0.01,0.01,6,6,0.5,0.5,0.5,0,1
220,syn,int,1800,5.78883559116546e-5,0.03128796192669,-0.288374048713823,18971,0,0.01,0.01,6,6,0.5,0.5,0.5,0,1
221,nonsyn,common,1800,1.99769585253454e-4,0.0387675717612424,-0.00859655710228294,434,0,0.01,0.01,6,6,0.5,0.5,0.5,0,1
222,syn,common,1800,4.32978548307456e-4,0.0375091821211092,-0.00976950453920368,18227,0,0.01,0.01,6,6,0.5,0.5,0.5,0,1
223,nonsyn,rare,1900,1.14952240999265e-4,0.0237523080399957,-0.880143303628413,2722,0,0.01,0.01,6,6,0.5,0.5,0.5,0,1
224,syn,rare,1900,1.20349175557711e-4,0.0219750489006142,-0.764438458013184,20620,0,0.01,0.01,6,6,0.5,0.5,0.5,0,1
225,nonsyn,int,1900,-7.57396449704145e-5,0.0371443025296827,-0.317021103690301,338,0,0.01,0.01,6,6,0.5,0.5,0.5,0,1
226,syn,int,1900,3.2618366698443e-4,0.0304497851506258,-0.282276056766497,18882,0,0.01,0.01,6,6,0.5,0.5,0.5,0,1
227,nonsyn,common,1900,-0.00128672768878719,0.0353633493416359,-0.0214571381615515,437,0,0.01,0.01,6,6,0.5,0.5,0.5,0,1
228,syn,common,1900,3.08402940193785e-4,0.0353742102148917,-0.00924223528649847,17958,0,0.01,0.01,6,6,0.5,0.5,0.5,0,1
229,nonsyn,rare,2000,1.05315733143061e-4,0.0235716170297912,-0.877353895969718,2803,0,0.01,0.01,6,6,0.5,0.5,0.5,0,1
230,syn,rare,2000,1.54658354361486e-4,0.0224150975341889,-0.765080178640938,20211,0,0.01,0.01,6,6,0.5,0.5,0.5,0,1
231,nonsyn,int,2000,-1.48816568047339e-4,0.0284488732666225,-0.310647880566476,338,0,0.01,0.01,6,6,0.5,0.5,0.5,0,1
232,syn,int,2000,4.85228911800845e-5,0.0282626455337301,-0.280593903442997,18719,0,0.01,0.01,6,6,0.5,0.5,0.5,0,1
233,nonsyn,common,2000,-0.00150093023255814,0.0357766574517196,-0.023824435258782,430,0,0.01,0.01,6,6,0.5,0.5,0.5,0,1
234,syn,common,2000,4.43908557094806e-4,0.0328001199400431,-0.00818201853376825,17541,0,0.01,0.01,6,6,0.5,0.5,0.5,0,1
235,nonsyn,rare,2500,1.22336896424622e-4,0.0243029571820112,-0.871969526408681,13565,0,0.01,0.01,6,6,0.5,0.5,0.5,0,1
236,syn,rare,2500,9.86281299946724e-5,0.0204911690103275,-0.762469328198679,97604,0,0.01,0.01,6,6,0.5,0.5,0.5,0,1
237,nonsyn,int,2500,4.9974358974359e-4,0.025293838147203,-0.279696028272476,1560,0,0.01,0.01,6,6,0.5,0.5,0.5,0,1
238,syn,int,2500,1.51944675887352e-4,0.0263871764656256,-0.269135698269463,90015,0,0.01,0.01,6,6,0.5,0.5,0.5,0,1
239,nonsyn,common,2500,9.68410757946211e-4,0.0289609436806126,0.00108979489319452,2045,0,0.01,0.01,6,6,0.5,0.5,0.5,0,1
240,syn,common,2500,1.92740115997496e-4,0.0289833390939852,-0.00923624454143767,84657,0,0.01,0.01,6,6,0.5,0.5,0.5,0,1
241,nonsyn,rare,3000,1.54764710503575e-4,0.0248920841813959,-0.870247025457189,12729,0,0.01,0.01,6,6,0.5,0.5,0.5,0,1
242,syn,rare,3000,9.84026855945499e-5,0.0198019011087653,-0.758346848602018,91153,0,0.01,0.01,6,6,0.5,0.5,0.5,0,1
243,nonsyn,int,3000,-1.43791281373844e-4,0.0234360738354997,-0.257086886858036,1514,0,0.01,0.01,6,6,0.5,0.5,0.5,0,1
244,syn,int,3000,1.20120199214635e-4,0.0231310780145568,-0.257227652150872,83528,0,0.01,0.01,6,6,0.5,0.5,0.5,0,1
245,nonsyn,common,3000,2.43128964059196e-4,0.0234335270142193,-0.00220656867507284,1892,0,0.01,0.01,6,6,0.5,0.5,0.5,0,1
246,syn,common,3000,5.4272396942739e-4,0.0249565975921253,-0.00593196611842376,79810,0,0.01,0.01,6,6,0.5,0.5,0.5,0,1
247,nonsyn,rare,3500,1.79041916167665e-4,0.0247331816065382,-0.867382475015678,11690,0,0.01,0.01,6,6,0.5,0.5,0.5,0,1
248,syn,rare,3500,1.02312336391293e-4,0.0182879142790951,-0.755092710723636,84806,0,0.01,0.01,6,6,0.5,0.5,0.5,0,1
249,nonsyn,int,3500,-9.62800875273522e-5,0.0190892256213277,-0.249553685421285,1371,0,0.01,0.01,6,6,0.5,0.5,0.5,0,1
250,syn,int,3500,-2.62818709561925e-5,0.0210525767449305,-0.253828328436795,78206,0,0.01,0.01,6,6,0.5,0.5,0.5,0,1
251,nonsyn,common,3500,1.00160685591858e-4,0.0216055829165761,-0.00784902864360522,1867,0,0.01,0.01,6,6,0.5,0.5,0.5,0,1
252,syn,common,3500,1.92871300478662e-4,0.0218878219530409,-0.00781023021185564,74165,0,0.01,0.01,6,6,0.5,0.5,0.5,0,1
253,nonsyn,rare,4000,1.48591744390064e-4,0.0227580212406835,-0.869806114246147,10829,0,0.01,0.01,6,6,0.5,0.5,0.5,0,1
254,syn,rare,4000,6.74573833167199e-5,0.0170560696974913,-0.755339121476607,79253,0,0.01,0.01,6,6,0.5,0.5,0.5,0,1
255,nonsyn,int,4000,2.73062730627302e-6,0.0194990333236941,-0.226616575336141,1355,0,0.01,0.01,6,6,0.5,0.5,0.5,0,1
256,syn,int,4000,7.42571542184866e-5,0.019638232004007,-0.24366810451507,72929,0,0.01,0.01,6,6,0.5,0.5,0.5,0,1
257,nonsyn,common,4000,-4.59122006841506e-4,0.0191796031792293,-0.0114911060647531,1754,0,0.01,0.01,6,6,0.5,0.5,0.5,0,1
258,syn,common,4000,1.01701568812185e-4,0.0199339642037478,-0.00712842884546755,70053,0,0.01,0.01,6,6,0.5,0.5,0.5,0,1
259,nonsyn,rare,4500,9.2207025484601e-5,0.0211023272820768,-0.871138458770514,10163,0,0.01,0.01,6,6,0.5,0.5,0.5,0,1
260,syn,rare,4500,4.25558613989638e-5,0.0163005888253603,-0.759891296720974,74112,0,0.01,0.01,6,6,0.5,0.5,0.5,0,1
261,nonsyn,int,4500,2.16328125e-4,0.0171319000462529,-0.230480829787832,1280,0,0.01,0.01,6,6,0.5,0.5,0.5,0,1
262,syn,int,4500,3.90536870691457e-5,0.0181641116082005,-0.237472586083967,67018,0,0.01,0.01,6,6,0.5,0.5,0.5,0,1
263,nonsyn,common,4500,-6.62193698949841e-5,0.0181150621653468,-0.00375314629507825,1714,0,0.01,0.01,6,6,0.5,0.5,0.5,0,1
264,syn,common,4500,2.2384533914565e-4,0.0189398627913904,-0.00635713085747609,65149,0,0.01,0.01,6,6,0.5,0.5,0.5,0,1
265,nonsyn,rare,5000,1.22954200130237e-4,0.0213421626041155,-0.866108684966179,9214,0,0.01,0.01,6,6,0.5,0.5,0.5,0,1
266,syn,rare,5000,3.38489374008217e-5,0.0151816747577981,-0.756566621426579,67429,0,0.01,0.01,6,6,0.5,0.5,0.5,0,1
267,nonsyn,int,5000,-3.8577738515901e-4,0.0161049418635969,-0.24181847500630901,1132,0,0.01,0.01,6,6,0.5,0.5,0.5,0,1
268,syn,int,5000,-2.52248150256119e-5,0.0168999847639776,-0.238214858296885,61495,0,0.01,0.01,6,6,0.5,0.5,0.5,0,1
269,nonsyn,common,5000,2.22099805573558e-4,0.0163077729849785,-0.0032866985220927,1543,0,0.01,0.01,6,6,0.5,0.5,0.5,0,1
270,syn,common,5000,1.6214961133358e-4,0.0176467089274808,-0.00717178599322772,59434,0,0.01,0.01,6,6,0.5,0.5,0.5,0,1
271,nonsyn,rare,7500,5.33202886144063e-5,0.0181685497160305,-0.87559053599313,32708,0,0.01,0.01,6,6,0.5,0.5,0.5,0,1
272,syn,rare,7500,3.57220701944189e-5,0.0148800575199616,-0.753104462239322,251416,0,0.01,0.01,6,6,0.5,0.5,0.5,0,1
273,nonsyn,int,7500,-3.68643474200327e-4,0.0155512592272337,-0.254692340745115,4283,0,0.01,0.01,6,6,0.5,0.5,0.5,0,1
274,syn,int,7500,-1.6459883137275e-5,0.0156190178314217,-0.230603071141853,233094,0,0.01,0.01,6,6,0.5,0.5,0.5,0,1
275,nonsyn,common,7500,-4.49355387983459e-4,0.0156430961102868,-0.00798525943068349,4111,0,0.01,0.01,6,6,0.5,0.5,0.5,0,1
276,syn,common,7500,9.77834355380331e-6,0.0158108830116245,-0.00761959385184678,219168,0,0.01,0.01,6,6,0.5,0.5,0.5,0,1
277,nonsyn,rare,10000,5.53243025029156e-5,0.0182509188079863,-0.868303315307668,11147,0,0.01,0.01,6,6,0.5,0.5,0.5,0,1
278,syn,rare,10000,2.43172336673692e-5,0.0134608419451267,-0.748313848344996,93004,0,0.01,0.01,6,6,0.5,0.5,0.5,0,1
279,nonsyn,int,10000,-4.87297633872976e-4,0.0141488560663391,-0.251850411234566,1606,0,0.01,0.01,6,6,0.5,0.5,0.5,0,1
280,syn,int,10000,-1.31445284156237e-5,0.0139369748835478,-0.223317878537135,89581,0,0.01,0.01,6,6,0.5,0.5,0.5,0,1
281,nonsyn,common,10000,-5.45947756195579e-4,0.0149646553427556,-0.0128049957232376,1493,0,0.01,0.01,6,6,0.5,0.5,0.5,0,1
282,syn,common,10000,3.86057600153344e-5,0.0138825225735335,-0.007206755046118,83472,0,0.01,0.01,6,6,0.5,0.5,0.5,0,1
1,nonsyn,rare,10,0.00126039444063815,0.072137462805541,-0.813312212697383,20434,0.05,0.01,0.001,6,6,0.5,0.5,0.5,0,1
2,syn,rare,10,0.00187719539258163,0.143425333728357,-0.616631726210636,9463,0.05,0.01,0.001,6,6,0.5,0.5,0.5,0,1
3,nonsyn,common,10,0.054505041031653,0.614141965500383,0.192406935193612,853,0.05,0.01,0.001,6,6,0.5,0.5,0.5,0,1
4,syn,common,10,0.014979826228618,0.688015092128801,0.0151404341697817,3683,0.05,0.01,0.001,6,6,0.5,0.5,0.5,0,1
5,nonsyn,int,10,0.00664939001848429,0.200124650885396,-0.50509367318203,2705,0.05,0.01,0.001,6,6,0.5,0.5,0.5,0,1
6,syn,int,10,0.00759476731240258,0.401973863828474,-0.219992758039808,4491,0.05,0.01,0.001,6,6,0.5,0.5,0.5,0,1
7,nonsyn,rare,15,0.00110893194237457,0.0668053015156397,-0.822973189106009,10065,0.05,0.01,0.001,6,6,0.5,0.5,0.5,0,1
8,syn,rare,15,0.00183415300546448,0.143238910519959,-0.601411336927058,4758,0.05,0.01,0.001,6,6,0.5,0.5,0.5,0,1
9,nonsyn,common,15,0.0463946472019465,0.569948444741323,0.116088055771042,411,0.05,0.01,0.001,6,6,0.5,0.5,0.5,0,1
10,syn,common,15,0.0087195991091314,0.652758050533437,-0.0130084814970705,1796,0.05,0.01,0.001,6,6,0.5,0.5,0.5,0,1
11,nonsyn,int,15,0.00584411764705882,0.185801441765843,-0.503832877597962,1360,0.05,0.01,0.001,6,6,0.5,0.5,0.5,0,1
12,syn,int,15,0.00571350993377483,0.369895694396366,-0.229382055821728,2265,0.05,0.01,0.001,6,6,0.5,0.5,0.5,0,1
13,nonsyn,rare,20,0.00113742757821553,0.0663219448562014,-0.824177818291692,10356,0.05,0.01,0.001,6,6,0.5,0.5,0.5,0,1
14,syn,rare,20,0.00180409906063194,0.13101823852448,-0.629015612612218,4684,0.05,0.01,0.001,6,6,0.5,0.5,0.5,0,1
15,nonsyn,common,20,0.0546373626373626,0.573142454940013,0.164474057369752,455,0.05,0.01,0.001,6,6,0.5,0.5,0.5,0,1
16,syn,common,20,0.0083572247706422,0.629717585294362,-0.0151608859294728,1744,0.05,0.01,0.001,6,6,0.5,0.5,0.5,0,1
17,nonsyn,int,20,0.0069040887040887,0.20407644093087,-0.490156238966377,1443,0.05,0.01,0.001,6,6,0.5,0.5,0.5,0,1
18,syn,int,20,0.0063804932735426,0.337864430167889,-0.226469147453493,2230,0.05,0.01,0.001,6,6,0.5,0.5,0.5,0,1
19,nonsyn,rare,25,0.00118159865957027,0.0679986341116365,-0.817496738050818,10146,0.05,0.01,0.001,6,6,0.5,0.5,0.5,0,1
20,syn,rare,25,0.00173052587471192,0.124047524377111,-0.641708459825194,4773,0.05,0.01,0.001,6,6,0.5,0.5,0.5,0,1
21,nonsyn,common,25,0.0681169934640523,0.58034684722784,0.267610155469218,459,0.05,0.01,0.001,6,6,0.5,0.5,0.5,0,1
22,syn,common,25,0.0192322337962963,0.621082459485097,0.042657411860192,1728,0.05,0.01,0.001,6,6,0.5,0.5,0.5,0,1
23,nonsyn,int,25,0.00491263616557734,0.191438693116156,-0.496470800691126,1377,0.05,0.01,0.001,6,6,0.5,0.5,0.5,0,1
24,syn,int,25,0.00497474931631723,0.333031710573038,-0.242476325335217,2194,0.05,0.01,0.001,6,6,0.5,0.5,0.5,0,1
25,nonsyn,rare,50,0.00113995377443491,0.0646736983967375,-0.821767789422526,51054,0.05,0.01,0.001,6,6,0.5,0.5,0.5,0,1
26,syn,rare,50,0.00170459511010924,0.116085708405727,-0.642008830517375,23068,0.05,0.01,0.001,6,6,0.5,0.5,0.5,0,1
27,nonsyn,common,50,0.0555937678401522,0.560587331321478,0.169317745883709,2102,0.05,0.01,0.001,6,6,0.5,0.5,0.5,0,1
28,syn,common,50,0.0156105559637521,0.571845207362496,0.0308467496106479,8166,0.05,0.01,0.001,6,6,0.5,0.5,0.5,0,1
29,nonsyn,int,50,0.006081684431767,0.181742174640597,-0.504225388157969,6661,0.05,0.01,0.001,6,6,0.5,0.5,0.5,0,1
30,syn,int,50,0.00572669654289373,0.304253221901169,-0.256317846507663,10934,0.05,0.01,0.001,6,6,0.5,0.5,0.5,0,1
31,nonsyn,rare,75,0.00105158247168882,0.0617709905001509,-0.826668670935523,50775,0.05,0.01,0.001,6,6,0.5,0.5,0.5,0,1
32,syn,rare,75,0.00151995617879053,0.100556642685536,-0.652646939103834,22820,0.05,0.01,0.001,6,6,0.5,0.5,0.5,0,1
33,nonsyn,common,75,0.0510259346900142,0.515932372729931,0.149764580437548,2113,0.05,0.01,0.001,6,6,0.5,0.5,0.5,0,1
34,syn,common,75,0.0126017859522858,0.518998688231323,0.0228645927208239,7503,0.05,0.01,0.001,6,6,0.5,0.5,0.5,0,1
35,nonsyn,int,75,0.00596527228475814,0.166091271366508,-0.499022378266476,6574,0.05,0.01,0.001,6,6,0.5,0.5,0.5,0,1
36,syn,int,75,0.00569580270793037,0.265402573946381,-0.265709487173761,10340,0.05,0.01,0.001,6,6,0.5,0.5,0.5,0,1
37,nonsyn,rare,100,0.00102815277064655,0.0601261319406859,-0.827186148476819,50638,0.05,0.01,0.001,6,6,0.5,0.5,0.5,0,1
38,syn,rare,100,0.00131994403233687,0.0955288757851369,-0.662608624658147,22513,0.05,0.01,0.001,6,6,0.5,0.5,0.5,0,1
39,nonsyn,common,100,0.0545658158158158,0.496980636799004,0.173007193302476,1998,0.05,0.01,0.001,6,6,0.5,0.5,0.5,0,1
40,syn,common,100,0.00963759877998059,0.469528505816408,4.7313198105403e-4,7213,0.05,0.01,0.001,6,6,0.5,0.5,0.5,0,1
41,nonsyn,int,100,0.00522049632352941,0.150584494086013,-0.513840711495846,6528,0.05,0.01,0.001,6,6,0.5,0.5,0.5,0,1
42,syn,int,100,0.00625267206073319,0.234681537179026,-0.247822650852668,10011,0.05,0.01,0.001,6,6,0.5,0.5,0.5,0,1
43,nonsyn,rare,125,9.71518080916577e-4,0.0578077971713596,-0.831205379491161,50274,0.05,0.01,0.001,6,6,0.5,0.5,0.5,0,1
44,syn,rare,125,0.00130090896938912,0.0869631677047553,-0.658767933123,22443,0.05,0.01,0.001,6,6,0.5,0.5,0.5,0,1
45,nonsyn,common,125,0.0512393162393162,0.477897820626295,0.150659709383113,1989,0.05,0.01,0.001,6,6,0.5,0.5,0.5,0,1
46,syn,common,125,0.0113380712123396,0.427965147719473,0.0175431867684641,6937,0.05,0.01,0.001,6,6,0.5,0.5,0.5,0,1
47,nonsyn,int,125,0.00553205007824726,0.145890835779542,-0.519038648725048,6390,0.05,0.01,0.001,6,6,0.5,0.5,0.5,0,1
48,syn,int,125,0.00573184357541899,0.205126089805239,-0.256086690125966,9308,0.05,0.01,0.001,6,6,0.5,0.5,0.5,0,1
49,nonsyn,rare,150,9.58154164675904e-4,0.0564538877497904,-0.833106271575221,50232,0.05,0.01,0.001,6,6,0.5,0.5,0.5,0,1
50,syn,rare,150,0.00110969280841767,0.0778806334518767,-0.682349563408811,22429,0.05,0.01,0.001,6,6,0.5,0.5,0.5,0,1
51,nonsyn,common,150,0.0530723977213879,0.45739621952912,0.177104188067866,1931,0.05,0.01,0.001,6,6,0.5,0.5,0.5,0,1
52,syn,common,150,0.0124379534614829,0.391327956034892,0.0202367962116964,6919,0.05,0.01,0.001,6,6,0.5,0.5,0.5,0,1
53,nonsyn,int,150,0.00589305900621118,0.142200487653345,-0.500408244754847,6440,0.05,0.01,0.001,6,6,0.5,0.5,0.5,0,1
54,syn,int,150,0.00474605152027027,0.182816830566327,-0.268821177323667,9472,0.05,0.01,0.001,6,6,0.5,0.5,0.5,0,1
55,nonsyn,rare,175,9.6426255104492e-4,0.0561339823744723,-0.82816180485146,49956,0.05,0.01,0.001,6,6,0.5,0.5,0.5,0,1
56,syn,rare,175,0.00119883298173168,0.074757685263464,-0.675423377595103,22279,0.05,0.01,0.001,6,6,0.5,0.5,0.5,0,1
57,nonsyn,common,175,0.0634023046092184,0.481471601164295,0.247322889744501,1996,0.05,0.01,0.001,6,6,0.5,0.5,0.5,0,1
58,syn,common,175,0.0117768934911243,0.371790510713661,0.0175709169807153,6760,0.05,0.01,0.001,6,6,0.5,0.5,0.5,0,1
59,nonsyn,int,175,0.00476682888540031,0.134595788927254,-0.500737443296575,6370,0.05,0.01,0.001,6,6,0.5,0.5,0.5,0,1
60,syn,int,175,0.00467396685320706,0.16947953038807,-0.272127635470155,9292,0.05,0.01,0.001,6,6,0.5,0.5,0.5,0,1
61,nonsyn,rare,200,8.66226149829283e-4,0.0521240198990046,-0.83532083483348,49790,0.05,0.01,0.001,6,6,0.5,0.5,0.5,0,1
62,syn,rare,200,0.00121077013468318,0.074777522696775,-0.673670427428088,22126,0.05,0.01,0.001,6,6,0.5,0.5,0.5,0,1
63,nonsyn,common,200,0.0602701203558346,0.445717490279002,0.223989526767738,1911,0.05,0.01,0.001,6,6,0.5,0.5,0.5,0,1
64,syn,common,200,0.0126631562974203,0.349198496875786,0.0274670617072414,6590,0.05,0.01,0.001,6,6,0.5,0.5,0.5,0,1
65,nonsyn,int,200,0.00491476712764266,0.129249179509349,-0.502475671705693,6291,0.05,0.01,0.001,6,6,0.5,0.5,0.5,0,1
66,syn,int,200,0.00443476278362827,0.155226789177112,-0.26051770771689,9211,0.05,0.01,0.001,6,6,0.5,0.5,0.5,0,1
67,nonsyn,rare,250,8.28629134569518e-4,0.0510834210471687,-0.836911228458539,98529,0.05,0.01,0.001,6,6,0.5,0.5,0.5,0,1
68,syn,rare,250,0.00107706286949921,0.0661046096093221,-0.680080321663323,43471,0.05,0.01,0.001,6,6,0.5,0.5,0.5,0,1
69,nonsyn,common,250,0.05613733512786,0.425753429183424,0.203246650152111,3715,0.05,0.01,0.001,6,6,0.5,0.5,0.5,0,1
70,syn,common,250,0.0127925512689558,0.320167541064222,0.0327849527509315,12727,0.05,0.01,0.001,6,6,0.5,0.5,0.5,0,1
71,nonsyn,int,250,0.00516409983633388,0.123444757683949,-0.49240651923164,12220,0.05,0.01,0.001,6,6,0.5,0.5,0.5,0,1
72,syn,int,250,0.00415742601438533,0.143337707983653,-0.268905709877337,18213,0.05,0.01,0.001,6,6,0.5,0.5,0.5,0,1
73,nonsyn,rare,300,8.37233489339574e-4,0.0495979967994972,-0.834787569244072,98073,0.05,0.01,0.001,6,6,0.5,0.5,0.5,0,1
74,syn,rare,300,0.00107700900144583,0.0629403238932345,-0.675236212367712,42882,0.05,0.01,0.001,6,6,0.5,0.5,0.5,0,1
75,nonsyn,common,300,0.0568263498920086,0.404236355090288,0.217669238666345,3704,0.05,0.01,0.001,6,6,0.5,0.5,0.5,0,1
76,syn,common,300,0.0105584322068571,0.288544347664596,0.0200832779383068,12221,0.05,0.01,0.001,6,6,0.5,0.5,0.5,0,1
77,nonsyn,int,300,0.004519825708061,0.112915825346727,-0.502288368820657,12393,0.05,0.01,0.001,6,6,0.5,0.5,0.5,0,1
78,syn,int,300,0.00390432535670149,0.121966496576633,-0.266470294136518,17802,0.05,0.01,0.001,6,6,0.5,0.5,0.5,0,1
79,nonsyn,rare,350,7.88950366986604e-4,0.0477965016031002,-0.838617920583942,97415,0.05,0.01,0.001,6,6,0.5,0.5,0.5,0,1
80,syn,rare,350,9.06684353869271e-4,0.0574409241823154,-0.687071911649261,42592,0.05,0.01,0.001,6,6,0.5,0.5,0.5,0,1
81,nonsyn,common,350,0.0578510391363023,0.391385755782011,0.218531837388991,3705,0.05,0.01,0.001,6,6,0.5,0.5,0.5,0,1
82,syn,common,350,0.0111415638895881,0.267335698519694,0.0227543382850196,11919,0.05,0.01,0.001,6,6,0.5,0.5,0.5,0,1
83,nonsyn,int,350,0.00392145388609577,0.102670920271967,-0.497118183139569,12133,0.05,0.01,0.001,6,6,0.5,0.5,0.5,0,1
84,syn,int,350,0.00393408258979639,0.112377670747375,-0.260433493979648,17484,0.05,0.01,0.001,6,6,0.5,0.5,0.5,0,1
85,nonsyn,rare,400,7.64409041535199e-4,0.0461599189499104,-0.838303855637511,96665,0.05,0.01,0.001,6,6,0.5,0.5,0.5,0,1
86,syn,rare,400,9.04719596275499e-4,0.054563466834177,-0.693084230023539,42207,0.05,0.01,0.001,6,6,0.5,0.5,0.5,0,1
87,nonsyn,common,400,0.0581126009693053,0.376431312826961,0.218089952446452,3714,0.05,0.01,0.001,6,6,0.5,0.5,0.5,0,1
88,syn,common,400,0.0118025919945611,0.249739263961743,0.0279656708904017,11767,0.05,0.01,0.001,6,6,0.5,0.5,0.5,0,1
89,nonsyn,int,400,0.00354873439082011,0.094969239657502,-0.502772610608623,11852,0.05,0.01,0.001,6,6,0.5,0.5,0.5,0,1
90,syn,int,400,0.00312193950177936,0.101841193123227,-0.266929497728528,16860,0.05,0.01,0.001,6,6,0.5,0.5,0.5,0,1
91,nonsyn,rare,450,0.00071294493649732605,0.0443076181440516,-0.840987668151895,95744,0.05,0.01,0.001,6,6,0.5,0.5,0.5,0,1
92,syn,rare,450,8.82957105200096e-4,0.0503688518723564,-0.687345237979845,41730,0.05,0.01,0.001,6,6,0.5,0.5,0.5,0,1
93,nonsyn,common,450,0.0610214781216649,0.373248473733869,0.235789560708498,3748,0.05,0.01,0.001,6,6,0.5,0.5,0.5,0,1
94,syn,common,450,0.0111623419601188,0.236684409539853,0.0305007034204232,11785,0.05,0.01,0.001,6,6,0.5,0.5,0.5,0,1
95,nonsyn,int,450,0.003765483816588,0.0969974457636582,-0.48418750626511,11864,0.05,0.01,0.001,6,6,0.5,0.5,0.5,0,1
96,syn,int,450,0.00336700384501627,0.0948344055983483,-0.254517110181709,16905,0.05,0.01,0.001,6,6,0.5,0.5,0.5,0,1
97,nonsyn,rare,500,6.49331659868215e-4,0.0420213896314671,-0.844539598919996,95610,0.05,0.01,0.001,6,6,0.5,0.5,0.5,0,1
98,syn,rare,500,8.37517376923446e-4,0.0487449142832598,-0.689331760011135,41722,0.05,0.01,0.001,6,6,0.5,0.5,0.5,0,1
99,nonsyn,common,500,0.0549026286662977,0.354343440227471,0.205536880726582,3614,0.05,0.01,0.001,6,6,0.5,0.5,0.5,0,1
100,syn,common,500,0.0120984566540259,0.221052147808482,0.0370156526427041,11339,0.05,0.01,0.001,6,6,0.5,0.5,0.5,0,1
101,nonsyn,int,500,0.00407511195315191,0.0902079864983073,-0.471285870557148,11612,0.05,0.01,0.001,6,6,0.5,0.5,0.5,0,1
102,syn,int,500,0.00318220723409335,0.0859985135295511,-0.242915831760817,16754,0.05,0.01,0.001,6,6,0.5,0.5,0.5,0,1
103,nonsyn,rare,550,6.60009928598589e-4,0.0421481858050505,-0.843518341245659,94676,0.05,0.01,0.001,6,6,0.5,0.5,0.5,0,1
104,syn,rare,550,7.02256675696595e-4,0.045955102777038,-0.697542050120354,41344,0.05,0.01,0.001,6,6,0.5,0.5,0.5,0,1
105,nonsyn,common,550,0.0573497920709731,0.350588724883602,0.226862255872118,3607,0.05,0.01,0.001,6,6,0.5,0.5,0.5,0,1
106,syn,common,550,0.00959748378046642,0.213770276691616,0.0218552108464093,11406,0.05,0.01,0.001,6,6,0.5,0.5,0.5,0,1
107,nonsyn,int,550,0.00357124177346727,0.0865559234311485,-0.475367015051906,11548,0.05,0.01,0.001,6,6,0.5,0.5,0.5,0,1
108,syn,int,550,0.00263102550124175,0.0809804010176778,-0.254362132901581,16509,0.05,0.01,0.001,6,6,0.5,0.5,0.5,0,1
109,nonsyn,rare,600,6.71805914441573e-4,0.0415854825290184,-0.842540746485188,94041,0.05,0.01,0.001,6,6,0.5,0.5,0.5,0,1
110,syn,rare,600,7.00739429790535e-4,0.0446357775892652,-0.694485702404347,41248,0.05,0.01,0.001,6,6,0.5,0.5,0.5,0,1
111,nonsyn,common,600,0.0572015453779151,0.332383867340456,0.227885251725582,3559,0.05,0.01,0.001,6,6,0.5,0.5,0.5,0,1
112,syn,common,600,0.0112573884385856,0.202478144721496,0.033903546847342,11227,0.05,0.01,0.001,6,6,0.5,0.5,0.5,0,1
113,nonsyn,int,600,0.00332539104159261,0.0813228053176789,-0.473872299086237,11252,0.05,0.01,0.001,6,6,0.5,0.5,0.5,0,1
114,syn,int,600,0.00271448062579589,0.0762830668285314,-0.255252555011807,16491,0.05,0.01,0.001,6,6,0.5,0.5,0.5,0,1
115,nonsyn,rare,650,6.04658168680382e-4,0.0396338841158078,-0.845946781098889,93277,0.05,0.01,0.001,6,6,0.5,0.5,0.5,0,1
116,syn,rare,650,7.23848869710195e-4,0.0438425727857391,-0.696277019335857,40786,0.05,0.01,0.001,6,6,0.5,0.5,0.5,0,1
117,nonsyn,common,650,0.0562223526124616,0.329896369766824,0.223365525514897,3579,0.05,0.01,0.001,6,6,0.5,0.5,0.5,0,1
118,syn,common,650,0.0100847682717499,0.195152108505813,0.0285528168613868,11069,0.05,0.01,0.001,6,6,0.5,0.5,0.5,0,1
119,nonsyn,int,650,0.00339617229129663,0.0806386406910175,-0.466084122162432,11260,0.05,0.01,0.001,6,6,0.5,0.5,0.5,0,1
120,syn,int,650,0.00287297614633543,0.0714304272830129,-0.238102048284643,16182,0.05,0.01,0.001,6,6,0.5,0.5,0.5,0,1
121,nonsyn,rare,700,6.16271910331595e-4,0.0388757762131607,-0.844903223859557,92251,0.05,0.01,0.001,6,6,0.5,0.5,0.5,0,1
122,syn,rare,700,6.65474162407723e-4,0.041997515664085,-0.698264262692615,40503,0.05,0.01,0.001,6,6,0.5,0.5,0.5,0,1
123,nonsyn,common,700,0.0538049759683347,0.317241654615521,0.214143696436202,3537,0.05,0.01,0.001,6,6,0.5,0.5,0.5,0,1
124,syn,common,700,0.0100244116037219,0.185923425527534,0.031201275055146,10962,0.05,0.01,0.001,6,6,0.5,0.5,0.5,0,1
125,nonsyn,int,700,0.00336351803308325,0.0756667247698949,-0.463473874827569,11063,0.05,0.01,0.001,6,6,0.5,0.5,0.5,0,1
126,syn,int,700,0.00284818559642702,0.0689807922706549,-0.231458777619987,16121,0.05,0.01,0.001,6,6,0.5,0.5,0.5,0,1
127,nonsyn,rare,750,5.68639452084579e-4,0.0378475600517743,-0.846837443034636,91985,0.05,0.01,0.001,6,6,0.5,0.5,0.5,0,1
128,syn,rare,750,6.6189476840054e-4,0.0414805018406856,-0.695607144493488,40026,0.05,0.01,0.001,6,6,0.5,0.5,0.5,0,1
129,nonsyn,common,750,0.0535875953659226,0.305086164832491,0.215394293419265,3539,0.05,0.01,0.001,6,6,0.5,0.5,0.5,0,1
130,syn,common,750,0.00960556952593834,0.180130640593044,0.028632326987386,10737,0.05,0.01,0.001,6,6,0.5,0.5,0.5,0,1
131,nonsyn,int,750,0.00294171746145572,0.0704490681791199,-0.465230135133178,11156,0.05,0.01,0.001,6,6,0.5,0.5,0.5,0,1
132,syn,int,750,0.00272950353713997,0.0663976157425219,-0.224419404458669,15832,0.05,0.01,0.001,6,6,0.5,0.5,0.5,0,1
133,nonsyn,rare,800,5.82579341991152e-4,0.0373127851043604,-0.844589159367968,91093,0.05,0.01,0.001,6,6,0.5,0.5,0.5,0,1
134,syn,rare,800,5.97471085576658e-4,0.0383890290765223,-0.706011753846027,39859,0.05,0.01,0.001,6,6,0.5,0.5,0.5,0,1
135,nonsyn,common,800,0.0519588625866051,0.296458934928048,0.211951135015161,3464,0.05,0.01,0.001,6,6,0.5,0.5,0.5,0,1
136,syn,common,800,0.00926425351853555,0.174453819522177,0.0219951983034603,10871,0.05,0.01,0.001,6,6,0.5,0.5,0.5,0,1
137,nonsyn,int,800,0.00328145299918574,0.0713307129188901,-0.450838631995505,11053,0.05,0.01,0.001,6,6,0.5,0.5,0.5,0,1
138,syn,int,800,0.00235145922472699,0.0599262044765077,-0.240010057553501,15659,0.05,0.01,0.001,6,6,0.5,0.5,0.5,0,1
139,nonsyn,rare,850,5.36626691605237e-4,0.0355327433977845,-0.849013668411884,90890,0.05,0.01,0.001,6,6,0.5,0.5,0.5,0,1
140,syn,rare,850,5.88575943017657e-4,0.0380034231172106,-0.708316574266549,39872,0.05,0.01,0.001,6,6,0.5,0.5,0.5,0,1
141,nonsyn,common,850,0.0534723300970874,0.290149553853768,0.22173449049514,3502,0.05,0.01,0.001,6,6,0.5,0.5,0.5,0,1
142,syn,common,850,0.0100339889775751,0.171411573712586,0.0302552198608768,10524,0.05,0.01,0.001,6,6,0.5,0.5,0.5,0,1
143,nonsyn,int,850,0.00290667711887854,0.0668517018195675,-0.459453928965259,10843,0.05,0.01,0.001,6,6,0.5,0.5,0.5,0,1
144,syn,int,850,0.00224375284257033,0.0595068908386154,-0.242184215166099,15391,0.05,0.01,0.001,6,6,0.5,0.5,0.5,0,1
145,nonsyn,rare,900,5.19353297405411e-4,0.0350431860806034,-0.848768181804775,89995,0.05,0.01,0.001,6,6,0.5,0.5,0.5,0,1
146,syn,rare,900,5.68444433226482e-4,0.0363772690915079,-0.711257869990662,39619,0.05,0.01,0.001,6,6,0.5,0.5,0.5,0,1
147,nonsyn,common,900,0.0525661276095266,0.284570042066355,0.222940784989941,3401,0.05,0.01,0.001,6,6,0.5,0.5,0.5,0,1
148,syn,common,900,0.0107411010777745,0.16656990936231,0.0400495572699556,10299,0.05,0.01,0.001,6,6,0.5,0.5,0.5,0,1
149,nonsyn,int,900,0.00304616820685149,0.0669558816508486,-0.447395348488015,10713,0.05,0.01,0.001,6,6,0.5,0.5,0.5,0,1
150,syn,int,900,0.0023979235826336,0.0568832314058203,-0.237308056029115,15363,0.05,0.01,0.001,6,6,0.5,0.5,0.5,0,1
151,nonsyn,rare,950,5.21617556266487e-4,0.0344010414674951,-0.848623983574751,89085,0.05,0.01,0.001,6,6,0.5,0.5,0.5,0,1
152,syn,rare,950,5.41669885910016e-4,0.0350198623549574,-0.708214096525579,38829,0.05,0.01,0.001,6,6,0.5,0.5,0.5,0,1
153,nonsyn,common,950,0.0489949778434269,0.275948853099127,0.202887115839191,3385,0.05,0.01,0.001,6,6,0.5,0.5,0.5,0,1
154,syn,common,950,0.00934030197444832,0.159508662536991,0.0304772345481132,10332,0.05,0.01,0.001,6,6,0.5,0.5,0.5,0,1
155,nonsyn,int,950,0.00293678376855157,0.0652704171686955,-0.442703667201033,10646,0.05,0.01,0.001,6,6,0.5,0.5,0.5,0,1
156,syn,int,950,0.00214128251352047,0.054518125820625,-0.242012087919428,15532,0.05,0.01,0.001,6,6,0.5,0.5,0.5,0,1
157,nonsyn,rare,1000,5.15197300865483e-4,0.0342028606694427,-0.849018742014307,88621,0.05,0.01,0.001,6,6,0.5,0.5,0.5,0,1
158,syn,rare,1000,5.34645893819992e-4,0.0350350701440278,-0.704927832888502,38576,0.05,0.01,0.001,6,6,0.5,0.5,0.5,0,1
159,nonsyn,common,1000,0.0468875438596491,0.267624274998791,0.18911492053554,3420,0.05,0.01,0.001,6,6,0.5,0.5,0.5,0,1
160,syn,common,1000,0.0100761629029145,0.15823902529681,0.030949253657131,10362,0.05,0.01,0.001,6,6,0.5,0.5,0.5,0,1
161,nonsyn,int,1000,0.00293782512717151,0.0608902859805363,-0.437722894414946,10419,0.05,0.01,0.001,6,6,0.5,0.5,0.5,0,1
162,syn,int,1000,0.00180372102084551,0.0510327820083774,-0.240555304167154,15399,0.05,0.01,0.001,6,6,0.5,0.5,0.5,0,1
163,nonsyn,rare,1050,4.78909344616493e-4,0.0329771705467197,-0.848656191513617,88864,0.05,0.01,0.001,6,6,0.5,0.5,0.5,0,1
164,syn,rare,1050,5.70639258860061e-4,0.0344940906568736,-0.706483957460971,38967,0.05,0.01,0.001,6,6,0.5,0.5,0.5,0,1
165,nonsyn,common,1050,0.051674693755602,0.272190889085228,0.221690300096547,3347,0.05,0.01,0.001,6,6,0.5,0.5,0.5,0,1
166,syn,common,1050,0.0111335073377327,0.154364617967422,0.0375129506288806,10153,0.05,0.01,0.001,6,6,0.5,0.5,0.5,0,1
167,nonsyn,int,1050,0.00272400732459522,0.0611701908792193,-0.439681349498668,10376,0.05,0.01,0.001,6,6,0.5,0.5,0.5,0,1
168,syn,int,1050,0.00202404747852318,0.0512449580127464,-0.22648765909687,15249,0.05,0.01,0.001,6,6,0.5,0.5,0.5,0,1
169,nonsyn,rare,1100,4.98601302864705e-4,0.0329697103502406,-0.846497677099359,87653,0.05,0.01,0.001,6,6,0.5,0.5,0.5,0,1
170,syn,rare,1100,5.07487438494181e-4,0.033269967872414,-0.702406894892055,38411,0.05,0.01,0.001,6,6,0.5,0.5,0.5,0,1
171,nonsyn,common,1100,0.0520685140802876,0.271011253400914,0.229886973092897,3338,0.05,0.01,0.001,6,6,0.5,0.5,0.5,0,1
172,syn,common,1100,0.00872533148624579,0.14876637734648,0.0270736566437388,10106,0.05,0.01,0.001,6,6,0.5,0.5,0.5,0,1
173,nonsyn,int,1100,0.00290448452116887,0.0602447838419288,-0.426717647559238,10369,0.05,0.01,0.001,6,6,0.5,0.5,0.5,0,1
174,syn,int,1100,0.00209432380700944,0.0492960446693326,-0.218900933988818,15151,0.05,0.01,0.001,6,6,0.5,0.5,0.5,0,1
175,nonsyn,rare,1150,5.05695591177756e-4,0.0334446576632704,-0.847005482743439,86962,0.05,0.01,0.001,6,6,0.5,0.5,0.5,0,1
176,syn,rare,1150,4.76726369189357e-4,0.0327296471533551,-0.702157758447502,38636,0.05,0.01,0.001,6,6,0.5,0.5,0.5,0,1
177,nonsyn,common,1150,0.0502412439613527,0.256487946134181,0.214822481825372,3312,0.05,0.01,0.001,6,6,0.5,0.5,0.5,0,1
178,syn,common,1150,0.0106298581122764,0.147885044737075,0.0398517991134894,9726,0.05,0.01,0.001,6,6,0.5,0.5,0.5,0,1
179,nonsyn,int,1150,0.0028011116576488,0.0568080449951336,-0.427233142754173,10165,0.05,0.01,0.001,6,6,0.5,0.5,0.5,0,1
180,syn,int,1150,0.00182956223982812,0.0485961532414098,-0.223761546668475,14894,0.05,0.01,0.001,6,6,0.5,0.5,0.5,0,1
181,nonsyn,rare,1200,4.75438677716561e-4,0.0322378837350809,-0.847419202220905,86396,0.05,0.01,0.001,6,6,0.5,0.5,0.5,0,1
182,syn,rare,1200,4.73890654966766e-4,0.0313896446459774,-0.713454438225663,38063,0.05,0.01,0.001,6,6,0.5,0.5,0.5,0,1
183,nonsyn,common,1200,0.04656399639964,0.245805055138251,0.205423756837105,3333,0.05,0.01,0.001,6,6,0.5,0.5,0.5,0,1
184,syn,common,1200,0.00820573837926779,0.140600858791366,0.0235540448212069,9724,0.05,0.01,0.001,6,6,0.5,0.5,0.5,0,1
185,nonsyn,int,1200,0.0022821019875527,0.0540842438338285,-0.439820177770067,9962,0.05,0.01,0.001,6,6,0.5,0.5,0.5,0,1
186,syn,int,1200,0.00192160123897381,0.0474433047791617,-0.219345746047296,14851,0.05,0.01,0.001,6,6,0.5,0.5,0.5,0,1
187,nonsyn,rare,1300,4.71019912124895e-4,0.0318969431550388,-0.848614142481555,171152,0.05,0.01,0.001,6,6,0.5,0.5,0.5,0,1
188,syn,rare,1300,4.83995611252115e-4,0.0318959115575434,-0.703362293444782,75648,0.05,0.01,0.001,6,6,0.5,0.5,0.5,0,1
189,nonsyn,common,1300,0.0491350348027842,0.246392945970857,0.21998391639004,6465,0.05,0.01,0.001,6,6,0.5,0.5,0.5,0,1
190,syn,common,1300,0.00826456812652068,0.137238446857824,0.0264439646893095,19728,0.05,0.01,0.001,6,6,0.5,0.5,0.5,0,1
191,nonsyn,int,1300,0.0026083018304815,0.0529753282057073,-0.419794769254954,20104,0.05,0.01,0.001,6,6,0.5,0.5,0.5,0,1
192,syn,int,1300,0.00179299243714656,0.0445446077791935,-0.220504769352636,29354,0.05,0.01,0.001,6,6,0.5,0.5,0.5,0,1
193,nonsyn,rare,1400,4.43498444688879e-4,0.0303127324840221,-0.848329497955832,169098,0.05,0.01,0.001,6,6,0.5,0.5,0.5,0,1
194,syn,rare,1400,4.39599735317552e-4,0.0303754880129801,-0.708564930438251,74051,0.05,0.01,0.001,6,6,0.5,0.5,0.5,0,1
195,nonsyn,common,1400,0.0471742151782993,0.232998611984245,0.212216657624946,6562,0.05,0.01,0.001,6,6,0.5,0.5,0.5,0,1
196,syn,common,1400,0.00795431701365453,0.129049652974694,0.0283108968443152,19261,0.05,0.01,0.001,6,6,0.5,0.5,0.5,0,1
197,nonsyn,int,1400,0.00219921524663677,0.0504420593457716,-0.42423260959488,19624,0.05,0.01,0.001,6,6,0.5,0.5,0.5,0,1
198,syn,int,1400,0.00174212242936107,0.0425274205512486,-0.218482726596369,29127,0.05,0.01,0.001,6,6,0.5,0.5,0.5,0,1
199,nonsyn,rare,1500,4.16959022243012e-4,0.0294657980743497,-0.851996414627097,166749,0.05,0.01,0.001,6,6,0.5,0.5,0.5,0,1
200,syn,rare,1500,4.6429594467406e-4,0.0296071833529145,-0.705843246665711,73311,0.05,0.01,0.001,6,6,0.5,0.5,0.5,0,1
201,nonsyn,common,1500,0.0465618912975181,0.2263668508381,0.208514548685469,6366,0.05,0.01,0.001,6,6,0.5,0.5,0.5,0,1
202,syn,common,1500,0.00797523999370508,0.125117955363715,0.0238089351889185,19063,0.05,0.01,0.001,6,6,0.5,0.5,0.5,0,1
203,nonsyn,int,1500,0.00285969933357442,0.0508866420106009,-0.398633650995017,19357,0.05,0.01,0.001,6,6,0.5,0.5,0.5,0,1
204,syn,int,1500,0.0016939082166596,0.0404026909891047,-0.218068600072948,28284,0.05,0.01,0.001,6,6,0.5,0.5,0.5,0,1
205,nonsyn,rare,1600,4.25243751215717e-4,0.0292484637873335,-0.848677666125753,164512,0.05,0.01,0.001,6,6,0.5,0.5,0.5,0,1
206,syn,rare,1600,4.13949494394372e-4,0.0285605670793471,-0.709976789749439,72784,0.05,0.01,0.001,6,6,0.5,0.5,0.5,0,1
207,nonsyn,common,1600,0.0451643647281922,0.215134718905809,0.204188831624774,6328,0.05,0.01,0.001,6,6,0.5,0.5,0.5,0,1
208,syn,common,1600,0.00896437041828374,0.120357017802603,0.03463029823368,18552,0.05,0.01,0.001,6,6,0.5,0.5,0.5,0,1
209,nonsyn,int,1600,0.00203410562898215,0.0464448180196365,-0.41111203598534,18991,0.05,0.01,0.001,6,6,0.5,0.5,0.5,0,1
210,syn,int,1600,0.00156134566982169,0.0385403287026,-0.214350454694307,28209,0.05,0.01,0.001,6,6,0.5,0.5,0.5,0,1
211,nonsyn,rare,1700,4.00734447625204e-4,0.028104239588262,-0.850637832685249,162435,0.05,0.01,0.001,6,6,0.5,0.5,0.5,0,1
212,syn,rare,1700,4.32065126402143e-4,0.0278009583603305,-0.704113520492597,71676,0.05,0.01,0.001,6,6,0.5,0.5,0.5,0,1
213,nonsyn,common,1700,0.0461920514883347,0.210921582304359,0.21881952599355,6215,0.05,0.01,0.001,6,6,0.5,0.5,0.5,0,1
214,syn,common,1700,0.00805484812452708,0.115357642416807,0.0292472016316956,18502,0.05,0.01,0.001,6,6,0.5,0.5,0.5,0,1
215,nonsyn,int,1700,0.00207351772287863,0.0440381529220179,-0.408437520342895,18620,0.05,0.01,0.001,6,6,0.5,0.5,0.5,0,1
216,syn,int,1700,0.00191403483203381,0.0373892894282979,-0.200237606338977,27446,0.05,0.01,0.001,6,6,0.5,0.5,0.5,0,1
217,nonsyn,rare,1800,4.01664650797411e-4,0.0279980181579819,-0.849097634205922,160394,0.05,0.01,0.001,6,6,0.5,0.5,0.5,0,1
218,syn,rare,1800,4.12921094279901e-4,0.0275477758543656,-0.705911470863604,70768,0.05,0.01,0.001,6,6,0.5,0.5,0.5,0,1
219,nonsyn,common,1800,0.0446566013071895,0.201126924829324,0.207329468412195,6120,0.05,0.01,0.001,6,6,0.5,0.5,0.5,0,1
220,syn,common,1800,0.00881515352330462,0.11245068398149,0.0337589275025857,18108,0.05,0.01,0.001,6,6,0.5,0.5,0.5,0,1
221,nonsyn,int,1800,0.00191899641577061,0.0430276527915255,-0.410049318014723,18135,0.05,0.01,0.001,6,6,0.5,0.5,0.5,0,1
222,syn,int,1800,0.00143550531429198,0.0350892861634647,-0.206608612786109,27379,0.05,0.01,0.001,6,6,0.5,0.5,0.5,0,1
223,nonsyn,rare,1900,4.08363811540095e-4,0.0276737000654362,-0.846227899412694,157763,0.05,0.01,0.001,6,6,0.5,0.5,0.5,0,1
224,syn,rare,1900,3.72192597915918e-4,0.0265473181053031,-0.706713151709923,69575,0.05,0.01,0.001,6,6,0.5,0.5,0.5,0,1
225,nonsyn,common,1900,0.0425507784625365,0.191717191821719,0.199904246847473,6166,0.05,0.01,0.001,6,6,0.5,0.5,0.5,0,1
226,syn,common,1900,0.00842089068365374,0.109138879594469,0.0365276848328327,17582,0.05,0.01,0.001,6,6,0.5,0.5,0.5,0,1
227,nonsyn,int,1900,0.00204198179076132,0.0407253296878623,-0.396253480675654,17903,0.05,0.01,0.001,6,6,0.5,0.5,0.5,0,1
228,syn,int,1900,0.001531115517368,0.0348249187658947,-0.207470207972826,27234,0.05,0.01,0.001,6,6,0.5,0.5,0.5,0,1
229,nonsyn,rare,2000,3.53428141981732e-4,0.0263953493105256,-0.8529638280007,155682,0.05,0.01,0.001,6,6,0.5,0.5,0.5,0,1
230,syn,rare,2000,3.7196477340772e-4,0.0260281547914005,-0.708109805207173,68471,0.05,0.01,0.001,6,6,0.5,0.5,0.5,0,1
231,nonsyn,common,2000,0.042545804722827,0.188657676080149,0.205425940467844,5971,0.05,0.01,0.001,6,6,0.5,0.5,0.5,0,1
232,syn,common,2000,0.00881268875236838,0.102337095661684,0.0382324507364951,17417,0.05,0.01,0.001,6,6,0.5,0.5,0.5,0,1
233,nonsyn,int,2000,0.00178084415584416,0.0398101522591534,-0.396625648587151,17556,0.05,0.01,0.001,6,6,0.5,0.5,0.5,0,1
234,syn,int,2000,0.00130568073868602,0.0329765391316129,-0.20769334645045,26317,0.05,0.01,0.001,6,6,0.5,0.5,0.5,0,1
235,nonsyn,rare,2500,3.3982014104644e-4,0.0253147109697376,-0.851256805550275,747697,0.05,0.01,0.001,6,6,0.5,0.5,0.5,0,1
236,syn,rare,2500,3.58951120410696e-4,0.0250805113073634,-0.709476089962741,328808,0.05,0.01,0.001,6,6,0.5,0.5,0.5,0,1
237,nonsyn,common,2500,0.0409102824664141,0.166405170714297,0.20668577064394,29030,0.05,0.01,0.001,6,6,0.5,0.5,0.5,0,1
238,syn,common,2500,0.00738782102134814,0.0946865390333543,0.0299115097698815,84457,0.05,0.01,0.001,6,6,0.5,0.5,0.5,0,1
239,nonsyn,int,2500,0.00142540450355291,0.0348296517557412,-0.396310008211966,83312,0.05,0.01,0.001,6,6,0.5,0.5,0.5,0,1
240,syn,int,2500,0.00131995425555998,0.0300693524800856,-0.196585112914176,128103,0.05,0.01,0.001,6,6,0.5,0.5,0.5,0,1
241,nonsyn,rare,3000,3.14181382948225e-4,0.0236833295447613,-0.851016764391782,697640,0.05,0.01,0.001,6,6,0.5,0.5,0.5,0,1
242,syn,rare,3000,3.10120646894699e-4,0.0225746808274378,-0.708110862694053,309664,0.05,0.01,0.001,6,6,0.5,0.5,0.5,0,1
243,nonsyn,common,3000,0.0361679350054038,0.137005134393629,0.187139433678268,26833,0.05,0.01,0.001,6,6,0.5,0.5,0.5,0,1
244,syn,common,3000,0.0069584974452461,0.0790322106392587,0.0316629486873124,77894,0.05,0.01,0.001,6,6,0.5,0.5,0.5,0,1
245,nonsyn,int,3000,0.00113413760876147,0.0296503943495204,-0.386527624396565,75969,0.05,0.01,0.001,6,6,0.5,0.5,0.5,0,1
246,syn,int,3000,0.00105502710175592,0.0259267468623988,-0.193005378365041,118627,0.05,0.01,0.001,6,6,0.5,0.5,0.5,0,1
247,nonsyn,rare,3500,2.736911194178e-4,0.0220094840960527,-0.853588501518232,649811,0.05,0.01,0.001,6,6,0.5,0.5,0.5,0,1
248,syn,rare,3500,3.00735457063712e-4,0.0216305710310248,-0.708123872025968,288800,0.05,0.01,0.001,6,6,0.5,0.5,0.5,0,1
249,nonsyn,common,3500,0.0325976571451148,0.115443555948684,0.176324819922076,25311,0.05,0.01,0.001,6,6,0.5,0.5,0.5,0,1
250,syn,common,3500,0.00594797638533316,0.067902030159691,0.0278274171437176,71481,0.05,0.01,0.001,6,6,0.5,0.5,0.5,0,1
251,nonsyn,int,3500,8.40999244292986e-4,0.0258537551686982,-0.379582178315439,70133,0.05,0.01,0.001,6,6,0.5,0.5,0.5,0,1
252,syn,int,3500,8.98992057814042e-4,0.0237812062341389,-0.187450024411145,110423,0.05,0.01,0.001,6,6,0.5,0.5,0.5,0,1
253,nonsyn,rare,4000,2.46573476238598e-4,0.0206880725633513,-0.853839644327323,602637,0.05,0.01,0.001,6,6,0.5,0.5,0.5,0,1
254,syn,rare,4000,2.6007505665008e-4,0.0200571394347287,-0.709626744009801,265666,0.05,0.01,0.001,6,6,0.5,0.5,0.5,0,1
255,nonsyn,common,4000,0.0298104791702383,0.0978752783288045,0.168765441936632,23332,0.05,0.01,0.001,6,6,0.5,0.5,0.5,0,1
256,syn,common,4000,0.00553611512721527,0.0572291781377653,0.0261760669168029,67091,0.05,0.01,0.001,6,6,0.5,0.5,0.5,0,1
257,nonsyn,int,4000,5.46325108539468e-4,0.0230374432215104,-0.380111875208277,64723,0.05,0.01,0.001,6,6,0.5,0.5,0.5,0,1
258,syn,int,4000,8.04515544347689e-4,0.0210691436926374,-0.188749834124261,101516,0.05,0.01,0.001,6,6,0.5,0.5,0.5,0,1
259,nonsyn,rare,4500,2.17959954882789e-4,0.0196957095339264,-0.856262959776918,556772,0.05,0.01,0.001,6,6,0.5,0.5,0.5,0,1
260,syn,rare,4500,2.39806929951368e-4,0.0189403443376478,-0.706398540279319,246957,0.05,0.01,0.001,6,6,0.5,0.5,0.5,0,1
261,nonsyn,common,4500,0.0263700199157056,0.0829484943939318,0.151529087882775,21591,0.05,0.01,0.001,6,6,0.5,0.5,0.5,0,1
262,syn,common,4500,0.00463189831766053,0.0485106764949498,0.0211989294093062,61997,0.05,0.01,0.001,6,6,0.5,0.5,0.5,0,1
263,nonsyn,int,4500,4.01841677503251e-4,0.021198792433709798,-0.37421769740197,61520,0.05,0.01,0.001,6,6,0.5,0.5,0.5,0,1
264,syn,int,4500,6.7239872034462e-4,0.0195268739199746,-0.188481233291224,94713,0.05,0.01,0.001,6,6,0.5,0.5,0.5,0,1
265,nonsyn,rare,5000,1.90858441833242e-4,0.0188110894242244,-0.857489552504953,515131,0.05,0.01,0.001,6,6,0.5,0.5,0.5,0,1
266,syn,rare,5000,1.95933068406853e-4,0.0178949640831892,-0.712031601530201,225723,0.05,0.01,0.001,6,6,0.5,0.5,0.5,0,1
267,nonsyn,common,5000,0.0230821526770984,0.0699055847809452,0.130711658909407,20003,0.05,0.01,0.001,6,6,0.5,0.5,0.5,0,1
268,syn,common,5000,0.00382124766593108,0.0411567798287842,0.0173773055034327,58910,0.05,0.01,0.001,6,6,0.5,0.5,0.5,0,1
269,nonsyn,int,5000,2.58332475729821e-4,0.0198134023938949,-0.379375147951387,58302,0.05,0.01,0.001,6,6,0.5,0.5,0.5,0,1
270,syn,int,5000,4.74950471511213e-4,0.0183328849826743,-0.193307017494076,88333,0.05,0.01,0.001,6,6,0.5,0.5,0.5,0,1
271,nonsyn,rare,7500,1.37982592162577e-4,0.0169094319779767,-0.862373239767513,1924995,0.05,0.01,0.001,6,6,0.5,0.5,0.5,0,1
272,syn,rare,7500,1.49279036621896e-4,0.0162985372073642,-0.723560712208263,827920,0.05,0.01,0.001,6,6,0.5,0.5,0.5,0,1
273,nonsyn,common,7500,0.0142005532869923,0.0444533907910608,0.0664731928142623,64162,0.05,0.01,0.001,6,6,0.5,0.5,0.5,0,1
274,syn,common,7500,0.00254996397045577,0.0293678505318431,0.00738952117540496,233142,0.05,0.01,0.001,6,6,0.5,0.5,0.5,0,1
275,nonsyn,int,7500,1.72766345242054e-4,0.01824306382029,-0.381709541597286,243603,0.05,0.01,0.001,6,6,0.5,0.5,0.5,0,1
276,syn,int,7500,3.56285583518691e-4,0.0166660801290357,-0.204665305962749,343031,0.05,0.01,0.001,6,6,0.5,0.5,0.5,0,1
277,nonsyn,rare,10000,9.29214811075031e-5,0.0152150102699932,-0.86608426328562,697208,0.05,0.01,0.001,6,6,0.5,0.5,0.5,0,1
278,syn,rare,10000,9.69580648237715e-5,0.0147345335703688,-0.730060011181489,293596,0.05,0.01,0.001,6,6,0.5,0.5,0.5,0,1
279,nonsyn,common,10000,0.0076989712233707,0.0268733256914059,0.024840629864211,20607,0.05,0.01,0.001,6,6,0.5,0.5,0.5,0,1
280,syn,common,10000,0.00133123992547468,0.0194631243301248,3.28605101680729e-4,95538,0.05,0.01,0.001,6,6,0.5,0.5,0.5,0,1
281,nonsyn,int,10000,1.1297774875585e-5,0.0159852791011239,-0.385315402078977,101073,0.05,0.01,0.001,6,6,0.5,0.5,0.5,0,1
282,syn,int,10000,1.8332664325138e-4,0.0146842450346539,-0.219627616387866,139510,0.05,0.01,0.001,6,6,0.5,0.5,0.5,0,1
1,nonsyn,rare,10,0.0023209282635468,0.236549017527234,-0.473976848874615,116928,0.05,0.01,0,6,6,0.5,0.5,0.5,0,1
2,syn,rare,10,0.00228022666543813,0.23045539619517,-0.480042176172972,21706,0.05,0.01,0,6,6,0.5,0.5,0.5,0,1
3,nonsyn,common,10,0.00848874284987924,0.692655238890404,0.00528331798816231,157340,0.05,0.01,0,6,6,0.5,0.5,0.5,0,1
4,syn,common,10,0.00983639325346998,0.695140377652092,0.0132812879620006,29467,0.05,0.01,0,6,6,0.5,0.5,0.5,0,1
5,nonsyn,int,10,0.00687311569200317,0.457647184839139,-0.145512794308788,147521,0.05,0.01,0,6,6,0.5,0.5,0.5,0,1
6,syn,int,10,0.00653022912313567,0.458277592214691,-0.144939821145804,27758,0.05,0.01,0,6,6,0.5,0.5,0.5,0,1
7,nonsyn,rare,15,0.0022904047397851,0.207491835225153,-0.490992817215219,57049,0.05,0.01,0,6,6,0.5,0.5,0.5,0,1
8,syn,rare,15,0.00216776110953864,0.211395447128304,-0.485431153408397,10599,0.05,0.01,0,6,6,0.5,0.5,0.5,0,1
9,nonsyn,common,15,0.00877887816402295,0.638926732815471,0.00931331577340459,74075,0.05,0.01,0,6,6,0.5,0.5,0.5,0,1
10,syn,common,15,0.00741985564778058,0.639551274288327,0.00545573774845681,13855,0.05,0.01,0,6,6,0.5,0.5,0.5,0,1
11,nonsyn,int,15,0.006445779294978,0.41147075004932,-0.157730835661362,70012,0.05,0.01,0,6,6,0.5,0.5,0.5,0,1
12,syn,int,15,0.006464681724846,0.410434552915373,-0.159530075974656,13149,0.05,0.01,0,6,6,0.5,0.5,0.5,0,1
13,nonsyn,rare,20,0.00215268978846773,0.192903329936612,-0.508385133746361,55878,0.05,0.01,0,6,6,0.5,0.5,0.5,0,1
14,syn,rare,20,0.00234407221471327,0.193353080758467,-0.501809218998628,10358,0.05,0.01,0,6,6,0.5,0.5,0.5,0,1
15,nonsyn,common,20,0.00865442620187919,0.607851310895691,0.00946518664407862,71201,0.05,0.01,0,6,6,0.5,0.5,0.5,0,1
16,syn,common,20,0.00670104374861204,0.609871034255754,-0.00220836558626143,13509,0.05,0.01,0,6,6,0.5,0.5,0.5,0,1
17,nonsyn,int,20,0.00634000175677456,0.381331429629804,-0.163569173855317,68307,0.05,0.01,0,6,6,0.5,0.5,0.5,0,1
18,syn,int,20,0.00661493537577788,0.383650814945241,-0.167583598102535,12534,0.05,0.01,0,6,6,0.5,0.5,0.5,0,1
19,nonsyn,rare,25,0.00214300228600457,0.181710949085285,-0.512753262419354,55118,0.05,0.01,0,6,6,0.5,0.5,0.5,0,1
20,syn,rare,25,0.00197495831289848,0.182182583343437,-0.514974922604854,10195,0.05,0.01,0,6,6,0.5,0.5,0.5,0,1
21,nonsyn,common,25,0.00736617353173747,0.577764026535326,0.00167620412513763,69555,0.05,0.01,0,6,6,0.5,0.5,0.5,0,1
22,syn,common,25,0.00991300169152699,0.577731309067046,0.0208147241536252,13006,0.05,0.01,0,6,6,0.5,0.5,0.5,0,1
23,nonsyn,int,25,0.00615039614399759,0.35638134648955,-0.168374823764081,66390,0.05,0.01,0,6,6,0.5,0.5,0.5,0,1
24,syn,int,25,0.00569732954545455,0.358397124943561,-0.167677440432677,12320,0.05,0.01,0,6,6,0.5,0.5,0.5,0,1
25,nonsyn,rare,50,0.00199632238047176,0.156707253138313,-0.529186149587629,267510,0.05,0.01,0,6,6,0.5,0.5,0.5,0,1
26,syn,rare,50,0.00202298557931377,0.154888551091737,-0.53244407988571,50275,0.05,0.01,0,6,6,0.5,0.5,0.5,0,1
27,nonsyn,common,50,0.00862945381528559,0.513096275719678,0.0126093640650033,327197,0.05,0.01,0,6,6,0.5,0.5,0.5,0,1
28,syn,common,50,0.00919950457692181,0.512511409060667,0.0156417098003636,60958,0.05,0.01,0,6,6,0.5,0.5,0.5,0,1
29,nonsyn,int,50,0.0054900225893977,0.302707429907774,-0.180274735994192,312536,0.05,0.01,0,6,6,0.5,0.5,0.5,0,1
30,syn,int,50,0.00592102054135752,0.301532917659372,-0.179792395193944,58224,0.05,0.01,0,6,6,0.5,0.5,0.5,0,1
31,nonsyn,rare,75,0.00172347515255186,0.125156377944011,-0.557547943340193,260731,0.05,0.01,0,6,6,0.5,0.5,0.5,0,1
32,syn,rare,75,0.00173730764495876,0.122114695540339,-0.560093364486854,48738,0.05,0.01,0,6,6,0.5,0.5,0.5,0,1
33,nonsyn,common,75,0.00802293732349787,0.432124205031259,0.0109107178324842,304883,0.05,0.01,0,6,6,0.5,0.5,0.5,0,1
34,syn,common,75,0.0075826969077925,0.427982118728616,0.00837349036808254,57273,0.05,0.01,0,6,6,0.5,0.5,0.5,0,1
35,nonsyn,int,75,0.00516588886591158,0.239195692868301,-0.188497674283727,294977,0.05,0.01,0,6,6,0.5,0.5,0.5,0,1
36,syn,int,75,0.00539472982948919,0.238787009210269,-0.18967270965087,55539,0.05,0.01,0,6,6,0.5,0.5,0.5,0,1
37,nonsyn,rare,100,0.00162666886202192,0.108224627199714,-0.567210490461148,255084,0.05,0.01,0,6,6,0.5,0.5,0.5,0,1
38,syn,rare,100,0.00161886725515975,0.105753400476446,-0.57008014911275,47919,0.05,0.01,0,6,6,0.5,0.5,0.5,0,1
39,nonsyn,common,100,0.00770701378012797,0.377201768418712,0.0108285667391084,291797,0.05,0.01,0,6,6,0.5,0.5,0.5,0,1
40,syn,common,100,0.00721464425218121,0.377239558284792,0.00925360894590288,54786,0.05,0.01,0,6,6,0.5,0.5,0.5,0,1
41,nonsyn,int,100,0.00486222651132487,0.199617316487613,-0.19095104799864,285478,0.05,0.01,0,6,6,0.5,0.5,0.5,0,1
42,syn,int,100,0.00440222259797843,0.199479802563073,-0.203063988094703,53226,0.05,0.01,0,6,6,0.5,0.5,0.5,0,1
43,nonsyn,rare,125,0.00145755398244088,0.0953275651653428,-0.582029387759185,252860,0.05,0.01,0,6,6,0.5,0.5,0.5,0,1
44,syn,rare,125,0.00147794493148353,0.0956457476555895,-0.582162390469434,46996,0.05,0.01,0,6,6,0.5,0.5,0.5,0,1
45,nonsyn,common,125,0.00735046597056322,0.337093833035034,0.0113290762916009,283387,0.05,0.01,0,6,6,0.5,0.5,0.5,0,1
46,syn,common,125,0.00752544549657024,0.337302554622957,0.0133109988315453,53648,0.05,0.01,0,6,6,0.5,0.5,0.5,0,1
47,nonsyn,int,125,0.00438416021227768,0.171377361175782,-0.196004503494118,278880,0.05,0.01,0,6,6,0.5,0.5,0.5,0,1
48,syn,int,125,0.00453587585180095,0.174183447264528,-0.196400514781287,52389,0.05,0.01,0,6,6,0.5,0.5,0.5,0,1
49,nonsyn,rare,150,0.00141395041560563,0.0863395270155496,-0.584242415899931,249756,0.05,0.01,0,6,6,0.5,0.5,0.5,0,1
50,syn,rare,150,0.00138524529933002,0.0853061500475978,-0.587067345932814,46270,0.05,0.01,0,6,6,0.5,0.5,0.5,0,1
51,nonsyn,common,150,0.00712071786551289,0.308021185639801,0.0118165558133984,277350,0.05,0.01,0,6,6,0.5,0.5,0.5,0,1
52,syn,common,150,0.00637592917284831,0.305445780632521,0.00840465222881614,51901,0.05,0.01,0,6,6,0.5,0.5,0.5,0,1
53,nonsyn,int,150,0.00397879255669675,0.152180863376446,-0.198365527353311,274663,0.05,0.01,0,6,6,0.5,0.5,0.5,0,1
54,syn,int,150,0.00446719377558742,0.153376087732589,-0.189288125869467,51539,0.05,0.01,0,6,6,0.5,0.5,0.5,0,1
55,nonsyn,rare,175,0.00132105227012899,0.0797834800933834,-0.590852075128586,247541,0.05,0.01,0,6,6,0.5,0.5,0.5,0,1
56,syn,rare,175,0.00126105979792724,0.0774584871093043,-0.595221023693344,46122,0.05,0.01,0,6,6,0.5,0.5,0.5,0,1
57,nonsyn,common,175,0.00672061177502467,0.285166380406731,0.0103479082946721,273630,0.05,0.01,0,6,6,0.5,0.5,0.5,0,1
58,syn,common,175,0.00661976387940287,0.282458926491134,0.0112514523416863,51245,0.05,0.01,0,6,6,0.5,0.5,0.5,0,1
59,nonsyn,int,175,0.00400514909053297,0.137203280736464,-0.19136758842322,270708,0.05,0.01,0,6,6,0.5,0.5,0.5,0,1
60,syn,int,175,0.0038126504718561,0.136387367627434,-0.197752581850755,50757,0.05,0.01,0,6,6,0.5,0.5,0.5,0,1
61,nonsyn,rare,200,0.00121456009938413,0.0735020362938783,-0.598547834545667,246317,0.05,0.01,0,6,6,0.5,0.5,0.5,0,1
62,syn,rare,200,0.00119406024515344,0.0728289146647975,-0.601872299651023,46012,0.05,0.01,0,6,6,0.5,0.5,0.5,0,1
63,nonsyn,common,200,0.00683082371419681,0.26670855946071,0.0119677354001377,269948,0.05,0.01,0,6,6,0.5,0.5,0.5,0,1
64,syn,common,200,0.00592731002110329,0.264970761557644,0.00626609643307736,50703,0.05,0.01,0,6,6,0.5,0.5,0.5,0,1
65,nonsyn,int,200,0.00362954711631724,0.125250960932609,-0.193209271506202,268060,0.05,0.01,0,6,6,0.5,0.5,0.5,0,1
66,syn,int,200,0.00330333666533387,0.122538807537005,-0.192896663583179,50020,0.05,0.01,0,6,6,0.5,0.5,0.5,0,1
67,nonsyn,rare,250,0.00111407720691544,0.0668297680344,-0.602872171494985,487547,0.05,0.01,0,6,6,0.5,0.5,0.5,0,1
68,syn,rare,250,0.00107843120012311,0.066060868007734,-0.603723000646368,90974,0.05,0.01,0,6,6,0.5,0.5,0.5,0,1
69,nonsyn,common,250,0.00654339180757242,0.245205707431079,0.0116970821114837,530319,0.05,0.01,0,6,6,0.5,0.5,0.5,0,1
70,syn,common,250,0.00580242357751957,0.241767863756498,0.00781972539246199,100265,0.05,0.01,0,6,6,0.5,0.5,0.5,0,1
71,nonsyn,int,250,0.00342271001638326,0.111111228790555,-0.190931686968627,531030,0.05,0.01,0,6,6,0.5,0.5,0.5,0,1
72,syn,int,250,0.00342624824705657,0.110370640338883,-0.193104630957855,99119,0.05,0.01,0,6,6,0.5,0.5,0.5,0,1
73,nonsyn,rare,300,0.00101636309506581,0.0605819818515105,-0.605314781194608,483686,0.05,0.01,0,6,6,0.5,0.5,0.5,0,1
74,syn,rare,300,0.00103709482059317,0.060964643095296,-0.609934226871429,89991,0.05,0.01,0,6,6,0.5,0.5,0.5,0,1
75,nonsyn,common,300,0.00640389707246271,0.223148307918972,0.0126020782677727,522931,0.05,0.01,0,6,6,0.5,0.5,0.5,0,1
76,syn,common,300,0.00539429396272285,0.221893669508685,0.00695858267154633,98720,0.05,0.01,0,6,6,0.5,0.5,0.5,0,1
77,nonsyn,int,300,0.00311946240878483,0.0983140201426281,-0.188596005444313,525269,0.05,0.01,0,6,6,0.5,0.5,0.5,0,1
78,syn,int,300,0.00322362268588925,0.098242207535898,-0.185282838118919,98634,0.05,0.01,0,6,6,0.5,0.5,0.5,0,1
79,nonsyn,rare,350,9.46599989173929e-4,0.056334695782644,-0.609995823690674,480322,0.05,0.01,0,6,6,0.5,0.5,0.5,0,1
80,syn,rare,350,9.51945564291601e-4,0.0556951202480525,-0.611760758830045,89794,0.05,0.01,0,6,6,0.5,0.5,0.5,0,1
81,nonsyn,common,350,0.00579034795981096,0.207652801568181,0.0105065757969434,515663,0.05,0.01,0,6,6,0.5,0.5,0.5,0,1
82,syn,common,350,0.00602208780808954,0.205737509557152,0.0122648394474029,97212,0.05,0.01,0,6,6,0.5,0.5,0.5,0,1
83,nonsyn,int,350,0.00288628001774136,0.0884349881544318,-0.18432753234203,520817,0.05,0.01,0,6,6,0.5,0.5,0.5,0,1
84,syn,int,350,0.00282553495589677,0.0878075108538708,-0.18495008584045,97952,0.05,0.01,0,6,6,0.5,0.5,0.5,0,1
85,nonsyn,rare,400,8.79704983137391e-4,0.0521010670570391,-0.614622227071269,475905,0.05,0.01,0,6,6,0.5,0.5,0.5,0,1
86,syn,rare,400,8.7898112144266e-4,0.0528221526653903,-0.613800087242939,88725,0.05,0.01,0,6,6,0.5,0.5,0.5,0,1
87,nonsyn,common,400,0.00581977102425268,0.194506158235877,0.0118093536302772,509923,0.05,0.01,0,6,6,0.5,0.5,0.5,0,1
88,syn,common,400,0.00553900630407012,0.193449094416644,0.0115310854182816,96287,0.05,0.01,0,6,6,0.5,0.5,0.5,0,1
89,nonsyn,int,400,0.00286307008195927,0.0808815787738995,-0.180111155840755,516110,0.05,0.01,0,6,6,0.5,0.5,0.5,0,1
90,syn,int,400,0.0028566459122902,0.0810263758932195,-0.180775287484594,96044,0.05,0.01,0,6,6,0.5,0.5,0.5,0,1
91,nonsyn,rare,450,8.41516274521839e-4,0.0496687582675816,-0.616690356354484,472487,0.05,0.01,0,6,6,0.5,0.5,0.5,0,1
92,syn,rare,450,8.34203016714228e-4,0.0487882546320807,-0.618938257592192,88308,0.05,0.01,0,6,6,0.5,0.5,0.5,0,1
93,nonsyn,common,450,0.00573434071142498,0.18450079486738,0.0116412059731151,506364,0.05,0.01,0,6,6,0.5,0.5,0.5,0,1
94,syn,common,450,0.00589687523170951,0.183218760504113,0.0154032087045427,94407,0.05,0.01,0,6,6,0.5,0.5,0.5,0,1
95,nonsyn,int,450,0.00264951469050258,0.0743789992615733,-0.178520561958219,510602,0.05,0.01,0,6,6,0.5,0.5,0.5,0,1
96,syn,int,450,0.00256866340837078,0.0741086112069081,-0.17968238652795,96574,0.05,0.01,0,6,6,0.5,0.5,0.5,0,1
97,nonsyn,rare,500,8.04067116620046e-4,0.0474678190628298,-0.616154067001219,467604,0.05,0.01,0,6,6,0.5,0.5,0.5,0,1
98,syn,rare,500,7.90158128056305e-4,0.0465587417017279,-0.619177251602647,87524,0.05,0.01,0,6,6,0.5,0.5,0.5,0,1
99,nonsyn,common,500,0.00559821231648976,0.175391232860051,0.0113963826692515,498746,0.05,0.01,0,6,6,0.5,0.5,0.5,0,1
100,syn,common,500,0.00608723949709989,0.174307429952618,0.0161329524422208,93617,0.05,0.01,0,6,6,0.5,0.5,0.5,0,1
101,nonsyn,int,500,0.00257004542119354,0.0694233766328925,-0.173678575626471,508353,0.05,0.01,0,6,6,0.5,0.5,0.5,0,1
102,syn,int,500,0.00273025092789392,0.0687393818586575,-0.170917385741355,94569,0.05,0.01,0,6,6,0.5,0.5,0.5,0,1
103,nonsyn,rare,550,7.60502006398205e-4,0.044831075894883,-0.616501105922094,467006,0.05,0.01,0,6,6,0.5,0.5,0.5,0,1
104,syn,rare,550,7.59473660058737e-4,0.0444584558942055,-0.619114978060379,87168,0.05,0.01,0,6,6,0.5,0.5,0.5,0,1
105,nonsyn,common,550,0.00557796336272362,0.167126016703467,0.0128414089203494,493814,0.05,0.01,0,6,6,0.5,0.5,0.5,0,1
106,syn,common,550,0.00559863481595257,0.166556255583967,0.0138273669598233,93101,0.05,0.01,0,6,6,0.5,0.5,0.5,0,1
107,nonsyn,int,550,0.00253112244289615,0.0652746411695992,-0.170100506161328,503206,0.05,0.01,0,6,6,0.5,0.5,0.5,0,1
108,syn,int,550,0.00251878130659014,0.0650277867951807,-0.170601310140921,94429,0.05,0.01,0,6,6,0.5,0.5,0.5,0,1
109,nonsyn,rare,600,7.24354389034202e-4,0.0431797988729757,-0.618662734261808,464134,0.05,0.01,0,6,6,0.5,0.5,0.5,0,1
110,syn,rare,600,7.37402726547414e-4,0.0431864789615734,-0.621111472695977,86483,0.05,0.01,0,6,6,0.5,0.5,0.5,0,1
111,nonsyn,common,600,0.00537710561272959,0.161212335614427,0.0118169191936538,491579,0.05,0.01,0,6,6,0.5,0.5,0.5,0,1
112,syn,common,600,0.00518697827360927,0.160389861035895,0.010809918672462,92146,0.05,0.01,0,6,6,0.5,0.5,0.5,0,1
113,nonsyn,int,600,0.00244318203146371,0.0614723095463616,-0.167139728272417,500831,0.05,0.01,0,6,6,0.5,0.5,0.5,0,1
114,syn,int,600,0.00253928855768925,0.0606793382257707,-0.164748159388213,94203,0.05,0.01,0,6,6,0.5,0.5,0.5,0,1
115,nonsyn,rare,650,6.92000640572014e-4,0.0414674087877274,-0.618185824847053,462087,0.05,0.01,0,6,6,0.5,0.5,0.5,0,1
116,syn,rare,650,6.93939323626661e-4,0.0404152198083133,-0.625602793914503,86195,0.05,0.01,0,6,6,0.5,0.5,0.5,0,1
117,nonsyn,common,650,0.00517723900583031,0.155477736801262,0.0102302558851566,487281,0.05,0.01,0,6,6,0.5,0.5,0.5,0,1
118,syn,common,650,0.00506285071350165,0.154754255704101,0.0109279383337801,91100,0.05,0.01,0,6,6,0.5,0.5,0.5,0,1
119,nonsyn,int,650,0.00241957836060023,0.0591221202401891,-0.163347846379318,496206,0.05,0.01,0,6,6,0.5,0.5,0.5,0,1
120,syn,int,650,0.00239029036454134,0.0584996502630827,-0.162809180751427,93021,0.05,0.01,0,6,6,0.5,0.5,0.5,0,1
121,nonsyn,rare,700,6.45574911829353e-4,0.0391119386485979,-0.62325585947543,459053,0.05,0.01,0,6,6,0.5,0.5,0.5,0,1
122,syn,rare,700,6.45809445174495e-4,0.0387500479393278,-0.626070579130199,85991,0.05,0.01,0,6,6,0.5,0.5,0.5,0,1
123,nonsyn,common,700,0.00514332239270846,0.150686979825118,0.0111818442773418,483519,0.05,0.01,0,6,6,0.5,0.5,0.5,0,1
124,syn,common,700,0.00469240617074764,0.149526466220237,0.00808139242741154,90297,0.05,0.01,0,6,6,0.5,0.5,0.5,0,1
125,nonsyn,int,700,0.00226083579200172,0.0559142922292973,-0.164300649034043,493831,0.05,0.01,0,6,6,0.5,0.5,0.5,0,1
126,syn,int,700,0.00225530936769915,0.0557075931727372,-0.163782561217807,92883,0.05,0.01,0,6,6,0.5,0.5,0.5,0,1
127,nonsyn,rare,750,6.37868182345639e-4,0.0381718080682234,-0.621026194231321,456737,0.05,0.01,0,6,6,0.5,0.5,0.5,0,1
128,syn,rare,750,6.14594246206129e-4,0.0375694160097244,-0.625477851160431,85335,0.05,0.01,0,6,6,0.5,0.5,0.5,0,1
129,nonsyn,common,750,0.00545225445874423,0.146161770935804,0.0135265308081764,479339,0.05,0.01,0,6,6,0.5,0.5,0.5,0,1
130,syn,common,750,0.00523794940970558,0.145752237240302,0.012848056021593,89701,0.05,0.01,0,6,6,0.5,0.5,0.5,0,1
131,nonsyn,int,750,0.00223350669934341,0.0535188660198185,-0.158986067670202,490869,0.05,0.01,0,6,6,0.5,0.5,0.5,0,1
132,syn,int,750,0.00229274676349176,0.0541214301632839,-0.157895674519785,92538,0.05,0.01,0,6,6,0.5,0.5,0.5,0,1
133,nonsyn,rare,800,5.95344615228126e-4,0.0364628649493668,-0.623298853217605,452229,0.05,0.01,0,6,6,0.5,0.5,0.5,0,1
134,syn,rare,800,5.8429743261958e-4,0.0362463758796907,-0.625810162741916,84483,0.05,0.01,0,6,6,0.5,0.5,0.5,0,1
135,nonsyn,common,800,0.00487569619611907,0.142127481057356,0.0103517632742302,473753,0.05,0.01,0,6,6,0.5,0.5,0.5,0,1
136,syn,common,800,0.00528301759057624,0.140738340390225,0.0141442161391473,88627,0.05,0.01,0,6,6,0.5,0.5,0.5,0,1
137,nonsyn,int,800,0.00223332887785759,0.0516368246998821,-0.158416810405074,486293,0.05,0.01,0,6,6,0.5,0.5,0.5,0,1
138,syn,int,800,0.00237700836158685,0.0511850082824511,-0.155457272560818,91729,0.05,0.01,0,6,6,0.5,0.5,0.5,0,1
139,nonsyn,rare,850,6.02624142554771e-4,0.035609182465135,-0.621187350635104,451195,0.05,0.01,0,6,6,0.5,0.5,0.5,0,1
140,syn,rare,850,5.76305301623719e-4,0.0354824544534949,-0.62379437819247,84559,0.05,0.01,0,6,6,0.5,0.5,0.5,0,1
141,nonsyn,common,850,0.00512498485248324,0.138219655657856,0.0122121003267715,473675,0.05,0.01,0,6,6,0.5,0.5,0.5,0,1
142,syn,common,850,0.00480662860482366,0.137593723636705,0.0114151719731219,88978,0.05,0.01,0,6,6,0.5,0.5,0.5,0,1
143,nonsyn,int,850,0.0021948901649278,0.049628737427397,-0.155387129101062,485182,0.05,0.01,0,6,6,0.5,0.5,0.5,0,1
144,syn,int,850,0.00220917593971787,0.0502029801379008,-0.154158821072214,91304,0.05,0.01,0,6,6,0.5,0.5,0.5,0,1
145,nonsyn,rare,900,5.68897483162316e-4,0.0345426318388356,-0.624305383252717,448102,0.05,0.01,0,6,6,0.5,0.5,0.5,0,1
146,syn,rare,900,5.79451728247914e-4,0.0348826602204353,-0.623220178474947,83900,0.05,0.01,0,6,6,0.5,0.5,0.5,0,1
147,nonsyn,common,900,0.00478981057020389,0.134368822141448,0.0107796319889303,470095,0.05,0.01,0,6,6,0.5,0.5,0.5,0,1
148,syn,common,900,0.00496895907157028,0.133302799969575,0.0126714884393585,87201,0.05,0.01,0,6,6,0.5,0.5,0.5,0,1
149,nonsyn,int,900,0.00211153348935233,0.0473801734161096,-0.15441703873589,481138,0.05,0.01,0,6,6,0.5,0.5,0.5,0,1
150,syn,int,900,0.00225451251097698,0.0487562597818502,-0.14784053595718,89961,0.05,0.01,0,6,6,0.5,0.5,0.5,0,1
151,nonsyn,rare,950,5.52502574989543e-4,0.0338883513137623,-0.624036987563911,444662,0.05,0.01,0,6,6,0.5,0.5,0.5,0,1
152,syn,rare,950,5.29952674773857e-4,0.0333120185374677,-0.627196019246242,83465,0.05,0.01,0,6,6,0.5,0.5,0.5,0,1
153,nonsyn,common,950,0.00479638074324252,0.131058377745219,0.0114120502969655,467223,0.05,0.01,0,6,6,0.5,0.5,0.5,0,1
154,syn,common,950,0.0050648675519393,0.129483999105898,0.0150412113028985,87506,0.05,0.01,0,6,6,0.5,0.5,0.5,0,1
155,nonsyn,int,950,0.00210879526715074,0.0460745206465991,-0.15221848229561,479542,0.05,0.01,0,6,6,0.5,0.5,0.5,0,1
156,syn,int,950,0.0021055288596167,0.0460939695309316,-0.151859510083881,89277,0.05,0.01,0,6,6,0.5,0.5,0.5,0,1
157,nonsyn,rare,1000,5.39575667829942e-4,0.0327281653008743,-0.624242703691083,443002,0.05,0.01,0,6,6,0.5,0.5,0.5,0,1
158,syn,rare,1000,5.53602527920496e-4,0.0323631791056453,-0.627090828513711,82914,0.05,0.01,0,6,6,0.5,0.5,0.5,0,1
159,nonsyn,common,1000,0.00498081389702407,0.127469543768878,0.0129614277202011,463351,0.05,0.01,0,6,6,0.5,0.5,0.5,0,1
160,syn,common,1000,0.00431359062525156,0.127409414336795,0.00890810639644282,86957,0.05,0.01,0,6,6,0.5,0.5,0.5,0,1
161,nonsyn,int,1000,0.00205657768772579,0.0447061281881191,-0.149914480216948,475281,0.05,0.01,0,6,6,0.5,0.5,0.5,0,1
162,syn,int,1000,0.00219441294083094,0.0446533468962577,-0.146033879146258,88526,0.05,0.01,0,6,6,0.5,0.5,0.5,0,1
163,nonsyn,rare,1050,5.21043325293339e-4,0.0319279623029506,-0.626701507411695,441128,0.05,0.01,0,6,6,0.5,0.5,0.5,0,1
164,syn,rare,1050,5.18602719942232e-4,0.0313875022926083,-0.630699143686549,83090,0.05,0.01,0,6,6,0.5,0.5,0.5,0,1
165,nonsyn,common,1050,0.00462959411758317,0.125036202155373,0.0112038749412319,460355,0.05,0.01,0,6,6,0.5,0.5,0.5,0,1
166,syn,common,1050,0.00423362163408868,0.123637272474381,0.0105737710156903,86715,0.05,0.01,0,6,6,0.5,0.5,0.5,0,1
167,nonsyn,int,1050,0.00198534527334624,0.0434612441956685,-0.148549379605642,473813,0.05,0.01,0,6,6,0.5,0.5,0.5,0,1
168,syn,int,1050,0.00209543108392277,0.0438160629557247,-0.149143046022584,88927,0.05,0.01,0,6,6,0.5,0.5,0.5,0,1
169,nonsyn,rare,1100,5.10732493233714e-4,0.0313474768898621,-0.626319422072183,438202,0.05,0.01,0,6,6,0.5,0.5,0.5,0,1
170,syn,rare,1100,5.42091139734583e-4,0.0311229785082179,-0.623819962190724,81984,0.05,0.01,0,6,6,0.5,0.5,0.5,0,1
171,nonsyn,common,1100,0.00438886348375998,0.122728614073725,0.0104526746852335,455726,0.05,0.01,0,6,6,0.5,0.5,0.5,0,1
172,syn,common,1100,0.00427656677341686,0.122010714472927,0.0101231152278781,85558,0.05,0.01,0,6,6,0.5,0.5,0.5,0,1
173,nonsyn,int,1100,0.00198232133079218,0.0423808954711275,-0.147793869028324,471178,0.05,0.01,0,6,6,0.5,0.5,0.5,0,1
174,syn,int,1100,0.00209874003803659,0.0429589406611698,-0.146041553962396,88336,0.05,0.01,0,6,6,0.5,0.5,0.5,0,1
175,nonsyn,rare,1150,5.10568642931899e-4,0.0305988913231111,-0.625221445010889,435704,0.05,0.01,0,6,6,0.5,0.5,0.5,0,1
176,syn,rare,1150,5.12121026745296e-4,0.0311400400884685,-0.626683291415165,81734,0.05,0.01,0,6,6,0.5,0.5,0.5,0,1
177,nonsyn,common,1150,0.00470480265320938,0.119743221376993,0.0122120840063791,453187,0.05,0.01,0,6,6,0.5,0.5,0.5,0,1
178,syn,common,1150,0.00454439852154506,0.11891660830858,0.0130771471170117,84683,0.05,0.01,0,6,6,0.5,0.5,0.5,0,1
179,nonsyn,int,1150,0.00201381721623606,0.0413288002974239,-0.14413355760854701,468488,0.05,0.01,0,6,6,0.5,0.5,0.5,0,1
180,syn,int,1150,0.00213434789519095,0.0416550851121873,-0.141496472191196,88084,0.05,0.01,0,6,6,0.5,0.5,0.5,0,1
181,nonsyn,rare,1200,4.96763060756671e-4,0.0303650856747923,-0.624695615051463,433187,0.05,0.01,0,6,6,0.5,0.5,0.5,0,1
182,syn,rare,1200,4.94974599744134e-4,0.0310112658888054,-0.628258006710949,80511,0.05,0.01,0,6,6,0.5,0.5,0.5,0,1
183,nonsyn,common,1200,0.00459560937538217,0.117398049887112,0.0118637097419467,449731,0.05,0.01,0,6,6,0.5,0.5,0.5,0,1
184,syn,common,1200,0.00460064661031976,0.116519230226259,0.0121040899603323,84595,0.05,0.01,0,6,6,0.5,0.5,0.5,0,1
185,nonsyn,int,1200,0.00201435785689345,0.0404154788982075,-0.14293920530351,463962,0.05,0.01,0,6,6,0.5,0.5,0.5,0,1
186,syn,int,1200,0.00189268381848924,0.0400407179638195,-0.146839560415994,87532,0.05,0.01,0,6,6,0.5,0.5,0.5,0,1
187,nonsyn,rare,1300,4.89885326065453e-4,0.0294219596926096,-0.625512898528859,859306,0.05,0.01,0,6,6,0.5,0.5,0.5,0,1
188,syn,rare,1300,4.74270804792388e-4,0.0296318803587188,-0.628976685074393,160588,0.05,0.01,0,6,6,0.5,0.5,0.5,0,1
189,nonsyn,common,1300,0.00461926064332382,0.113633450571234,0.0128321116049492,893236,0.05,0.01,0,6,6,0.5,0.5,0.5,0,1
190,syn,common,1300,0.00453858678346341,0.112845515591903,0.0130934452165152,166443,0.05,0.01,0,6,6,0.5,0.5,0.5,0,1
191,nonsyn,int,1300,0.0018860599370934,0.0390104268786227,-0.141891876981727,921366,0.05,0.01,0,6,6,0.5,0.5,0.5,0,1
192,syn,int,1300,0.0019339890513494,0.0390696750279589,-0.142977982528779,172076,0.05,0.01,0,6,6,0.5,0.5,0.5,0,1
193,nonsyn,rare,1400,4.77586259696634e-4,0.0287641754738257,-0.623538495942459,849006,0.05,0.01,0,6,6,0.5,0.5,0.5,0,1
194,syn,rare,1400,4.89455634904185e-4,0.0290092860049452,-0.629882506747002,159213,0.05,0.01,0,6,6,0.5,0.5,0.5,0,1
195,nonsyn,common,1400,0.0044265203765315,0.109191332375377,0.0122892683708611,880670,0.05,0.01,0,6,6,0.5,0.5,0.5,0,1
196,syn,common,1400,0.0043920717044378,0.108753809887033,0.012656489950342,164676,0.05,0.01,0,6,6,0.5,0.5,0.5,0,1
197,nonsyn,int,1400,0.00186659591001686,0.0372864014825378,-0.139694083440549,911104,0.05,0.01,0,6,6,0.5,0.5,0.5,0,1
198,syn,int,1400,0.00184827986356124,0.0375937836275039,-0.141296112653257,170626,0.05,0.01,0,6,6,0.5,0.5,0.5,0,1
199,nonsyn,rare,1500,4.52118369852157e-4,0.0278689714982808,-0.626445674733239,839065,0.05,0.01,0,6,6,0.5,0.5,0.5,0,1
200,syn,rare,1500,4.31345831640942e-4,0.0274223008142834,-0.628913210088118,157568,0.05,0.01,0,6,6,0.5,0.5,0.5,0,1
201,nonsyn,common,1500,0.00443415418792546,0.105323373507051,0.0127800120360945,867876,0.05,0.01,0,6,6,0.5,0.5,0.5,0,1
202,syn,common,1500,0.00456795316645947,0.104787610325101,0.0138076007692561,161679,0.05,0.01,0,6,6,0.5,0.5,0.5,0,1
203,nonsyn,int,1500,0.00180749469023303,0.0356595403885174,-0.137834199728193,899757,0.05,0.01,0,6,6,0.5,0.5,0.5,0,1
204,syn,int,1500,0.001886100436243,0.0358102009578159,-0.136476617313414,169401,0.05,0.01,0,6,6,0.5,0.5,0.5,0,1
205,nonsyn,rare,1600,4.48255618576383e-4,0.0271321819086464,-0.623927147305916,830237,0.05,0.01,0,6,6,0.5,0.5,0.5,0,1
206,syn,rare,1600,4.12882459079778e-4,0.0268357989834499,-0.629242654396899,155180,0.05,0.01,0,6,6,0.5,0.5,0.5,0,1
207,nonsyn,common,1600,0.00431629880676984,0.101908620744823,0.0123161505401277,853314,0.05,0.01,0,6,6,0.5,0.5,0.5,0,1
208,syn,common,1600,0.00415934049434772,0.101495902945163,0.0122258834237136,159847,0.05,0.01,0,6,6,0.5,0.5,0.5,0,1
209,nonsyn,int,1600,0.00178184386518391,0.0345327427632585,-0.1363295953552,888796,0.05,0.01,0,6,6,0.5,0.5,0.5,0,1
210,syn,int,1600,0.00179342047018006,0.034482446493011,-0.137263697385722,167170,0.05,0.01,0,6,6,0.5,0.5,0.5,0,1
211,nonsyn,rare,1700,4.22968446664137e-4,0.026230273030742,-0.626535890831802,819533,0.05,0.01,0,6,6,0.5,0.5,0.5,0,1
212,syn,rare,1700,4.29670976861062e-4,0.026253553102049,-0.627491402716419,152816,0.05,0.01,0,6,6,0.5,0.5,0.5,0,1
213,nonsyn,common,1700,0.00419043675244439,0.0984297604818743,0.0126257677694737,841827,0.05,0.01,0,6,6,0.5,0.5,0.5,0,1
214,syn,common,1700,0.00398523350349783,0.0973072723619389,0.0116945801231853,158670,0.05,0.01,0,6,6,0.5,0.5,0.5,0,1
215,nonsyn,int,1700,0.00168719565689863,0.0333130640316577,-0.135913705204124,878819,0.05,0.01,0,6,6,0.5,0.5,0.5,0,1
216,syn,int,1700,0.00177284113941718,0.0331273667419213,-0.137179009630919,164786,0.05,0.01,0,6,6,0.5,0.5,0.5,0,1
217,nonsyn,rare,1800,4.16501885563102e-4,0.0256566097700917,-0.626595015125359,810368,0.05,0.01,0,6,6,0.5,0.5,0.5,0,1
218,syn,rare,1800,4.12430570249683e-4,0.025343364069201,-0.628301737027846,151232,0.05,0.01,0,6,6,0.5,0.5,0.5,0,1
219,nonsyn,common,1800,0.00419544093117921,0.0947429455098422,0.0130588371286244,830345,0.05,0.01,0,6,6,0.5,0.5,0.5,0,1
220,syn,common,1800,0.00428055841946542,0.094449324908818,0.014048826101973,155188,0.05,0.01,0,6,6,0.5,0.5,0.5,0,1
221,nonsyn,int,1800,0.00169239921150785,0.0322653189963495,-0.133628460944737,870015,0.05,0.01,0,6,6,0.5,0.5,0.5,0,1
222,syn,int,1800,0.0017052044518683,0.0321632767760597,-0.131606983455353,163437,0.05,0.01,0,6,6,0.5,0.5,0.5,0,1
223,nonsyn,rare,1900,4.02091570318896e-4,0.0249124158193679,-0.625527874994566,801264,0.05,0.01,0,6,6,0.5,0.5,0.5,0,1
224,syn,rare,1900,4.00266554433221e-4,0.0248181442205568,-0.625113951676055,149688,0.05,0.01,0,6,6,0.5,0.5,0.5,0,1
225,nonsyn,common,1900,0.00410516202457291,0.0916890678040459,0.0126256627901207,817160,0.05,0.01,0,6,6,0.5,0.5,0.5,0,1
226,syn,common,1900,0.00429740821445264,0.0909172164904772,0.0148993789490633,151903,0.05,0.01,0,6,6,0.5,0.5,0.5,0,1
227,nonsyn,int,1900,0.00165364966514861,0.0313010387174725,-0.131560299014446,860531,0.05,0.01,0,6,6,0.5,0.5,0.5,0,1
228,syn,int,1900,0.00168821550075741,0.0312077918132719,-0.132369163046629,161076,0.05,0.01,0,6,6,0.5,0.5,0.5,0,1
229,nonsyn,rare,2000,3.92077592412513e-4,0.0244313019289079,-0.625310855182602,791830,0.05,0.01,0,6,6,0.5,0.5,0.5,0,1
230,syn,rare,2000,3.88254366768256e-4,0.0246961851844101,-0.630409133552897,148966,0.05,0.01,0,6,6,0.5,0.5,0.5,0,1
231,nonsyn,common,2000,0.00400312605989979,0.0887501414126748,0.0124322679734186,804911,0.05,0.01,0,6,6,0.5,0.5,0.5,0,1
232,syn,common,2000,0.00434363621749789,0.088378940345012,0.0152687021534171,149298,0.05,0.01,0,6,6,0.5,0.5,0.5,0,1
233,nonsyn,int,2000,0.00159752991177751,0.0303713389845283,-0.131341488619076,847743,0.05,0.01,0,6,6,0.5,0.5,0.5,0,1
234,syn,int,2000,0.00163242799125273,0.0299816998363164,-0.132265316043944,160050,0.05,0.01,0,6,6,0.5,0.5,0.5,0,1
235,nonsyn,rare,2500,3.74972217467479e-4,0.0233560654352765,-0.624458564936041,3820746,0.05,0.01,0,6,6,0.5,0.5,0.5,0,1
236,syn,rare,2500,3.61513242875917e-4,0.0231506719745289,-0.62837953505467,712232,0.05,0.01,0,6,6,0.5,0.5,0.5,0,1
237,nonsyn,common,2500,0.00390668707564212,0.0802188856339807,0.0135326142133374,3852880,0.05,0.01,0,6,6,0.5,0.5,0.5,0,1
238,syn,common,2500,0.00401254464634514,0.0797786873417695,0.0146867693429074,716744,0.05,0.01,0,6,6,0.5,0.5,0.5,0,1
239,nonsyn,int,2500,0.00148424869083018,0.0278887736912972,-0.129548735973735,4082740,0.05,0.01,0,6,6,0.5,0.5,0.5,0,1
240,syn,int,2500,0.00149293532039157,0.0280899659379686,-0.13026221662384,765017,0.05,0.01,0,6,6,0.5,0.5,0.5,0,1
241,nonsyn,rare,3000,3.37029747622955e-4,0.0217386091796162,-0.625788396820497,3587648,0.05,0.01,0,6,6,0.5,0.5,0.5,0,1
242,syn,rare,3000,3.39416719919255e-4,0.0217034156271341,-0.629737726287858,669764,0.05,0.01,0,6,6,0.5,0.5,0.5,0,1
243,nonsyn,common,3000,0.00364191048824212,0.0684163105771288,0.0140760689262028,3561655,0.05,0.01,0,6,6,0.5,0.5,0.5,0,1
244,syn,common,3000,0.00357298063275835,0.067661966585969,0.0138021721780095,665815,0.05,0.01,0,6,6,0.5,0.5,0.5,0,1
245,nonsyn,int,3000,0.0012998732892946,0.0248929322792175,-0.126954225635862,3833141,0.05,0.01,0,6,6,0.5,0.5,0.5,0,1
246,syn,int,3000,0.00134134792122538,0.0248564469318859,-0.127492958215035,719775,0.05,0.01,0,6,6,0.5,0.5,0.5,0,1
247,nonsyn,rare,3500,3.08320938457607e-4,0.0205478269761634,-0.627677053500451,3338073,0.05,0.01,0,6,6,0.5,0.5,0.5,0,1
248,syn,rare,3500,3.17382086528815e-4,0.0204773158530496,-0.626206894718643,624971,0.05,0.01,0,6,6,0.5,0.5,0.5,0,1
249,nonsyn,common,3500,0.00332102521487351,0.0584684454166554,0.0135606045125411,3302059,0.05,0.01,0,6,6,0.5,0.5,0.5,0,1
250,syn,common,3500,0.00319218094161371,0.0582640268203578,0.0134198048409105,615624,0.05,0.01,0,6,6,0.5,0.5,0.5,0,1
251,nonsyn,int,3500,0.00113430791935205,0.0225246878507001,-0.128319140726969,3558776,0.05,0.01,0,6,6,0.5,0.5,0.5,0,1
252,syn,int,3500,0.00115264719867517,0.022376140229483,-0.128632144372076,670879,0.05,0.01,0,6,6,0.5,0.5,0.5,0,1
253,nonsyn,rare,4000,2.8697499331615e-4,0.0194945773412317,-0.629608889731684,3082056,0.05,0.01,0,6,6,0.5,0.5,0.5,0,1
254,syn,rare,4000,2.80938657598182e-4,0.0194023475112949,-0.630436210437053,576355,0.05,0.01,0,6,6,0.5,0.5,0.5,0,1
255,nonsyn,common,4000,0.00301737146380894,0.050397283292419,0.0131355175031529,3051942,0.05,0.01,0,6,6,0.5,0.5,0.5,0,1
256,syn,common,4000,0.0030404287237887,0.0501549793363194,0.0138387312965616,567265,0.05,0.01,0,6,6,0.5,0.5,0.5,0,1
257,nonsyn,int,4000,0.00100047556496586,0.0206300955040498,-0.129488148073498,3307014,0.05,0.01,0,6,6,0.5,0.5,0.5,0,1
258,syn,int,4000,0.0010391658616017,0.0206046083266137,-0.129988676390275,622103,0.05,0.01,0,6,6,0.5,0.5,0.5,0,1
259,nonsyn,rare,4500,2.55751760191772e-4,0.0183966880010576,-0.632232036427598,2814182,0.05,0.01,0,6,6,0.5,0.5,0.5,0,1
260,syn,rare,4500,2.58916100160234e-4,0.0185039251755614,-0.633429828020563,527355,0.05,0.01,0,6,6,0.5,0.5,0.5,0,1
261,nonsyn,common,4500,0.0026907681038602,0.04327899037613,0.0119184025585693,2827339,0.05,0.01,0,6,6,0.5,0.5,0.5,0,1
262,syn,common,4500,0.00271788737452332,0.0428854228825033,0.0126458422915575,526293,0.05,0.01,0,6,6,0.5,0.5,0.5,0,1
263,nonsyn,int,4500,8.80997426993784e-4,0.0191884106434776,-0.131491785660833,3041967,0.05,0.01,0,6,6,0.5,0.5,0.5,0,1
264,syn,int,4500,9.12853118670186e-4,0.0191547164870035,-0.132094593743579,573674,0.05,0.01,0,6,6,0.5,0.5,0.5,0,1
265,nonsyn,rare,5000,2.30915918524501e-4,0.0176493208822677,-0.636843922164522,2555664,0.05,0.01,0,6,6,0.5,0.5,0.5,0,1
266,syn,rare,5000,2.31464669042536e-4,0.0175394549053828,-0.637632678758895,478702,0.05,0.01,0,6,6,0.5,0.5,0.5,0,1
267,nonsyn,common,5000,0.00235150247457794,0.0373443867446968,0.00993010655053351,2665303,0.05,0.01,0,6,6,0.5,0.5,0.5,0,1
268,syn,common,5000,0.0023215346823954202,0.037229797991954,0.00990361574014451,496246,0.05,0.01,0,6,6,0.5,0.5,0.5,0,1
269,nonsyn,int,5000,7.85303415102268e-4,0.0182172657091347,-0.135529418265688,2767677,0.05,0.01,0,6,6,0.5,0.5,0.5,0,1
270,syn,int,5000,8.39804817674801e-4,0.0182692299595396,-0.136245806739432,520334,0.05,0.01,0,6,6,0.5,0.5,0.5,0,1
271,nonsyn,rare,7500,1.75750184008353e-4,0.0160283523794413,-0.650082226626353,8893618,0.05,0.01,0,6,6,0.5,0.5,0.5,0,1
272,syn,rare,7500,1.7436074945307e-4,0.0160785465551113,-0.65409140352668,1659717,0.05,0.01,0,6,6,0.5,0.5,0.5,0,1
273,nonsyn,common,7500,0.00142897794921016,0.026998079062004,0.00324909857893784,10364436,0.05,0.01,0,6,6,0.5,0.5,0.5,0,1
274,syn,common,7500,0.00148102387440043,0.0269787696561399,0.00381860249575626,1953892,0.05,0.01,0,6,6,0.5,0.5,0.5,0,1
275,nonsyn,int,7500,5.56139350204606e-4,0.0162428886638276,-0.151247159117975,9826724,0.05,0.01,0,6,6,0.5,0.5,0.5,0,1
276,syn,int,7500,5.70441691325508e-4,0.0162114825958026,-0.150922410874218,1845180,0.05,0.01,0,6,6,0.5,0.5,0.5,0,1
277,nonsyn,rare,10000,1.12801092499472e-4,0.0144419405754858,-0.668709068054386,2873411,0.05,0.01,0,6,6,0.5,0.5,0.5,0,1
278,syn,rare,10000,1.14780270924566e-4,0.0143482864719341,-0.668880779327511,538231,0.05,0.01,0,6,6,0.5,0.5,0.5,0,1
279,nonsyn,common,10000,7.35149723260449e-4,0.0192266736100897,-0.00140486335700512,3775933,0.05,0.01,0,6,6,0.5,0.5,0.5,0,1
280,syn,common,10000,7.19502314570612e-4,0.0192226451201882,-0.00163668662260792,710931,0.05,0.01,0,6,6,0.5,0.5,0.5,0,1
281,nonsyn,int,10000,3.02203890064294e-4,0.0143946701061596,-0.168675715014055,3307606,0.05,0.01,0,6,6,0.5,0.5,0.5,0,1
282,syn,int,10000,2.94922759942194e-4,0.0142908821672829,-0.169295278829667,624158,0.05,0.01,0,6,6,0.5,0.5,0.5,0,1
1,syn,rare,10,0.00226334489937543,0.235893231173729,-0.505084256117751,7205,0.05,0.01,0.01,6,6,0.5,0.5,0.5,0,1
2,nonsyn,rare,10,3.14015151515152e-4,0.0554690455539437,-0.827086656034025,792,0.05,0.01,0.01,6,6,0.5,0.5,0.5,0,1
3,syn,common,10,0.00399987083440971,0.724443832125239,-0.0232316580953609,7742,0.05,0.01,0.01,6,6,0.5,0.5,0.5,0,1
4,nonsyn,common,10,0.0204371621621622,0.656207254439931,0.052046677046677,148,0.05,0.01,0.01,6,6,0.5,0.5,0.5,0,1
5,syn,int,10,0.00790309016509101,0.480730897839472,-0.153863861118935,7087,0.05,0.01,0.01,6,6,0.5,0.5,0.5,0,1
6,nonsyn,int,10,0.00345432098765432,0.36461361793265,-0.278581753335178,162,0.05,0.01,0.01,6,6,0.5,0.5,0.5,0,1
7,syn,rare,15,0.0025828349626222,0.228487891644971,-0.483634607211536,3478,0.05,0.01,0.01,6,6,0.5,0.5,0.5,0,1
8,nonsyn,rare,15,9.7843137254902e-4,0.0617637529351678,-0.772519534129441,357,0.05,0.01,0.01,6,6,0.5,0.5,0.5,0,1
9,syn,common,15,0.00543625167336011,0.686574333724039,-0.0141560177812302,3735,0.05,0.01,0.01,6,6,0.5,0.5,0.5,0,1
10,nonsyn,common,15,0.00155194805194805,0.617020125597044,-0.0219400983364366,77,0.05,0.01,0.01,6,6,0.5,0.5,0.5,0,1
11,syn,int,15,0.00761470504417213,0.43792690630377,-0.16610102148647,3509,0.05,0.01,0.01,6,6,0.5,0.5,0.5,0,1
12,nonsyn,int,15,0.0105070422535211,0.390723440500686,-0.23943661971831,71,0.05,0.01,0.01,6,6,0.5,0.5,0.5,0,1
13,syn,rare,20,0.00182184012066365,0.193918163608729,-0.562319688450158,3315,0.05,0.01,0.01,6,6,0.5,0.5,0.5,0,1
14,nonsyn,rare,20,3.72282608695652e-4,0.0424713102884578,-0.850686498855835,368,0.05,0.01,0.01,6,6,0.5,0.5,0.5,0,1
15,syn,common,20,0.00909197860962567,0.666459198702053,0.00878931335147786,3740,0.05,0.01,0.01,6,6,0.5,0.5,0.5,0,1
16,nonsyn,common,20,0.0210206896551724,0.636187702022307,0.113898792944242,58,0.05,0.01,0.01,6,6,0.5,0.5,0.5,0,1
17,syn,int,20,0.00644018072289157,0.435452064940251,-0.167297801579651,3320,0.05,0.01,0.01,6,6,0.5,0.5,0.5,0,1
18,nonsyn,int,20,0.00616164383561644,0.375850261590393,-0.213818316714044,73,0.05,0.01,0.01,6,6,0.5,0.5,0.5,0,1
19,syn,rare,25,0.00193994732221247,0.193340036721587,-0.542212601520607,3417,0.05,0.01,0.01,6,6,0.5,0.5,0.5,0,1
20,nonsyn,rare,25,0.00111364902506964,0.0712317890539654,-0.784165637653275,359,0.05,0.01,0.01,6,6,0.5,0.5,0.5,0,1
21,syn,common,25,0.0120275842696629,0.640398870106378,0.0203325462485806,3560,0.05,0.01,0.01,6,6,0.5,0.5,0.5,0,1
22,nonsyn,common,25,0.01522625,0.624926697235022,0.0136056749582763,80,0.05,0.01,0.01,6,6,0.5,0.5,0.5,0,1
23,syn,int,25,0.00576721728081321,0.400150046465686,-0.201752405668916,3148,0.05,0.01,0.01,6,6,0.5,0.5,0.5,0,1
24,nonsyn,int,25,-7.2258064516129e-4,0.41391938034879,-0.302106939883308,93,0.05,0.01,0.01,6,6,0.5,0.5,0.5,0,1
25,syn,rare,50,0.00178755544898693,0.169862181420396,-0.562799827267846,16682,0.05,0.01,0.01,6,6,0.5,0.5,0.5,0,1
26,nonsyn,rare,50,4.02403058438012e-4,0.0528394188782187,-0.821707220676561,1831,0.05,0.01,0.01,6,6,0.5,0.5,0.5,0,1
27,syn,common,50,0.00845228793309438,0.594123169162214,0.00220183900529927,16740,0.05,0.01,0.01,6,6,0.5,0.5,0.5,0,1
28,nonsyn,common,50,0.0179348837209302,0.603572799569679,0.0426876740254461,344,0.05,0.01,0.01,6,6,0.5,0.5,0.5,0,1
29,syn,int,50,0.00662085648904871,0.366666860578025,-0.196622806470182,15295,0.05,0.01,0.01,6,6,0.5,0.5,0.5,0,1
30,nonsyn,int,50,0.00755945945945946,0.274054571564133,-0.281282175018267,333,0.05,0.01,0.01,6,6,0.5,0.5,0.5,0,1
31,syn,rare,75,0.001691160462934,0.146127802559297,-0.576010657223181,15985,0.05,0.01,0.01,6,6,0.5,0.5,0.5,0,1
32,nonsyn,rare,75,4.52470187393527e-4,0.0480367360833196,-0.817783318747499,1761,0.05,0.01,0.01,6,6,0.5,0.5,0.5,0,1
33,syn,common,75,0.00630411835519229,0.524035535948573,-0.00447904989897731,15783,0.05,0.01,0.01,6,6,0.5,0.5,0.5,0,1
34,nonsyn,common,75,0.0412835866261398,0.517243145326604,0.163548080317331,329,0.05,0.01,0.01,6,6,0.5,0.5,0.5,0,1
35,syn,int,75,0.00651025694013915,0.309671824869483,-0.204287802592134,14517,0.05,0.01,0.01,6,6,0.5,0.5,0.5,0,1
36,nonsyn,int,75,0.00500344827586207,0.273719267268885,-0.239603476013924,348,0.05,0.01,0.01,6,6,0.5,0.5,0.5,0,1
37,syn,rare,100,0.00151927840945182,0.125706741202554,-0.583812235777732,15743,0.05,0.01,0.01,6,6,0.5,0.5,0.5,0,1
38,nonsyn,rare,100,6.80152256661229e-4,0.046353273223599,-0.820913821581157,1839,0.05,0.01,0.01,6,6,0.5,0.5,0.5,0,1
39,syn,common,100,0.00852587665438668,0.466022568493518,0.0102420167498441,14658,0.05,0.01,0.01,6,6,0.5,0.5,0.5,0,1
40,nonsyn,common,100,0.0114503012048193,0.446153966947031,0.0186502594945481,332,0.05,0.01,0.01,6,6,0.5,0.5,0.5,0,1
41,syn,int,100,0.00649789314733587,0.26284231160282,-0.202548412461497,13907,0.05,0.01,0.01,6,6,0.5,0.5,0.5,0,1
42,nonsyn,int,100,0.00421706586826347,0.222882983213379,-0.254451711211511,334,0.05,0.01,0.01,6,6,0.5,0.5,0.5,0,1
43,syn,rare,125,0.00161003357438017,0.112927386117776,-0.594951602363932,15488,0.05,0.01,0.01,6,6,0.5,0.5,0.5,0,1
44,nonsyn,rare,125,5.22568093385214e-4,0.0467999023906616,-0.807692557692791,1799,0.05,0.01,0.01,6,6,0.5,0.5,0.5,0,1
45,syn,common,125,0.00953466732311155,0.423465527613762,0.020298674380789,14218,0.05,0.01,0.01,6,6,0.5,0.5,0.5,0,1
46,nonsyn,common,125,0.0170520833333333,0.409186544515441,0.0339113983128003,288,0.05,0.01,0.01,6,6,0.5,0.5,0.5,0,1
47,syn,int,125,0.00575061287027579,0.234142802967786,-0.217249104480149,13706,0.05,0.01,0.01,6,6,0.5,0.5,0.5,0,1
48,nonsyn,int,125,0.00409407665505227,0.213528569459249,-0.308368700544032,287,0.05,0.01,0.01,6,6,0.5,0.5,0.5,0,1
49,syn,rare,150,0.00148774897146216,0.105204466524792,-0.6065384474528,15313,0.05,0.01,0.01,6,6,0.5,0.5,0.5,0,1
50,nonsyn,rare,150,5.23970671178793e-4,0.0470052257834251,-0.818836352698216,1773,0.05,0.01,0.01,6,6,0.5,0.5,0.5,0,1
51,syn,common,150,0.00662284482758621,0.389728630514089,-1.68981482649036e-4,13688,0.05,0.01,0.01,6,6,0.5,0.5,0.5,0,1
52,nonsyn,common,150,0.0187555900621118,0.388764619835954,0.0524661258644283,322,0.05,0.01,0.01,6,6,0.5,0.5,0.5,0,1
53,syn,int,150,0.00494055448594532,0.205355634929954,-0.229570599459856,12985,0.05,0.01,0.01,6,6,0.5,0.5,0.5,0,1
54,nonsyn,int,150,0.00421107382550335,0.186475853213983,-0.313942361105557,298,0.05,0.01,0.01,6,6,0.5,0.5,0.5,0,1
55,syn,rare,175,0.00129711634073583,0.0911220687827693,-0.616321131360477,15085,0.05,0.01,0.01,6,6,0.5,0.5,0.5,0,1
56,nonsyn,rare,175,4.53035714285714e-4,0.039543913367811503,-0.818230163047443,1680,0.05,0.01,0.01,6,6,0.5,0.5,0.5,0,1
57,syn,common,175,0.00778595455886692,0.357133694734212,0.0111350427599743,13556,0.05,0.01,0.01,6,6,0.5,0.5,0.5,0,1
58,nonsyn,common,175,0.0148651685393258,0.374110810110484,0.00110594721917802,267,0.05,0.01,0.01,6,6,0.5,0.5,0.5,0,1
59,syn,int,175,0.00522214307835243,0.192859810116176,-0.216911921663609,12916,0.05,0.01,0.01,6,6,0.5,0.5,0.5,0,1
60,nonsyn,int,175,0.00548073394495413,0.150822227322284,-0.27459565713874,327,0.05,0.01,0.01,6,6,0.5,0.5,0.5,0,1
61,syn,rare,200,0.00132633350937417,0.0895374649364033,-0.626815795701016,15148,0.05,0.01,0.01,6,6,0.5,0.5,0.5,0,1
62,nonsyn,rare,200,3.64699074074074e-4,0.0392267637610405,-0.831880131959729,1728,0.05,0.01,0.01,6,6,0.5,0.5,0.5,0,1
63,syn,common,200,0.0074193190397101,0.335914855740028,0.00601015365336331,13246,0.05,0.01,0.01,6,6,0.5,0.5,0.5,0,1
64,nonsyn,common,200,0.0155845878136201,0.339608242001594,0.0520487134313618,279,0.05,0.01,0.01,6,6,0.5,0.5,0.5,0,1
65,syn,int,200,0.00503804322384333,0.174553225245436,-0.221373397578286,12817,0.05,0.01,0.01,6,6,0.5,0.5,0.5,0,1
66,nonsyn,int,200,0.00606118881118881,0.136227900250095,-0.236957603960408,286,0.05,0.01,0.01,6,6,0.5,0.5,0.5,0,1
67,syn,rare,250,0.00119718785151856,0.0801512073101938,-0.629465103496358,29337,0.05,0.01,0.01,6,6,0.5,0.5,0.5,0,1
68,nonsyn,rare,250,5.44214757393052e-4,0.0443039326002613,-0.820786874295484,3483,0.05,0.01,0.01,6,6,0.5,0.5,0.5,0,1
69,syn,common,250,0.00579235794113017,0.303127584863456,5.11190828222814e-4,25412,0.05,0.01,0.01,6,6,0.5,0.5,0.5,0,1
70,nonsyn,common,250,0.021128021978022,0.332915514549716,0.0532725767532726,546,0.05,0.01,0.01,6,6,0.5,0.5,0.5,0,1
71,syn,int,250,0.00418039533504645,0.157634273431316,-0.227337472328944,25295,0.05,0.01,0.01,6,6,0.5,0.5,0.5,0,1
72,nonsyn,int,250,0.00376048951048951,0.136738751417968,-0.300257542237765,572,0.05,0.01,0.01,6,6,0.5,0.5,0.5,0,1
73,syn,rare,300,0.00116012597889002,0.0717794569094577,-0.634933230976963,29370,0.05,0.01,0.01,6,6,0.5,0.5,0.5,0,1
74,nonsyn,rare,300,3.48615916955017e-4,0.0385588442314456,-0.836705269556267,3468,0.05,0.01,0.01,6,6,0.5,0.5,0.5,0,1
75,syn,common,300,0.00520918527459264,0.277422538697964,-0.0040231768722693,24855,0.05,0.01,0.01,6,6,0.5,0.5,0.5,0,1
76,nonsyn,common,300,0.00910406779661017,0.297691993996831,0.0130763649374284,590,0.05,0.01,0.01,6,6,0.5,0.5,0.5,0,1
77,syn,int,300,0.00405772635814889,0.138533745799611,-0.22398769174163,24850,0.05,0.01,0.01,6,6,0.5,0.5,0.5,0,1
78,nonsyn,int,300,0.00164858096828047,0.120754690713239,-0.32074898444506,599,0.05,0.01,0.01,6,6,0.5,0.5,0.5,0,1
79,syn,rare,350,0.00109582216342304,0.0673641272476432,-0.63281061662193006,28723,0.05,0.01,0.01,6,6,0.5,0.5,0.5,0,1
80,nonsyn,rare,350,3.24338470485606e-4,0.0359313591258314,-0.825155584004637,3439,0.05,0.01,0.01,6,6,0.5,0.5,0.5,0,1
81,syn,common,350,0.0067697430626927,0.250122349265007,0.0108804696002084,24325,0.05,0.01,0.01,6,6,0.5,0.5,0.5,0,1
82,nonsyn,common,350,0.0227813913043478,0.283895244743777,0.0846621460746185,575,0.05,0.01,0.01,6,6,0.5,0.5,0.5,0,1
83,syn,int,350,0.00370508783559828,0.121858990333728,-0.228239229665858,24136,0.05,0.01,0.01,6,6,0.5,0.5,0.5,0,1
84,nonsyn,int,350,0.00119641577060932,0.110772341647838,-0.278946374855803,558,0.05,0.01,0.01,6,6,0.5,0.5,0.5,0,1
85,syn,rare,400,0.00103360142051389,0.0606206171703308,-0.641714266372858,28722,0.05,0.01,0.01,6,6,0.5,0.5,0.5,0,1
86,nonsyn,rare,400,3.80652680652681e-4,0.0363047571227147,-0.82615708904399,3432,0.05,0.01,0.01,6,6,0.5,0.5,0.5,0,1
87,syn,common,400,0.00427282705052978,0.230342078158855,-0.00671233523371895,23689,0.05,0.01,0.01,6,6,0.5,0.5,0.5,0,1
88,nonsyn,common,400,0.0160141361256545,0.26805370089679,0.0541861540353095,573,0.05,0.01,0.01,6,6,0.5,0.5,0.5,0,1
89,syn,int,400,0.00287167488723072,0.10781825076969,-0.232044227169168,23721,0.05,0.01,0.01,6,6,0.5,0.5,0.5,0,1
90,nonsyn,int,400,0.00102695810564663,0.0871168086848996,-0.334670541831076,549,0.05,0.01,0.01,6,6,0.5,0.5,0.5,0,1
91,syn,rare,450,8.81827446845897e-4,0.0574405558621361,-0.64870291497154,28455,0.05,0.01,0.01,6,6,0.5,0.5,0.5,0,1
92,nonsyn,rare,450,5.34868035190616e-4,0.0406169854830071,-0.811114135634014,3410,0.05,0.01,0.01,6,6,0.5,0.5,0.5,0,1
93,syn,common,450,0.00518157506843546,0.218867965556939,0.00447847549338483,23745,0.05,0.01,0.01,6,6,0.5,0.5,0.5,0,1
94,nonsyn,common,450,0.0159312260536398,0.244871269860397,0.0539661062731406,522,0.05,0.01,0.01,6,6,0.5,0.5,0.5,0,1
95,syn,int,450,0.00314781200732882,0.103167024627778,-0.217576911695321,23469,0.05,0.01,0.01,6,6,0.5,0.5,0.5,0,1
96,nonsyn,int,450,0.00170841121495327,0.0998659279856709,-0.31274604401957,535,0.05,0.01,0.01,6,6,0.5,0.5,0.5,0,1
97,syn,rare,500,9.17848239053338e-4,0.0548333020623702,-0.646487138433279,28479,0.05,0.01,0.01,6,6,0.5,0.5,0.5,0,1
98,nonsyn,rare,500,3.96105783202557e-4,0.0362909087431595,-0.830476968834664,3441,0.05,0.01,0.01,6,6,0.5,0.5,0.5,0,1
99,syn,common,500,0.00545611196712892,0.206307291512002,0.00625792226054932,23364,0.05,0.01,0.01,6,6,0.5,0.5,0.5,0,1
100,nonsyn,common,500,0.0162373517786561,0.226217299623103,0.0416338897322713,506,0.05,0.01,0.01,6,6,0.5,0.5,0.5,0,1
101,syn,int,500,0.00300158805506408,0.094816494329254,-0.226728223200957,23173,0.05,0.01,0.01,6,6,0.5,0.5,0.5,0,1
102,nonsyn,int,500,0.00332254545454545,0.0829329124151638,-0.260115407144198,550,0.05,0.01,0.01,6,6,0.5,0.5,0.5,0,1
103,syn,rare,550,8.136480748993e-4,0.0509665030772548,-0.651169566552491,27557,0.05,0.01,0.01,6,6,0.5,0.5,0.5,0,1
104,nonsyn,rare,550,4.7728387492336e-4,0.0386020705222478,-0.819330914044845,3262,0.05,0.01,0.01,6,6,0.5,0.5,0.5,0,1
105,syn,common,550,0.00584702024647887,0.192028414392132,0.00763629123705236,22720,0.05,0.01,0.01,6,6,0.5,0.5,0.5,0,1
106,nonsyn,common,550,0.00723863216266174,0.242521443280141,0.0135199090738722,541,0.05,0.01,0.01,6,6,0.5,0.5,0.5,0,1
107,syn,int,550,0.00291622661304424,0.0886558893368837,-0.220801394378256,22876,0.05,0.01,0.01,6,6,0.5,0.5,0.5,0,1
108,nonsyn,int,550,0.00325944444444444,0.0813125429744391,-0.284261610202284,540,0.05,0.01,0.01,6,6,0.5,0.5,0.5,0,1
109,syn,rare,600,7.99370839125028e-4,0.0503823416087072,-0.653337308265241,27338,0.05,0.01,0.01,6,6,0.5,0.5,0.5,0,1
110,nonsyn,rare,600,4.12172341066586e-4,0.033147167266632,-0.842997614795388,3319,0.05,0.01,0.01,6,6,0.5,0.5,0.5,0,1
111,syn,common,600,0.0053539299679276,0.182125518334171,0.00730132011389539,22761,0.05,0.01,0.01,6,6,0.5,0.5,0.5,0,1
112,nonsyn,common,600,0.0180996212121212,0.222744966189642,0.0596675613917013,528,0.05,0.01,0.01,6,6,0.5,0.5,0.5,0,1
113,syn,int,600,0.0027234554182594,0.083163525055858,-0.221685318036626,22498,0.05,0.01,0.01,6,6,0.5,0.5,0.5,0,1
114,nonsyn,int,600,9.17152658662093e-4,0.0707507733506383,-0.301723392299965,583,0.05,0.01,0.01,6,6,0.5,0.5,0.5,0,1
115,syn,rare,650,6.61051412858642e-4,0.0447842257708541,-0.664293910287642,27639,0.05,0.01,0.01,6,6,0.5,0.5,0.5,0,1
116,nonsyn,rare,650,1.54740061162079e-4,0.0278080467942212,-0.84358891779621,3270,0.05,0.01,0.01,6,6,0.5,0.5,0.5,0,1
117,syn,common,650,0.0063496013409441,0.17608348474955,0.0150494658887834,22074,0.05,0.01,0.01,6,6,0.5,0.5,0.5,0,1
118,nonsyn,common,650,0.0121240384615385,0.223337346598508,0.0316788857115324,520,0.05,0.01,0.01,6,6,0.5,0.5,0.5,0,1
119,syn,int,650,0.00271399865138233,0.076906834056831,-0.218827981887445,22245,0.05,0.01,0.01,6,6,0.5,0.5,0.5,0,1
120,nonsyn,int,650,0.0030043795620438,0.0739236370978806,-0.25542442306002,548,0.05,0.01,0.01,6,6,0.5,0.5,0.5,0,1
121,syn,rare,700,6.61069124423963e-4,0.0429914568844812,-0.65480211112494,27125,0.05,0.01,0.01,6,6,0.5,0.5,0.5,0,1
122,nonsyn,rare,700,4.26414523449319e-4,0.037639430667272,-0.821920276924564,3305,0.05,0.01,0.01,6,6,0.5,0.5,0.5,0,1
123,syn,common,700,0.00719898506661897,0.16919007287718,0.0197972341704979,22366,0.05,0.01,0.01,6,6,0.5,0.5,0.5,0,1
124,nonsyn,common,700,0.00981827956989247,0.198141947923722,0.0208902070253566,465,0.05,0.01,0.01,6,6,0.5,0.5,0.5,0,1
125,syn,int,700,0.00298201074928865,0.075943135976965,-0.199942382856222,22141,0.05,0.01,0.01,6,6,0.5,0.5,0.5,0,1
126,nonsyn,int,700,0.00248112840466926,0.0766788956129733,-0.29620364465438,514,0.05,0.01,0.01,6,6,0.5,0.5,0.5,0,1
127,syn,rare,750,6.50948766603416e-4,0.041876250420043,-0.655686969051387,27404,0.05,0.01,0.01,6,6,0.5,0.5,0.5,0,1
128,nonsyn,rare,750,3.7433764633395e-4,0.0361544681190091,-0.8287365611897,3246,0.05,0.01,0.01,6,6,0.5,0.5,0.5,0,1
129,syn,common,750,0.00590640329441578,0.160885359521466,0.00937562649647063,22098,0.05,0.01,0.01,6,6,0.5,0.5,0.5,0,1
130,nonsyn,common,750,0.0128899209486166,0.194989066041734,0.0393763972011914,506,0.05,0.01,0.01,6,6,0.5,0.5,0.5,0,1
131,syn,int,750,0.00266959318655432,0.0709093914207447,-0.203912022485309,22074,0.05,0.01,0.01,6,6,0.5,0.5,0.5,0,1
132,nonsyn,int,750,0.00364243542435424,0.077192782376459,-0.28990392631599,542,0.05,0.01,0.01,6,6,0.5,0.5,0.5,0,1
133,syn,rare,800,6.27535805014543e-4,0.0430205570307955,-0.663059952350493,27161,0.05,0.01,0.01,6,6,0.5,0.5,0.5,0,1
134,nonsyn,rare,800,2.7884262094305e-4,0.0335763546332606,-0.835040410211249,3266,0.05,0.01,0.01,6,6,0.5,0.5,0.5,0,1
135,syn,common,800,0.00532217292850871,0.154611973438593,0.0100605998167876,21639,0.05,0.01,0.01,6,6,0.5,0.5,0.5,0,1
136,nonsyn,common,800,0.0188682879377432,0.194683520163156,0.0913148721607847,514,0.05,0.01,0.01,6,6,0.5,0.5,0.5,0,1
137,syn,int,800,0.00253111202148482,0.0676628718632295,-0.206625436149987,21969,0.05,0.01,0.01,6,6,0.5,0.5,0.5,0,1
138,nonsyn,int,800,4.79032258064516e-4,0.0661441913271409,-0.379962862190933,496,0.05,0.01,0.01,6,6,0.5,0.5,0.5,0,1
139,syn,rare,850,5.63629207586776e-4,0.039155442706481,-0.656788666414149,26678,0.05,0.01,0.01,6,6,0.5,0.5,0.5,0,1
140,nonsyn,rare,850,4.31281744846131e-4,0.0399731105558711,-0.817502620124054,3347,0.05,0.01,0.01,6,6,0.5,0.5,0.5,0,1
141,syn,common,850,0.00565280259199259,0.147748274023118,0.0138068195491119,21605,0.05,0.01,0.01,6,6,0.5,0.5,0.5,0,1
142,nonsyn,common,850,0.0155036328871893,0.185348288530126,0.0478619329402659,523,0.05,0.01,0.01,6,6,0.5,0.5,0.5,0,1
143,syn,int,850,0.00238465090506095,0.0636743800613961,-0.203385594782808,21656,0.05,0.01,0.01,6,6,0.5,0.5,0.5,0,1
144,nonsyn,int,850,0.00346361829025845,0.0594463574244052,-0.253070583138234,503,0.05,0.01,0.01,6,6,0.5,0.5,0.5,0,1
145,syn,rare,900,5.72965829714933e-4,0.0387033678396073,-0.660264224137656,26485,0.05,0.01,0.01,6,6,0.5,0.5,0.5,0,1
146,nonsyn,rare,900,2.96309963099631e-4,0.0310917099830358,-0.83087696038010606,3252,0.05,0.01,0.01,6,6,0.5,0.5,0.5,0,1
147,syn,common,900,0.0066827006224165,0.145130686723126,0.0185845215663648,21047,0.05,0.01,0.01,6,6,0.5,0.5,0.5,0,1
148,nonsyn,common,900,0.0179149425287356,0.19497299917295,0.0677735842936038,522,0.05,0.01,0.01,6,6,0.5,0.5,0.5,0,1
149,syn,int,900,0.00240709246022596,0.0628477361603524,-0.201838772691456,21685,0.05,0.01,0.01,6,6,0.5,0.5,0.5,0,1
150,nonsyn,int,900,0.0037583984375,0.0607931078367174,-0.219056751428579,512,0.05,0.01,0.01,6,6,0.5,0.5,0.5,0,1
151,syn,rare,950,6.03968013340408e-4,0.0385446281266803,-0.653531511177355,26386,0.05,0.01,0.01,6,6,0.5,0.5,0.5,0,1
152,nonsyn,rare,950,2.79805352798054e-4,0.0323615213441988,-0.843950624501185,3288,0.05,0.01,0.01,6,6,0.5,0.5,0.5,0,1
153,syn,common,950,0.00375954757152362,0.140562547879841,0.00314221227224174,21042,0.05,0.01,0.01,6,6,0.5,0.5,0.5,0,1
154,nonsyn,common,950,0.0206573560767591,0.171822351078764,0.0935088197150796,469,0.05,0.01,0.01,6,6,0.5,0.5,0.5,0,1
155,syn,int,950,0.00223194115736229,0.0583868231056986,-0.196597549929124,21549,0.05,0.01,0.01,6,6,0.5,0.5,0.5,0,1
156,nonsyn,int,950,9.11985018726584e-5,0.0612006908251155,-0.269025802423063,534,0.05,0.01,0.01,6,6,0.5,0.5,0.5,0,1
157,syn,rare,1000,6.2423987776929e-4,0.0383793412335516,-0.650905276721195,26180,0.05,0.01,0.01,6,6,0.5,0.5,0.5,0,1
158,nonsyn,rare,1000,3.09886048660302e-4,0.0305828970005855,-0.828722237105846,3247,0.05,0.01,0.01,6,6,0.5,0.5,0.5,0,1
159,syn,common,1000,0.00467708978328173,0.138041138556,0.00868066431012903,20672,0.05,0.01,0.01,6,6,0.5,0.5,0.5,0,1
160,nonsyn,common,1000,0.0148379385964912,0.169947185151863,0.0642787169414822,456,0.05,0.01,0.01,6,6,0.5,0.5,0.5,0,1
161,syn,int,1000,0.00240904926085108,0.0583114462589162,-0.192920070028841,21173,0.05,0.01,0.01,6,6,0.5,0.5,0.5,0,1
162,nonsyn,int,1000,6.1057884231537e-4,0.0563858177317441,-0.297937892181137,501,0.05,0.01,0.01,6,6,0.5,0.5,0.5,0,1
163,syn,rare,1050,5.2923325759618e-4,0.036332081040218,-0.661786338690393,25967,0.05,0.01,0.01,6,6,0.5,0.5,0.5,0,1
164,nonsyn,rare,1050,2.77438454347149e-4,0.0305262203892277,-0.83490329361536,3209,0.05,0.01,0.01,6,6,0.5,0.5,0.5,0,1
165,syn,common,1050,0.00483183581589156,0.131501888529769,0.00967133822444456,20879,0.05,0.01,0.01,6,6,0.5,0.5,0.5,0,1
166,nonsyn,common,1050,0.0233436830835118,0.165683478802655,0.127605574006347,467,0.05,0.01,0.01,6,6,0.5,0.5,0.5,0,1
167,syn,int,1050,0.00237481552011426,0.057422114326447,-0.190917874801587,21005,0.05,0.01,0.01,6,6,0.5,0.5,0.5,0,1
168,nonsyn,int,1050,0.00176422764227642,0.0563316567854157,-0.275636478149601,492,0.05,0.01,0.01,6,6,0.5,0.5,0.5,0,1
169,syn,rare,1100,5.18839406207827e-4,0.0353825071660574,-0.658520398932814,25935,0.05,0.01,0.01,6,6,0.5,0.5,0.5,0,1
170,nonsyn,rare,1100,1.73622545915136e-4,0.0276339253292599,-0.839470244351117,3158,0.05,0.01,0.01,6,6,0.5,0.5,0.5,0,1
171,syn,common,1100,0.00493248979591837,0.127475822093073,0.0131817271867724,20825,0.05,0.01,0.01,6,6,0.5,0.5,0.5,0,1
172,nonsyn,common,1100,0.014275751503006,0.15027578145536,0.0470534553847018,499,0.05,0.01,0.01,6,6,0.5,0.5,0.5,0,1
173,syn,int,1100,0.0020489025835506,0.0541279660574659,-0.192087988220627,21095,0.05,0.01,0.01,6,6,0.5,0.5,0.5,0,1
174,nonsyn,int,1100,0.00216646825396825,0.0502957547908508,-0.267492189439125,504,0.05,0.01,0.01,6,6,0.5,0.5,0.5,0,1
175,syn,rare,1150,5.22700457967865e-4,0.0348825240359931,-0.655871330379094,25766,0.05,0.01,0.01,6,6,0.5,0.5,0.5,0,1
176,nonsyn,rare,1150,2.23688344329249e-4,0.0319056327775054,-0.842027852196957,3183,0.05,0.01,0.01,6,6,0.5,0.5,0.5,0,1
177,syn,common,1150,0.00466008411580595,0.126303193792586,0.00826759812520188,20448,0.05,0.01,0.01,6,6,0.5,0.5,0.5,0,1
178,nonsyn,common,1150,0.018904462474645,0.166481725790564,0.0880867104183501,493,0.05,0.01,0.01,6,6,0.5,0.5,0.5,0,1
179,syn,int,1150,0.00199003789150559,0.0502594340218532,-0.191983478184776,20849,0.05,0.01,0.01,6,6,0.5,0.5,0.5,0,1
180,nonsyn,int,1150,0.00122158415841584,0.0493692764753392,-0.258668759006006,505,0.05,0.01,0.01,6,6,0.5,0.5,0.5,0,1
181,syn,rare,1200,5.24026436599652e-4,0.0336710463783021,-0.656749304197803,25268,0.05,0.01,0.01,6,6,0.5,0.5,0.5,0,1
182,nonsyn,rare,1200,2.87652341244387e-4,0.0304956225860002,-0.8364182045849,3118,0.05,0.01,0.01,6,6,0.5,0.5,0.5,0,1
183,syn,common,1200,0.00496907156106609,0.121799106690286,0.0120979076994524,20486,0.05,0.01,0.01,6,6,0.5,0.5,0.5,0,1
184,nonsyn,common,1200,0.0145089430894309,0.161311405290224,0.059051406324084,492,0.05,0.01,0.01,6,6,0.5,0.5,0.5,0,1
185,syn,int,1200,0.00212309724124438,0.0503619831267664,-0.187469685192418,20444,0.05,0.01,0.01,6,6,0.5,0.5,0.5,0,1
186,nonsyn,int,1200,0.00241163793103448,0.0522052477836215,-0.231124976308424,464,0.05,0.01,0.01,6,6,0.5,0.5,0.5,0,1
187,syn,rare,1300,4.6437756444235e-4,0.0329062277673236,-0.662818194912087,50937,0.05,0.01,0.01,6,6,0.5,0.5,0.5,0,1
188,nonsyn,rare,1300,2.1340206185567e-4,0.0274363667736782,-0.835246085832113,6208,0.05,0.01,0.01,6,6,0.5,0.5,0.5,0,1
189,syn,common,1300,0.00474154265873016,0.11698547790467,0.0120891159469192,40320,0.05,0.01,0.01,6,6,0.5,0.5,0.5,0,1
190,nonsyn,common,1300,0.0116261538461538,0.150156110081937,0.04486258108412,975,0.05,0.01,0.01,6,6,0.5,0.5,0.5,0,1
191,syn,int,1300,0.00189251808760266,0.0474953098166163,-0.187496884226431,40912,0.05,0.01,0.01,6,6,0.5,0.5,0.5,0,1
192,nonsyn,int,1300,0.00164949899799599,0.054277986709296,-0.24533152648437,998,0.05,0.01,0.01,6,6,0.5,0.5,0.5,0,1
193,syn,rare,1400,4.4147384912027e-4,0.0315155296967713,-0.663453667741486,49788,0.05,0.01,0.01,6,6,0.5,0.5,0.5,0,1
194,nonsyn,rare,1400,2.59948320413437e-4,0.0304084454890611,-0.832566149134148,6192,0.05,0.01,0.01,6,6,0.5,0.5,0.5,0,1
195,syn,common,1400,0.00461533176136508,0.111444203828886,0.0130646273018815,39441,0.05,0.01,0.01,6,6,0.5,0.5,0.5,0,1
196,nonsyn,common,1400,0.0125657262277952,0.134933672595719,0.0547284008483644,957,0.05,0.01,0.01,6,6,0.5,0.5,0.5,0,1
197,syn,int,1400,0.00170222782578892,0.0449755463657459,-0.181942558049289,40847,0.05,0.01,0.01,6,6,0.5,0.5,0.5,0,1
198,nonsyn,int,1400,0.0012461117196057,0.0509242585397091,-0.254028204573665,913,0.05,0.01,0.01,6,6,0.5,0.5,0.5,0,1
199,syn,rare,1500,4.41147264106791e-4,0.0306225831311156,-0.661829254519494,49143,0.05,0.01,0.01,6,6,0.5,0.5,0.5,0,1
200,nonsyn,rare,1500,2.82760314341847e-4,0.031693503633118,-0.832868675127963,6108,0.05,0.01,0.01,6,6,0.5,0.5,0.5,0,1
201,syn,common,1500,0.00463173681787961,0.105279954320847,0.0114329159342159,39106,0.05,0.01,0.01,6,6,0.5,0.5,0.5,0,1
202,nonsyn,common,1500,0.0157920081967213,0.13610872776932,0.0720722081361054,976,0.05,0.01,0.01,6,6,0.5,0.5,0.5,0,1
203,syn,int,1500,0.00161437252046402,0.0425100465356191,-0.185147831041444,39826,0.05,0.01,0.01,6,6,0.5,0.5,0.5,0,1
204,nonsyn,int,1500,5.89644670050762e-4,0.0393669554172751,-0.304068895547174,985,0.05,0.01,0.01,6,6,0.5,0.5,0.5,0,1
205,syn,rare,1600,4.34611349939322e-4,0.0302321561913157,-0.664019838204568,48617,0.05,0.01,0.01,6,6,0.5,0.5,0.5,0,1
206,nonsyn,rare,1600,2.57663614784673e-4,0.0273330578012003,-0.829763522717722,5898,0.05,0.01,0.01,6,6,0.5,0.5,0.5,0,1
207,syn,common,1600,0.00434513133110088,0.102301657028823,0.0116709608648296,38224,0.05,0.01,0.01,6,6,0.5,0.5,0.5,0,1
208,nonsyn,common,1600,0.0103928721174004,0.134019050920495,0.0366903453000624,954,0.05,0.01,0.01,6,6,0.5,0.5,0.5,0,1
209,syn,int,1600,0.00161416797289781,0.041032042541234,-0.183241577078005,39554,0.05,0.01,0.01,6,6,0.5,0.5,0.5,0,1
210,nonsyn,int,1600,5.96086956521739e-4,0.0413289333949413,-0.248427382397182,920,0.05,0.01,0.01,6,6,0.5,0.5,0.5,0,1
211,syn,rare,1700,3.882416329914e-4,0.0288236489889406,-0.663997341750502,48255,0.05,0.01,0.01,6,6,0.5,0.5,0.5,0,1
212,nonsyn,rare,1700,2.0921682626539e-4,0.0292973726865838,-0.829293874649897,5848,0.05,0.01,0.01,6,6,0.5,0.5,0.5,0,1
213,syn,common,1700,0.00373535318374123,0.0982040123803581,0.0097025055414793,37346,0.05,0.01,0.01,6,6,0.5,0.5,0.5,0,1
214,nonsyn,common,1700,0.00959676025917927,0.12330843250937,0.0293761191991774,926,0.05,0.01,0.01,6,6,0.5,0.5,0.5,0,1
215,syn,int,1700,0.00147868981021593,0.0393991625041333,-0.180174015627509,38254,0.05,0.01,0.01,6,6,0.5,0.5,0.5,0,1
216,nonsyn,int,1700,0.00108460721868365,0.0369279583277194,-0.243912666165614,942,0.05,0.01,0.01,6,6,0.5,0.5,0.5,0,1
217,syn,rare,1800,4.14750784392175e-4,0.0278509217925402,-0.658542009160504,47489,0.05,0.01,0.01,6,6,0.5,0.5,0.5,0,1
218,nonsyn,rare,1800,2.39852786540484e-4,0.027059410850841,-0.832231161288865,5706,0.05,0.01,0.01,6,6,0.5,0.5,0.5,0,1
219,syn,common,1800,0.00412838991190757,0.0933870271076751,0.0111511659442561,36439,0.05,0.01,0.01,6,6,0.5,0.5,0.5,0,1
220,nonsyn,common,1800,0.0113395424836601,0.121874040801489,0.0419317350477005,918,0.05,0.01,0.01,6,6,0.5,0.5,0.5,0,1
221,syn,int,1800,0.00146743155772496,0.0371700846771673,-0.175693405713813,37696,0.05,0.01,0.01,6,6,0.5,0.5,0.5,0,1
222,nonsyn,int,1800,9.21573033707865e-4,0.0361280375174674,-0.269041101426931,890,0.05,0.01,0.01,6,6,0.5,0.5,0.5,0,1
223,syn,rare,1900,3.64824867519711e-4,0.0279791159161855,-0.66353207859879,46422,0.05,0.01,0.01,6,6,0.5,0.5,0.5,0,1
224,nonsyn,rare,1900,1.16437402054675e-4,0.0241695153903907,-0.838982748329033,5743,0.05,0.01,0.01,6,6,0.5,0.5,0.5,0,1
225,syn,common,1900,0.00426191494680703,0.0918422570261245,0.0120663384864426,36001,0.05,0.01,0.01,6,6,0.5,0.5,0.5,0,1
226,nonsyn,common,1900,0.013395704845815,0.11719266078645,0.0596048403955891,908,0.05,0.01,0.01,6,6,0.5,0.5,0.5,0,1
227,syn,int,1900,0.00158345591185045,0.0362215029367946,-0.173994740882007,37391,0.05,0.01,0.01,6,6,0.5,0.5,0.5,0,1
228,nonsyn,int,1900,5.91210045662101e-4,0.033173416515077,-0.231159961727276,876,0.05,0.01,0.01,6,6,0.5,0.5,0.5,0,1
229,syn,rare,2000,3.75298425009207e-4,0.0268079397317163,-0.661565704642306,46159,0.05,0.01,0.01,6,6,0.5,0.5,0.5,0,1
230,nonsyn,rare,2000,2.65367581930912e-4,0.0284463040837433,-0.83215116545032,5645,0.05,0.01,0.01,6,6,0.5,0.5,0.5,0,1
231,syn,common,2000,0.00372158255206871,0.0872748839742862,0.0105319017682762,35626,0.05,0.01,0.01,6,6,0.5,0.5,0.5,0,1
232,nonsyn,common,2000,0.0108729288214702,0.112471949100355,0.0385085280425162,857,0.05,0.01,0.01,6,6,0.5,0.5,0.5,0,1
233,syn,int,2000,0.00136978907517577,0.0343608248457395,-0.174160283391333,36980,0.05,0.01,0.01,6,6,0.5,0.5,0.5,0,1
234,nonsyn,int,2000,2.34564958283671e-4,0.0328477802597809,-0.281146782346717,839,0.05,0.01,0.01,6,6,0.5,0.5,0.5,0,1
235,syn,rare,2500,3.55357932447188e-4,0.0255166043675119,-0.662954945823712,221634,0.05,0.01,0.01,6,6,0.5,0.5,0.5,0,1
236,nonsyn,rare,2500,2.01208929763406e-4,0.0265813469880235,-0.831154898469153,26966,0.05,0.01,0.01,6,6,0.5,0.5,0.5,0,1
237,syn,common,2500,0.00395378268469094,0.078694937858196,0.0131938729313622,169919,0.05,0.01,0.01,6,6,0.5,0.5,0.5,0,1
238,nonsyn,common,2500,0.0106639906651109,0.0997585656590353,0.0479848851049993,4285,0.05,0.01,0.01,6,6,0.5,0.5,0.5,0,1
239,syn,int,2500,0.00132273378777961,0.0320519499148971,-0.169276825501101,177212,0.05,0.01,0.01,6,6,0.5,0.5,0.5,0,1
240,nonsyn,int,2500,6.22128985854711e-4,0.0310417431897552,-0.240337392625698,4171,0.05,0.01,0.01,6,6,0.5,0.5,0.5,0,1
241,syn,rare,3000,2.64249986735673e-4,0.0225885028222221,-0.66805634130785,207323,0.05,0.01,0.01,6,6,0.5,0.5,0.5,0,1
242,nonsyn,rare,3000,2.66115572967679e-4,0.028060604502577,-0.825310690460291,25525,0.05,0.01,0.01,6,6,0.5,0.5,0.5,0,1
243,syn,common,3000,0.00359329464984444,0.0660937313568284,0.0131848425837328,157173,0.05,0.01,0.01,6,6,0.5,0.5,0.5,0,1
244,nonsyn,common,3000,0.00943973360140739,0.0836226945343048,0.0464065078002282,3979,0.05,0.01,0.01,6,6,0.5,0.5,0.5,0,1
245,syn,int,3000,0.00121494129040068,0.0277788424446984,-0.161890374702947,165220,0.05,0.01,0.01,6,6,0.5,0.5,0.5,0,1
246,nonsyn,int,3000,5.08761711825779e-4,0.0279130877978322,-0.23507612817553,3949,0.05,0.01,0.01,6,6,0.5,0.5,0.5,0,1
247,syn,rare,3500,2.60794174737126e-4,0.0212675271250607,-0.66299472800019,192678,0.05,0.01,0.01,6,6,0.5,0.5,0.5,0,1
248,nonsyn,rare,3500,1.71467507026659e-4,0.0250531927749086,-0.829449547646835,23482,0.05,0.01,0.01,6,6,0.5,0.5,0.5,0,1
249,syn,common,3500,0.00317795126403717,0.0565726768218953,0.0116254438126347,144616,0.05,0.01,0.01,6,6,0.5,0.5,0.5,0,1
250,nonsyn,common,3500,0.00740565343150145,0.0696009820398,0.0336983029635916,3803,0.05,0.01,0.01,6,6,0.5,0.5,0.5,0,1
251,syn,int,3500,0.00111595986700111,0.0246222394289149,-0.157858969596471,154287,0.05,0.01,0.01,6,6,0.5,0.5,0.5,0,1
252,nonsyn,int,3500,3.16087962962963e-4,0.0251669266405417,-0.237306818012676,3456,0.05,0.01,0.01,6,6,0.5,0.5,0.5,0,1
253,syn,rare,4000,2.41479224807926e-4,0.0201617267486083,-0.665720969318806,179878,0.05,0.01,0.01,6,6,0.5,0.5,0.5,0,1
254,nonsyn,rare,4000,1.7345124591221e-4,0.0239126785779848,-0.824422556752693,21711,0.05,0.01,0.01,6,6,0.5,0.5,0.5,0,1
255,syn,common,4000,0.002807378341761,0.0482362245675007,0.0110585541730087,135071,0.05,0.01,0.01,6,6,0.5,0.5,0.5,0,1
256,nonsyn,common,4000,0.00708248933901919,0.0592027605591505,0.035871810471264,3752,0.05,0.01,0.01,6,6,0.5,0.5,0.5,0,1
257,syn,int,4000,8.72441586669082e-4,0.0220549481989217,-0.157690291890749,143546,0.05,0.01,0.01,6,6,0.5,0.5,0.5,0,1
258,nonsyn,int,4000,1.93572889278411e-4,0.022674456862317,-0.219437847264357,3423,0.05,0.01,0.01,6,6,0.5,0.5,0.5,0,1
259,syn,rare,4500,2.11542827626387e-4,0.0186684815387262,-0.667139017320785,166493,0.05,0.01,0.01,6,6,0.5,0.5,0.5,0,1
260,nonsyn,rare,4500,1.79786693753174e-4,0.02349194769722,-0.828445531566943,19690,0.05,0.01,0.01,6,6,0.5,0.5,0.5,0,1
261,syn,common,4500,0.00244015710240453,0.0417390764460284,0.00998169345791539,125014,0.05,0.01,0.01,6,6,0.5,0.5,0.5,0,1
262,nonsyn,common,4500,0.00518721890122402,0.0500528098366331,0.0251442187060899,3513,0.05,0.01,0.01,6,6,0.5,0.5,0.5,0,1
263,syn,int,4500,7.50417232679992e-4,0.0200014584928945,-0.161108224796912,133978,0.05,0.01,0.01,6,6,0.5,0.5,0.5,0,1
264,nonsyn,int,4500,2.27970216898673e-4,0.0196965555559807,-0.222106261207774,3089,0.05,0.01,0.01,6,6,0.5,0.5,0.5,0,1
265,syn,rare,5000,1.90151613997547e-4,0.0182482280593619,-0.671483950823648,153284,0.05,0.01,0.01,6,6,0.5,0.5,0.5,0,1
266,nonsyn,rare,5000,1.4067162154831e-4,0.0219649315229759,-0.83169109870679,18433,0.05,0.01,0.01,6,6,0.5,0.5,0.5,0,1
267,syn,common,5000,0.00179713370397993,0.0360688086722329,0.00569543288454481,117992,0.05,0.01,0.01,6,6,0.5,0.5,0.5,0,1
268,nonsyn,common,5000,0.00591684640046634,0.045484203024891,0.030399254674908,3431,0.05,0.01,0.01,6,6,0.5,0.5,0.5,0,1
269,syn,int,5000,6.81272549160156e-4,0.0191043242129723,-0.159965051469548,125559,0.05,0.01,0.01,6,6,0.5,0.5,0.5,0,1
270,nonsyn,int,5000,3.21299397186872e-4,0.0203151607354325,-0.208365288709361,2986,0.05,0.01,0.01,6,6,0.5,0.5,0.5,0,1
271,syn,rare,7500,1.2310148802769e-4,0.0161467125155718,-0.684343593327759,563968,0.05,0.01,0.01,6,6,0.5,0.5,0.5,0,1
272,nonsyn,rare,7500,1.25604400351337e-4,0.0207350961692358,-0.834524536175843,69449,0.05,0.01,0.01,6,6,0.5,0.5,0.5,0,1
273,syn,common,7500,0.00129264655787698,0.0266419298224056,0.00168449132980218,493184,0.05,0.01,0.01,6,6,0.5,0.5,0.5,0,1
274,nonsyn,common,7500,0.00160658649602824,0.0273857209299724,-4.18398444861986e-4,9064,0.05,0.01,0.01,6,6,0.5,0.5,0.5,0,1
275,syn,int,7500,4.7086431998275e-4,0.0167813622553301,-0.175297085349378,463775,0.05,0.01,0.01,6,6,0.5,0.5,0.5,0,1
276,nonsyn,int,7500,1.89258890598136e-4,0.0176376465580033,-0.225027613313627,11051,0.05,0.01,0.01,6,6,0.5,0.5,0.5,0,1
277,syn,rare,10000,8.07218339579325e-5,0.0146771255915005,-0.703423429269661,207333,0.05,0.01,0.01,6,6,0.5,0.5,0.5,0,1
278,nonsyn,rare,10000,1.04673087911191e-4,0.0190733899780234,-0.837838779948548,24502,0.05,0.01,0.01,6,6,0.5,0.5,0.5,0,1
279,syn,common,10000,6.37687615417861e-4,0.0191478077029306,-0.00337943714980259,203608,0.05,0.01,0.01,6,6,0.5,0.5,0.5,0,1
280,nonsyn,common,10000,1.94310296974744e-4,0.0198541557583248,-0.00900217315498412,3603,0.05,0.01,0.01,6,6,0.5,0.5,0.5,0,1
281,syn,int,10000,2.09312592085732e-4,0.0147611957784794,-0.188001240001342,181217,0.05,0.01,0.01,6,6,0.5,0.5,0.5,0,1
282,nonsyn,int,10000,-1.82374429223744e-4,0.0148643608279283,-0.229497147363396,4380,0.05,0.01,0.01,6,6,0.5,0.5,0.5,0,1
