"","site_type","allele_freq","dist_bin","mean_D","mean_r2","mean_D_prime","num_pairs","s_ben","s_del","rho_exp","mu_exp","theta","h_del","h_ben","model","num_sites"
"847","nonsyn","int",10,0.00308796786204194,0.155076459879115,-0.606514202417699,5103,0.1,0.001,6,6,0,0.5,0.5,1,10
"848","syn","int",10,0.0059906850849356,0.307397769735437,-0.346971395730815,5357,0.1,0.001,6,6,0,0.5,0.5,1,10
"849","nonsyn","common",10,0.0936050470487596,0.705489560330741,0.298186603129878,1169,0.1,0.001,6,6,0,0.5,0.5,1,10
"850","syn","common",10,0.0118829837518464,0.668047171841376,-3.27292258776021e-05,3385,0.1,0.001,6,6,0,0.5,0.5,1,10
"851","nonsyn","rare",10,0.000832580153779196,0.0562773576118012,-0.856191937630062,27572,0.1,0.001,6,6,0,0.5,0.5,1,10
"852","syn","rare",10,0.00118138682516097,0.108011143511086,-0.70929890455493,10095,0.1,0.001,6,6,0,0.5,0.5,1,10
"853","nonsyn","int",15,0.00441422204213938,0.163128914372129,-0.594461084203602,2468,0.1,0.001,6,6,0,0.5,0.5,1,10
"854","syn","int",15,0.00600267722473605,0.291693516983637,-0.349220237646198,2652,0.1,0.001,6,6,0,0.5,0.5,1,10
"855","nonsyn","common",15,0.159864588528678,0.810470163905298,0.606488388473749,802,0.1,0.001,6,6,0,0.5,0.5,1,10
"856","syn","common",15,0.0152046706586826,0.629143218181294,0.0246451721325389,1670,0.1,0.001,6,6,0,0.5,0.5,1,10
"857","nonsyn","rare",15,0.000758745149718134,0.0545214213599828,-0.858447739703643,13659,0.1,0.001,6,6,0,0.5,0.5,1,10
"858","syn","rare",15,0.00151611757743145,0.106380246643661,-0.685182148187248,5069,0.1,0.001,6,6,0,0.5,0.5,1,10
"859","nonsyn","int",20,0.00279602784602785,0.150252662131569,-0.607951010066855,2442,0.1,0.001,6,6,0,0.5,0.5,1,10
"860","syn","int",20,0.00498003861003861,0.266412686506791,-0.360522455050292,2590,0.1,0.001,6,6,0,0.5,0.5,1,10
"861","nonsyn","common",20,0.125207320644217,0.732588071615596,0.452070065012533,683,0.1,0.001,6,6,0,0.5,0.5,1,10
"862","syn","common",20,0.0145625463535229,0.613808015059487,0.0231458332916015,1618,0.1,0.001,6,6,0,0.5,0.5,1,10
"863","nonsyn","rare",20,0.000882673159386583,0.0570534289596998,-0.852638629010915,13759,0.1,0.001,6,6,0,0.5,0.5,1,10
"864","syn","rare",20,0.00122072653884965,0.102026610156568,-0.712453477164184,4955,0.1,0.001,6,6,0,0.5,0.5,1,10
"865","nonsyn","int",25,0.00430660225442834,0.159550286906329,-0.571854441917787,2484,0.1,0.001,6,6,0,0.5,0.5,1,10
"866","syn","int",25,0.0036454820415879,0.262515979898593,-0.359039229905025,2645,0.1,0.001,6,6,0,0.5,0.5,1,10
"867","nonsyn","common",25,0.133938552631579,0.75749472647915,0.47115738521062,760,0.1,0.001,6,6,0,0.5,0.5,1,10
"868","syn","common",25,0.0124248,0.594540024471197,-0.00492202572202455,1625,0.1,0.001,6,6,0,0.5,0.5,1,10
"869","nonsyn","rare",25,0.000878674751607247,0.0558149541383668,-0.850237926141187,13688,0.1,0.001,6,6,0,0.5,0.5,1,10
"870","syn","rare",25,0.00117812745869394,0.102998004337459,-0.710932545897922,5084,0.1,0.001,6,6,0,0.5,0.5,1,10
"871","nonsyn","int",50,0.00359774130646734,0.139497992893495,-0.605493261245735,12308,0.1,0.001,6,6,0,0.5,0.5,1,10
"872","syn","int",50,0.00438863743888976,0.241020998062988,-0.376971587500306,12682,0.1,0.001,6,6,0,0.5,0.5,1,10
"873","nonsyn","common",50,0.124235358255452,0.712561647669498,0.448315987465311,3210,0.1,0.001,6,6,0,0.5,0.5,1,10
"874","syn","common",50,0.00627664584959667,0.539250349122734,-0.0279711891736099,7686,0.1,0.001,6,6,0,0.5,0.5,1,10
"875","nonsyn","rare",50,0.000794602099264385,0.0533503418709056,-0.857172176335734,68786,0.1,0.001,6,6,0,0.5,0.5,1,10
"876","syn","rare",50,0.00112192263530902,0.0915424824055908,-0.712707252601691,25257,0.1,0.001,6,6,0,0.5,0.5,1,10
"877","nonsyn","int",75,0.00329257036255982,0.130805446905668,-0.605418472331309,12329,0.1,0.001,6,6,0,0.5,0.5,1,10
"878","syn","int",75,0.00423997286728912,0.204138193441363,-0.371164108795697,12531,0.1,0.001,6,6,0,0.5,0.5,1,10
"879","nonsyn","common",75,0.101379161770466,0.634967727135039,0.332312252414124,2553,0.1,0.001,6,6,0,0.5,0.5,1,10
"880","syn","common",75,0.00602628319801844,0.472279723658782,-0.0221765781654325,7267,0.1,0.001,6,6,0,0.5,0.5,1,10
"881","nonsyn","rare",75,0.000775413135747728,0.0523516550666034,-0.85736946451351,68561,0.1,0.001,6,6,0,0.5,0.5,1,10
"882","syn","rare",75,0.000947193640802163,0.0803521918091717,-0.730509662514238,24783,0.1,0.001,6,6,0,0.5,0.5,1,10
"883","nonsyn","int",100,0.00337273102310231,0.125087093572013,-0.599669679840417,12120,0.1,0.001,6,6,0,0.5,0.5,1,10
"884","syn","int",100,0.00398386060306475,0.181004193598532,-0.379969647130054,12138,0.1,0.001,6,6,0,0.5,0.5,1,10
"885","nonsyn","common",100,0.0639387803716055,0.520840479575383,0.170707923266449,2099,0.1,0.001,6,6,0,0.5,0.5,1,10
"886","syn","common",100,0.00842192313228732,0.414026246323175,-0.00858797651905569,6947,0.1,0.001,6,6,0,0.5,0.5,1,10
"887","nonsyn","rare",100,0.000711876161353095,0.0502174304027184,-0.860861505501406,68347,0.1,0.001,6,6,0,0.5,0.5,1,10
"888","syn","rare",100,0.00110303743055274,0.0753964467673765,-0.720900163354758,24659,0.1,0.001,6,6,0,0.5,0.5,1,10
"889","nonsyn","int",125,0.00218434196287355,0.11412322872201,-0.617568991107186,12013,0.1,0.001,6,6,0,0.5,0.5,1,10
"890","syn","int",125,0.00364369297731648,0.166637657732501,-0.381051395554485,11947,0.1,0.001,6,6,0,0.5,0.5,1,10
"891","nonsyn","common",125,0.0230927510398099,0.383355648745125,-0.000667382662394872,1683,0.1,0.001,6,6,0,0.5,0.5,1,10
"892","syn","common",125,0.00656705624543462,0.37146349811016,-0.0127849689704871,6845,0.1,0.001,6,6,0,0.5,0.5,1,10
"893","nonsyn","rare",125,0.000692412568426305,0.0488116241278552,-0.860022984492515,68139,0.1,0.001,6,6,0,0.5,0.5,1,10
"894","syn","rare",125,0.000889901628637904,0.0668215527285237,-0.738160737702846,24499,0.1,0.001,6,6,0,0.5,0.5,1,10
"895","nonsyn","int",150,0.00246907992718848,0.113279036021308,-0.606137845792721,12086,0.1,0.001,6,6,0,0.5,0.5,1,10
"896","syn","int",150,0.00322511403953371,0.150141070239844,-0.39980589997039,11838,0.1,0.001,6,6,0,0.5,0.5,1,10
"897","nonsyn","common",150,0.0184027152317881,0.328670775897826,-0.0221134642375123,1510,0.1,0.001,6,6,0,0.5,0.5,1,10
"898","syn","common",150,0.00785278030993619,0.335144630131984,-0.00609392458278688,6582,0.1,0.001,6,6,0,0.5,0.5,1,10
"899","nonsyn","rare",150,0.000607347178395832,0.0458396666167597,-0.866078658722575,68135,0.1,0.001,6,6,0,0.5,0.5,1,10
"900","syn","rare",150,0.000912080536912752,0.0648953264793913,-0.729977102466215,24436,0.1,0.001,6,6,0,0.5,0.5,1,10
"901","nonsyn","int",175,0.00221220041753653,0.103786655425444,-0.607570566210642,11975,0.1,0.001,6,6,0,0.5,0.5,1,10
"902","syn","int",175,0.00334920689359513,0.137873296509117,-0.385847218807659,11663,0.1,0.001,6,6,0,0.5,0.5,1,10
"903","nonsyn","common",175,0.0130481738035264,0.306154769170801,-0.0416155763497713,1588,0.1,0.001,6,6,0,0.5,0.5,1,10
"904","syn","common",175,0.00860772165420418,0.304976498258011,0.00177722473034129,6553,0.1,0.001,6,6,0,0.5,0.5,1,10
"905","nonsyn","rare",175,0.00062661232493817,0.0455770134021712,-0.866232737199164,68333,0.1,0.001,6,6,0,0.5,0.5,1,10
"906","syn","rare",175,0.000859911059869884,0.0608753727307573,-0.742043219865604,24286,0.1,0.001,6,6,0,0.5,0.5,1,10
"907","nonsyn","int",200,0.00262440819740694,0.105905036051929,-0.594703966947528,11955,0.1,0.001,6,6,0,0.5,0.5,1,10
"908","syn","int",200,0.00309269638322095,0.128244605806615,-0.383338585795604,11419,0.1,0.001,6,6,0,0.5,0.5,1,10
"909","nonsyn","common",200,0.0174933014354067,0.298996230466208,-0.00766582266793251,1463,0.1,0.001,6,6,0,0.5,0.5,1,10
"910","syn","common",200,0.00884165106117353,0.278515114881574,0.00581443164095595,6408,0.1,0.001,6,6,0,0.5,0.5,1,10
"911","nonsyn","rare",200,0.000572652683800326,0.0435961191362827,-0.869582166511365,68131,0.1,0.001,6,6,0,0.5,0.5,1,10
"912","syn","rare",200,0.000803252503517338,0.0589540982283775,-0.741807874359659,24166,0.1,0.001,6,6,0,0.5,0.5,1,10
"913","nonsyn","int",250,0.00224552317489773,0.0946559783439243,-0.598047605540536,23711,0.1,0.001,6,6,0,0.5,0.5,1,10
"914","syn","int",250,0.00264193154567255,0.116118233972525,-0.39079645284916,22935,0.1,0.001,6,6,0,0.5,0.5,1,10
"915","nonsyn","common",250,0.0212168293503871,0.281612378311836,0.00965086243326596,2971,0.1,0.001,6,6,0,0.5,0.5,1,10
"916","syn","common",250,0.00575399008475932,0.247520272083463,-0.0138850650939672,12506,0.1,0.001,6,6,0,0.5,0.5,1,10
"917","nonsyn","rare",250,0.000576203303272276,0.0433953042771545,-0.867402770110612,135502,0.1,0.001,6,6,0,0.5,0.5,1,10
"918","syn","rare",250,0.000748716568684276,0.0540343432713986,-0.744252556393278,48308,0.1,0.001,6,6,0,0.5,0.5,1,10
"919","nonsyn","int",300,0.00205473237186225,0.0916081637642962,-0.586556609621442,23783,0.1,0.001,6,6,0,0.5,0.5,1,10
"920","syn","int",300,0.00233394479308378,0.101879296578628,-0.387327077036355,22787,0.1,0.001,6,6,0,0.5,0.5,1,10
"921","nonsyn","common",300,0.0226721523291397,0.258581532868798,0.0227706386153866,2941,0.1,0.001,6,6,0,0.5,0.5,1,10
"922","syn","common",300,0.00553264408987301,0.212439514932251,-0.00690096462322522,12284,0.1,0.001,6,6,0,0.5,0.5,1,10
"923","nonsyn","rare",300,0.000532955789660581,0.0412377661086099,-0.868992100608774,135172,0.1,0.001,6,6,0,0.5,0.5,1,10
"924","syn","rare",300,0.000647374382207578,0.0493454797967545,-0.754420012628307,48560,0.1,0.001,6,6,0,0.5,0.5,1,10
"925","nonsyn","int",350,0.00173863322396823,0.0816129033608955,-0.588949723471018,23164,0.1,0.001,6,6,0,0.5,0.5,1,10
"926","syn","int",350,0.00204528185464322,0.0919875794788824,-0.390678573958837,22689,0.1,0.001,6,6,0,0.5,0.5,1,10
"927","nonsyn","common",350,0.0243104416295789,0.248131336570619,0.0419582231519438,2921,0.1,0.001,6,6,0,0.5,0.5,1,10
"928","syn","common",350,0.00586075349301397,0.186835368550471,-8.10173639715604e-05,12024,0.1,0.001,6,6,0,0.5,0.5,1,10
"929","nonsyn","rare",350,0.000498269641410794,0.0398828485487704,-0.871303596572404,135810,0.1,0.001,6,6,0,0.5,0.5,1,10
"930","syn","rare",350,0.000629398420433541,0.0476568349447422,-0.752742155782143,47608,0.1,0.001,6,6,0,0.5,0.5,1,10
"931","nonsyn","int",400,0.00167835051546392,0.0809540354662322,-0.578460817893364,23183,0.1,0.001,6,6,0,0.5,0.5,1,10
"932","syn","int",400,0.00191770315648086,0.0845874200599446,-0.384041747091805,22335,0.1,0.001,6,6,0,0.5,0.5,1,10
"933","nonsyn","common",400,0.0212748742032875,0.222540732687207,0.0284166853814886,2981,0.1,0.001,6,6,0,0.5,0.5,1,10
"934","syn","common",400,0.00505623578947368,0.165199940511644,-0.00350843974054693,11875,0.1,0.001,6,6,0,0.5,0.5,1,10
"935","nonsyn","rare",400,0.000456401837019945,0.0383232047862564,-0.873292014846402,135219,0.1,0.001,6,6,0,0.5,0.5,1,10
"936","syn","rare",400,0.000487098057276838,0.0418915131511786,-0.762942610058634,47768,0.1,0.001,6,6,0,0.5,0.5,1,10
"937","nonsyn","int",450,0.00141037812087959,0.0746429100534662,-0.579438764877288,23511,0.1,0.001,6,6,0,0.5,0.5,1,10
"938","syn","int",450,0.00157537825475018,0.0793199098152078,-0.384766175333904,22736,0.1,0.001,6,6,0,0.5,0.5,1,10
"939","nonsyn","common",450,0.0199221000354736,0.205729678349842,0.0274123071780875,2819,0.1,0.001,6,6,0,0.5,0.5,1,10
"940","syn","common",450,0.0043155034810664,0.151473622732636,-0.00312619589905251,11778,0.1,0.001,6,6,0,0.5,0.5,1,10
"941","nonsyn","rare",450,0.000428339741401066,0.0366407597858888,-0.87457782812845,134726,0.1,0.001,6,6,0,0.5,0.5,1,10
"942","syn","rare",450,0.000533696039583202,0.0407154148861226,-0.758423412605343,47697,0.1,0.001,6,6,0,0.5,0.5,1,10
"943","nonsyn","int",500,0.00119204106176445,0.0717513452925895,-0.582470660289019,23282,0.1,0.001,6,6,0,0.5,0.5,1,10
"944","syn","int",500,0.00140540649858433,0.0740831122591879,-0.375529437893262,22251,0.1,0.001,6,6,0,0.5,0.5,1,10
"945","nonsyn","common",500,0.016931895614353,0.19182611976884,0.00818592482390459,2759,0.1,0.001,6,6,0,0.5,0.5,1,10
"946","syn","common",500,0.00528857537319872,0.137644757299302,0.00180190703054417,11589,0.1,0.001,6,6,0,0.5,0.5,1,10
"947","nonsyn","rare",500,0.000397449598863199,0.0358785516122062,-0.875339551284971,135116,0.1,0.001,6,6,0,0.5,0.5,1,10
"948","syn","rare",500,0.000450558002936858,0.0387910858665997,-0.764661964997907,47670,0.1,0.001,6,6,0,0.5,0.5,1,10
"949","nonsyn","int",550,0.00123688105955679,0.0683673508645019,-0.571799388978568,23104,0.1,0.001,6,6,0,0.5,0.5,1,10
"950","syn","int",550,0.00124545940408854,0.0692343033329121,-0.380153993050363,22453,0.1,0.001,6,6,0,0.5,0.5,1,10
"951","nonsyn","common",550,0.0226406433759945,0.187378810997013,0.0422222780027202,2891,0.1,0.001,6,6,0,0.5,0.5,1,10
"952","syn","common",550,0.00464172544297265,0.126267054332961,-0.00237306179398586,11626,0.1,0.001,6,6,0,0.5,0.5,1,10
"953","nonsyn","rare",550,0.000376806219030947,0.0344394339255262,-0.876098818232124,134812,0.1,0.001,6,6,0,0.5,0.5,1,10
"954","syn","rare",550,0.000477723491628936,0.0380236956140997,-0.762664883410974,47485,0.1,0.001,6,6,0,0.5,0.5,1,10
"955","nonsyn","int",600,0.00108146967608546,0.065621469354635,-0.566175935244839,23216,0.1,0.001,6,6,0,0.5,0.5,1,10
"956","syn","int",600,0.00140019966420112,0.0661868010231923,-0.370951348124364,22037,0.1,0.001,6,6,0,0.5,0.5,1,10
"957","nonsyn","common",600,0.0249515235457064,0.184044867295534,0.0640116118452535,2888,0.1,0.001,6,6,0,0.5,0.5,1,10
"958","syn","common",600,0.00217492792871495,0.115465975903586,-0.0163919913508074,11447,0.1,0.001,6,6,0,0.5,0.5,1,10
"959","nonsyn","rare",600,0.000380686085682628,0.0341831036580029,-0.874418875342482,134473,0.1,0.001,6,6,0,0.5,0.5,1,10
"960","syn","rare",600,0.000451804396628404,0.037648628177681,-0.764218778788394,47218,0.1,0.001,6,6,0,0.5,0.5,1,10
"961","nonsyn","int",650,0.0011271998960679,0.0628553053117083,-0.563594188924431,23092,0.1,0.001,6,6,0,0.5,0.5,1,10
"962","syn","int",650,0.000971061222664461,0.0616209730280263,-0.376097668910964,22361,0.1,0.001,6,6,0,0.5,0.5,1,10
"963","nonsyn","common",650,0.0234619658119658,0.176634845348565,0.058129390896486,2808,0.1,0.001,6,6,0,0.5,0.5,1,10
"964","syn","common",650,0.00444642700953381,0.105736721148944,0.00250430272734586,11433,0.1,0.001,6,6,0,0.5,0.5,1,10
"965","nonsyn","rare",650,0.000364715311379344,0.0332267406886537,-0.876164373561326,134129,0.1,0.001,6,6,0,0.5,0.5,1,10
"966","syn","rare",650,0.000401721269516253,0.0359279282494679,-0.765944475700778,46884,0.1,0.001,6,6,0,0.5,0.5,1,10
"967","nonsyn","int",700,0.000907313161088954,0.0591568413272481,-0.55920310193687,23068,0.1,0.001,6,6,0,0.5,0.5,1,10
"968","syn","int",700,0.00126375375102301,0.0609041656120837,-0.362085084683018,21994,0.1,0.001,6,6,0,0.5,0.5,1,10
"969","nonsyn","common",700,0.0241467204104067,0.165129452555944,0.0622075510157012,2729,0.1,0.001,6,6,0,0.5,0.5,1,10
"970","syn","common",700,0.00413010647737356,0.0991716760275221,0.00166009105057616,11270,0.1,0.001,6,6,0,0.5,0.5,1,10
"971","nonsyn","rare",700,0.000313746153616348,0.0320087930034658,-0.878121027153097,133892,0.1,0.001,6,6,0,0.5,0.5,1,10
"972","syn","rare",700,0.000362486290390618,0.0354691992298696,-0.769008546358265,47412,0.1,0.001,6,6,0,0.5,0.5,1,10
"973","nonsyn","int",750,0.00112254168815541,0.0590995295413911,-0.554533101443273,23268,0.1,0.001,6,6,0,0.5,0.5,1,10
"974","syn","int",750,0.000875789473684211,0.0567810231763506,-0.365045921352867,22135,0.1,0.001,6,6,0,0.5,0.5,1,10
"975","nonsyn","common",750,0.0229269042627533,0.161401914363759,0.0568874845809552,2862,0.1,0.001,6,6,0,0.5,0.5,1,10
"976","syn","common",750,0.00340738404122978,0.0943051111209273,-0.00454266005848442,11254,0.1,0.001,6,6,0,0.5,0.5,1,10
"977","nonsyn","rare",750,0.00033091855142904,0.0320238461111271,-0.877962623210809,134146,0.1,0.001,6,6,0,0.5,0.5,1,10
"978","syn","rare",750,0.000392852287692765,0.0335021542481066,-0.764976369736468,47078,0.1,0.001,6,6,0,0.5,0.5,1,10
"979","nonsyn","int",800,0.000824075118185367,0.0559894836282208,-0.55838380580432,23057,0.1,0.001,6,6,0,0.5,0.5,1,10
"980","syn","int",800,0.000804332473176694,0.0539524117517031,-0.364404295007891,22089,0.1,0.001,6,6,0,0.5,0.5,1,10
"981","nonsyn","common",800,0.0202384916399858,0.148594190379051,0.0441636585304407,2811,0.1,0.001,6,6,0,0.5,0.5,1,10
"982","syn","common",800,0.00480158884279283,0.089079925780311,0.00845986813497678,11329,0.1,0.001,6,6,0,0.5,0.5,1,10
"983","nonsyn","rare",800,0.000342748774546657,0.0319444661933375,-0.874060083577391,133012,0.1,0.001,6,6,0,0.5,0.5,1,10
"984","syn","rare",800,0.000333759935904194,0.0322717417540185,-0.769222468044779,47429,0.1,0.001,6,6,0,0.5,0.5,1,10
"985","nonsyn","int",850,0.000913872233964543,0.0545148308482177,-0.543262857864143,23183,0.1,0.001,6,6,0,0.5,0.5,1,10
"986","syn","int",850,0.000894378929013904,0.0516500210845674,-0.358935833977051,21793,0.1,0.001,6,6,0,0.5,0.5,1,10
"987","nonsyn","common",850,0.0204673469387755,0.135816681190857,0.0604239613376329,2891,0.1,0.001,6,6,0,0.5,0.5,1,10
"988","syn","common",850,0.00325310382217403,0.0844932501779562,-0.00577603489585944,11067,0.1,0.001,6,6,0,0.5,0.5,1,10
"989","nonsyn","rare",850,0.000310905431988966,0.030652825921274,-0.877670922923786,132677,0.1,0.001,6,6,0,0.5,0.5,1,10
"990","syn","rare",850,0.000318621551760668,0.0309020425395397,-0.76838858202308,47198,0.1,0.001,6,6,0,0.5,0.5,1,10
"991","nonsyn","int",900,0.000902919418758256,0.0523702423842284,-0.544306314715215,22710,0.1,0.001,6,6,0,0.5,0.5,1,10
"992","syn","int",900,0.000742338225791563,0.0496183459217007,-0.357651635454912,21666,0.1,0.001,6,6,0,0.5,0.5,1,10
"993","nonsyn","common",900,0.0173295422535211,0.132540014631767,0.0399359845505849,2840,0.1,0.001,6,6,0,0.5,0.5,1,10
"994","syn","common",900,0.00308128529174509,0.0782959707916054,-0.00353840778234289,11157,0.1,0.001,6,6,0,0.5,0.5,1,10
"995","nonsyn","rare",900,0.000275448505977586,0.0293951480654232,-0.879567852785878,133666,0.1,0.001,6,6,0,0.5,0.5,1,10
"996","syn","rare",900,0.000339870385421568,0.0310504698356592,-0.768403519393294,46754,0.1,0.001,6,6,0,0.5,0.5,1,10
"997","nonsyn","int",950,0.000770777468222184,0.0505076560071496,-0.541505229994598,22972,0.1,0.001,6,6,0,0.5,0.5,1,10
"998","syn","int",950,0.00046368377710678,0.0476526055011132,-0.362535013455033,21858,0.1,0.001,6,6,0,0.5,0.5,1,10
"999","nonsyn","common",950,0.0185000369276219,0.135277014982035,0.0336795820274262,2708,0.1,0.001,6,6,0,0.5,0.5,1,10
"1000","syn","common",950,0.00293970276008493,0.075712030437709,-0.00418880919036782,11304,0.1,0.001,6,6,0,0.5,0.5,1,10
"1001","nonsyn","rare",950,0.00026471721305332,0.0288665604659599,-0.879290665139946,133422,0.1,0.001,6,6,0,0.5,0.5,1,10
"1002","syn","rare",950,0.00029466612981839,0.0300492294503631,-0.770324209838647,47189,0.1,0.001,6,6,0,0.5,0.5,1,10
"1003","nonsyn","int",1000,0.000727405209071581,0.0494520847709669,-0.539998998576051,22576,0.1,0.001,6,6,0,0.5,0.5,1,10
"1004","syn","int",1000,0.000666151789007746,0.0451134921485267,-0.356076603610783,21688,0.1,0.001,6,6,0,0.5,0.5,1,10
"1005","nonsyn","common",1000,0.016868085106383,0.128474553577682,0.0339182156041822,2820,0.1,0.001,6,6,0,0.5,0.5,1,10
"1006","syn","common",1000,0.00251258272142145,0.0732992785082515,-0.0041273686326947,11031,0.1,0.001,6,6,0,0.5,0.5,1,10
"1007","nonsyn","rare",1000,0.000266561102272386,0.0287103955373569,-0.879381508870987,133252,0.1,0.001,6,6,0,0.5,0.5,1,10
"1008","syn","rare",1000,0.000268118426343301,0.0289661226215732,-0.770396395004778,47253,0.1,0.001,6,6,0,0.5,0.5,1,10
"1009","nonsyn","int",1050,0.000660349333565642,0.0475594343017086,-0.535069712331809,22958,0.1,0.001,6,6,0,0.5,0.5,1,10
"1010","syn","int",1050,0.000495638253445316,0.0436534909049668,-0.356175416381874,21551,0.1,0.001,6,6,0,0.5,0.5,1,10
"1011","nonsyn","common",1050,0.0181236436950147,0.123582769507149,0.0438997118285591,2728,0.1,0.001,6,6,0,0.5,0.5,1,10
"1012","syn","common",1050,0.00248366439909297,0.0704384123845506,-0.00495132330485853,11025,0.1,0.001,6,6,0,0.5,0.5,1,10
"1013","nonsyn","rare",1050,0.000244500819195603,0.0281342423364674,-0.880485756407128,132447,0.1,0.001,6,6,0,0.5,0.5,1,10
"1014","syn","rare",1050,0.000250529461998292,0.0284880358107179,-0.771977990167605,46840,0.1,0.001,6,6,0,0.5,0.5,1,10
"1015","nonsyn","int",1100,0.000700399063069316,0.0459667206455357,-0.530024905503407,23054,0.1,0.001,6,6,0,0.5,0.5,1,10
"1016","syn","int",1100,0.00055904831894176,0.0425970980154063,-0.35472996983897,21772,0.1,0.001,6,6,0,0.5,0.5,1,10
"1017","nonsyn","common",1100,0.0172055852009961,0.122052418745569,0.0407534306324592,2811,0.1,0.001,6,6,0,0.5,0.5,1,10
"1018","syn","common",1100,0.00166256506910788,0.0677194968957214,-0.00765525067349033,11142,0.1,0.001,6,6,0,0.5,0.5,1,10
"1019","nonsyn","rare",1100,0.0002415597042486,0.0278993382035587,-0.881208556371929,132679,0.1,0.001,6,6,0,0.5,0.5,1,10
"1020","syn","rare",1100,0.000251551536607733,0.0281484788714278,-0.769033696103286,46889,0.1,0.001,6,6,0,0.5,0.5,1,10
"1021","nonsyn","int",1150,0.00051379705040722,0.0450362354613993,-0.530899130689578,22715,0.1,0.001,6,6,0,0.5,0.5,1,10
"1022","syn","int",1150,0.000479003888168858,0.0420253547025104,-0.348852007961931,21604,0.1,0.001,6,6,0,0.5,0.5,1,10
"1023","nonsyn","common",1150,0.0166218154650728,0.118546585165395,0.0391330033589384,2677,0.1,0.001,6,6,0,0.5,0.5,1,10
"1024","syn","common",1150,0.00287311086596801,0.0640079434651996,0.000987769474632635,10878,0.1,0.001,6,6,0,0.5,0.5,1,10
"1025","nonsyn","rare",1150,0.000245456674650005,0.0276232804200836,-0.879526897170486,132359,0.1,0.001,6,6,0,0.5,0.5,1,10
"1026","syn","rare",1150,0.000249046916115782,0.0276881657209623,-0.769240943127585,46743,0.1,0.001,6,6,0,0.5,0.5,1,10
"1027","nonsyn","int",1200,0.00050141600035735,0.0439852163071467,-0.522712148400267,22387,0.1,0.001,6,6,0,0.5,0.5,1,10
"1028","syn","int",1200,0.000455069720195771,0.0405905097172149,-0.338074961950483,21658,0.1,0.001,6,6,0,0.5,0.5,1,10
"1029","nonsyn","common",1200,0.0177554822148882,0.120709420288137,0.0476597625107597,2727,0.1,0.001,6,6,0,0.5,0.5,1,10
"1030","syn","common",1200,0.00208818263205013,0.0627395849082978,-0.00555315987947593,11170,0.1,0.001,6,6,0,0.5,0.5,1,10
"1031","nonsyn","rare",1200,0.000234836581121899,0.0269897757702644,-0.880271889563951,132757,0.1,0.001,6,6,0,0.5,0.5,1,10
"1032","syn","rare",1200,0.000232419468309634,0.027245753210005,-0.776563402257467,46907,0.1,0.001,6,6,0,0.5,0.5,1,10
"1033","nonsyn","int",1300,0.000614738929279577,0.0427791208677477,-0.51737747475832,45390,0.1,0.001,6,6,0,0.5,0.5,1,10
"1034","syn","int",1300,0.000555869414216254,0.0395785008510736,-0.346314227397687,43190,0.1,0.001,6,6,0,0.5,0.5,1,10
"1035","nonsyn","common",1300,0.0197339689004073,0.115264923912571,0.0619162230027722,5402,0.1,0.001,6,6,0,0.5,0.5,1,10
"1036","syn","common",1300,0.00228345205479452,0.0587629349276863,-0.00506459506399372,21900,0.1,0.001,6,6,0,0.5,0.5,1,10
"1037","nonsyn","rare",1300,0.000217113373267054,0.0264101883381373,-0.880699717368967,264939,0.1,0.001,6,6,0,0.5,0.5,1,10
"1038","syn","rare",1300,0.00025934669082383,0.0272535776547024,-0.768767461180766,93830,0.1,0.001,6,6,0,0.5,0.5,1,10
"1039","nonsyn","int",1400,0.000504768574096305,0.0407539496679768,-0.511404303995918,44982,0.1,0.001,6,6,0,0.5,0.5,1,10
"1040","syn","int",1400,0.000315260393771834,0.0370078573466046,-0.337287066383257,43223,0.1,0.001,6,6,0,0.5,0.5,1,10
"1041","nonsyn","common",1400,0.0133790358744395,0.091353142709178,0.0283250275490391,5352,0.1,0.001,6,6,0,0.5,0.5,1,10
"1042","syn","common",1400,0.00145262870159453,0.0555995555665287,-0.0102556636772881,21950,0.1,0.001,6,6,0,0.5,0.5,1,10
"1043","nonsyn","rare",1400,0.000202837991691108,0.0257007517943471,-0.880734537824539,265258,0.1,0.001,6,6,0,0.5,0.5,1,10
"1044","syn","rare",1400,0.000216898836822151,0.0258105457417259,-0.771859192824311,93107,0.1,0.001,6,6,0,0.5,0.5,1,10
"1045","nonsyn","int",1500,0.000468100153744784,0.0388063903209407,-0.50555008111579,45530,0.1,0.001,6,6,0,0.5,0.5,1,10
"1046","syn","int",1500,0.00040107125466645,0.0362205153845389,-0.331939307892565,43127,0.1,0.001,6,6,0,0.5,0.5,1,10
"1047","nonsyn","common",1500,0.0164216795040391,0.0942024786938334,0.0519555996004804,5323,0.1,0.001,6,6,0,0.5,0.5,1,10
"1048","syn","common",1500,0.00162795659370977,0.0519162854596648,-0.00573134521020308,21748,0.1,0.001,6,6,0,0.5,0.5,1,10
"1049","nonsyn","rare",1500,0.000184844980053696,0.0248960151996349,-0.882644893321496,263708,0.1,0.001,6,6,0,0.5,0.5,1,10
"1050","syn","rare",1500,0.000201774230035872,0.0249018765653688,-0.771026225081163,92829,0.1,0.001,6,6,0,0.5,0.5,1,10
"1051","nonsyn","int",1600,0.000468039053966697,0.0372773649107226,-0.502950684390021,44861,0.1,0.001,6,6,0,0.5,0.5,1,10
"1052","syn","int",1600,0.000402281386488245,0.0338707634824377,-0.330160219852692,43044,0.1,0.001,6,6,0,0.5,0.5,1,10
"1053","nonsyn","common",1600,0.0154275158997381,0.094802390416162,0.0380290022730274,5346,0.1,0.001,6,6,0,0.5,0.5,1,10
"1054","syn","common",1600,0.0017617094251612,0.0491030844869851,-0.00464674036592524,21867,0.1,0.001,6,6,0,0.5,0.5,1,10
"1055","nonsyn","rare",1600,0.00018229880779208,0.0246623616974925,-0.880460018044476,263293,0.1,0.001,6,6,0,0.5,0.5,1,10
"1056","syn","rare",1600,0.000171768110952109,0.0240420865196911,-0.773880433005611,92941,0.1,0.001,6,6,0,0.5,0.5,1,10
"1057","nonsyn","int",1700,0.000420407212722071,0.0355082510501121,-0.497419565068854,45087,0.1,0.001,6,6,0,0.5,0.5,1,10
"1058","syn","int",1700,0.000369681073302075,0.0329381218719348,-0.32498923740695,43082,0.1,0.001,6,6,0,0.5,0.5,1,10
"1059","nonsyn","common",1700,0.0180631396691035,0.0919478388656624,0.05567354450904,5198,0.1,0.001,6,6,0,0.5,0.5,1,10
"1060","syn","common",1700,0.00169828224835633,0.0472332193054237,-0.00554467541150383,21598,0.1,0.001,6,6,0,0.5,0.5,1,10
"1061","nonsyn","rare",1700,0.000161064719347699,0.0235302220172489,-0.881506538106249,264295,0.1,0.001,6,6,0,0.5,0.5,1,10
"1062","syn","rare",1700,0.000187310728613951,0.0234852105342116,-0.772287379936343,92724,0.1,0.001,6,6,0,0.5,0.5,1,10
"1063","nonsyn","int",1800,0.000437602907198457,0.0350561930880649,-0.490111567233327,44579,0.1,0.001,6,6,0,0.5,0.5,1,10
"1064","syn","int",1800,0.0004204363687386,0.031278527259308,-0.31722486364343,42762,0.1,0.001,6,6,0,0.5,0.5,1,10
"1065","nonsyn","common",1800,0.0162619700055545,0.0907084854158634,0.0481319595737051,5401,0.1,0.001,6,6,0,0.5,0.5,1,10
"1066","syn","common",1800,0.00165549542825154,0.0447971646201713,-0.00247199364649768,21436,0.1,0.001,6,6,0,0.5,0.5,1,10
"1067","nonsyn","rare",1800,0.000155915101036751,0.0232975351082108,-0.881796834653463,263419,0.1,0.001,6,6,0,0.5,0.5,1,10
"1068","syn","rare",1800,0.000171492834999024,0.0229491045941254,-0.771772653379843,92254,0.1,0.001,6,6,0,0.5,0.5,1,10
"1069","nonsyn","int",1900,0.000249614430362771,0.0337291722394135,-0.493126642046452,44739,0.1,0.001,6,6,0,0.5,0.5,1,10
"1070","syn","int",1900,0.00032053385690578,0.0305839315576529,-0.322611605244472,42783,0.1,0.001,6,6,0,0.5,0.5,1,10
"1071","nonsyn","common",1900,0.0165601512078185,0.0896460195477066,0.0573121171682153,5423,0.1,0.001,6,6,0,0.5,0.5,1,10
"1072","syn","common",1900,0.0020017490283176,0.043585301423244,-0.00178778115102395,21612,0.1,0.001,6,6,0,0.5,0.5,1,10
"1073","nonsyn","rare",1900,0.000155330971385858,0.0229676519101412,-0.88067269778164,262213,0.1,0.001,6,6,0,0.5,0.5,1,10
"1074","syn","rare",1900,0.000151643054877056,0.0222599909606175,-0.773614665274039,92115,0.1,0.001,6,6,0,0.5,0.5,1,10
"1075","nonsyn","int",2000,0.00033125826034363,0.0325672584396418,-0.485469906080184,44641,0.1,0.001,6,6,0,0.5,0.5,1,10
"1076","syn","int",2000,0.000303246907143196,0.029198183429887,-0.317105123637879,42194,0.1,0.001,6,6,0,0.5,0.5,1,10
"1077","nonsyn","common",2000,0.0138675004466679,0.0839852126372854,0.0377820031331344,5597,0.1,0.001,6,6,0,0.5,0.5,1,10
"1078","syn","common",2000,0.00127981775070901,0.0409629148733847,-0.00729711360219099,21509,0.1,0.001,6,6,0,0.5,0.5,1,10
"1079","nonsyn","rare",2000,0.000153726152623211,0.0226333346082912,-0.880417327784952,261664,0.1,0.001,6,6,0,0.5,0.5,1,10
"1080","syn","rare",2000,0.00015457359121662,0.0223181686524914,-0.77410952463161,92083,0.1,0.001,6,6,0,0.5,0.5,1,10
"1081","nonsyn","int",2500,0.00034015820769693,0.0303033069916002,-0.473779018340202,222998,0.1,0.001,6,6,0,0.5,0.5,1,10
"1082","syn","int",2500,0.00015940019651815,0.0266321002251366,-0.311118722501505,212703,0.1,0.001,6,6,0,0.5,0.5,1,10
"1083","nonsyn","common",2500,0.0136671852740496,0.0736126750149403,0.0430387874645944,26674,0.1,0.001,6,6,0,0.5,0.5,1,10
"1084","syn","common",2500,0.00141053338306602,0.0377180422834055,-0.00410724490624499,107240,0.1,0.001,6,6,0,0.5,0.5,1,10
"1085","nonsyn","rare",2500,0.000130892376564979,0.0214234541897342,-0.881279332094675,1307206,0.1,0.001,6,6,0,0.5,0.5,1,10
"1086","syn","rare",2500,0.00012761354331598,0.0207911408122061,-0.772641612795141,460419,0.1,0.001,6,6,0,0.5,0.5,1,10
"1087","nonsyn","int",3000,0.000279070807049548,0.0269248492289875,-0.459012725265607,221461,0.1,0.001,6,6,0,0.5,0.5,1,10
"1088","syn","int",3000,0.000175878835165776,0.0237089050445443,-0.300983749099044,210193,0.1,0.001,6,6,0,0.5,0.5,1,10
"1089","nonsyn","common",3000,0.0117928914251162,0.0610903572585825,0.0346506760375816,26461,0.1,0.001,6,6,0,0.5,0.5,1,10
"1090","syn","common",3000,0.00158752200807826,0.0319586449479475,-0.00159727098307325,106211,0.1,0.001,6,6,0,0.5,0.5,1,10
"1091","nonsyn","rare",3000,0.000104654774186594,0.01995830585917,-0.880788391626743,1298860,0.1,0.001,6,6,0,0.5,0.5,1,10
"1092","syn","rare",3000,0.000109787683827544,0.019499215211977,-0.772180447055223,457902,0.1,0.001,6,6,0,0.5,0.5,1,10
"1093","nonsyn","int",3500,0.000227500777633433,0.0243995505840657,-0.446416822706613,218612,0.1,0.001,6,6,0,0.5,0.5,1,10
"1094","syn","int",3500,6.47043541015156e-05,0.0218086754853722,-0.291449564014054,207850,0.1,0.001,6,6,0,0.5,0.5,1,10
"1095","nonsyn","common",3500,0.0107522152017049,0.0533820837091345,0.0342063657850098,26747,0.1,0.001,6,6,0,0.5,0.5,1,10
"1096","syn","common",3500,0.00111154259518171,0.0284900530719253,-0.00425685338645096,105141,0.1,0.001,6,6,0,0.5,0.5,1,10
"1097","nonsyn","rare",3500,9.28993229587007e-05,0.0190488537034533,-0.88024130158231,1289877,0.1,0.001,6,6,0,0.5,0.5,1,10
"1098","syn","rare",3500,7.726283116683e-05,0.0180147828837085,-0.772047637485585,454265,0.1,0.001,6,6,0,0.5,0.5,1,10
"1099","nonsyn","int",4000,0.000179526557987204,0.0221858380965046,-0.433637329863719,217091,0.1,0.001,6,6,0,0.5,0.5,1,10
"1100","syn","int",4000,0.000124902855539049,0.0204302899963279,-0.282415679733034,206651,0.1,0.001,6,6,0,0.5,0.5,1,10
"1101","nonsyn","common",4000,0.00911011681977997,0.0450894595928362,0.0293755573449332,26451,0.1,0.001,6,6,0,0.5,0.5,1,10
"1102","syn","common",4000,0.000745260966713137,0.0253813638954299,-0.00636907651145311,104726,0.1,0.001,6,6,0,0.5,0.5,1,10
"1103","nonsyn","rare",4000,7.61146613765585e-05,0.017990790085096,-0.880275555235601,1279873,0.1,0.001,6,6,0,0.5,0.5,1,10
"1104","syn","rare",4000,7.63715688541797e-05,0.0172585854922515,-0.771847532204535,449704,0.1,0.001,6,6,0,0.5,0.5,1,10
"1105","nonsyn","int",4500,0.000161597463694007,0.0207771142434021,-0.425800074965093,215116,0.1,0.001,6,6,0,0.5,0.5,1,10
"1106","syn","int",4500,9.56199130202386e-05,0.0190856142931279,-0.27800096095397,205795,0.1,0.001,6,6,0,0.5,0.5,1,10
"1107","nonsyn","common",4500,0.00856314451568843,0.0404238180942273,0.0270435430284664,26357,0.1,0.001,6,6,0,0.5,0.5,1,10
"1108","syn","common",4500,0.000877254337771684,0.0235568480935205,-0.00423885372809792,103567,0.1,0.001,6,6,0,0.5,0.5,1,10
"1109","nonsyn","rare",4500,7.18309837001571e-05,0.0173620512511405,-0.879106987627642,1271546,0.1,0.001,6,6,0,0.5,0.5,1,10
"1110","syn","rare",4500,6.5942053287366e-05,0.0166304215350846,-0.771675424980328,447273,0.1,0.001,6,6,0,0.5,0.5,1,10
"1111","nonsyn","int",5000,0.000109352393511309,0.0194111008072067,-0.421860742475293,213849,0.1,0.001,6,6,0,0.5,0.5,1,10
"1112","syn","int",5000,0.000125588577917438,0.018189326043278,-0.269120752475782,204306,0.1,0.001,6,6,0,0.5,0.5,1,10
"1113","nonsyn","common",5000,0.0080897033355922,0.0379366342778107,0.0275434034688301,26562,0.1,0.001,6,6,0,0.5,0.5,1,10
"1114","syn","common",5000,0.000791330688293755,0.0215957377001204,-0.00384077590164527,102834,0.1,0.001,6,6,0,0.5,0.5,1,10
"1115","nonsyn","rare",5000,5.74342513406712e-05,0.0167010475736529,-0.879072268696445,1268581,0.1,0.001,6,6,0,0.5,0.5,1,10
"1116","syn","rare",5000,5.46373481228899e-05,0.0161610451553964,-0.771737482463747,445179,0.1,0.001,6,6,0,0.5,0.5,1,10
"1117","nonsyn","int",7500,8.49468776741227e-05,0.017258957163164,-0.405283545459824,1048241,0.1,0.001,6,6,0,0.5,0.5,1,10
"1118","syn","int",7500,2.96136940228041e-05,0.0161136530233602,-0.264433271671405,1000787,0.1,0.001,6,6,0,0.5,0.5,1,10
"1119","nonsyn","common",7500,0.00514047245318207,0.0269595655111158,0.0126178926369423,128690,0.1,0.001,6,6,0,0.5,0.5,1,10
"1120","syn","common",7500,0.000590784158236603,0.0183678968191354,-0.00454655640583893,508201,0.1,0.001,6,6,0,0.5,0.5,1,10
"1121","nonsyn","rare",7500,4.48892235218328e-05,0.0154371809939721,-0.87767988060629,6209125,0.1,0.001,6,6,0,0.5,0.5,1,10
"1122","syn","rare",7500,4.32195985913398e-05,0.0148595914797412,-0.769343234325612,2185055,0.1,0.001,6,6,0,0.5,0.5,1,10
"1123","nonsyn","int",10000,3.30129593886635e-05,0.0149125773670974,-0.388923078857809,1015480,0.1,0.001,6,6,0,0.5,0.5,1,10
"1124","syn","int",10000,3.45863933965436e-06,0.0141591463326311,-0.252539639463861,971249,0.1,0.001,6,6,0,0.5,0.5,1,10
"1125","nonsyn","common",10000,0.00266616845114055,0.0185986771034158,-0.00178781851307536,125247,0.1,0.001,6,6,0,0.5,0.5,1,10
"1126","syn","common",10000,0.000366125396863866,0.0149623674643742,-0.00553408418255992,495132,0.1,0.001,6,6,0,0.5,0.5,1,10
"1127","nonsyn","rare",10000,2.70224312879249e-05,0.014066376327219,-0.876169903488555,6013208,0.1,0.001,6,6,0,0.5,0.5,1,10
"1128","syn","rare",10000,2.49847467824323e-05,0.0135652215192428,-0.768359586969958,2119225,0.1,0.001,6,6,0,0.5,0.5,1,10
"1129","syn","int",10,0.0061790450928382,0.311680355528751,-0.318021457616598,5278,0.1,0.001,6,6,0,0.5,0.5,2,10
"1130","nonsyn","int",10,0.00440452894680624,0.16140061009954,-0.59457797220443,4681,0.1,0.001,6,6,0,0.5,0.5,2,10
"1131","syn","rare",10,0.00150939001462294,0.116573118161205,-0.687112985166704,9574,0.1,0.001,6,6,0,0.5,0.5,2,10
"1132","nonsyn","rare",10,0.000863250813298421,0.057443338545922,-0.852346023129174,25206,0.1,0.001,6,6,0,0.5,0.5,2,10
"1133","syn","common",10,0.0108104658018868,0.670796640561888,0.000263455091749193,3392,0.1,0.001,6,6,0,0.5,0.5,2,10
"1134","nonsyn","common",10,0.105029810996564,0.715738882381348,0.355181621129037,1164,0.1,0.001,6,6,0,0.5,0.5,2,10
"1135","syn","int",15,0.00603731456827691,0.30788700241322,-0.330302142713292,2629,0.1,0.001,6,6,0,0.5,0.5,2,10
"1136","nonsyn","int",15,0.00387275922671353,0.153204478250116,-0.606004080894283,2276,0.1,0.001,6,6,0,0.5,0.5,2,10
"1137","syn","rare",15,0.001448754887837,0.11070113400495,-0.690055309598727,4859,0.1,0.001,6,6,0,0.5,0.5,2,10
"1138","nonsyn","rare",15,0.000977783063748811,0.0599952732288725,-0.847737572427135,12612,0.1,0.001,6,6,0,0.5,0.5,2,10
"1139","syn","common",15,0.00187467199087279,0.634602851823067,-0.0394115439216262,1753,0.1,0.001,6,6,0,0.5,0.5,2,10
"1140","nonsyn","common",15,0.147355463182898,0.793792565881678,0.541108653595507,842,0.1,0.001,6,6,0,0.5,0.5,2,10
"1141","syn","int",20,0.00724207221350079,0.288099010441617,-0.314018735026809,2548,0.1,0.001,6,6,0,0.5,0.5,2,10
"1142","nonsyn","int",20,0.00270373134328358,0.143605380695133,-0.622486554607111,2412,0.1,0.001,6,6,0,0.5,0.5,2,10
"1143","syn","rare",20,0.00119379539323511,0.106780409446119,-0.701527660744452,4819,0.1,0.001,6,6,0,0.5,0.5,2,10
"1144","nonsyn","rare",20,0.000926875443716968,0.0594324683849987,-0.845870323127608,12677,0.1,0.001,6,6,0,0.5,0.5,2,10
"1145","syn","common",20,0.00498648293963255,0.617648324550444,-0.0367431169064064,1524,0.1,0.001,6,6,0,0.5,0.5,2,10
"1146","nonsyn","common",20,0.134059556786704,0.762806401207255,0.501751810172093,722,0.1,0.001,6,6,0,0.5,0.5,2,10
"1147","syn","int",25,0.00590344281757024,0.254240685061644,-0.356402709333871,2527,0.1,0.001,6,6,0,0.5,0.5,2,10
"1148","nonsyn","int",25,0.00448366040955631,0.158689425810155,-0.591167098928024,2344,0.1,0.001,6,6,0,0.5,0.5,2,10
"1149","syn","rare",25,0.00140990778468797,0.10300552817979,-0.694297615777822,4663,0.1,0.001,6,6,0,0.5,0.5,2,10
"1150","nonsyn","rare",25,0.000895493320457106,0.0573069728026949,-0.847738498009701,12426,0.1,0.001,6,6,0,0.5,0.5,2,10
"1151","syn","common",25,0.0077437697659709,0.591692696733569,-0.0127442792419552,1581,0.1,0.001,6,6,0,0.5,0.5,2,10
"1152","nonsyn","common",25,0.134614323607427,0.761765611586719,0.492197418638271,754,0.1,0.001,6,6,0,0.5,0.5,2,10
"1153","syn","int",50,0.00497531528636838,0.251249842989787,-0.3556728701215,12449,0.1,0.001,6,6,0,0.5,0.5,2,10
"1154","nonsyn","int",50,0.0037779643591501,0.14690888659134,-0.599030757491611,11672,0.1,0.001,6,6,0,0.5,0.5,2,10
"1155","syn","rare",50,0.00138436082087999,0.0998961523942251,-0.695633555681403,24023,0.1,0.001,6,6,0,0.5,0.5,2,10
"1156","nonsyn","rare",50,0.000846571724083061,0.0548698943567685,-0.854881475265488,62845,0.1,0.001,6,6,0,0.5,0.5,2,10
"1157","syn","common",50,0.0146936401449081,0.549310849476763,0.0251833631111443,7453,0.1,0.001,6,6,0,0.5,0.5,2,10
"1158","nonsyn","common",50,0.12576077953715,0.721291669373396,0.451651713862868,3284,0.1,0.001,6,6,0,0.5,0.5,2,10
"1159","syn","int",75,0.00494205286933244,0.21964180235916,-0.357189906402598,11954,0.1,0.001,6,6,0,0.5,0.5,2,10
"1160","nonsyn","int",75,0.00321776378224485,0.132283144926902,-0.595912832338356,11591,0.1,0.001,6,6,0,0.5,0.5,2,10
"1161","syn","rare",75,0.00117019932145886,0.0849301597533655,-0.711589407236378,23580,0.1,0.001,6,6,0,0.5,0.5,2,10
"1162","nonsyn","rare",75,0.000787716985984313,0.0534378867925908,-0.857305681747975,62216,0.1,0.001,6,6,0,0.5,0.5,2,10
"1163","syn","common",75,0.0102092399828889,0.485211595649991,-0.00268808340674059,7013,0.1,0.001,6,6,0,0.5,0.5,2,10
"1164","nonsyn","common",75,0.102389094269871,0.651303205604902,0.351367912100146,2705,0.1,0.001,6,6,0,0.5,0.5,2,10
"1165","syn","int",100,0.00459688751668892,0.201000426584294,-0.36032422851641,11984,0.1,0.001,6,6,0,0.5,0.5,2,10
"1166","nonsyn","int",100,0.0035005754141238,0.128409862280274,-0.593698646317513,11470,0.1,0.001,6,6,0,0.5,0.5,2,10
"1167","syn","rare",100,0.00108145071508093,0.0768274361509933,-0.721279268256211,23354,0.1,0.001,6,6,0,0.5,0.5,2,10
"1168","nonsyn","rare",100,0.000805904933950548,0.0528114289123164,-0.855799824298959,61999,0.1,0.001,6,6,0,0.5,0.5,2,10
"1169","syn","common",100,0.00843402169068489,0.429931833699461,-0.0043772151438044,6731,0.1,0.001,6,6,0,0.5,0.5,2,10
"1170","nonsyn","common",100,0.0657985123198512,0.526282981953804,0.184835704919537,2151,0.1,0.001,6,6,0,0.5,0.5,2,10
"1171","syn","int",125,0.00390237031947784,0.173319927267042,-0.363969462427542,11644,0.1,0.001,6,6,0,0.5,0.5,2,10
"1172","nonsyn","int",125,0.00344388438491364,0.124063696188229,-0.591813038767006,11348,0.1,0.001,6,6,0,0.5,0.5,2,10
"1173","syn","rare",125,0.00102074185896053,0.0728286332005071,-0.723935499549788,23185,0.1,0.001,6,6,0,0.5,0.5,2,10
"1174","nonsyn","rare",125,0.000730603145176756,0.0501007706508508,-0.859362221989177,62572,0.1,0.001,6,6,0,0.5,0.5,2,10
"1175","syn","common",125,0.0116419630590749,0.386832297720035,0.00692744408956221,6551,0.1,0.001,6,6,0,0.5,0.5,2,10
"1176","nonsyn","common",125,0.0334456018518519,0.424598529286688,0.0379592923060285,1728,0.1,0.001,6,6,0,0.5,0.5,2,10
"1177","syn","int",150,0.00348057484398348,0.160098405731243,-0.379118381877936,11377,0.1,0.001,6,6,0,0.5,0.5,2,10
"1178","nonsyn","int",150,0.00296273848611234,0.115655630930364,-0.603971559426576,11269,0.1,0.001,6,6,0,0.5,0.5,2,10
"1179","syn","rare",150,0.000873250281166191,0.0654762005070784,-0.729505713173456,23118,0.1,0.001,6,6,0,0.5,0.5,2,10
"1180","nonsyn","rare",150,0.000729134747197807,0.0487024106969743,-0.859111204365065,62005,0.1,0.001,6,6,0,0.5,0.5,2,10
"1181","syn","common",150,0.00772907066646049,0.343115185918795,-0.00501168291405099,6467,0.1,0.001,6,6,0,0.5,0.5,2,10
"1182","nonsyn","common",150,0.0299897671568627,0.363326707045761,0.0470000860614415,1632,0.1,0.001,6,6,0,0.5,0.5,2,10
"1183","syn","int",175,0.0036815579287445,0.142375933920871,-0.368204813886257,11143,0.1,0.001,6,6,0,0.5,0.5,2,10
"1184","nonsyn","int",175,0.00295699763386206,0.109618784727353,-0.593499731674646,11411,0.1,0.001,6,6,0,0.5,0.5,2,10
"1185","syn","rare",175,0.000881591428069559,0.0650398049460465,-0.735877464038227,22772,0.1,0.001,6,6,0,0.5,0.5,2,10
"1186","nonsyn","rare",175,0.000725763543617227,0.0485494863922676,-0.859580294668809,61948,0.1,0.001,6,6,0,0.5,0.5,2,10
"1187","syn","common",175,0.00724633834346019,0.315524945964696,-0.0015499077939146,6254,0.1,0.001,6,6,0,0.5,0.5,2,10
"1188","nonsyn","common",175,0.026220971563981,0.35171066295695,0.0277163267510223,1688,0.1,0.001,6,6,0,0.5,0.5,2,10
"1189","syn","int",200,0.00283806371900097,0.135171112700383,-0.379276712700014,11331,0.1,0.001,6,6,0,0.5,0.5,2,10
"1190","nonsyn","int",200,0.00270365224989078,0.103019198789225,-0.597902212829169,11445,0.1,0.001,6,6,0,0.5,0.5,2,10
"1191","syn","rare",200,0.000886846234309624,0.0609867121667685,-0.738089883278154,22944,0.1,0.001,6,6,0,0.5,0.5,2,10
"1192","nonsyn","rare",200,0.000607193390551055,0.0451103766936123,-0.866703678071173,62335,0.1,0.001,6,6,0,0.5,0.5,2,10
"1193","syn","common",200,0.0064916282030877,0.295709873931472,-0.0105846521810991,6283,0.1,0.001,6,6,0,0.5,0.5,2,10
"1194","nonsyn","common",200,0.0267741146168706,0.342189174795603,0.0267322998065097,1553,0.1,0.001,6,6,0,0.5,0.5,2,10
"1195","syn","int",250,0.00280439222774514,0.118846040478506,-0.376081497385742,22130,0.1,0.001,6,6,0,0.5,0.5,2,10
"1196","nonsyn","int",250,0.00261129769650079,0.101030250701826,-0.591355828159016,22748,0.1,0.001,6,6,0,0.5,0.5,2,10
"1197","syn","rare",250,0.000808794035577259,0.0568875095365419,-0.736886783132444,45872,0.1,0.001,6,6,0,0.5,0.5,2,10
"1198","nonsyn","rare",250,0.000650725963094853,0.045832695281549,-0.862129162860299,123560,0.1,0.001,6,6,0,0.5,0.5,2,10
"1199","syn","common",250,0.00659056280587276,0.256024455832376,-0.00256211711694102,12260,0.1,0.001,6,6,0,0.5,0.5,2,10
"1200","nonsyn","common",250,0.0237409105586051,0.314106548612473,0.021515464870427,3097,0.1,0.001,6,6,0,0.5,0.5,2,10
"1201","syn","int",300,0.00247724973800519,0.10945421016656,-0.374819381140161,21947,0.1,0.001,6,6,0,0.5,0.5,2,10
"1202","nonsyn","int",300,0.00226600507320546,0.0938775841624687,-0.58960843370805,22471,0.1,0.001,6,6,0,0.5,0.5,2,10
"1203","syn","rare",300,0.000749084136722174,0.0523534021769043,-0.740384060132396,45640,0.1,0.001,6,6,0,0.5,0.5,2,10
"1204","nonsyn","rare",300,0.00061459752447213,0.0436809829645393,-0.864820379897291,123610,0.1,0.001,6,6,0,0.5,0.5,2,10
"1205","syn","common",300,0.0053492673837554,0.226153829436559,-0.00898772499668016,11807,0.1,0.001,6,6,0,0.5,0.5,2,10
"1206","nonsyn","common",300,0.0276074194598113,0.28930153574208,0.046592519873608,3073,0.1,0.001,6,6,0,0.5,0.5,2,10
"1207","syn","int",350,0.00239802807795326,0.0994438605327174,-0.374634097609551,21654,0.1,0.001,6,6,0,0.5,0.5,2,10
"1208","nonsyn","int",350,0.00214711120957023,0.0903767293969456,-0.588435494474422,22570,0.1,0.001,6,6,0,0.5,0.5,2,10
"1209","syn","rare",350,0.000689603157202368,0.0486279063422848,-0.747513145714813,45610,0.1,0.001,6,6,0,0.5,0.5,2,10
"1210","nonsyn","rare",350,0.000562670842133372,0.0417514214396637,-0.866695001242769,123579,0.1,0.001,6,6,0,0.5,0.5,2,10
"1211","syn","common",350,0.00548537391894183,0.199424887514486,-0.000802696551702434,11794,0.1,0.001,6,6,0,0.5,0.5,2,10
"1212","nonsyn","common",350,0.0255535313531353,0.2800699623339,0.0408060794045807,3030,0.1,0.001,6,6,0,0.5,0.5,2,10
"1213","syn","int",400,0.00214810571480738,0.089399359520363,-0.366441314684238,21908,0.1,0.001,6,6,0,0.5,0.5,2,10
"1214","nonsyn","int",400,0.00184002980222162,0.0836278683943781,-0.584274290650209,22146,0.1,0.001,6,6,0,0.5,0.5,2,10
"1215","syn","rare",400,0.000632258561493089,0.0460783738886856,-0.750836256882252,45436,0.1,0.001,6,6,0,0.5,0.5,2,10
"1216","nonsyn","rare",400,0.000540690837626469,0.0408323133601503,-0.867086845759229,123647,0.1,0.001,6,6,0,0.5,0.5,2,10
"1217","syn","common",400,0.00386508820003425,0.178993318810746,-0.0163758244859773,11678,0.1,0.001,6,6,0,0.5,0.5,2,10
"1218","nonsyn","common",400,0.0287109132871744,0.266691892182495,0.0584877808228689,3033,0.1,0.001,6,6,0,0.5,0.5,2,10
"1219","syn","int",450,0.0020204889298893,0.0851549866174164,-0.36854486074452,21680,0.1,0.001,6,6,0,0.5,0.5,2,10
"1220","nonsyn","int",450,0.00170533321341847,0.0800229611801658,-0.579872982399822,22238,0.1,0.001,6,6,0,0.5,0.5,2,10
"1221","syn","rare",450,0.0006175524927078,0.0447528789181029,-0.751707600415355,44911,0.1,0.001,6,6,0,0.5,0.5,2,10
"1222","nonsyn","rare",450,0.000469802403748218,0.0379175148605516,-0.871351106864131,122725,0.1,0.001,6,6,0,0.5,0.5,2,10
"1223","syn","common",450,0.0067879417153826,0.167632148803394,0.00760239068758542,11461,0.1,0.001,6,6,0,0.5,0.5,2,10
"1224","nonsyn","common",450,0.026829888084266,0.260912633483494,0.0574618376882799,3038,0.1,0.001,6,6,0,0.5,0.5,2,10
"1225","syn","int",500,0.00169796858445806,0.0769387002852693,-0.378039236145955,21709,0.1,0.001,6,6,0,0.5,0.5,2,10
"1226","nonsyn","int",500,0.00171990488819791,0.076538893521242,-0.571947255193467,21869,0.1,0.001,6,6,0,0.5,0.5,2,10
"1227","syn","rare",500,0.000553960064325918,0.0415681237154518,-0.752069989960585,44772,0.1,0.001,6,6,0,0.5,0.5,2,10
"1228","nonsyn","rare",500,0.000488329313159369,0.0381826869294159,-0.868914965642709,123129,0.1,0.001,6,6,0,0.5,0.5,2,10
"1229","syn","common",500,0.00543604205649113,0.153879001240825,-0.000407891742736604,11223,0.1,0.001,6,6,0,0.5,0.5,2,10
"1230","nonsyn","common",500,0.0261641624040921,0.235783248086044,0.0575791295588011,3128,0.1,0.001,6,6,0,0.5,0.5,2,10
"1231","syn","int",550,0.00149281583525319,0.0709756360415434,-0.381582143990748,21269,0.1,0.001,6,6,0,0.5,0.5,2,10
"1232","nonsyn","int",550,0.00188028323435359,0.0734068603805724,-0.562803529683129,21890,0.1,0.001,6,6,0,0.5,0.5,2,10
"1233","syn","rare",550,0.000508654991397944,0.0397192265608235,-0.756430988557206,45338,0.1,0.001,6,6,0,0.5,0.5,2,10
"1234","nonsyn","rare",550,0.000424122475823935,0.0359288478571263,-0.872507672388751,123159,0.1,0.001,6,6,0,0.5,0.5,2,10
"1235","syn","common",550,0.00735602333931777,0.143542715881416,0.0133601388081962,11140,0.1,0.001,6,6,0,0.5,0.5,2,10
"1236","nonsyn","common",550,0.0292902479338843,0.224465823790441,0.0762547138400776,3025,0.1,0.001,6,6,0,0.5,0.5,2,10
"1237","syn","int",600,0.00114338296882271,0.0674432680637701,-0.377714432839693,21490,0.1,0.001,6,6,0,0.5,0.5,2,10
"1238","nonsyn","int",600,0.00161465845261823,0.0712831030030354,-0.56214953242446,22076,0.1,0.001,6,6,0,0.5,0.5,2,10
"1239","syn","rare",600,0.000531245289710511,0.0394096927607961,-0.754815915769687,45114,0.1,0.001,6,6,0,0.5,0.5,2,10
"1240","nonsyn","rare",600,0.000412825579598774,0.0355117914607401,-0.873077393600391,122973,0.1,0.001,6,6,0,0.5,0.5,2,10
"1241","syn","common",600,0.00405643922676317,0.131747180130296,-0.0082542634042593,11329,0.1,0.001,6,6,0,0.5,0.5,2,10
"1242","nonsyn","common",600,0.028149743764947,0.217975354353804,0.0732445263462371,2927,0.1,0.001,6,6,0,0.5,0.5,2,10
"1243","syn","int",650,0.00143421972416399,0.064559062453368,-0.364718336894095,21172,0.1,0.001,6,6,0,0.5,0.5,2,10
"1244","nonsyn","int",650,0.00117749919787322,0.0657195821791235,-0.569629307797999,21817,0.1,0.001,6,6,0,0.5,0.5,2,10
"1245","syn","rare",650,0.000474948402727925,0.0382503498520456,-0.751780840084665,44576,0.1,0.001,6,6,0,0.5,0.5,2,10
"1246","nonsyn","rare",650,0.000430861324121485,0.0354241211364028,-0.872267929416924,122451,0.1,0.001,6,6,0,0.5,0.5,2,10
"1247","syn","common",650,0.00451049678762103,0.120339710670516,-0.000551574021277328,11051,0.1,0.001,6,6,0,0.5,0.5,2,10
"1248","nonsyn","common",650,0.0272090847457627,0.203392909824728,0.064870076417104,2950,0.1,0.001,6,6,0,0.5,0.5,2,10
"1249","syn","int",700,0.00117314928618701,0.0620524245929294,-0.366166122280008,21154,0.1,0.001,6,6,0,0.5,0.5,2,10
"1250","nonsyn","int",700,0.00117085289693212,0.0635058110202796,-0.564111421671044,21937,0.1,0.001,6,6,0,0.5,0.5,2,10
"1251","syn","rare",700,0.000464657540364903,0.0366863519756409,-0.758963615338534,44779,0.1,0.001,6,6,0,0.5,0.5,2,10
"1252","nonsyn","rare",700,0.000388708833436897,0.0338984573240582,-0.873403705850428,122308,0.1,0.001,6,6,0,0.5,0.5,2,10
"1253","syn","common",700,0.00556773698926671,0.115975981592165,0.00691272815011639,11087,0.1,0.001,6,6,0,0.5,0.5,2,10
"1254","nonsyn","common",700,0.0266895072669266,0.200560830493976,0.0608228712111838,2821,0.1,0.001,6,6,0,0.5,0.5,2,10
"1255","syn","int",750,0.00118320881583863,0.0586096997381164,-0.359167718924506,21416,0.1,0.001,6,6,0,0.5,0.5,2,10
"1256","nonsyn","int",750,0.00129377597150555,0.062793857901953,-0.556300073367354,21899,0.1,0.001,6,6,0,0.5,0.5,2,10
"1257","syn","rare",750,0.000414327178548304,0.0348227598193329,-0.763002290188709,44789,0.1,0.001,6,6,0,0.5,0.5,2,10
"1258","nonsyn","rare",750,0.000378682913584716,0.0329200310195875,-0.874524828017269,121541,0.1,0.001,6,6,0,0.5,0.5,2,10
"1259","syn","common",750,0.00414626838569094,0.112368562580384,-0.0056828148727684,11014,0.1,0.001,6,6,0,0.5,0.5,2,10
"1260","nonsyn","common",750,0.0261395626242545,0.199654108703679,0.0677122530926862,3018,0.1,0.001,6,6,0,0.5,0.5,2,10
"1261","syn","int",800,0.000975065868263473,0.0561464492895144,-0.351725321143282,20875,0.1,0.001,6,6,0,0.5,0.5,2,10
"1262","nonsyn","int",800,0.00126017594238571,0.0600938056341102,-0.548997086945921,21939,0.1,0.001,6,6,0,0.5,0.5,2,10
"1263","syn","rare",800,0.000414015109308493,0.0346581961774572,-0.760967544679036,44873,0.1,0.001,6,6,0,0.5,0.5,2,10
"1264","nonsyn","rare",800,0.000346925791581033,0.0321514718584449,-0.876975827713338,122129,0.1,0.001,6,6,0,0.5,0.5,2,10
"1265","syn","common",800,0.00454253827707065,0.108154259864489,-0.000189064621201495,10842,0.1,0.001,6,6,0,0.5,0.5,2,10
"1266","nonsyn","common",800,0.0262691746768313,0.196064831997194,0.0570161891625094,3017,0.1,0.001,6,6,0,0.5,0.5,2,10
"1267","syn","int",850,0.00126024447309364,0.0557418719219042,-0.344180173954876,20943,0.1,0.001,6,6,0,0.5,0.5,2,10
"1268","nonsyn","int",850,0.00105396970667643,0.0586893577550528,-0.547127814056232,21853,0.1,0.001,6,6,0,0.5,0.5,2,10
"1269","syn","rare",850,0.000394656471532391,0.0335733985188988,-0.761375752476932,44858,0.1,0.001,6,6,0,0.5,0.5,2,10
"1270","nonsyn","rare",850,0.000347505156664375,0.0317591885496477,-0.875763426710199,122172,0.1,0.001,6,6,0,0.5,0.5,2,10
"1271","syn","common",850,0.00325540027764924,0.100461654819323,-0.00694420213758129,10805,0.1,0.001,6,6,0,0.5,0.5,2,10
"1272","nonsyn","common",850,0.031552804377565,0.206855103083139,0.0976946925425874,2924,0.1,0.001,6,6,0,0.5,0.5,2,10
"1273","syn","int",900,0.00110981099819546,0.0537848513728274,-0.349099376868595,21058,0.1,0.001,6,6,0,0.5,0.5,2,10
"1274","nonsyn","int",900,0.00116758704039418,0.0577487862469588,-0.545989483745048,21513,0.1,0.001,6,6,0,0.5,0.5,2,10
"1275","syn","rare",900,0.000362056041406389,0.0324031971142521,-0.761395331920265,44824,0.1,0.001,6,6,0,0.5,0.5,2,10
"1276","nonsyn","rare",900,0.000374967447380132,0.0325833630943945,-0.87211610527126,121342,0.1,0.001,6,6,0,0.5,0.5,2,10
"1277","syn","common",900,0.00314268427858858,0.0957024954913719,-0.00603972243643861,10826,0.1,0.001,6,6,0,0.5,0.5,2,10
"1278","nonsyn","common",900,0.0282386565689825,0.194071597567396,0.0801323710376245,3037,0.1,0.001,6,6,0,0.5,0.5,2,10
"1279","syn","int",950,0.00086864063319506,0.0517533297340879,-0.351442901566371,20973,0.1,0.001,6,6,0,0.5,0.5,2,10
"1280","nonsyn","int",950,0.00091925642580585,0.0546486020603761,-0.544266931150598,21437,0.1,0.001,6,6,0,0.5,0.5,2,10
"1281","syn","rare",950,0.000305496613995485,0.0310930269186191,-0.763722191183302,44300,0.1,0.001,6,6,0,0.5,0.5,2,10
"1282","nonsyn","rare",950,0.000343924212808594,0.0309475730094935,-0.873702514928719,121762,0.1,0.001,6,6,0,0.5,0.5,2,10
"1283","syn","common",950,0.00312573776615614,0.0947222654381335,-0.00348520828197337,10708,0.1,0.001,6,6,0,0.5,0.5,2,10
"1284","nonsyn","common",950,0.0252320691949434,0.190333097716047,0.0617523732001199,3006,0.1,0.001,6,6,0,0.5,0.5,2,10
"1285","syn","int",1000,0.000796813360848491,0.04820614918608,-0.348461552501972,20837,0.1,0.001,6,6,0,0.5,0.5,2,10
"1286","nonsyn","int",1000,0.00120941030015215,0.0551006361998158,-0.528970837115246,21689,0.1,0.001,6,6,0,0.5,0.5,2,10
"1287","syn","rare",1000,0.00032997060818449,0.0307373516015752,-0.759360769682159,44230,0.1,0.001,6,6,0,0.5,0.5,2,10
"1288","nonsyn","rare",1000,0.000291153884183119,0.0297536097472325,-0.877936644551149,121364,0.1,0.001,6,6,0,0.5,0.5,2,10
"1289","syn","common",1000,0.0036114864259475,0.08910091972721,-0.00149155869621647,11161,0.1,0.001,6,6,0,0.5,0.5,2,10
"1290","nonsyn","common",1000,0.0276042676681461,0.189019220242577,0.0753527190237626,2929,0.1,0.001,6,6,0,0.5,0.5,2,10
"1291","syn","int",1050,0.000730816691785983,0.0478080400958446,-0.349958711282931,21232,0.1,0.001,6,6,0,0.5,0.5,2,10
"1292","nonsyn","int",1050,0.000763780877786532,0.0513936904768578,-0.537369281040526,21577,0.1,0.001,6,6,0,0.5,0.5,2,10
"1293","syn","rare",1050,0.000300581578828727,0.0288425628948198,-0.768080298066097,44362,0.1,0.001,6,6,0,0.5,0.5,2,10
"1294","nonsyn","rare",1050,0.000292792074323769,0.0295499780067664,-0.877879395497733,121630,0.1,0.001,6,6,0,0.5,0.5,2,10
"1295","syn","common",1050,0.00267142076502732,0.0832345063883376,-0.00950645698467007,10980,0.1,0.001,6,6,0,0.5,0.5,2,10
"1296","nonsyn","common",1050,0.0283005802047782,0.18293013363921,0.0830053453248542,2930,0.1,0.001,6,6,0,0.5,0.5,2,10
"1297","syn","int",1100,0.00086736038683986,0.0456054314087333,-0.336606559086644,21094,0.1,0.001,6,6,0,0.5,0.5,2,10
"1298","nonsyn","int",1100,0.000938867571361722,0.050795155704678,-0.531232802574112,21370,0.1,0.001,6,6,0,0.5,0.5,2,10
"1299","syn","rare",1100,0.000343396609252412,0.0305695388038488,-0.761740919901109,44356,0.1,0.001,6,6,0,0.5,0.5,2,10
"1300","nonsyn","rare",1100,0.00030454878822589,0.0293439565781791,-0.876469858941842,121351,0.1,0.001,6,6,0,0.5,0.5,2,10
"1301","syn","common",1100,0.00485605751391466,0.0829337235363804,0.00868826940548185,10780,0.1,0.001,6,6,0,0.5,0.5,2,10
"1302","nonsyn","common",1100,0.0298874404356705,0.17389531601136,0.10104687756551,2938,0.1,0.001,6,6,0,0.5,0.5,2,10
"1303","syn","int",1150,0.000678945613867988,0.0444294616635674,-0.341397073706589,20998,0.1,0.001,6,6,0,0.5,0.5,2,10
"1304","nonsyn","int",1150,0.00089770045805765,0.0498011273209615,-0.530779705915176,21613,0.1,0.001,6,6,0,0.5,0.5,2,10
"1305","syn","rare",1150,0.000335611192930781,0.0302573246880414,-0.756757413748164,44135,0.1,0.001,6,6,0,0.5,0.5,2,10
"1306","nonsyn","rare",1150,0.000300820644650979,0.0291436916741278,-0.875608986118008,121368,0.1,0.001,6,6,0,0.5,0.5,2,10
"1307","syn","common",1150,0.00366728207954441,0.0810144577085956,-0.0033194210719385,10887,0.1,0.001,6,6,0,0.5,0.5,2,10
"1308","nonsyn","common",1150,0.0245818822700035,0.171377150761566,0.0661704952445374,2837,0.1,0.001,6,6,0,0.5,0.5,2,10
"1309","syn","int",1200,0.000584246112237999,0.0428925664463054,-0.336386780849578,20706,0.1,0.001,6,6,0,0.5,0.5,2,10
"1310","nonsyn","int",1200,0.000897828205485173,0.0492829388685299,-0.526468524766612,21549,0.1,0.001,6,6,0,0.5,0.5,2,10
"1311","syn","rare",1200,0.000322381561525169,0.0291296383716477,-0.759728326299892,44559,0.1,0.001,6,6,0,0.5,0.5,2,10
"1312","nonsyn","rare",1200,0.000288178177764934,0.0286498434159397,-0.876026661554319,121115,0.1,0.001,6,6,0,0.5,0.5,2,10
"1313","syn","common",1200,0.00366646948356807,0.07712128281808,0.000955052165641507,10650,0.1,0.001,6,6,0,0.5,0.5,2,10
"1314","nonsyn","common",1200,0.0230706451612903,0.166822601541841,0.0579228867288657,2790,0.1,0.001,6,6,0,0.5,0.5,2,10
"1315","syn","int",1300,0.000627147202240139,0.0418889141326202,-0.343813590080318,41426,0.1,0.001,6,6,0,0.5,0.5,2,10
"1316","nonsyn","int",1300,0.00100743236940299,0.047851399512307,-0.518210911036357,42880,0.1,0.001,6,6,0,0.5,0.5,2,10
"1317","syn","rare",1300,0.000290435331657102,0.0282621420074814,-0.764928140786795,88691,0.1,0.001,6,6,0,0.5,0.5,2,10
"1318","nonsyn","rare",1300,0.000281698077352083,0.0281558254558685,-0.875853599105284,242062,0.1,0.001,6,6,0,0.5,0.5,2,10
"1319","syn","common",1300,0.00357015169194866,0.0753664890065349,0.000865268809324632,21425,0.1,0.001,6,6,0,0.5,0.5,2,10
"1320","nonsyn","common",1300,0.0250104998264492,0.160084812762136,0.0756362649714145,5762,0.1,0.001,6,6,0,0.5,0.5,2,10
"1321","syn","int",1400,0.000543816049799739,0.0394807875495577,-0.337930255749092,41446,0.1,0.001,6,6,0,0.5,0.5,2,10
"1322","nonsyn","int",1400,0.000905988926846507,0.0456547797362057,-0.518510209627356,42445,0.1,0.001,6,6,0,0.5,0.5,2,10
"1323","syn","rare",1400,0.000287811338342788,0.0275058597696022,-0.76099092640486,87967,0.1,0.001,6,6,0,0.5,0.5,2,10
"1324","nonsyn","rare",1400,0.000265838671776072,0.027410422563889,-0.876303452909184,240863,0.1,0.001,6,6,0,0.5,0.5,2,10
"1325","syn","common",1400,0.00285592936802974,0.0702971817427799,-0.00135614470287579,21520,0.1,0.001,6,6,0,0.5,0.5,2,10
"1326","nonsyn","common",1400,0.0248139229573329,0.157919051375557,0.0785122528491916,5789,0.1,0.001,6,6,0,0.5,0.5,2,10
"1327","syn","int",1500,0.000558591850627249,0.0380747434592771,-0.326734775253764,41132,0.1,0.001,6,6,0,0.5,0.5,2,10
"1328","nonsyn","int",1500,0.00100895834786856,0.044867484944036,-0.502234445973072,42999,0.1,0.001,6,6,0,0.5,0.5,2,10
"1329","syn","rare",1500,0.000269547652916074,0.0263608166115276,-0.766535320610321,87875,0.1,0.001,6,6,0,0.5,0.5,2,10
"1330","nonsyn","rare",1500,0.000245805977095557,0.0266496916035614,-0.877859503343962,240652,0.1,0.001,6,6,0,0.5,0.5,2,10
"1331","syn","common",1500,0.00323558558558559,0.0668151659427236,0.0021488288826884,21534,0.1,0.001,6,6,0,0.5,0.5,2,10
"1332","nonsyn","common",1500,0.0242822877599727,0.154049697454347,0.0704952509931921,5866,0.1,0.001,6,6,0,0.5,0.5,2,10
"1333","syn","int",1600,0.000464575301426712,0.0368816731957634,-0.322488007985016,40723,0.1,0.001,6,6,0,0.5,0.5,2,10
"1334","nonsyn","int",1600,0.000658704264740154,0.0419281344593704,-0.50575998774676,42910,0.1,0.001,6,6,0,0.5,0.5,2,10
"1335","syn","rare",1600,0.000252786587098608,0.0259037184977593,-0.759867584826492,87975,0.1,0.001,6,6,0,0.5,0.5,2,10
"1336","nonsyn","rare",1600,0.000227215644881795,0.0256305289863072,-0.878157687781683,240641,0.1,0.001,6,6,0,0.5,0.5,2,10
"1337","syn","common",1600,0.00290286242774566,0.0649366606471256,0.000287400569219673,21625,0.1,0.001,6,6,0,0.5,0.5,2,10
"1338","nonsyn","common",1600,0.0253968508092892,0.154821641134092,0.0869486431759182,5684,0.1,0.001,6,6,0,0.5,0.5,2,10
"1339","syn","int",1700,0.000516284875183554,0.0357963168768951,-0.32188116728658,40860,0.1,0.001,6,6,0,0.5,0.5,2,10
"1340","nonsyn","int",1700,0.000745153169262623,0.041090962343468,-0.497750853812492,42502,0.1,0.001,6,6,0,0.5,0.5,2,10
"1341","syn","rare",1700,0.000225843885456842,0.0242964591815454,-0.765157613066714,87897,0.1,0.001,6,6,0,0.5,0.5,2,10
"1342","nonsyn","rare",1700,0.000229742167753093,0.025528925156654,-0.876819137076889,240544,0.1,0.001,6,6,0,0.5,0.5,2,10
"1343","syn","common",1700,0.00237770967894017,0.0622208141529924,-0.00316473435279387,21211,0.1,0.001,6,6,0,0.5,0.5,2,10
"1344","nonsyn","common",1700,0.0208507042253521,0.135609540035923,0.05880460651633,5822,0.1,0.001,6,6,0,0.5,0.5,2,10
"1345","syn","int",1800,0.000534992977187969,0.0342944899876628,-0.312990221766199,41294,0.1,0.001,6,6,0,0.5,0.5,2,10
"1346","nonsyn","int",1800,0.000668422662462943,0.0397179915916163,-0.49913000389771,42502,0.1,0.001,6,6,0,0.5,0.5,2,10
"1347","syn","rare",1800,0.00020239036561884,0.0238973859376644,-0.763894142544382,87769,0.1,0.001,6,6,0,0.5,0.5,2,10
"1348","nonsyn","rare",1800,0.000225253782720217,0.0252315550760944,-0.876671393949187,239378,0.1,0.001,6,6,0,0.5,0.5,2,10
"1349","syn","common",1800,0.00208153745988932,0.0602280846701492,-0.00518756590963203,21503,0.1,0.001,6,6,0,0.5,0.5,2,10
"1350","nonsyn","common",1800,0.0226102037232174,0.136216187079325,0.0696970687405549,5694,0.1,0.001,6,6,0,0.5,0.5,2,10
"1351","syn","int",1900,0.00043012621762164,0.0330760485450231,-0.315180509067445,40961,0.1,0.001,6,6,0,0.5,0.5,2,10
"1352","nonsyn","int",1900,0.000839172034416287,0.0395717150986836,-0.486608694180972,42538,0.1,0.001,6,6,0,0.5,0.5,2,10
"1353","syn","rare",1900,0.000207464785511753,0.0237179055881514,-0.762731135783266,87464,0.1,0.001,6,6,0,0.5,0.5,2,10
"1354","nonsyn","rare",1900,0.00022360841640463,0.0249509528462072,-0.875561720233426,239152,0.1,0.001,6,6,0,0.5,0.5,2,10
"1355","syn","common",1900,0.00250496953541508,0.0575323078116396,-0.000698127921738734,21008,0.1,0.001,6,6,0,0.5,0.5,2,10
"1356","nonsyn","common",1900,0.0213721314295544,0.130076379041634,0.06602815010396,5813,0.1,0.001,6,6,0,0.5,0.5,2,10
"1357","syn","int",2000,0.000456912498776549,0.0329459173700719,-0.314431654002966,40868,0.1,0.001,6,6,0,0.5,0.5,2,10
"1358","nonsyn","int",2000,0.000742443464522367,0.0376743300787978,-0.484284022406716,42407,0.1,0.001,6,6,0,0.5,0.5,2,10
"1359","syn","rare",2000,0.000204221449341468,0.0232735962746585,-0.7636677731054,87695,0.1,0.001,6,6,0,0.5,0.5,2,10
"1360","nonsyn","rare",2000,0.000202560931125711,0.0238417792560024,-0.876809591541145,238507,0.1,0.001,6,6,0,0.5,0.5,2,10
"1361","syn","common",2000,0.00235215902606049,0.0574691990717649,-0.00241151126377121,21028,0.1,0.001,6,6,0,0.5,0.5,2,10
"1362","nonsyn","common",2000,0.0223022738929732,0.12619850455333,0.0738205805721842,5849,0.1,0.001,6,6,0,0.5,0.5,2,10
"1363","syn","int",2500,0.00042938578805016,0.029946197815993,-0.306514973654736,203350,0.1,0.001,6,6,0,0.5,0.5,2,10
"1364","nonsyn","int",2500,0.000641196551167494,0.0350392568527925,-0.476058744071266,210622,0.1,0.001,6,6,0,0.5,0.5,2,10
"1365","syn","rare",2500,0.000180430196579132,0.0220355998904152,-0.764084385025325,434685,0.1,0.001,6,6,0,0.5,0.5,2,10
"1366","nonsyn","rare",2500,0.000177088243612709,0.0228180521880509,-0.877422713282299,1187984,0.1,0.001,6,6,0,0.5,0.5,2,10
"1367","syn","common",2500,0.00216344539825634,0.0520103096614656,-0.00217540742436117,104493,0.1,0.001,6,6,0,0.5,0.5,2,10
"1368","nonsyn","common",2500,0.0212399507166904,0.122173877875055,0.0705817897089455,28813,0.1,0.001,6,6,0,0.5,0.5,2,10
"1369","syn","int",3000,0.000380000984833563,0.0270965271731494,-0.29768541288087,203080,0.1,0.001,6,6,0,0.5,0.5,2,10
"1370","nonsyn","int",3000,0.000582031743600544,0.0315769667661538,-0.461170331229629,208924,0.1,0.001,6,6,0,0.5,0.5,2,10
"1371","syn","rare",3000,0.000160578303433329,0.0208165621261488,-0.763618350390922,431884,0.1,0.001,6,6,0,0.5,0.5,2,10
"1372","nonsyn","rare",3000,0.000160566550996121,0.021563704718999,-0.876593656920287,1178923,0.1,0.001,6,6,0,0.5,0.5,2,10
"1373","syn","common",3000,0.00226529306150817,0.0461011299708937,0.000623960743451332,103596,0.1,0.001,6,6,0,0.5,0.5,2,10
"1374","nonsyn","common",3000,0.0201027287978909,0.10847637082278,0.0679018764450248,29207,0.1,0.001,6,6,0,0.5,0.5,2,10
"1375","syn","int",3500,0.0003705949115672,0.0250118348455304,-0.286980661388064,200887,0.1,0.001,6,6,0,0.5,0.5,2,10
"1376","nonsyn","int",3500,0.000496620471675176,0.0288122714256143,-0.451854067831175,205650,0.1,0.001,6,6,0,0.5,0.5,2,10
"1377","syn","rare",3500,0.000141921364829641,0.019652256346562,-0.761184574015159,429299,0.1,0.001,6,6,0,0.5,0.5,2,10
"1378","nonsyn","rare",3500,0.000143953753053757,0.0203560389086279,-0.876027907517102,1169461,0.1,0.001,6,6,0,0.5,0.5,2,10
"1379","syn","common",3500,0.00205754616751661,0.0427941588382215,-3.97981608837733e-05,103536,0.1,0.001,6,6,0,0.5,0.5,2,10
"1380","nonsyn","common",3500,0.0204115081685297,0.100918895699453,0.075486457685666,29075,0.1,0.001,6,6,0,0.5,0.5,2,10
"1381","syn","int",4000,0.000258337308381745,0.0230034454727077,-0.281415527719666,199159,0.1,0.001,6,6,0,0.5,0.5,2,10
"1382","nonsyn","int",4000,0.000387851176917236,0.026542850923001,-0.444682766428951,204135,0.1,0.001,6,6,0,0.5,0.5,2,10
"1383","syn","rare",4000,0.00012215267970667,0.0183846988382106,-0.763244175146505,426278,0.1,0.001,6,6,0,0.5,0.5,2,10
"1384","nonsyn","rare",4000,0.000117752257302836,0.0191783601466337,-0.876906380843663,1162117,0.1,0.001,6,6,0,0.5,0.5,2,10
"1385","syn","common",4000,0.00162779195136017,0.0383826534321458,-0.00262117338666114,102303,0.1,0.001,6,6,0,0.5,0.5,2,10
"1386","nonsyn","common",4000,0.0178121937482399,0.0911079989934332,0.0645982381857611,28408,0.1,0.001,6,6,0,0.5,0.5,2,10
"1387","syn","int",4500,0.000270278376938108,0.0217524327616808,-0.277426710391918,197035,0.1,0.001,6,6,0,0.5,0.5,2,10
"1388","nonsyn","int",4500,0.000321791706827704,0.0247675827311058,-0.437786816137572,203348,0.1,0.001,6,6,0,0.5,0.5,2,10
"1389","syn","rare",4500,0.000115745969836338,0.0177839754296942,-0.760421440214909,423556,0.1,0.001,6,6,0,0.5,0.5,2,10
"1390","nonsyn","rare",4500,0.000115707941395485,0.0185580483337178,-0.875479259802114,1153563,0.1,0.001,6,6,0,0.5,0.5,2,10
"1391","syn","common",4500,0.00166656767159688,0.0359370070652698,-0.00194513226113253,102362,0.1,0.001,6,6,0,0.5,0.5,2,10
"1392","nonsyn","common",4500,0.0180043848624494,0.0841969486650737,0.070148631637463,28644,0.1,0.001,6,6,0,0.5,0.5,2,10
"1393","syn","int",5000,0.000242927658444953,0.0204779724825336,-0.272029728551529,195904,0.1,0.001,6,6,0,0.5,0.5,2,10
"1394","nonsyn","int",5000,0.000285725469599298,0.0234468589573666,-0.432324130906435,201821,0.1,0.001,6,6,0,0.5,0.5,2,10
"1395","syn","rare",5000,0.000103008341179939,0.0171760272687317,-0.762015616278124,420564,0.1,0.001,6,6,0,0.5,0.5,2,10
"1396","nonsyn","rare",5000,0.000102603138999744,0.0179349748495994,-0.875507685506612,1144887,0.1,0.001,6,6,0,0.5,0.5,2,10
"1397","syn","common",5000,0.00146162293296366,0.0334962497994152,-0.00278492927503218,100990,0.1,0.001,6,6,0,0.5,0.5,2,10
"1398","nonsyn","common",5000,0.015461272364413,0.0753242935824381,0.0582246073517734,28561,0.1,0.001,6,6,0,0.5,0.5,2,10
"1399","syn","int",7500,0.000168507630254896,0.0183858087481806,-0.264002170702884,961960,0.1,0.001,6,6,0,0.5,0.5,2,10
"1400","nonsyn","int",7500,0.000263927666228532,0.0205074333098465,-0.412836897409872,986759,0.1,0.001,6,6,0,0.5,0.5,2,10
"1401","syn","rare",7500,8.54878168403327e-05,0.0158559214140919,-0.759893431329417,2059318,0.1,0.001,6,6,0,0.5,0.5,2,10
"1402","nonsyn","rare",7500,8.69072949383958e-05,0.0165852917930969,-0.874408684855677,5614386,0.1,0.001,6,6,0,0.5,0.5,2,10
"1403","syn","common",7500,0.0012377148439467,0.0281063217485735,-0.00246495018279653,496465,0.1,0.001,6,6,0,0.5,0.5,2,10
"1404","nonsyn","common",7500,0.0136857337767545,0.0600486379751989,0.0545730183306773,140724,0.1,0.001,6,6,0,0.5,0.5,2,10
"1405","syn","int",10000,0.000109530600528437,0.0159826105050255,-0.252060429306636,928399,0.1,0.001,6,6,0,0.5,0.5,2,10
"1406","nonsyn","int",10000,0.00014115240609764,0.0174636220903681,-0.397564420852334,945743,0.1,0.001,6,6,0,0.5,0.5,2,10
"1407","syn","rare",10000,6.8285355753545e-05,0.0145144813154808,-0.758021352962647,1992250,0.1,0.001,6,6,0,0.5,0.5,2,10
"1408","nonsyn","rare",10000,6.02949995732195e-05,0.0149371509773561,-0.873661901821844,5412618,0.1,0.001,6,6,0,0.5,0.5,2,10
"1409","syn","common",10000,0.00102644507025933,0.0221158992237158,-0.00241090115748092,483281,0.1,0.001,6,6,0,0.5,0.5,2,10
"1410","nonsyn","common",10000,0.00960554506048092,0.0411497877587374,0.0376309885749455,136572,0.1,0.001,6,6,0,0.5,0.5,2,10
"1411","nonsyn","int",10,0.00388919449901768,0.158810531847773,-0.606625068279399,3563,0.1,0.001,6,6,0,0.5,0.5,3,10
"1412","syn","int",10,0.0030292824993381,0.281462056476037,-0.389456019626917,3777,0.1,0.001,6,6,0,0.5,0.5,3,10
"1413","nonsyn","rare",10,0.000749592971309441,0.0531849367615362,-0.86410602896742,20146,0.1,0.001,6,6,0,0.5,0.5,3,10
"1414","syn","rare",10,0.0013302573932092,0.100507708296728,-0.726621530754235,7304,0.1,0.001,6,6,0,0.5,0.5,3,10
"1415","nonsyn","common",10,0.101896363636364,0.716217424708627,0.339654990057503,770,0.1,0.001,6,6,0,0.5,0.5,3,10
"1416","syn","common",10,0.0119793752674369,0.661492939078957,0.00241946677605369,2337,0.1,0.001,6,6,0,0.5,0.5,3,10
"1417","nonsyn","int",15,0.00415566197183099,0.150811989968433,-0.601301122787266,1775,0.1,0.001,6,6,0,0.5,0.5,3,10
"1418","syn","int",15,0.00547363542739444,0.272033594471716,-0.353866620270584,1942,0.1,0.001,6,6,0,0.5,0.5,3,10
"1419","nonsyn","rare",15,0.000770690167343301,0.0515035572356684,-0.866558139711414,10099,0.1,0.001,6,6,0,0.5,0.5,3,10
"1420","syn","rare",15,0.00109160369437448,0.0992624702752725,-0.722317190233126,3573,0.1,0.001,6,6,0,0.5,0.5,3,10
"1421","nonsyn","common",15,0.134471790235081,0.778276586715855,0.494233912925269,553,0.1,0.001,6,6,0,0.5,0.5,3,10
"1422","syn","common",15,0.00516031746031746,0.648397751840693,-0.0332247240983785,1134,0.1,0.001,6,6,0,0.5,0.5,3,10
"1423","nonsyn","int",20,0.00332997198879552,0.154086443549543,-0.598265801157231,1785,0.1,0.001,6,6,0,0.5,0.5,3,10
"1424","syn","int",20,0.00615136411332634,0.280210406445839,-0.345866261407001,1906,0.1,0.001,6,6,0,0.5,0.5,3,10
"1425","nonsyn","rare",20,0.000626785714285714,0.0494620417195175,-0.871280630015092,10080,0.1,0.001,6,6,0,0.5,0.5,3,10
"1426","syn","rare",20,0.00136771810173345,0.105376827276749,-0.701883400458968,3519,0.1,0.001,6,6,0,0.5,0.5,3,10
"1427","nonsyn","common",20,0.132638202247191,0.752677158972114,0.476522411172349,445,0.1,0.001,6,6,0,0.5,0.5,3,10
"1428","syn","common",20,0.0065405504587156,0.612502376676335,-0.0100238418340347,1090,0.1,0.001,6,6,0,0.5,0.5,3,10
"1429","nonsyn","int",25,0.00298400900900901,0.142705136441299,-0.606879389215032,1776,0.1,0.001,6,6,0,0.5,0.5,3,10
"1430","syn","int",25,0.00438269334775554,0.27521087360264,-0.354846334368522,1849,0.1,0.001,6,6,0,0.5,0.5,3,10
"1431","nonsyn","rare",25,0.000799804572991988,0.0540903664067956,-0.861095304318627,10234,0.1,0.001,6,6,0,0.5,0.5,3,10
"1432","syn","rare",25,0.000982532504239684,0.0942810147865382,-0.725091001582319,3538,0.1,0.001,6,6,0,0.5,0.5,3,10
"1433","nonsyn","common",25,0.134833655705996,0.755280565661469,0.488033292107825,517,0.1,0.001,6,6,0,0.5,0.5,3,10
"1434","syn","common",25,0.0202675422138837,0.595701029279885,0.052330581317549,1066,0.1,0.001,6,6,0,0.5,0.5,3,10
"1435","nonsyn","int",50,0.00271214570290268,0.13367173488447,-0.619499727950419,8785,0.1,0.001,6,6,0,0.5,0.5,3,10
"1436","syn","int",50,0.0044953768624014,0.230311370916093,-0.38280625480098,9128,0.1,0.001,6,6,0,0.5,0.5,3,10
"1437","nonsyn","rare",50,0.000706791124470988,0.0504710970051389,-0.86430765346428,50566,0.1,0.001,6,6,0,0.5,0.5,3,10
"1438","syn","rare",50,0.00094926659948494,0.0829554277798534,-0.742278480596318,17862,0.1,0.001,6,6,0,0.5,0.5,3,10
"1439","nonsyn","common",50,0.127372489290814,0.707001525955648,0.472377053791789,2101,0.1,0.001,6,6,0,0.5,0.5,3,10
"1440","syn","common",50,0.0128167239404353,0.53792962036443,0.00374648469421861,5238,0.1,0.001,6,6,0,0.5,0.5,3,10
"1441","nonsyn","int",75,0.00282409762805088,0.128408148764309,-0.609140972885612,8727,0.1,0.001,6,6,0,0.5,0.5,3,10
"1442","syn","int",75,0.00419456251413068,0.204695707670849,-0.396904458571873,8846,0.1,0.001,6,6,0,0.5,0.5,3,10
"1443","nonsyn","rare",75,0.000694080194798715,0.0492188835909679,-0.865837095882404,50103,0.1,0.001,6,6,0,0.5,0.5,3,10
"1444","syn","rare",75,0.000900734380296012,0.073460361308702,-0.746424668064595,17702,0.1,0.001,6,6,0,0.5,0.5,3,10
"1445","nonsyn","common",75,0.0970374480712166,0.61897600272303,0.325384011035711,1685,0.1,0.001,6,6,0,0.5,0.5,3,10
"1446","syn","common",75,0.00844064019448947,0.465509215662662,-0.00838313175153083,4936,0.1,0.001,6,6,0,0.5,0.5,3,10
"1447","nonsyn","int",100,0.00251725699686448,0.118614958422851,-0.608337129026515,8611,0.1,0.001,6,6,0,0.5,0.5,3,10
"1448","syn","int",100,0.00361194705283403,0.177930492518394,-0.401338019508644,8839,0.1,0.001,6,6,0,0.5,0.5,3,10
"1449","nonsyn","rare",100,0.000637012094283608,0.046720689173583,-0.867556868195979,50189,0.1,0.001,6,6,0,0.5,0.5,3,10
"1450","syn","rare",100,0.000835506874322551,0.0660605125890014,-0.753745044060788,17529,0.1,0.001,6,6,0,0.5,0.5,3,10
"1451","nonsyn","common",100,0.0645693641618497,0.507176438294237,0.178557594958848,1384,0.1,0.001,6,6,0,0.5,0.5,3,10
"1452","syn","common",100,0.00699953251168721,0.408817008032266,-0.0117109326174581,4706,0.1,0.001,6,6,0,0.5,0.5,3,10
"1453","nonsyn","int",125,0.0021964583571347,0.111787785755409,-0.620048863965282,8753,0.1,0.001,6,6,0,0.5,0.5,3,10
"1454","syn","int",125,0.00306047245936148,0.157897437421528,-0.390785255847121,8551,0.1,0.001,6,6,0,0.5,0.5,3,10
"1455","nonsyn","rare",125,0.000584143571104044,0.0449544811363585,-0.872959195127916,50623,0.1,0.001,6,6,0,0.5,0.5,3,10
"1456","syn","rare",125,0.000848582241301401,0.0640504426706855,-0.753440567023756,17704,0.1,0.001,6,6,0,0.5,0.5,3,10
"1457","nonsyn","common",125,0.0215289134438306,0.381857295622048,0.00106256243846736,1086,0.1,0.001,6,6,0,0.5,0.5,3,10
"1458","syn","common",125,0.00631093509350935,0.356950499508458,-0.0115139843076885,4545,0.1,0.001,6,6,0,0.5,0.5,3,10
"1459","nonsyn","int",150,0.00227019997688129,0.106000164817781,-0.60289929564718,8651,0.1,0.001,6,6,0,0.5,0.5,3,10
"1460","syn","int",150,0.0033300176366843,0.146202002900526,-0.393097566811042,8505,0.1,0.001,6,6,0,0.5,0.5,3,10
"1461","nonsyn","rare",150,0.000622276251021344,0.0458409499587568,-0.869572465173173,50179,0.1,0.001,6,6,0,0.5,0.5,3,10
"1462","syn","rare",150,0.000875678035153067,0.0636534195826763,-0.755734947197307,17182,0.1,0.001,6,6,0,0.5,0.5,3,10
"1463","nonsyn","common",150,0.013672037037037,0.314344298804704,-0.0338833152345996,1080,0.1,0.001,6,6,0,0.5,0.5,3,10
"1464","syn","common",150,0.00666985688729875,0.321538449093812,-0.00134776074887455,4472,0.1,0.001,6,6,0,0.5,0.5,3,10
"1465","nonsyn","int",175,0.00167348563516788,0.0986889777889925,-0.617650374643765,8667,0.1,0.001,6,6,0,0.5,0.5,3,10
"1466","syn","int",175,0.00284466124012449,0.131338708489045,-0.396252820859683,8354,0.1,0.001,6,6,0,0.5,0.5,3,10
"1467","nonsyn","rare",175,0.000567869184086312,0.0427664248055005,-0.87226248643993,50422,0.1,0.001,6,6,0,0.5,0.5,3,10
"1468","syn","rare",175,0.000719301289837469,0.0550556593657564,-0.766621994172899,17289,0.1,0.001,6,6,0,0.5,0.5,3,10
"1469","nonsyn","common",175,0.011197373540856,0.279375557146659,-0.0634126772352945,1028,0.1,0.001,6,6,0,0.5,0.5,3,10
"1470","syn","common",175,0.00461363842319891,0.288964696630784,-0.0115892158626693,4414,0.1,0.001,6,6,0,0.5,0.5,3,10
"1471","nonsyn","int",200,0.00211036430712474,0.0998251521902441,-0.601617711906013,8674,0.1,0.001,6,6,0,0.5,0.5,3,10
"1472","syn","int",200,0.00261306710775047,0.121562659074784,-0.411801055605343,8464,0.1,0.001,6,6,0,0.5,0.5,3,10
"1473","nonsyn","rare",200,0.000516762706119275,0.0418162076047829,-0.876840905727268,50153,0.1,0.001,6,6,0,0.5,0.5,3,10
"1474","syn","rare",200,0.000782778750729714,0.0557595153251095,-0.758101045305255,17130,0.1,0.001,6,6,0,0.5,0.5,3,10
"1475","nonsyn","common",200,0.0124062007874016,0.266726002992893,-0.0472545753509289,1016,0.1,0.001,6,6,0,0.5,0.5,3,10
"1476","syn","common",200,0.00751648501362398,0.269520802212988,0.0024156733579295,4404,0.1,0.001,6,6,0,0.5,0.5,3,10
"1477","nonsyn","int",250,0.00189101635514019,0.0922043216087539,-0.606797470673787,17120,0.1,0.001,6,6,0,0.5,0.5,3,10
"1478","syn","int",250,0.00217454600484261,0.109282553614601,-0.400188847481192,16520,0.1,0.001,6,6,0,0.5,0.5,3,10
"1479","nonsyn","rare",250,0.000484593177163978,0.0404793723000838,-0.876731573226887,100105,0.1,0.001,6,6,0,0.5,0.5,3,10
"1480","syn","rare",250,0.000628693846513804,0.0503409135960413,-0.77010457409103,34192,0.1,0.001,6,6,0,0.5,0.5,3,10
"1481","nonsyn","common",250,0.00879683995922528,0.231137742167106,-0.0594484899090509,1962,0.1,0.001,6,6,0,0.5,0.5,3,10
"1482","syn","common",250,0.0060473997896459,0.234644055830554,-0.00656364957128402,8557,0.1,0.001,6,6,0,0.5,0.5,3,10
"1483","nonsyn","int",300,0.00153013902977505,0.0841574509528972,-0.602586433829256,16759,0.1,0.001,6,6,0,0.5,0.5,3,10
"1484","syn","int",300,0.00190979312033297,0.096046091205545,-0.403162218396439,16338,0.1,0.001,6,6,0,0.5,0.5,3,10
"1485","nonsyn","rare",300,0.000461549103741428,0.0388790316518069,-0.877122976953104,99748,0.1,0.001,6,6,0,0.5,0.5,3,10
"1486","syn","rare",300,0.000617256841983452,0.0474531510206631,-0.771227155443112,34566,0.1,0.001,6,6,0,0.5,0.5,3,10
"1487","nonsyn","common",300,0.0118349264705882,0.215972287426218,-0.0272836601536478,1904,0.1,0.001,6,6,0,0.5,0.5,3,10
"1488","syn","common",300,0.00468421116504854,0.199660990951147,-0.00986385702606877,8240,0.1,0.001,6,6,0,0.5,0.5,3,10
"1489","nonsyn","int",350,0.00180112984218077,0.0835821287989866,-0.582934713771743,16728,0.1,0.001,6,6,0,0.5,0.5,3,10
"1490","syn","int",350,0.00193336386395555,0.0906198912552068,-0.391249847755191,16377,0.1,0.001,6,6,0,0.5,0.5,3,10
"1491","nonsyn","rare",350,0.000437894303968867,0.0379681597152696,-0.877831086289883,99701,0.1,0.001,6,6,0,0.5,0.5,3,10
"1492","syn","rare",350,0.000543770089416165,0.0430954780014288,-0.774340459004277,34222,0.1,0.001,6,6,0,0.5,0.5,3,10
"1493","nonsyn","common",350,0.0117809908998989,0.180953770240482,-0.0285548475333728,1978,0.1,0.001,6,6,0,0.5,0.5,3,10
"1494","syn","common",350,0.00522851006381934,0.177481360408655,-0.00721262373444163,8148,0.1,0.001,6,6,0,0.5,0.5,3,10
"1495","nonsyn","int",400,0.001174327146864,0.0743983211928428,-0.594280267801271,16757,0.1,0.001,6,6,0,0.5,0.5,3,10
"1496","syn","int",400,0.00138488400942811,0.0812796293411099,-0.402235877774177,16122,0.1,0.001,6,6,0,0.5,0.5,3,10
"1497","nonsyn","rare",400,0.000418253896837538,0.036742041790843,-0.878743546781444,100017,0.1,0.001,6,6,0,0.5,0.5,3,10
"1498","syn","rare",400,0.000497189205131986,0.0402249913929179,-0.781612649080674,33905,0.1,0.001,6,6,0,0.5,0.5,3,10
"1499","nonsyn","common",400,0.0113884432717678,0.169739053155978,-0.00966364107934473,1895,0.1,0.001,6,6,0,0.5,0.5,3,10
"1500","syn","common",400,0.00577977877206065,0.152421408907263,0.00230715091392985,8046,0.1,0.001,6,6,0,0.5,0.5,3,10
"1501","nonsyn","int",450,0.000881658232317289,0.0699787054635995,-0.585310298059515,16994,0.1,0.001,6,6,0,0.5,0.5,3,10
"1502","syn","int",450,0.00132385135135135,0.0740647196273787,-0.394602577422248,16280,0.1,0.001,6,6,0,0.5,0.5,3,10
"1503","nonsyn","rare",450,0.000375308901782762,0.0352178652247067,-0.88056434378897,99789,0.1,0.001,6,6,0,0.5,0.5,3,10
"1504","syn","rare",450,0.000515768340220991,0.0414431608386871,-0.775082650432423,34119,0.1,0.001,6,6,0,0.5,0.5,3,10
"1505","nonsyn","common",450,0.0120083825900054,0.14686835976813,-0.000102267605856614,1861,0.1,0.001,6,6,0,0.5,0.5,3,10
"1506","syn","common",450,0.00332076873798847,0.130017598321659,-0.00894250626844168,7805,0.1,0.001,6,6,0,0.5,0.5,3,10
"1507","nonsyn","int",500,0.000887958668467093,0.0659256821710377,-0.584429204021105,17033,0.1,0.001,6,6,0,0.5,0.5,3,10
"1508","syn","int",500,0.00117263032432093,0.0680006849814628,-0.392153595483794,15941,0.1,0.001,6,6,0,0.5,0.5,3,10
"1509","nonsyn","rare",500,0.000339433568758627,0.0337444221831021,-0.882025900492153,99253,0.1,0.001,6,6,0,0.5,0.5,3,10
"1510","syn","rare",500,0.000425185335341133,0.0377180137712793,-0.775296167508632,34532,0.1,0.001,6,6,0,0.5,0.5,3,10
"1511","nonsyn","common",500,0.00932619843924192,0.130895084430121,-0.0138495990686848,1794,0.1,0.001,6,6,0,0.5,0.5,3,10
"1512","syn","common",500,0.00380424492862509,0.121015433661294,-0.00435608801532431,7986,0.1,0.001,6,6,0,0.5,0.5,3,10
"1513","nonsyn","int",550,0.00100824778971103,0.0633530125442624,-0.569546062907244,16853,0.1,0.001,6,6,0,0.5,0.5,3,10
"1514","syn","int",550,0.00120538432507234,0.065438870326744,-0.396503908492128,15898,0.1,0.001,6,6,0,0.5,0.5,3,10
"1515","nonsyn","rare",550,0.000310615932935094,0.0323357765183551,-0.883784503892694,99605,0.1,0.001,6,6,0,0.5,0.5,3,10
"1516","syn","rare",550,0.000411400889825547,0.0369318856886817,-0.78293720405641,34164,0.1,0.001,6,6,0,0.5,0.5,3,10
"1517","nonsyn","common",550,0.00253463806970509,0.11345133756072,-0.0557886102350412,1865,0.1,0.001,6,6,0,0.5,0.5,3,10
"1518","syn","common",550,0.00330500579076052,0.107983207113115,-0.00968291734704242,7771,0.1,0.001,6,6,0,0.5,0.5,3,10
"1519","nonsyn","int",600,0.000846879118246076,0.0603883993208289,-0.570860630467728,16694,0.1,0.001,6,6,0,0.5,0.5,3,10
"1520","syn","int",600,0.00107659977281333,0.0613140489322742,-0.387765467317485,15846,0.1,0.001,6,6,0,0.5,0.5,3,10
"1521","nonsyn","rare",600,0.000284444287387424,0.031653527012014,-0.886022318009549,99044,0.1,0.001,6,6,0,0.5,0.5,3,10
"1522","syn","rare",600,0.000357721183571323,0.0350767168130387,-0.78008419882188,33965,0.1,0.001,6,6,0,0.5,0.5,3,10
"1523","nonsyn","common",600,0.00500328767123288,0.108369190088907,-0.0302932390235764,1825,0.1,0.001,6,6,0,0.5,0.5,3,10
"1524","syn","common",600,0.00313276014666835,0.0985504104813833,-0.0120337448085001,7909,0.1,0.001,6,6,0,0.5,0.5,3,10
"1525","nonsyn","int",650,0.000749994103078193,0.057985730347587,-0.56107112617253,16958,0.1,0.001,6,6,0,0.5,0.5,3,10
"1526","syn","int",650,0.000249025175089911,0.0554778063293195,-0.392672669631434,15849,0.1,0.001,6,6,0,0.5,0.5,3,10
"1527","nonsyn","rare",650,0.000303393752020692,0.0312474779504812,-0.882277682207187,98976,0.1,0.001,6,6,0,0.5,0.5,3,10
"1528","syn","rare",650,0.000361733415848879,0.0343538530021565,-0.780204377354526,33933,0.1,0.001,6,6,0,0.5,0.5,3,10
"1529","nonsyn","common",650,0.00883547315993359,0.102777842998123,0.00111751358516011,1807,0.1,0.001,6,6,0,0.5,0.5,3,10
"1530","syn","common",650,0.00264441674320955,0.090825509316988,-0.00765200492192969,7621,0.1,0.001,6,6,0,0.5,0.5,3,10
"1531","nonsyn","int",700,0.000630788804071247,0.0545779017559129,-0.565220518137648,16506,0.1,0.001,6,6,0,0.5,0.5,3,10
"1532","syn","int",700,0.000755229083665339,0.055253119635062,-0.382040037933151,16064,0.1,0.001,6,6,0,0.5,0.5,3,10
"1533","nonsyn","rare",700,0.000327272818981519,0.0318306431437495,-0.881348559497988,99128,0.1,0.001,6,6,0,0.5,0.5,3,10
"1534","syn","rare",700,0.000385496906361941,0.033673971722575,-0.776015409497323,33779,0.1,0.001,6,6,0,0.5,0.5,3,10
"1535","nonsyn","common",700,0.00819595469255663,0.103234016442919,-0.0189673277126284,1854,0.1,0.001,6,6,0,0.5,0.5,3,10
"1536","syn","common",700,0.00147773005336457,0.0843932591004404,-0.0143765709731102,7683,0.1,0.001,6,6,0,0.5,0.5,3,10
"1537","nonsyn","int",750,0.000450983001633295,0.0517796000709181,-0.560583374793437,16531,0.1,0.001,6,6,0,0.5,0.5,3,10
"1538","syn","int",750,0.000657191158975643,0.0522819647492052,-0.381214669554229,15971,0.1,0.001,6,6,0,0.5,0.5,3,10
"1539","nonsyn","rare",750,0.000293419068915624,0.030696320723018,-0.883135644859264,98831,0.1,0.001,6,6,0,0.5,0.5,3,10
"1540","syn","rare",750,0.000288869720404521,0.0305802846423841,-0.784181105695559,33620,0.1,0.001,6,6,0,0.5,0.5,3,10
"1541","nonsyn","common",750,0.00763697389451252,0.0912032762563671,-0.0167352174974672,1877,0.1,0.001,6,6,0,0.5,0.5,3,10
"1542","syn","common",750,0.00182339365329137,0.0784314011130145,-0.00716670257782005,7626,0.1,0.001,6,6,0,0.5,0.5,3,10
"1543","nonsyn","int",800,0.000648933381003456,0.0502437554798595,-0.549036566110353,16782,0.1,0.001,6,6,0,0.5,0.5,3,10
"1544","syn","int",800,0.000463828989311832,0.0490068438923418,-0.381089041443377,15999,0.1,0.001,6,6,0,0.5,0.5,3,10
"1545","nonsyn","rare",800,0.000276743201564295,0.0298280358891728,-0.883052782691203,99214,0.1,0.001,6,6,0,0.5,0.5,3,10
"1546","syn","rare",800,0.000337000831946755,0.0322253007056657,-0.784361789301617,33656,0.1,0.001,6,6,0,0.5,0.5,3,10
"1547","nonsyn","common",800,0.00353415682062299,0.0835867903798484,-0.0352515522449058,1862,0.1,0.001,6,6,0,0.5,0.5,3,10
"1548","syn","common",800,0.0034125663946107,0.0723826810677335,5.39635552987276e-05,7719,0.1,0.001,6,6,0,0.5,0.5,3,10
"1549","nonsyn","int",850,0.000631962332928311,0.0506779402127799,-0.541959509350754,16460,0.1,0.001,6,6,0,0.5,0.5,3,10
"1550","syn","int",850,0.000784839780416188,0.0477702029269573,-0.367316406065126,15666,0.1,0.001,6,6,0,0.5,0.5,3,10
"1551","nonsyn","rare",850,0.000240325919045263,0.0287179569971345,-0.885405705355673,99043,0.1,0.001,6,6,0,0.5,0.5,3,10
"1552","syn","rare",850,0.000271335456412393,0.0298021795569738,-0.787887693852754,33599,0.1,0.001,6,6,0,0.5,0.5,3,10
"1553","nonsyn","common",850,0.00562924208144796,0.078759036206731,-0.0157859565461082,1768,0.1,0.001,6,6,0,0.5,0.5,3,10
"1554","syn","common",850,0.00139197547320714,0.0671363424359633,-0.0100570866003444,7502,0.1,0.001,6,6,0,0.5,0.5,3,10
"1555","nonsyn","int",900,0.000503460663393606,0.0469684993992026,-0.546574392137398,16702,0.1,0.001,6,6,0,0.5,0.5,3,10
"1556","syn","int",900,0.000677090354167991,0.0459590524027944,-0.359580721848576,15727,0.1,0.001,6,6,0,0.5,0.5,3,10
"1557","nonsyn","rare",900,0.000267091204550071,0.0289571474082911,-0.883333004211286,98460,0.1,0.001,6,6,0,0.5,0.5,3,10
"1558","syn","rare",900,0.000269329356524821,0.0295825273143523,-0.784083646649946,33863,0.1,0.001,6,6,0,0.5,0.5,3,10
"1559","nonsyn","common",900,0.00710721982758621,0.0745231061646203,0.00276750856632952,1856,0.1,0.001,6,6,0,0.5,0.5,3,10
"1560","syn","common",900,0.00300909090909091,0.0626738775889842,0.0022884734040528,7590,0.1,0.001,6,6,0,0.5,0.5,3,10
"1561","nonsyn","int",950,0.00039074253234974,0.0450953978891277,-0.542544775195738,16538,0.1,0.001,6,6,0,0.5,0.5,3,10
"1562","syn","int",950,0.000355635552723798,0.0439781425448913,-0.374343236832279,15695,0.1,0.001,6,6,0,0.5,0.5,3,10
"1563","nonsyn","rare",950,0.000195039825844583,0.0271522301246036,-0.888833947148044,98303,0.1,0.001,6,6,0,0.5,0.5,3,10
"1564","syn","rare",950,0.000219301519594775,0.0273929820673659,-0.787774526004963,33759,0.1,0.001,6,6,0,0.5,0.5,3,10
"1565","nonsyn","common",950,0.00563195761293921,0.0662621405590937,-0.0192113614484262,1793,0.1,0.001,6,6,0,0.5,0.5,3,10
"1566","syn","common",950,0.00100588769290624,0.0589023780410625,-0.0130824281411547,7711,0.1,0.001,6,6,0,0.5,0.5,3,10
"1567","nonsyn","int",1000,0.000273718222276413,0.0450552144714137,-0.55047095445225,16403,0.1,0.001,6,6,0,0.5,0.5,3,10
"1568","syn","int",1000,0.000478815261044177,0.0429106451029344,-0.359175035832193,15936,0.1,0.001,6,6,0,0.5,0.5,3,10
"1569","nonsyn","rare",1000,0.000202918474907185,0.027063481643255,-0.886668210982528,98853,0.1,0.001,6,6,0,0.5,0.5,3,10
"1570","syn","rare",1000,0.000199215183074214,0.027653911008792,-0.792765128293998,33511,0.1,0.001,6,6,0,0.5,0.5,3,10
"1571","nonsyn","common",1000,0.00650884041331803,0.066868010109539,-0.0100205010274968,1742,0.1,0.001,6,6,0,0.5,0.5,3,10
"1572","syn","common",1000,0.000992514068839157,0.0547845113805814,-0.0126886915317758,7641,0.1,0.001,6,6,0,0.5,0.5,3,10
"1573","nonsyn","int",1050,0.000436169308313597,0.0432804533741283,-0.530780346080984,16467,0.1,0.001,6,6,0,0.5,0.5,3,10
"1574","syn","int",1050,0.00045649424560516,0.0412184360737924,-0.355365270028374,15814,0.1,0.001,6,6,0,0.5,0.5,3,10
"1575","nonsyn","rare",1050,0.000207048417888623,0.0270211924543457,-0.885790952351172,98476,0.1,0.001,6,6,0,0.5,0.5,3,10
"1576","syn","rare",1050,0.000195977713553616,0.0262379712626696,-0.789679981950093,33563,0.1,0.001,6,6,0,0.5,0.5,3,10
"1577","nonsyn","common",1050,0.0058045352743561,0.0637488274626533,-0.00636464479681858,1786,0.1,0.001,6,6,0,0.5,0.5,3,10
"1578","syn","common",1050,0.00176774963532688,0.052674308584623,-0.0038639690720352,7541,0.1,0.001,6,6,0,0.5,0.5,3,10
"1579","nonsyn","int",1100,0.00054081434803684,0.0433188366614152,-0.527430896188531,16504,0.1,0.001,6,6,0,0.5,0.5,3,10
"1580","syn","int",1100,0.000497878594249201,0.0392446623438832,-0.35957261727349,15650,0.1,0.001,6,6,0,0.5,0.5,3,10
"1581","nonsyn","rare",1100,0.00016869492109155,0.0257009408907866,-0.889817029030672,98722,0.1,0.001,6,6,0,0.5,0.5,3,10
"1582","syn","rare",1100,0.000203090534118421,0.0255307566937782,-0.784662142530822,33457,0.1,0.001,6,6,0,0.5,0.5,3,10
"1583","nonsyn","common",1100,0.0049727115716753,0.0604425628625862,-0.0148622050619223,1737,0.1,0.001,6,6,0,0.5,0.5,3,10
"1584","syn","common",1100,0.000217774780849629,0.0499328624076283,-0.015049399398291,7415,0.1,0.001,6,6,0,0.5,0.5,3,10
"1585","nonsyn","int",1150,0.000249518292682927,0.0403557900148987,-0.526934663858323,16400,0.1,0.001,6,6,0,0.5,0.5,3,10
"1586","syn","int",1150,0.000512316528398213,0.0394474259872645,-0.356579309348365,15670,0.1,0.001,6,6,0,0.5,0.5,3,10
"1587","nonsyn","rare",1150,0.000227717175824734,0.0268617694600178,-0.882287033051048,98365,0.1,0.001,6,6,0,0.5,0.5,3,10
"1588","syn","rare",1150,0.000221667264466762,0.0263934357134596,-0.780783714006847,33456,0.1,0.001,6,6,0,0.5,0.5,3,10
"1589","nonsyn","common",1150,0.00710051078320091,0.0574728867417444,0.0025783822167705,1762,0.1,0.001,6,6,0,0.5,0.5,3,10
"1590","syn","common",1150,0.000976673667629299,0.0485939479945107,-0.0116423238316826,7618,0.1,0.001,6,6,0,0.5,0.5,3,10
"1591","nonsyn","int",1200,0.000469134103285261,0.0412870293277963,-0.517545859739979,16711,0.1,0.001,6,6,0,0.5,0.5,3,10
"1592","syn","int",1200,0.000249479563340949,0.037258646452994,-0.360955123456366,15756,0.1,0.001,6,6,0,0.5,0.5,3,10
"1593","nonsyn","rare",1200,0.000166786101840667,0.0252669949037807,-0.887474813158827,97682,0.1,0.001,6,6,0,0.5,0.5,3,10
"1594","syn","rare",1200,0.000210321039271316,0.0264568176031923,-0.78844442458843,33485,0.1,0.001,6,6,0,0.5,0.5,3,10
"1595","nonsyn","common",1200,0.00199063032367973,0.0535936596721438,-0.0267758521925407,1761,0.1,0.001,6,6,0,0.5,0.5,3,10
"1596","syn","common",1200,0.00123387847360723,0.0473216786168395,-0.00837104298876193,7521,0.1,0.001,6,6,0,0.5,0.5,3,10
"1597","nonsyn","int",1300,0.000290732791896983,0.0385364766471437,-0.51762909801471,32383,0.1,0.001,6,6,0,0.5,0.5,3,10
"1598","syn","int",1300,0.000169433146103687,0.0342187371948061,-0.350906356264429,30978,0.1,0.001,6,6,0,0.5,0.5,3,10
"1599","nonsyn","rare",1300,0.000170059757485061,0.0247738683299905,-0.886632540985719,195122,0.1,0.001,6,6,0,0.5,0.5,3,10
"1600","syn","rare",1300,0.00019556955411921,0.0252937399820658,-0.790539012209846,66991,0.1,0.001,6,6,0,0.5,0.5,3,10
"1601","nonsyn","common",1300,0.00578006092495154,0.0539932784962286,-0.00111987609486021,3611,0.1,0.001,6,6,0,0.5,0.5,3,10
"1602","syn","common",1300,0.00116795216339694,0.0447583031758917,-0.00834735015805599,14884,0.1,0.001,6,6,0,0.5,0.5,3,10
"1603","nonsyn","int",1400,0.000194151138716356,0.0362996959700139,-0.511948369604715,32844,0.1,0.001,6,6,0,0.5,0.5,3,10
"1604","syn","int",1400,0.000367536175459088,0.0343455852329161,-0.335379850853429,30822,0.1,0.001,6,6,0,0.5,0.5,3,10
"1605","nonsyn","rare",1400,0.000154603592973423,0.0243558313596246,-0.888826696004294,195771,0.1,0.001,6,6,0,0.5,0.5,3,10
"1606","syn","rare",1400,0.000179946724132771,0.0245831322351818,-0.78787471699597,66822,0.1,0.001,6,6,0,0.5,0.5,3,10
"1607","nonsyn","common",1400,0.00245597315436242,0.0474329412495976,-0.0237034786285477,3725,0.1,0.001,6,6,0,0.5,0.5,3,10
"1608","syn","common",1400,0.0011761185046479,0.04110984690237,-0.00709112584535769,14953,0.1,0.001,6,6,0,0.5,0.5,3,10
"1609","nonsyn","int",1500,0.000245530518756964,0.0350768573453116,-0.507176502538233,32308,0.1,0.001,6,6,0,0.5,0.5,3,10
"1610","syn","int",1500,0.00023156234915527,0.0324874124387755,-0.339857455365348,31075,0.1,0.001,6,6,0,0.5,0.5,3,10
"1611","nonsyn","rare",1500,0.000137983290442399,0.0232407918368566,-0.887746076215183,195457,0.1,0.001,6,6,0,0.5,0.5,3,10
"1612","syn","rare",1500,0.000150720551848242,0.0234339074388579,-0.791601505672507,66685,0.1,0.001,6,6,0,0.5,0.5,3,10
"1613","nonsyn","common",1500,0.00296838340486409,0.0432824988095302,-0.0182818750873119,3495,0.1,0.001,6,6,0,0.5,0.5,3,10
"1614","syn","common",1500,0.0004122311374823,0.0381796361213892,-0.0117969610792611,14831,0.1,0.001,6,6,0,0.5,0.5,3,10
"1615","nonsyn","int",1600,0.000269381608064913,0.0343542020858573,-0.496529646722787,32536,0.1,0.001,6,6,0,0.5,0.5,3,10
"1616","syn","int",1600,0.000310643986984956,0.0310866569964854,-0.336850709704949,31041,0.1,0.001,6,6,0,0.5,0.5,3,10
"1617","nonsyn","rare",1600,0.00014780059554369,0.0237825921865402,-0.88608447829822,194780,0.1,0.001,6,6,0,0.5,0.5,3,10
"1618","syn","rare",1600,0.000154784674606039,0.023177213107686,-0.790350090084135,66504,0.1,0.001,6,6,0,0.5,0.5,3,10
"1619","nonsyn","common",1600,0.00219348905109489,0.0402932933410048,-0.0190282244630865,3425,0.1,0.001,6,6,0,0.5,0.5,3,10
"1620","syn","common",1600,0.00057712289744981,0.03585353752262,-0.0108810933302989,14744,0.1,0.001,6,6,0,0.5,0.5,3,10
"1621","nonsyn","int",1700,0.000266717193590299,0.0326191048574982,-0.493210006052358,32326,0.1,0.001,6,6,0,0.5,0.5,3,10
"1622","syn","int",1700,0.000246147155466787,0.0298319300802853,-0.329231036094674,31042,0.1,0.001,6,6,0,0.5,0.5,3,10
"1623","nonsyn","rare",1700,0.000126624160450648,0.0223656949020032,-0.887485652921014,193854,0.1,0.001,6,6,0,0.5,0.5,3,10
"1624","syn","rare",1700,0.000129441677825086,0.0222832487541957,-0.786190251079116,66467,0.1,0.001,6,6,0,0.5,0.5,3,10
"1625","nonsyn","common",1700,0.00286136684552386,0.0395252892491016,-0.0172178305181282,3541,0.1,0.001,6,6,0,0.5,0.5,3,10
"1626","syn","common",1700,0.000734012219959266,0.0330312538715862,-0.00874245896244696,14730,0.1,0.001,6,6,0,0.5,0.5,3,10
"1627","nonsyn","int",1800,0.000204470508766005,0.0323378230905536,-0.496242239195398,32569,0.1,0.001,6,6,0,0.5,0.5,3,10
"1628","syn","int",1800,0.000192338369755528,0.0288130745245004,-0.329401183788097,30842,0.1,0.001,6,6,0,0.5,0.5,3,10
"1629","nonsyn","rare",1800,0.000130315665925377,0.0222666739484057,-0.886616527220777,194256,0.1,0.001,6,6,0,0.5,0.5,3,10
"1630","syn","rare",1800,0.000143490387787542,0.0220746639653012,-0.787126265443913,66686,0.1,0.001,6,6,0,0.5,0.5,3,10
"1631","nonsyn","common",1800,0.00161392162236229,0.0345518381702032,-0.0244475525678618,3649,0.1,0.001,6,6,0,0.5,0.5,3,10
"1632","syn","common",1800,0.00060367532379467,0.0316541053026438,-0.00891287741753179,14747,0.1,0.001,6,6,0,0.5,0.5,3,10
"1633","nonsyn","int",1900,0.00020070418204182,0.0308697165395499,-0.486072481343509,32520,0.1,0.001,6,6,0,0.5,0.5,3,10
"1634","syn","int",1900,0.000353323380501104,0.028234420906465,-0.322664282315244,30812,0.1,0.001,6,6,0,0.5,0.5,3,10
"1635","nonsyn","rare",1900,0.000113115818437582,0.0217085557147655,-0.886917637885052,194071,0.1,0.001,6,6,0,0.5,0.5,3,10
"1636","syn","rare",1900,8.81438406725019e-05,0.0205318956739679,-0.788961530025245,66379,0.1,0.001,6,6,0,0.5,0.5,3,10
"1637","nonsyn","common",1900,0.00138605509798353,0.0331869964509425,-0.0271200807837996,3521,0.1,0.001,6,6,0,0.5,0.5,3,10
"1638","syn","common",1900,0.00067580700431773,0.0302060285170298,-0.00855692547044122,14591,0.1,0.001,6,6,0,0.5,0.5,3,10
"1639","nonsyn","int",2000,0.000259276283316881,0.0297688109778486,-0.480049307004362,32416,0.1,0.001,6,6,0,0.5,0.5,3,10
"1640","syn","int",2000,0.000293132170869255,0.0274855003661561,-0.316542160661749,30854,0.1,0.001,6,6,0,0.5,0.5,3,10
"1641","nonsyn","rare",2000,0.000108060164958451,0.0215456287443277,-0.886387698768553,193867,0.1,0.001,6,6,0,0.5,0.5,3,10
"1642","syn","rare",2000,0.000102865092495112,0.0205408631606229,-0.790655031952592,66490,0.1,0.001,6,6,0,0.5,0.5,3,10
"1643","nonsyn","common",2000,0.00135350392555976,0.0323582364937026,-0.0238646658768193,3439,0.1,0.001,6,6,0,0.5,0.5,3,10
"1644","syn","common",2000,0.000349316473000683,0.0289005258412101,-0.0113150968466936,14630,0.1,0.001,6,6,0,0.5,0.5,3,10
"1645","nonsyn","int",2500,0.000166957253240279,0.0270387398636015,-0.467493903733654,160480,0.1,0.001,6,6,0,0.5,0.5,3,10
"1646","syn","int",2500,9.07436859018411e-05,0.024831343689373,-0.315754040667105,152793,0.1,0.001,6,6,0,0.5,0.5,3,10
"1647","nonsyn","rare",2500,9.35767601664429e-05,0.0204270887597562,-0.886561068085171,965136,0.1,0.001,6,6,0,0.5,0.5,3,10
"1648","syn","rare",2500,8.56089952453359e-05,0.0194541553605035,-0.789691814530565,331464,0.1,0.001,6,6,0,0.5,0.5,3,10
"1649","nonsyn","common",2500,0.000899705508719251,0.0279129797936363,-0.0266008849503052,17318,0.1,0.001,6,6,0,0.5,0.5,3,10
"1650","syn","common",2500,0.000601945471794096,0.0260086715916663,-0.00706342228078958,72733,0.1,0.001,6,6,0,0.5,0.5,3,10
"1651","nonsyn","int",3000,6.87009371052185e-05,0.0239079888829217,-0.454442139030797,159107,0.1,0.001,6,6,0,0.5,0.5,3,10
"1652","syn","int",3000,0.00010393754422628,0.022098101814033,-0.300631502275384,151211,0.1,0.001,6,6,0,0.5,0.5,3,10
"1653","nonsyn","rare",3000,7.78635708880629e-05,0.0190642742754922,-0.885532913510662,959414,0.1,0.001,6,6,0,0.5,0.5,3,10
"1654","syn","rare",3000,5.97102953522095e-05,0.0181924782827342,-0.790052634752554,327575,0.1,0.001,6,6,0,0.5,0.5,3,10
"1655","nonsyn","common",3000,0.000506312197895934,0.0234357798154796,-0.0251918081098995,17585,0.1,0.001,6,6,0,0.5,0.5,3,10
"1656","syn","common",3000,0.000280301110223422,0.0223156604533318,-0.00866293542950944,72598,0.1,0.001,6,6,0,0.5,0.5,3,10
"1657","nonsyn","int",3500,8.71468693209979e-05,0.021731283306244,-0.439081935578757,157378,0.1,0.001,6,6,0,0.5,0.5,3,10
"1658","syn","int",3500,3.69982768600265e-05,0.0200818369168092,-0.293587930109352,150307,0.1,0.001,6,6,0,0.5,0.5,3,10
"1659","nonsyn","rare",3500,5.35711186504472e-05,0.0179013527585743,-0.886074715765563,956465,0.1,0.001,6,6,0,0.5,0.5,3,10
"1660","syn","rare",3500,5.83160510492085e-05,0.0173410795979175,-0.787850212469954,325960,0.1,0.001,6,6,0,0.5,0.5,3,10
"1661","nonsyn","common",3500,0.000487371326700788,0.0211448955166198,-0.0224330402184926,17389,0.1,0.001,6,6,0,0.5,0.5,3,10
"1662","syn","common",3500,0.000256000111759939,0.019766725517655,-0.00763288121629607,71582,0.1,0.001,6,6,0,0.5,0.5,3,10
"1663","nonsyn","int",4000,8.04235339210426e-05,0.0202581527990155,-0.43096953636346,156540,0.1,0.001,6,6,0,0.5,0.5,3,10
"1664","syn","int",4000,1.84126153681048e-05,0.0186157898960898,-0.287156737433906,149088,0.1,0.001,6,6,0,0.5,0.5,3,10
"1665","nonsyn","rare",4000,5.34879179785225e-05,0.0173427046757944,-0.884627376910381,952531,0.1,0.001,6,6,0,0.5,0.5,3,10
"1666","syn","rare",4000,4.58134802385151e-05,0.0165410554118438,-0.789520963530104,323837,0.1,0.001,6,6,0,0.5,0.5,3,10
"1667","nonsyn","common",4000,0.00087203864623828,0.0198018199085794,-0.018371211292982,17492,0.1,0.001,6,6,0,0.5,0.5,3,10
"1668","syn","common",4000,0.000147937956204379,0.0183128198713293,-0.00770062610011703,71240,0.1,0.001,6,6,0,0.5,0.5,3,10
"1669","nonsyn","int",4500,7.70903330480218e-05,0.0188497665107336,-0.419677072186824,156554,0.1,0.001,6,6,0,0.5,0.5,3,10
"1670","syn","int",4500,1.23039725981397e-05,0.017612336232306,-0.280124910170691,148895,0.1,0.001,6,6,0,0.5,0.5,3,10
"1671","nonsyn","rare",4500,3.31862201899521e-05,0.0164218665038828,-0.885128620274136,942132,0.1,0.001,6,6,0,0.5,0.5,3,10
"1672","syn","rare",4500,3.54304584568862e-05,0.0159066297079064,-0.788087903427597,323411,0.1,0.001,6,6,0,0.5,0.5,3,10
"1673","nonsyn","common",4500,0.000423311699701807,0.018215924995171,-0.0222325116399882,17103,0.1,0.001,6,6,0,0.5,0.5,3,10
"1674","syn","common",4500,0.000128069631841356,0.0172571735469924,-0.00773268587757551,71002,0.1,0.001,6,6,0,0.5,0.5,3,10
"1675","nonsyn","int",5000,7.93316059844282e-05,0.0178051920183574,-0.411379706342607,155537,0.1,0.001,6,6,0,0.5,0.5,3,10
"1676","syn","int",5000,2.69866380598029e-05,0.016925728316292,-0.276076057660821,147284,0.1,0.001,6,6,0,0.5,0.5,3,10
"1677","nonsyn","rare",5000,3.51148381115344e-05,0.0161423531417889,-0.883559050142795,936231,0.1,0.001,6,6,0,0.5,0.5,3,10
"1678","syn","rare",5000,3.85317039715693e-05,0.0153600449431994,-0.784333160476329,320780,0.1,0.001,6,6,0,0.5,0.5,3,10
"1679","nonsyn","common",5000,0.000452709707822808,0.017096245398243,-0.0202122400000486,16976,0.1,0.001,6,6,0,0.5,0.5,3,10
"1680","syn","common",5000,8.46167809318899e-07,0.0162493671923945,-0.00866724618480754,71617,0.1,0.001,6,6,0,0.5,0.5,3,10
"1681","nonsyn","int",7500,3.30520244821092e-05,0.0159638863008712,-0.399790826608215,764640,0.1,0.001,6,6,0,0.5,0.5,3,10
"1682","syn","int",7500,8.66344087352175e-06,0.015093472777823,-0.267265629640282,727263,0.1,0.001,6,6,0,0.5,0.5,3,10
"1683","nonsyn","rare",7500,2.14044541647173e-05,0.0148884321254775,-0.882611655727553,4612582,0.1,0.001,6,6,0,0.5,0.5,3,10
"1684","syn","rare",7500,2.095348714964e-05,0.0143566628383496,-0.784936193737462,1578983,0.1,0.001,6,6,0,0.5,0.5,3,10
"1685","nonsyn","common",7500,8.55975220530212e-05,0.0154588919954712,-0.021217611841962,84909,0.1,0.001,6,6,0,0.5,0.5,3,10
"1686","syn","common",7500,0.000112844225353721,0.0148867257730018,-0.00745630536778035,350134,0.1,0.001,6,6,0,0.5,0.5,3,10
"1687","nonsyn","int",10000,3.34540279651745e-05,0.0142427829095336,-0.382705809621036,744855,0.1,0.001,6,6,0,0.5,0.5,3,10
"1688","syn","int",10000,1.6739129515657e-05,0.0136489953479305,-0.254489344811343,709559,0.1,0.001,6,6,0,0.5,0.5,3,10
"1689","nonsyn","rare",10000,1.34959980706833e-05,0.0137708357850846,-0.880275306672604,4490709,0.1,0.001,6,6,0,0.5,0.5,3,10
"1690","syn","rare",10000,6.71614235504889e-06,0.0131537096938874,-0.783080599683168,1535569,0.1,0.001,6,6,0,0.5,0.5,3,10
"1691","nonsyn","common",10000,5.36155353036367e-05,0.0137603252409046,-0.0193512337720728,82187,0.1,0.001,6,6,0,0.5,0.5,3,10
"1692","syn","common",10000,3.41737854658178e-05,0.0135790484558733,-0.00764264927803517,338072,0.1,0.001,6,6,0,0.5,0.5,3,10
"1693","nonsyn","rare",10,0.000972507190795781,0.059949430197638,-0.846265601806454,25032,0.1,0.001,6,6,0,0.5,0.5,4,10
"1694","syn","rare",10,0.00136731926063655,0.113989224292243,-0.694944550860734,9143,0.1,0.001,6,6,0,0.5,0.5,4,10
"1695","nonsyn","int",10,0.00306825504878602,0.160344510023911,-0.620796640560837,4407,0.1,0.001,6,6,0,0.5,0.5,4,10
"1696","syn","int",10,0.00564238634107604,0.308356703547442,-0.344945132199158,5037,0.1,0.001,6,6,0,0.5,0.5,4,10
"1697","nonsyn","common",10,0.0704232271325796,0.669083793721489,0.190167995299426,973,0.1,0.001,6,6,0,0.5,0.5,4,10
"1698","syn","common",10,0.0161745323268789,0.681637980028793,0.0260595283449563,3047,0.1,0.001,6,6,0,0.5,0.5,4,10
"1699","nonsyn","rare",15,0.00102836369447108,0.0608330715925615,-0.843803566955967,12516,0.1,0.001,6,6,0,0.5,0.5,4,10
"1700","syn","rare",15,0.00124147875108413,0.106647538310673,-0.697558457719557,4612,0.1,0.001,6,6,0,0.5,0.5,4,10
"1701","nonsyn","int",15,0.00436719015280136,0.156762537854337,-0.600907265751092,2356,0.1,0.001,6,6,0,0.5,0.5,4,10
"1702","syn","int",15,0.00711157645199526,0.286495358035443,-0.317092684982768,2531,0.1,0.001,6,6,0,0.5,0.5,4,10
"1703","nonsyn","common",15,0.132164838709677,0.762127852081987,0.497190402176353,620,0.1,0.001,6,6,0,0.5,0.5,4,10
"1704","syn","common",15,0.00565003282994091,0.640635311394955,-0.0236509452844893,1523,0.1,0.001,6,6,0,0.5,0.5,4,10
"1705","nonsyn","rare",20,0.000954878048780488,0.0599187373597636,-0.845168682298709,12464,0.1,0.001,6,6,0,0.5,0.5,4,10
"1706","syn","rare",20,0.00147085349758029,0.108251773997607,-0.693258366043609,4546,0.1,0.001,6,6,0,0.5,0.5,4,10
"1707","nonsyn","int",20,0.00388528198074278,0.147861551035508,-0.606346063129021,2181,0.1,0.001,6,6,0,0.5,0.5,4,10
"1708","syn","int",20,0.00507466777408638,0.290712781051798,-0.3420101951673,2408,0.1,0.001,6,6,0,0.5,0.5,4,10
"1709","nonsyn","common",20,0.097695,0.69657403741033,0.321309281352342,540,0.1,0.001,6,6,0,0.5,0.5,4,10
"1710","syn","common",20,0.00728763888888889,0.622017990784255,-0.0137443239973905,1440,0.1,0.001,6,6,0,0.5,0.5,4,10
"1711","nonsyn","rare",25,0.000826192561917655,0.0570439680297017,-0.852104867077062,12557,0.1,0.001,6,6,0,0.5,0.5,4,10
"1712","syn","rare",25,0.00144425172337114,0.104538967752083,-0.694759502158894,4497,0.1,0.001,6,6,0,0.5,0.5,4,10
"1713","nonsyn","int",25,0.00420069991251094,0.148483573083135,-0.609639143362239,2286,0.1,0.001,6,6,0,0.5,0.5,4,10
"1714","syn","int",25,0.00626916264090177,0.275293232453676,-0.351392440723558,2484,0.1,0.001,6,6,0,0.5,0.5,4,10
"1715","nonsyn","common",25,0.114284982332155,0.714188150304119,0.425314317979154,566,0.1,0.001,6,6,0,0.5,0.5,4,10
"1716","syn","common",25,0.0134018544935806,0.617042290383205,0.0261349850513196,1402,0.1,0.001,6,6,0,0.5,0.5,4,10
"1717","nonsyn","rare",50,0.000801955451121769,0.0547043918938937,-0.855020292538652,62134,0.1,0.001,6,6,0,0.5,0.5,4,10
"1718","syn","rare",50,0.00125678304904051,0.0949931729843263,-0.712574047007716,22512,0.1,0.001,6,6,0,0.5,0.5,4,10
"1719","nonsyn","int",50,0.00383350058238509,0.142299907716853,-0.591629644753122,11161,0.1,0.001,6,6,0,0.5,0.5,4,10
"1720","syn","int",50,0.00457678983833718,0.244712979302151,-0.362632447739978,12124,0.1,0.001,6,6,0,0.5,0.5,4,10
"1721","nonsyn","common",50,0.0909819035424669,0.640184400138771,0.312050299043514,2343,0.1,0.001,6,6,0,0.5,0.5,4,10
"1722","syn","common",50,0.0120994810436788,0.545361158132627,0.0134990098880554,6937,0.1,0.001,6,6,0,0.5,0.5,4,10
"1723","nonsyn","rare",75,0.000754349462623933,0.0515131033395993,-0.858218721190446,62433,0.1,0.001,6,6,0,0.5,0.5,4,10
"1724","syn","rare",75,0.00109363097661374,0.081930182773921,-0.728467449101024,22107,0.1,0.001,6,6,0,0.5,0.5,4,10
"1725","nonsyn","int",75,0.00364723434577358,0.134667280972324,-0.598704758290797,11227,0.1,0.001,6,6,0,0.5,0.5,4,10
"1726","syn","int",75,0.00417821071520123,0.212425329874225,-0.369468716374946,11703,0.1,0.001,6,6,0,0.5,0.5,4,10
"1727","nonsyn","common",75,0.0578230266739249,0.517574180786533,0.161235422090986,1837,0.1,0.001,6,6,0,0.5,0.5,4,10
"1728","syn","common",75,0.00698319927151313,0.48128858203926,-0.0164350082414635,6589,0.1,0.001,6,6,0,0.5,0.5,4,10
"1729","nonsyn","rare",100,0.000763936578960167,0.0511513086777616,-0.855935246204658,61683,0.1,0.001,6,6,0,0.5,0.5,4,10
"1730","syn","rare",100,0.000998454746136865,0.0744137367855012,-0.736178754109671,22197,0.1,0.001,6,6,0,0.5,0.5,4,10
"1731","nonsyn","int",100,0.00295869469221938,0.123486849944785,-0.60790672600308,11323,0.1,0.001,6,6,0,0.5,0.5,4,10
"1732","syn","int",100,0.00383835785393357,0.184577162711047,-0.3919745580618,11351,0.1,0.001,6,6,0,0.5,0.5,4,10
"1733","nonsyn","common",100,0.0292937745740498,0.424292344790345,0.0302229859911387,1526,0.1,0.001,6,6,0,0.5,0.5,4,10
"1734","syn","common",100,0.00762775641025641,0.426825924920809,-0.00830076051522012,6240,0.1,0.001,6,6,0,0.5,0.5,4,10
"1735","nonsyn","rare",125,0.000666166741601901,0.0480897582490763,-0.863152881560313,62276,0.1,0.001,6,6,0,0.5,0.5,4,10
"1736","syn","rare",125,0.00101136342867587,0.0702671235519533,-0.739756755208185,21886,0.1,0.001,6,6,0,0.5,0.5,4,10
"1737","nonsyn","int",125,0.00288657541696882,0.120716232368727,-0.59901827211413,11032,0.1,0.001,6,6,0,0.5,0.5,4,10
"1738","syn","int",125,0.00426054833541036,0.169091715960782,-0.36787410371714,11234,0.1,0.001,6,6,0,0.5,0.5,4,10
"1739","nonsyn","common",125,0.017572273699216,0.364781748753579,-0.0475958374538107,1403,0.1,0.001,6,6,0,0.5,0.5,4,10
"1740","syn","common",125,0.00970087228439763,0.384393014148877,0.00211277375561271,6076,0.1,0.001,6,6,0,0.5,0.5,4,10
"1741","nonsyn","rare",150,0.000699691038498868,0.0483701299889999,-0.859956960530107,61820,0.1,0.001,6,6,0,0.5,0.5,4,10
"1742","syn","rare",150,0.000943670044477051,0.0662484596533185,-0.735775984033628,21809,0.1,0.001,6,6,0,0.5,0.5,4,10
"1743","nonsyn","int",150,0.00254607887785773,0.111712441281237,-0.602442075335125,10979,0.1,0.001,6,6,0,0.5,0.5,4,10
"1744","syn","int",150,0.00308796842391797,0.146738614541908,-0.398714635215029,11021,0.1,0.001,6,6,0,0.5,0.5,4,10
"1745","nonsyn","common",150,0.0147984319315752,0.352356926742839,-0.0420484316212734,1403,0.1,0.001,6,6,0,0.5,0.5,4,10
"1746","syn","common",150,0.00877989445011917,0.346696249947036,0.00632583283394627,5874,0.1,0.001,6,6,0,0.5,0.5,4,10
"1747","nonsyn","rare",175,0.000627420506164828,0.0455884996178268,-0.865059260381216,61640,0.1,0.001,6,6,0,0.5,0.5,4,10
"1748","syn","rare",175,0.000914240958304538,0.0613578845203345,-0.743814100377138,21705,0.1,0.001,6,6,0,0.5,0.5,4,10
"1749","nonsyn","int",175,0.00305063467061985,0.111393270608893,-0.587213499284603,10793,0.1,0.001,6,6,0,0.5,0.5,4,10
"1750","syn","int",175,0.00300207752495728,0.142057918563897,-0.389956456720161,11119,0.1,0.001,6,6,0,0.5,0.5,4,10
"1751","nonsyn","common",175,0.0231295070422535,0.331364610830234,0.00427522161375807,1420,0.1,0.001,6,6,0,0.5,0.5,4,10
"1752","syn","common",175,0.00636196726900784,0.311989104530737,-0.00608146300442364,5866,0.1,0.001,6,6,0,0.5,0.5,4,10
"1753","nonsyn","rare",200,0.00059125265255212,0.044300887626248,-0.867748263888106,61733,0.1,0.001,6,6,0,0.5,0.5,4,10
"1754","syn","rare",200,0.000732016065740271,0.0563302908302937,-0.754934628963066,21661,0.1,0.001,6,6,0,0.5,0.5,4,10
"1755","nonsyn","int",200,0.00216225413960296,0.10122888411456,-0.604800946741974,10931,0.1,0.001,6,6,0,0.5,0.5,4,10
"1756","syn","int",200,0.00299326748822037,0.126994137659641,-0.387421745810136,11036,0.1,0.001,6,6,0,0.5,0.5,4,10
"1757","nonsyn","common",200,0.0204281779661017,0.306891435514441,0.00135770907421744,1416,0.1,0.001,6,6,0,0.5,0.5,4,10
"1758","syn","common",200,0.00834711810466761,0.284299882674427,0.00308841773638477,5656,0.1,0.001,6,6,0,0.5,0.5,4,10
"1759","nonsyn","rare",250,0.000606175258483187,0.0441252136844159,-0.865714508154713,123509,0.1,0.001,6,6,0,0.5,0.5,4,10
"1760","syn","rare",250,0.000786157811629203,0.0552713694562428,-0.749604708586801,43064,0.1,0.001,6,6,0,0.5,0.5,4,10
"1761","nonsyn","int",250,0.00255608869669228,0.10048917182165,-0.588872663297827,21737,0.1,0.001,6,6,0,0.5,0.5,4,10
"1762","syn","int",250,0.00317038913193645,0.120981714524568,-0.380246550340944,21715,0.1,0.001,6,6,0,0.5,0.5,4,10
"1763","nonsyn","common",250,0.0241349410503751,0.29366387425417,0.0298580826469618,2799,0.1,0.001,6,6,0,0.5,0.5,4,10
"1764","syn","common",250,0.00888733660130719,0.250958978701369,0.0120220669513275,11016,0.1,0.001,6,6,0,0.5,0.5,4,10
"1765","nonsyn","rare",300,0.000564285772222538,0.0427458926154072,-0.867101284079941,123287,0.1,0.001,6,6,0,0.5,0.5,4,10
"1766","syn","rare",300,0.000690019456154167,0.0510990090810989,-0.75565516479237,43174,0.1,0.001,6,6,0,0.5,0.5,4,10
"1767","nonsyn","int",300,0.00197375906046426,0.090042531595563,-0.593593633792933,21798,0.1,0.001,6,6,0,0.5,0.5,4,10
"1768","syn","int",300,0.00228529603122967,0.107424738088973,-0.381570013051452,21518,0.1,0.001,6,6,0,0.5,0.5,4,10
"1769","nonsyn","common",300,0.0229803019410496,0.273988579320209,0.0263886331602367,2782,0.1,0.001,6,6,0,0.5,0.5,4,10
"1770","syn","common",300,0.00547801163112711,0.222646208950942,-0.00531148603633302,10833,0.1,0.001,6,6,0,0.5,0.5,4,10
"1771","nonsyn","rare",350,0.000530676909085003,0.0413633023137262,-0.867500932674544,123148,0.1,0.001,6,6,0,0.5,0.5,4,10
"1772","syn","rare",350,0.000657606664051503,0.0478000239792529,-0.755227158531995,43337,0.1,0.001,6,6,0,0.5,0.5,4,10
"1773","nonsyn","int",350,0.00178157979186724,0.0853800624712549,-0.592128594480062,21813,0.1,0.001,6,6,0,0.5,0.5,4,10
"1774","syn","int",350,0.00205073810309862,0.0944381603196579,-0.391033987383375,21203,0.1,0.001,6,6,0,0.5,0.5,4,10
"1775","nonsyn","common",350,0.0210722386953299,0.241685861043644,0.025358587122547,2698,0.1,0.001,6,6,0,0.5,0.5,4,10
"1776","syn","common",350,0.00657619047619048,0.195797375942796,0.00582276464646941,10584,0.1,0.001,6,6,0,0.5,0.5,4,10
"1777","nonsyn","rare",400,0.000459537510743666,0.0387423055389164,-0.871693429502189,122165,0.1,0.001,6,6,0,0.5,0.5,4,10
"1778","syn","rare",400,0.000570980025697933,0.0454496799997628,-0.756888488769656,42805,0.1,0.001,6,6,0,0.5,0.5,4,10
"1779","nonsyn","int",400,0.00162945269449893,0.0807370966899318,-0.586538335391493,21414,0.1,0.001,6,6,0,0.5,0.5,4,10
"1780","syn","int",400,0.0018407379231647,0.0876618466341266,-0.38492686030956,21032,0.1,0.001,6,6,0,0.5,0.5,4,10
"1781","nonsyn","common",400,0.0224966882375333,0.228958300800251,0.036383512264064,2627,0.1,0.001,6,6,0,0.5,0.5,4,10
"1782","syn","common",400,0.00451466147564334,0.175994169771244,-0.00769185255397643,10531,0.1,0.001,6,6,0,0.5,0.5,4,10
"1783","nonsyn","rare",450,0.000471556068191486,0.0380523489761383,-0.869398522837218,122244,0.1,0.001,6,6,0,0.5,0.5,4,10
"1784","syn","rare",450,0.000488963901262064,0.041080996553184,-0.767807942227165,43104,0.1,0.001,6,6,0,0.5,0.5,4,10
"1785","nonsyn","int",450,0.00159161134580567,0.0767981857189125,-0.577468541326942,21541,0.1,0.001,6,6,0,0.5,0.5,4,10
"1786","syn","int",450,0.00154061789234268,0.0793298097711839,-0.385671624327386,21104,0.1,0.001,6,6,0,0.5,0.5,4,10
"1787","nonsyn","common",450,0.0219965673330819,0.213341014857337,0.0316758287704221,2651,0.1,0.001,6,6,0,0.5,0.5,4,10
"1788","syn","common",450,0.00633958814472671,0.156754399931221,0.00567523359505986,10392,0.1,0.001,6,6,0,0.5,0.5,4,10
"1789","nonsyn","rare",500,0.000432464137502859,0.0368673225939953,-0.871747351256667,122412,0.1,0.001,6,6,0,0.5,0.5,4,10
"1790","syn","rare",500,0.000541523778712391,0.0422179388452706,-0.762426846225273,43274,0.1,0.001,6,6,0,0.5,0.5,4,10
"1791","nonsyn","int",500,0.00124676523213109,0.0722168060210854,-0.58165803752609,21238,0.1,0.001,6,6,0,0.5,0.5,4,10
"1792","syn","int",500,0.00157039861850626,0.0764298888891538,-0.380236496868503,20847,0.1,0.001,6,6,0,0.5,0.5,4,10
"1793","nonsyn","common",500,0.0213730754787833,0.198137417273591,0.0412823701008691,2663,0.1,0.001,6,6,0,0.5,0.5,4,10
"1794","syn","common",500,0.00396153993487838,0.146085150433409,-0.00640886931216417,10442,0.1,0.001,6,6,0,0.5,0.5,4,10
"1795","nonsyn","rare",550,0.000414148716435527,0.0355433147854672,-0.87354395518178,122004,0.1,0.001,6,6,0,0.5,0.5,4,10
"1796","syn","rare",550,0.000459371098810505,0.0390886257164288,-0.769480362236611,42455,0.1,0.001,6,6,0,0.5,0.5,4,10
"1797","nonsyn","int",550,0.00146966255066453,0.0710368116779567,-0.569302866954616,21218,0.1,0.001,6,6,0,0.5,0.5,4,10
"1798","syn","int",550,0.00172480701922616,0.0729571521334325,-0.372665787418556,20857,0.1,0.001,6,6,0,0.5,0.5,4,10
"1799","nonsyn","common",550,0.0206574178935447,0.196979546253176,0.0279567343818703,2649,0.1,0.001,6,6,0,0.5,0.5,4,10
"1800","syn","common",550,0.00457987810871916,0.135927549837779,0.00197614306667701,10173,0.1,0.001,6,6,0,0.5,0.5,4,10
"1801","nonsyn","rare",600,0.000410366532429689,0.0350911808807327,-0.87230607112056,122172,0.1,0.001,6,6,0,0.5,0.5,4,10
"1802","syn","rare",600,0.00043408872536383,0.0380582810521618,-0.76712335912164,42671,0.1,0.001,6,6,0,0.5,0.5,4,10
"1803","nonsyn","int",600,0.00117732844275234,0.0656905979321952,-0.569098208717363,21538,0.1,0.001,6,6,0,0.5,0.5,4,10
"1804","syn","int",600,0.00130978471683476,0.0662180641338736,-0.372395775852171,20624,0.1,0.001,6,6,0,0.5,0.5,4,10
"1805","nonsyn","common",600,0.0210751434034417,0.186433479683856,0.0412868718254217,2615,0.1,0.001,6,6,0,0.5,0.5,4,10
"1806","syn","common",600,0.00318365045806906,0.124180398999906,-0.0101909695540447,9933,0.1,0.001,6,6,0,0.5,0.5,4,10
"1807","nonsyn","rare",650,0.000400211678118996,0.0349894777308334,-0.871687819720849,122828,0.1,0.001,6,6,0,0.5,0.5,4,10
"1808","syn","rare",650,0.000407054344227404,0.0359397430112648,-0.769425443096463,42286,0.1,0.001,6,6,0,0.5,0.5,4,10
"1809","nonsyn","int",650,0.00150125854348338,0.0664713936751423,-0.555600991567944,21215,0.1,0.001,6,6,0,0.5,0.5,4,10
"1810","syn","int",650,0.00118239048447926,0.0615743989503644,-0.366024695887001,20682,0.1,0.001,6,6,0,0.5,0.5,4,10
"1811","nonsyn","common",650,0.0188771779597915,0.181679887326179,0.026679875103816,2686,0.1,0.001,6,6,0,0.5,0.5,4,10
"1812","syn","common",650,0.00544448869859604,0.115729621032161,0.00975958628759823,10043,0.1,0.001,6,6,0,0.5,0.5,4,10
"1813","nonsyn","rare",700,0.000340031404917911,0.0325985875105277,-0.87644063757727,121637,0.1,0.001,6,6,0,0.5,0.5,4,10
"1814","syn","rare",700,0.000415435446815566,0.0355381555903167,-0.76573006408666,42221,0.1,0.001,6,6,0,0.5,0.5,4,10
"1815","nonsyn","int",700,0.00122736441484301,0.0619291601987364,-0.55717649685293,21020,0.1,0.001,6,6,0,0.5,0.5,4,10
"1816","syn","int",700,0.00124822590906866,0.0595302587080521,-0.363633661034,20433,0.1,0.001,6,6,0,0.5,0.5,4,10
"1817","nonsyn","common",700,0.0222772363913209,0.178870949795893,0.053653324279196,2627,0.1,0.001,6,6,0,0.5,0.5,4,10
"1818","syn","common",700,0.00396873278236915,0.108899679665233,-0.00316623888476815,10164,0.1,0.001,6,6,0,0.5,0.5,4,10
"1819","nonsyn","rare",750,0.000356455507013106,0.0330195166376757,-0.874424410398218,121772,0.1,0.001,6,6,0,0.5,0.5,4,10
"1820","syn","rare",750,0.000351483547389144,0.0333122576662229,-0.767337894292182,42668,0.1,0.001,6,6,0,0.5,0.5,4,10
"1821","nonsyn","int",750,0.00104622681580065,0.0597803755804052,-0.555739395089188,21189,0.1,0.001,6,6,0,0.5,0.5,4,10
"1822","syn","int",750,0.000936135429262394,0.0549914354518376,-0.374798417175086,20675,0.1,0.001,6,6,0,0.5,0.5,4,10
"1823","nonsyn","common",750,0.0215194760820046,0.166195481650214,0.042970628338497,2634,0.1,0.001,6,6,0,0.5,0.5,4,10
"1824","syn","common",750,0.00362215189873418,0.104319620059706,0.00030761311001742,9954,0.1,0.001,6,6,0,0.5,0.5,4,10
"1825","nonsyn","rare",800,0.000309167107088591,0.0315210606996797,-0.878377108309347,121096,0.1,0.001,6,6,0,0.5,0.5,4,10
"1826","syn","rare",800,0.000394564143576234,0.0337031599930076,-0.769864806659528,42514,0.1,0.001,6,6,0,0.5,0.5,4,10
"1827","nonsyn","int",800,0.0010539361245047,0.0592129220553349,-0.553109726878043,20947,0.1,0.001,6,6,0,0.5,0.5,4,10
"1828","syn","int",800,0.00112250675154321,0.0556755806556088,-0.35812614222614,20736,0.1,0.001,6,6,0,0.5,0.5,4,10
"1829","nonsyn","common",800,0.0202438227562899,0.157482617863456,0.0423410471715198,2663,0.1,0.001,6,6,0,0.5,0.5,4,10
"1830","syn","common",800,0.00459284118602762,0.0958030864895522,0.0065950131459985,9848,0.1,0.001,6,6,0,0.5,0.5,4,10
"1831","nonsyn","rare",850,0.000343138937937349,0.0317410341944842,-0.873689606660987,122328,0.1,0.001,6,6,0,0.5,0.5,4,10
"1832","syn","rare",850,0.00033477442281895,0.0316179688625268,-0.773983332856096,42491,0.1,0.001,6,6,0,0.5,0.5,4,10
"1833","nonsyn","int",850,0.000696409155937053,0.055773931121713,-0.561823710227446,20970,0.1,0.001,6,6,0,0.5,0.5,4,10
"1834","syn","int",850,0.000740600254179294,0.0518126491103591,-0.359991386206038,20458,0.1,0.001,6,6,0,0.5,0.5,4,10
"1835","nonsyn","common",850,0.0200493782591256,0.147552527206804,0.0425027084631105,2493,0.1,0.001,6,6,0,0.5,0.5,4,10
"1836","syn","common",850,0.0034661018721891,0.0922520574917715,-0.00742070811271727,9561,0.1,0.001,6,6,0,0.5,0.5,4,10
"1837","nonsyn","rare",900,0.000300505803560396,0.0302281175509791,-0.876856920139146,121391,0.1,0.001,6,6,0,0.5,0.5,4,10
"1838","syn","rare",900,0.00039938016040124,0.0336151874639434,-0.761410213763944,42269,0.1,0.001,6,6,0,0.5,0.5,4,10
"1839","nonsyn","int",900,0.000571706446156737,0.0534130083551772,-0.55749311551081,21284,0.1,0.001,6,6,0,0.5,0.5,4,10
"1840","syn","int",900,0.000778224748578925,0.052190430401547,-0.359274101376617,20583,0.1,0.001,6,6,0,0.5,0.5,4,10
"1841","nonsyn","common",900,0.0215158346333853,0.151037362555238,0.0599743289656101,2564,0.1,0.001,6,6,0,0.5,0.5,4,10
"1842","syn","common",900,0.00361811719305372,0.0887956463932818,-0.000956445535565511,9847,0.1,0.001,6,6,0,0.5,0.5,4,10
"1843","nonsyn","rare",950,0.000302759734907185,0.029883063733821,-0.875343052855478,121316,0.1,0.001,6,6,0,0.5,0.5,4,10
"1844","syn","rare",950,0.000316423986971932,0.0306303185159686,-0.772949873502261,41756,0.1,0.001,6,6,0,0.5,0.5,4,10
"1845","nonsyn","int",950,0.00115758156470081,0.0550188274356152,-0.536971506259784,20873,0.1,0.001,6,6,0,0.5,0.5,4,10
"1846","syn","int",950,0.000706257632748767,0.0490032772133439,-0.36088573124124,20471,0.1,0.001,6,6,0,0.5,0.5,4,10
"1847","nonsyn","common",950,0.0212557103064067,0.146920506446419,0.0547405206939307,2513,0.1,0.001,6,6,0,0.5,0.5,4,10
"1848","syn","common",950,0.00344365826500658,0.0848976931984875,-0.00162958651262679,9879,0.1,0.001,6,6,0,0.5,0.5,4,10
"1849","nonsyn","rare",1000,0.000294581896088212,0.0300120656931184,-0.876203761516438,120891,0.1,0.001,6,6,0,0.5,0.5,4,10
"1850","syn","rare",1000,0.000300925531411258,0.0310155880291513,-0.769885555788661,42246,0.1,0.001,6,6,0,0.5,0.5,4,10
"1851","nonsyn","int",1000,0.000554050483604624,0.0499289487879149,-0.546343050351404,21195,0.1,0.001,6,6,0,0.5,0.5,4,10
"1852","syn","int",1000,0.000654448963396488,0.0472943023761948,-0.35661811908265,20162,0.1,0.001,6,6,0,0.5,0.5,4,10
"1853","nonsyn","common",1000,0.0179576138147567,0.140959278440453,0.047289252616533,2548,0.1,0.001,6,6,0,0.5,0.5,4,10
"1854","syn","common",1000,0.00287586345785923,0.0824228200520498,-0.004998854966008,9931,0.1,0.001,6,6,0,0.5,0.5,4,10
"1855","nonsyn","rare",1050,0.000263833495157717,0.0289260828357079,-0.87838856182906,120501,0.1,0.001,6,6,0,0.5,0.5,4,10
"1856","syn","rare",1050,0.000301080000951543,0.0293040827575293,-0.770316832309038,42037,0.1,0.001,6,6,0,0.5,0.5,4,10
"1857","nonsyn","int",1050,0.000919516243775196,0.0508950635975615,-0.534998373379404,21085,0.1,0.001,6,6,0,0.5,0.5,4,10
"1858","syn","int",1050,0.000814843980706763,0.0455948473190235,-0.34526098992588,20318,0.1,0.001,6,6,0,0.5,0.5,4,10
"1859","nonsyn","common",1050,0.0183005822981366,0.137931498713009,0.0485648547343854,2576,0.1,0.001,6,6,0,0.5,0.5,4,10
"1860","syn","common",1050,0.00313403387063864,0.0761670062264714,0.00201020330173923,9802,0.1,0.001,6,6,0,0.5,0.5,4,10
"1861","nonsyn","rare",1100,0.000285834638037725,0.0291275465110328,-0.877011311953077,120717,0.1,0.001,6,6,0,0.5,0.5,4,10
"1862","syn","rare",1100,0.00028032254239298,0.0280682956268065,-0.77440082459547,42165,0.1,0.001,6,6,0,0.5,0.5,4,10
"1863","nonsyn","int",1100,0.000925926987767584,0.0490974183572162,-0.526342424586781,20928,0.1,0.001,6,6,0,0.5,0.5,4,10
"1864","syn","int",1100,0.000520193630823668,0.0443735832753228,-0.357581706277869,20348,0.1,0.001,6,6,0,0.5,0.5,4,10
"1865","nonsyn","common",1100,0.0204444575471698,0.143452816006413,0.0588548899461316,2544,0.1,0.001,6,6,0,0.5,0.5,4,10
"1866","syn","common",1100,0.00249034960695077,0.0734575627349129,-0.00607798137513151,9668,0.1,0.001,6,6,0,0.5,0.5,4,10
"1867","nonsyn","rare",1150,0.000262084095063985,0.0281855582037635,-0.877672357050018,120340,0.1,0.001,6,6,0,0.5,0.5,4,10
"1868","syn","rare",1150,0.000286592696428996,0.0289567194119592,-0.772005691271887,42089,0.1,0.001,6,6,0,0.5,0.5,4,10
"1869","nonsyn","int",1150,0.00071322468993366,0.0479871227323456,-0.53065395596317,20802,0.1,0.001,6,6,0,0.5,0.5,4,10
"1870","syn","int",1150,0.000614549950544016,0.0414592188862678,-0.347546507772463,20220,0.1,0.001,6,6,0,0.5,0.5,4,10
"1871","nonsyn","common",1150,0.02002029399755,0.13642357107756,0.0615457020471653,2449,0.1,0.001,6,6,0,0.5,0.5,4,10
"1872","syn","common",1150,0.00262900981996727,0.0724553929241668,-0.00174237665800346,9776,0.1,0.001,6,6,0,0.5,0.5,4,10
"1873","nonsyn","rare",1200,0.000273853640742491,0.0281320581835162,-0.876342444699061,120621,0.1,0.001,6,6,0,0.5,0.5,4,10
"1874","syn","rare",1200,0.000226435020390844,0.0259500735587383,-0.773587201756892,42421,0.1,0.001,6,6,0,0.5,0.5,4,10
"1875","nonsyn","int",1200,0.000662425850012057,0.047319778519969,-0.528625630218282,20735,0.1,0.001,6,6,0,0.5,0.5,4,10
"1876","syn","int",1200,0.000570239739542226,0.0428013168150296,-0.343615881117683,20272,0.1,0.001,6,6,0,0.5,0.5,4,10
"1877","nonsyn","common",1200,0.0198205179282869,0.132358636550035,0.0560180551418502,2510,0.1,0.001,6,6,0,0.5,0.5,4,10
"1878","syn","common",1200,0.00397041559774243,0.0684328838506617,0.0104637239017446,9745,0.1,0.001,6,6,0,0.5,0.5,4,10
"1879","nonsyn","rare",1300,0.000246130562962718,0.0273723490544756,-0.878087129549853,241508,0.1,0.001,6,6,0,0.5,0.5,4,10
"1880","syn","rare",1300,0.000256680268212948,0.027082388617676,-0.775805160697981,83814,0.1,0.001,6,6,0,0.5,0.5,4,10
"1881","nonsyn","int",1300,0.000704365492055046,0.045306539364205,-0.518964762925483,41347,0.1,0.001,6,6,0,0.5,0.5,4,10
"1882","syn","int",1300,0.000671787104083543,0.0401743873987381,-0.337173793082109,40602,0.1,0.001,6,6,0,0.5,0.5,4,10
"1883","nonsyn","common",1300,0.0157940750879937,0.125439856339854,0.0299624828117336,5114,0.1,0.001,6,6,0,0.5,0.5,4,10
"1884","syn","common",1300,0.00206324781965625,0.0664235025128234,-0.00729373423486348,19607,0.1,0.001,6,6,0,0.5,0.5,4,10
"1885","nonsyn","rare",1400,0.000223089469359297,0.0263933852966328,-0.878260856473513,240954,0.1,0.001,6,6,0,0.5,0.5,4,10
"1886","syn","rare",1400,0.000270001673880294,0.0273547946258518,-0.770290717345379,83638,0.1,0.001,6,6,0,0.5,0.5,4,10
"1887","nonsyn","int",1400,0.000764825964929115,0.0442144209176878,-0.515704050008132,41687,0.1,0.001,6,6,0,0.5,0.5,4,10
"1888","syn","int",1400,0.000563346199524941,0.038881750819535,-0.333288910534846,40416,0.1,0.001,6,6,0,0.5,0.5,4,10
"1889","nonsyn","common",1400,0.0150194361723248,0.116463089540899,0.028863101545845,5037,0.1,0.001,6,6,0,0.5,0.5,4,10
"1890","syn","common",1400,0.00221919197091505,0.0634166417106008,-0.00478848576491548,19529,0.1,0.001,6,6,0,0.5,0.5,4,10
"1891","nonsyn","rare",1500,0.000223517279100159,0.0259871542143178,-0.877639602327157,239509,0.1,0.001,6,6,0,0.5,0.5,4,10
"1892","syn","rare",1500,0.000224330722783524,0.0258808060252695,-0.773769227276791,83635,0.1,0.001,6,6,0,0.5,0.5,4,10
"1893","nonsyn","int",1500,0.000573707145608629,0.0412186420893466,-0.508877380269778,41536,0.1,0.001,6,6,0,0.5,0.5,4,10
"1894","syn","int",1500,0.000626188166828322,0.0380347983975588,-0.329785920185499,40209,0.1,0.001,6,6,0,0.5,0.5,4,10
"1895","nonsyn","common",1500,0.0187471758154336,0.11204087765006,0.0590806357747464,5028,0.1,0.001,6,6,0,0.5,0.5,4,10
"1896","syn","common",1500,0.00173256292788387,0.0586089596773056,-0.00706385026685976,19427,0.1,0.001,6,6,0,0.5,0.5,4,10
"1897","nonsyn","rare",1600,0.000198955786768571,0.0251739039419679,-0.87934936933486,239702,0.1,0.001,6,6,0,0.5,0.5,4,10
"1898","syn","rare",1600,0.000220466135172018,0.0255510133125388,-0.772923441358982,83538,0.1,0.001,6,6,0,0.5,0.5,4,10
"1899","nonsyn","int",1600,0.000674363958885136,0.0396682909017162,-0.499586103367792,41153,0.1,0.001,6,6,0,0.5,0.5,4,10
"1900","syn","int",1600,0.000343526377726032,0.0346725966732821,-0.339777724367669,39939,0.1,0.001,6,6,0,0.5,0.5,4,10
"1901","nonsyn","common",1600,0.0197314867617108,0.112941884734383,0.0669161616055956,4910,0.1,0.001,6,6,0,0.5,0.5,4,10
"1902","syn","common",1600,0.00246623356535189,0.0563671674033213,0.000989660468095711,19395,0.1,0.001,6,6,0,0.5,0.5,4,10
"1903","nonsyn","rare",1700,0.000209173879295235,0.024926824182618,-0.877192120766187,239626,0.1,0.001,6,6,0,0.5,0.5,4,10
"1904","syn","rare",1700,0.000213885849635089,0.0240152599374164,-0.77505270941875,83171,0.1,0.001,6,6,0,0.5,0.5,4,10
"1905","nonsyn","int",1700,0.000583814762758688,0.0388347476939278,-0.49624190417476,41266,0.1,0.001,6,6,0,0.5,0.5,4,10
"1906","syn","int",1700,0.000448248511234549,0.0340423132204279,-0.326260538847072,39966,0.1,0.001,6,6,0,0.5,0.5,4,10
"1907","nonsyn","common",1700,0.0173232269503546,0.104920058120724,0.0498856909838102,5076,0.1,0.001,6,6,0,0.5,0.5,4,10
"1908","syn","common",1700,0.00219334642008472,0.0541584699050277,-0.00446136600212975,19358,0.1,0.001,6,6,0,0.5,0.5,4,10
"1909","nonsyn","rare",1800,0.000180119295082104,0.0239044615334853,-0.878759620150107,239574,0.1,0.001,6,6,0,0.5,0.5,4,10
"1910","syn","rare",1800,0.000204263145200193,0.0239215297881751,-0.775312724011129,82920,0.1,0.001,6,6,0,0.5,0.5,4,10
"1911","nonsyn","int",1800,0.000616861166031731,0.0372889165245456,-0.491747388956231,41474,0.1,0.001,6,6,0,0.5,0.5,4,10
"1912","syn","int",1800,0.000317811851221892,0.032315739818858,-0.323076723414068,39979,0.1,0.001,6,6,0,0.5,0.5,4,10
"1913","nonsyn","common",1800,0.0170677121029353,0.103608611506265,0.0485939599493057,4974,0.1,0.001,6,6,0,0.5,0.5,4,10
"1914","syn","common",1800,0.00214794075144509,0.0522283583804665,-0.00368977679956493,19376,0.1,0.001,6,6,0,0.5,0.5,4,10
"1915","nonsyn","rare",1900,0.000178802285752617,0.023682413361686,-0.879870652668256,238521,0.1,0.001,6,6,0,0.5,0.5,4,10
"1916","syn","rare",1900,0.000210967570569628,0.0233770243898595,-0.770437716382034,82826,0.1,0.001,6,6,0,0.5,0.5,4,10
"1917","nonsyn","int",1900,0.000564061446595396,0.0368297169747603,-0.489462121879935,41532,0.1,0.001,6,6,0,0.5,0.5,4,10
"1918","syn","int",1900,0.000592095533126811,0.032086891446207,-0.313400644661351,40028,0.1,0.001,6,6,0,0.5,0.5,4,10
"1919","nonsyn","common",1900,0.0163725838658147,0.10132562627697,0.0476068064170552,5008,0.1,0.001,6,6,0,0.5,0.5,4,10
"1920","syn","common",1900,0.00268095213692733,0.0501343186221754,0.00288463719863014,19514,0.1,0.001,6,6,0,0.5,0.5,4,10
"1921","nonsyn","rare",2000,0.000176175006417351,0.0233494718568005,-0.878145274434566,237637,0.1,0.001,6,6,0,0.5,0.5,4,10
"1922","syn","rare",2000,0.000179620927318296,0.0228628407871655,-0.774035216812053,82992,0.1,0.001,6,6,0,0.5,0.5,4,10
"1923","nonsyn","int",2000,0.0005567601322395,0.0354619280147986,-0.484228907446245,40835,0.1,0.001,6,6,0,0.5,0.5,4,10
"1924","syn","int",2000,0.000368087816574254,0.0306815392224761,-0.316050287951014,40038,0.1,0.001,6,6,0,0.5,0.5,4,10
"1925","nonsyn","common",2000,0.0164419432709716,0.097145362961297,0.051762260390281,4971,0.1,0.001,6,6,0,0.5,0.5,4,10
"1926","syn","common",2000,0.00185685247275775,0.0487855410716857,-0.00276422795361203,19088,0.1,0.001,6,6,0,0.5,0.5,4,10
"1927","nonsyn","rare",2500,0.000146136816060803,0.0220264143249417,-0.878840108196609,1187039,0.1,0.001,6,6,0,0.5,0.5,4,10
"1928","syn","rare",2500,0.000152117236999656,0.0216779886072523,-0.776955823854583,412566,0.1,0.001,6,6,0,0.5,0.5,4,10
"1929","nonsyn","int",2500,0.000469434908898865,0.0325609844864845,-0.475446999185866,204498,0.1,0.001,6,6,0,0.5,0.5,4,10
"1930","syn","int",2500,0.000309644308075507,0.0284696811490939,-0.310338307611922,199133,0.1,0.001,6,6,0,0.5,0.5,4,10
"1931","nonsyn","common",2500,0.0163785387218794,0.0891998144272452,0.0535721351918197,25115,0.1,0.001,6,6,0,0.5,0.5,4,10
"1932","syn","common",2500,0.00173259739304883,0.0440304496820329,-0.00344213615231416,95207,0.1,0.001,6,6,0,0.5,0.5,4,10
"1933","nonsyn","rare",3000,0.000130096307231791,0.0205894147543347,-0.877734140244066,1177274,0.1,0.001,6,6,0,0.5,0.5,4,10
"1934","syn","rare",3000,0.000137430388844614,0.0200718970608682,-0.774523350484879,409058,0.1,0.001,6,6,0,0.5,0.5,4,10
"1935","nonsyn","int",3000,0.000347561090063078,0.0290098370920915,-0.461779620162337,202447,0.1,0.001,6,6,0,0.5,0.5,4,10
"1936","syn","int",3000,0.000257013014678285,0.0251442832137352,-0.299456693819706,197162,0.1,0.001,6,6,0,0.5,0.5,4,10
"1937","nonsyn","common",3000,0.0140296839322197,0.0774715346791577,0.0436898395365299,24963,0.1,0.001,6,6,0,0.5,0.5,4,10
"1938","syn","common",3000,0.00173791157797043,0.0388552246252257,-0.00130760067232365,94818,0.1,0.001,6,6,0,0.5,0.5,4,10
"1939","nonsyn","rare",3500,0.000112005144095464,0.0194586188240697,-0.877605455777773,1167941,0.1,0.001,6,6,0,0.5,0.5,4,10
"1940","syn","rare",3500,0.000110667106919944,0.0189513612008697,-0.774721634599939,405827,0.1,0.001,6,6,0,0.5,0.5,4,10
"1941","nonsyn","int",3500,0.000257540007646513,0.0262411450782039,-0.450163051562716,201399,0.1,0.001,6,6,0,0.5,0.5,4,10
"1942","syn","int",3500,0.000258482882736322,0.0232076691896182,-0.291038077011256,196702,0.1,0.001,6,6,0,0.5,0.5,4,10
"1943","nonsyn","common",3500,0.0125465098450613,0.0681451109128238,0.0402979654234382,24784,0.1,0.001,6,6,0,0.5,0.5,4,10
"1944","syn","common",3500,0.00137161921330674,0.0345572437146029,-0.00267600195378238,94268,0.1,0.001,6,6,0,0.5,0.5,4,10
"1945","nonsyn","rare",4000,9.78628816744539e-05,0.018558202718469,-0.877661330918939,1160020,0.1,0.001,6,6,0,0.5,0.5,4,10
"1946","syn","rare",4000,0.000100543078170042,0.017756555745541,-0.772497735189674,403441,0.1,0.001,6,6,0,0.5,0.5,4,10
"1947","nonsyn","int",4000,0.00026489883034244,0.0242116635572487,-0.437743522140272,200999,0.1,0.001,6,6,0,0.5,0.5,4,10
"1948","syn","int",4000,0.000260057601549781,0.0215433279886733,-0.282876292821727,194092,0.1,0.001,6,6,0,0.5,0.5,4,10
"1949","nonsyn","common",4000,0.0122790992146177,0.0624120287424843,0.0417806453412368,24956,0.1,0.001,6,6,0,0.5,0.5,4,10
"1950","syn","common",4000,0.0014244766660265,0.031850601966029,-0.00256232592359796,93726,0.1,0.001,6,6,0,0.5,0.5,4,10
"1951","nonsyn","rare",4500,8.92356430070465e-05,0.0178542099208044,-0.87688255078993,1151216,0.1,0.001,6,6,0,0.5,0.5,4,10
"1952","syn","rare",4500,9.29699164995914e-05,0.0173098723360675,-0.772272720791041,402513,0.1,0.001,6,6,0,0.5,0.5,4,10
"1953","nonsyn","int",4500,0.000271384437344336,0.0228417606653992,-0.429374244314802,198745,0.1,0.001,6,6,0,0.5,0.5,4,10
"1954","syn","int",4500,0.00019395981491258,0.0202840785356127,-0.278052025437736,193206,0.1,0.001,6,6,0,0.5,0.5,4,10
"1955","nonsyn","common",4500,0.0109199328886525,0.0553836760708164,0.0364093331410002,24437,0.1,0.001,6,6,0,0.5,0.5,4,10
"1956","syn","common",4500,0.0012615411106328,0.0293800982824131,-0.00182268393834994,92920,0.1,0.001,6,6,0,0.5,0.5,4,10
"1957","nonsyn","rare",5000,7.68170750253021e-05,0.017151409227076,-0.876541978772169,1144174,0.1,0.001,6,6,0,0.5,0.5,4,10
"1958","syn","rare",5000,8.21526690310954e-05,0.0164773901920275,-0.769153809765545,397841,0.1,0.001,6,6,0,0.5,0.5,4,10
"1959","nonsyn","int",5000,0.000221514220693737,0.0214190473662741,-0.421864330244486,195982,0.1,0.001,6,6,0,0.5,0.5,4,10
"1960","syn","int",5000,0.00019116092031858,0.0193618600158637,-0.272359746854788,191977,0.1,0.001,6,6,0,0.5,0.5,4,10
"1961","nonsyn","common",5000,0.00977362999587969,0.0505283734463098,0.0312963768767018,24270,0.1,0.001,6,6,0,0.5,0.5,4,10
"1962","syn","common",5000,0.00130757980578357,0.0273035454819464,-0.0016508186939912,93195,0.1,0.001,6,6,0,0.5,0.5,4,10
"1963","nonsyn","rare",7500,5.96783410686956e-05,0.0158356489567978,-0.87561072929827,5610166,0.1,0.001,6,6,0,0.5,0.5,4,10
"1964","syn","rare",7500,5.75982168475784e-05,0.0152392795598176,-0.771879735465995,1955189,0.1,0.001,6,6,0,0.5,0.5,4,10
"1965","nonsyn","int",7500,0.000176100431721007,0.0187545768494235,-0.406361435525433,963122,0.1,0.001,6,6,0,0.5,0.5,4,10
"1966","syn","int",7500,0.000116212511528798,0.0169678818283105,-0.263970407701904,943290,0.1,0.001,6,6,0,0.5,0.5,4,10
"1967","nonsyn","common",7500,0.00797672485940011,0.0395976006232915,0.0258556052759522,119488,0.1,0.001,6,6,0,0.5,0.5,4,10
"1968","syn","common",7500,0.000920737127083084,0.0229778267379746,-0.00298782764377477,451374,0.1,0.001,6,6,0,0.5,0.5,4,10
"1969","nonsyn","rare",10000,4.28546586315155e-05,0.0144361708142077,-0.8740821676226,5434289,0.1,0.001,6,6,0,0.5,0.5,4,10
"1970","syn","rare",10000,4.02656468798047e-05,0.0139460528868786,-0.769386154596636,1895298,0.1,0.001,6,6,0,0.5,0.5,4,10
"1971","nonsyn","int",10000,8.94321639851028e-05,0.0161321612435496,-0.391745653004854,933597,0.1,0.001,6,6,0,0.5,0.5,4,10
"1972","syn","int",10000,6.41335369339454e-05,0.0148794609790421,-0.253327128315114,914863,0.1,0.001,6,6,0,0.5,0.5,4,10
"1973","nonsyn","common",10000,0.00521441671998294,0.0272105715248024,0.0124955598127748,117225,0.1,0.001,6,6,0,0.5,0.5,4,10
"1974","syn","common",10000,0.000726939251060421,0.0184847158503341,-0.00363942791927653,439448,0.1,0.001,6,6,0,0.5,0.5,4,10
"1975","nonsyn","int",10,0.00362029442691903,0.161896594434791,-0.592970410139759,4755,0.1,0.001,6,6,0,0.5,0.5,1,1
"1976","syn","int",10,0.00542115528882221,0.316539219603178,-0.322605563228182,5332,0.1,0.001,6,6,0,0.5,0.5,1,1
"1977","nonsyn","common",10,0.0118886029411765,0.553627660799162,-0.05931524427811,816,0.1,0.001,6,6,0,0.5,0.5,1,1
"1978","syn","common",10,0.0110069040500136,0.663097112081915,-0.00474333764436734,3679,0.1,0.001,6,6,0,0.5,0.5,1,1
"1979","nonsyn","rare",10,0.000941868971061093,0.0611715929655993,-0.841869469840404,24880,0.1,0.001,6,6,0,0.5,0.5,1,1
"1980","syn","rare",10,0.00153329536039768,0.126216841491376,-0.661431953349452,9656,0.1,0.001,6,6,0,0.5,0.5,1,1
"1981","nonsyn","int",15,0.00394204793028322,0.163482306643393,-0.591998123487713,2295,0.1,0.001,6,6,0,0.5,0.5,1,1
"1982","syn","int",15,0.00643204883632201,0.308771864260049,-0.322013652383386,2621,0.1,0.001,6,6,0,0.5,0.5,1,1
"1983","nonsyn","common",15,0.0181365339578454,0.517929558112386,-0.0604591731185983,427,0.1,0.001,6,6,0,0.5,0.5,1,1
"1984","syn","common",15,0.0123141824249166,0.645110663147054,0.0116842790752497,1798,0.1,0.001,6,6,0,0.5,0.5,1,1
"1985","nonsyn","rare",15,0.000902867611916521,0.0597365773818131,-0.846565246543043,12554,0.1,0.001,6,6,0,0.5,0.5,1,1
"1986","syn","rare",15,0.00142898425706276,0.119830501832035,-0.670420751534768,4637,0.1,0.001,6,6,0,0.5,0.5,1,1
"1987","nonsyn","int",20,0.00491373720136519,0.158458629378282,-0.580857943735841,2344,0.1,0.001,6,6,0,0.5,0.5,1,1
"1988","syn","int",20,0.00536411214953271,0.296927224134962,-0.338485767182257,2675,0.1,0.001,6,6,0,0.5,0.5,1,1
"1989","nonsyn","common",20,0.00750350877192982,0.499173348978521,-0.0915997708010042,399,0.1,0.001,6,6,0,0.5,0.5,1,1
"1990","syn","common",20,0.00985812154696133,0.628916724546402,0.0144466630337244,1810,0.1,0.001,6,6,0,0.5,0.5,1,1
"1991","nonsyn","rare",20,0.000960165975103734,0.0617058706499985,-0.840194149046606,12532,0.1,0.001,6,6,0,0.5,0.5,1,1
"1992","syn","rare",20,0.00142239180430692,0.113040171667927,-0.67514554506239,4783,0.1,0.001,6,6,0,0.5,0.5,1,1
"1993","nonsyn","int",25,0.00454593073593074,0.157543742985007,-0.588014777770245,2310,0.1,0.001,6,6,0,0.5,0.5,1,1
"1994","syn","int",25,0.00614437111801242,0.289590342002361,-0.333524553331196,2576,0.1,0.001,6,6,0,0.5,0.5,1,1
"1995","nonsyn","common",25,0.0119748648648649,0.467191226655312,-0.0533188858747432,370,0.1,0.001,6,6,0,0.5,0.5,1,1
"1996","syn","common",25,0.0111871766029246,0.603951284732387,-0.00630630662936216,1778,0.1,0.001,6,6,0,0.5,0.5,1,1
"1997","nonsyn","rare",25,0.000894983546030982,0.0587918751559108,-0.848541095358821,12459,0.1,0.001,6,6,0,0.5,0.5,1,1
"1998","syn","rare",25,0.00168891474508145,0.115393863513043,-0.669232596530051,4727,0.1,0.001,6,6,0,0.5,0.5,1,1
"1999","nonsyn","int",50,0.0041331829787234,0.152141435624781,-0.589163095337345,11750,0.1,0.001,6,6,0,0.5,0.5,1,1
"2000","syn","int",50,0.00570715512306812,0.265375196208991,-0.333836407123422,12229,0.1,0.001,6,6,0,0.5,0.5,1,1
"2001","nonsyn","common",50,0.0175419247787611,0.479937363737378,-0.0424314194856977,1808,0.1,0.001,6,6,0,0.5,0.5,1,1
"2002","syn","common",50,0.0100779237689394,0.547972132555822,-0.0113740467764871,8448,0.1,0.001,6,6,0,0.5,0.5,1,1
"2003","nonsyn","rare",50,0.000958079361503556,0.0596617226292533,-0.841508485640817,62146,0.1,0.001,6,6,0,0.5,0.5,1,1
"2004","syn","rare",50,0.00131667228732822,0.10049181863521,-0.688339092017825,23722,0.1,0.001,6,6,0,0.5,0.5,1,1
"2005","nonsyn","int",75,0.00386045392022008,0.137685567512912,-0.588838842431435,11632,0.1,0.001,6,6,0,0.5,0.5,1,1
"2006","syn","int",75,0.00473490909090909,0.214591311921177,-0.358925478072723,12100,0.1,0.001,6,6,0,0.5,0.5,1,1
"2007","nonsyn","common",75,0.0239353733857384,0.446809918492636,0.00751750678362935,1781,0.1,0.001,6,6,0,0.5,0.5,1,1
"2008","syn","common",75,0.0105954304468569,0.479216111100569,-0.000635286323902747,7922,0.1,0.001,6,6,0,0.5,0.5,1,1
"2009","nonsyn","rare",75,0.000934895412369467,0.0576145453563491,-0.843480872807371,61862,0.1,0.001,6,6,0,0.5,0.5,1,1
"2010","syn","rare",75,0.00124122776870865,0.091832960424211,-0.693548340947132,23278,0.1,0.001,6,6,0,0.5,0.5,1,1
"2011","nonsyn","int",100,0.00355838135374559,0.132324579918744,-0.587845364163251,11627,0.1,0.001,6,6,0,0.5,0.5,1,1
"2012","syn","int",100,0.00451648980966818,0.196083555878299,-0.356009204364133,11874,0.1,0.001,6,6,0,0.5,0.5,1,1
"2013","nonsyn","common",100,0.0192547095318669,0.413446669281167,-0.0256905354727253,1773,0.1,0.001,6,6,0,0.5,0.5,1,1
"2014","syn","common",100,0.00599586939417781,0.429972615615388,-0.021303008905865,7626,0.1,0.001,6,6,0,0.5,0.5,1,1
"2015","nonsyn","rare",100,0.00087183540700984,0.0550517199840245,-0.845777553157984,61485,0.1,0.001,6,6,0,0.5,0.5,1,1
"2016","syn","rare",100,0.00123835847344081,0.0845869915766728,-0.699390612759928,23137,0.1,0.001,6,6,0,0.5,0.5,1,1
"2017","nonsyn","int",125,0.00345001768972227,0.12472591444244,-0.588572860648501,11306,0.1,0.001,6,6,0,0.5,0.5,1,1
"2018","syn","int",125,0.00461276188820308,0.180219361724116,-0.347888337033689,11503,0.1,0.001,6,6,0,0.5,0.5,1,1
"2019","nonsyn","common",125,0.0248620288248337,0.391334176307335,0.0254731204560543,1804,0.1,0.001,6,6,0,0.5,0.5,1,1
"2020","syn","common",125,0.00958108440316853,0.383283786504061,-0.00198233885042266,7322,0.1,0.001,6,6,0,0.5,0.5,1,1
"2021","nonsyn","rare",125,0.000834424068861155,0.0531037262776353,-0.84959996710812,61457,0.1,0.001,6,6,0,0.5,0.5,1,1
"2022","syn","rare",125,0.00111307709106792,0.07688756770248,-0.707543662997337,22895,0.1,0.001,6,6,0,0.5,0.5,1,1
"2023","nonsyn","int",150,0.00350484577637574,0.121455017358486,-0.587014736742655,11412,0.1,0.001,6,6,0,0.5,0.5,1,1
"2024","syn","int",150,0.00344444158958547,0.164575359393497,-0.364803577326704,11676,0.1,0.001,6,6,0,0.5,0.5,1,1
"2025","nonsyn","common",150,0.021392874251497,0.368498210627236,-0.0102682958739936,1670,0.1,0.001,6,6,0,0.5,0.5,1,1
"2026","syn","common",150,0.00684149543378995,0.347329038107172,-0.00710457633951976,7008,0.1,0.001,6,6,0,0.5,0.5,1,1
"2027","nonsyn","rare",150,0.000827434837785949,0.0525598968914419,-0.847321699793614,61462,0.1,0.001,6,6,0,0.5,0.5,1,1
"2028","syn","rare",150,0.000976409431007482,0.0713288464340559,-0.719979982017473,22988,0.1,0.001,6,6,0,0.5,0.5,1,1
"2029","nonsyn","int",175,0.00303740008783487,0.114072315696891,-0.596669897179139,11385,0.1,0.001,6,6,0,0.5,0.5,1,1
"2030","syn","int",175,0.00275124835742444,0.145761547905929,-0.392705848811604,11415,0.1,0.001,6,6,0,0.5,0.5,1,1
"2031","nonsyn","common",175,0.0218877067254686,0.339032734097124,0.00400939861697462,1814,0.1,0.001,6,6,0,0.5,0.5,1,1
"2032","syn","common",175,0.00756838308105814,0.319503624816124,-0.00355913299297446,7069,0.1,0.001,6,6,0,0.5,0.5,1,1
"2033","nonsyn","rare",175,0.000809732787204993,0.0516385846288366,-0.847808146602307,61524,0.1,0.001,6,6,0,0.5,0.5,1,1
"2034","syn","rare",175,0.00093323311546841,0.0664355410696615,-0.722506329538239,22950,0.1,0.001,6,6,0,0.5,0.5,1,1
"2035","nonsyn","int",200,0.00278481382978723,0.10944890245585,-0.588731255744674,11280,0.1,0.001,6,6,0,0.5,0.5,1,1
"2036","syn","int",200,0.00322318457882229,0.136930262324033,-0.370493940217575,11361,0.1,0.001,6,6,0,0.5,0.5,1,1
"2037","nonsyn","common",200,0.022848236700538,0.33881438331146,0.00691092138120933,1673,0.1,0.001,6,6,0,0.5,0.5,1,1
"2038","syn","common",200,0.00668083763625932,0.292440548471657,-0.00945812432106992,6972,0.1,0.001,6,6,0,0.5,0.5,1,1
"2039","nonsyn","rare",200,0.000747912974194702,0.0493971377120391,-0.851585288621276,61499,0.1,0.001,6,6,0,0.5,0.5,1,1
"2040","syn","rare",200,0.000915422491866702,0.0627500211617926,-0.72671005924995,22746,0.1,0.001,6,6,0,0.5,0.5,1,1
"2041","nonsyn","int",250,0.00258439966115297,0.102617664544799,-0.59390952152902,22429,0.1,0.001,6,6,0,0.5,0.5,1,1
"2042","syn","int",250,0.00292763293695311,0.124088065951181,-0.370139452908565,22285,0.1,0.001,6,6,0,0.5,0.5,1,1
"2043","nonsyn","common",250,0.0232244836875187,0.309291409083282,0.0134254735025222,3341,0.1,0.001,6,6,0,0.5,0.5,1,1
"2044","syn","common",250,0.00723919687015575,0.266583229978916,-8.57603727176375e-05,13547,0.1,0.001,6,6,0,0.5,0.5,1,1
"2045","nonsyn","rare",250,0.000693407973471013,0.0470194651053309,-0.855117574025295,121829,0.1,0.001,6,6,0,0.5,0.5,1,1
"2046","syn","rare",250,0.00090248412856416,0.0619467173483442,-0.719264641436939,45207,0.1,0.001,6,6,0,0.5,0.5,1,1
"2047","nonsyn","int",300,0.00265708321989291,0.0998575140435514,-0.573108589454762,22038,0.1,0.001,6,6,0,0.5,0.5,1,1
"2048","syn","int",300,0.00226642773944987,0.109062036825745,-0.381477568443875,22322,0.1,0.001,6,6,0,0.5,0.5,1,1
"2049","nonsyn","common",300,0.0251858760429082,0.287563632316943,0.0388927080513483,3356,0.1,0.001,6,6,0,0.5,0.5,1,1
"2050","syn","common",300,0.00885245691925653,0.236037434274502,0.0109856891314562,13289,0.1,0.001,6,6,0,0.5,0.5,1,1
"2051","nonsyn","rare",300,0.000673864159001314,0.045988998602569,-0.854419280230158,121760,0.1,0.001,6,6,0,0.5,0.5,1,1
"2052","syn","rare",300,0.000788322529082675,0.0547975300671515,-0.729398210883972,45044,0.1,0.001,6,6,0,0.5,0.5,1,1
"2053","nonsyn","int",350,0.0023010162692222,0.0901501789046926,-0.574597596525778,22435,0.1,0.001,6,6,0,0.5,0.5,1,1
"2054","syn","int",350,0.00234834806254249,0.0995263129634472,-0.372345250595621,22065,0.1,0.001,6,6,0,0.5,0.5,1,1
"2055","nonsyn","common",350,0.0194311460807601,0.26903272948464,-0.00224895863619545,3368,0.1,0.001,6,6,0,0.5,0.5,1,1
"2056","syn","common",350,0.00434962686567164,0.211930423784902,-0.0199771911117478,13132,0.1,0.001,6,6,0,0.5,0.5,1,1
"2057","nonsyn","rare",350,0.000642668377269681,0.0442300153634053,-0.857243051370266,122374,0.1,0.001,6,6,0,0.5,0.5,1,1
"2058","syn","rare",350,0.000787803955594118,0.0529262082784407,-0.728879095601069,44949,0.1,0.001,6,6,0,0.5,0.5,1,1
"2059","nonsyn","int",400,0.00218248306187464,0.0874145649606934,-0.576201915576733,22287,0.1,0.001,6,6,0,0.5,0.5,1,1
"2060","syn","int",400,0.0021305964223997,0.0943311992441299,-0.366460772109334,21411,0.1,0.001,6,6,0,0.5,0.5,1,1
"2061","nonsyn","common",400,0.0247539088439481,0.26558101175603,0.0419870537469571,3313,0.1,0.001,6,6,0,0.5,0.5,1,1
"2062","syn","common",400,0.00525357967667436,0.192120213717365,-0.0133444411628651,12990,0.1,0.001,6,6,0,0.5,0.5,1,1
"2063","nonsyn","rare",400,0.000574064932286782,0.041890550189625,-0.861292492143942,121542,0.1,0.001,6,6,0,0.5,0.5,1,1
"2064","syn","rare",400,0.000671597619999112,0.0489515840956165,-0.735565041239233,45042,0.1,0.001,6,6,0,0.5,0.5,1,1
"2065","nonsyn","int",450,0.00191992091628034,0.0817823880639655,-0.572832581314713,22002,0.1,0.001,6,6,0,0.5,0.5,1,1
"2066","syn","int",450,0.00209024446601044,0.0850540323818246,-0.364637857886966,21639,0.1,0.001,6,6,0,0.5,0.5,1,1
"2067","nonsyn","common",450,0.0227197473813925,0.250630805388225,0.0324954819447984,3246,0.1,0.001,6,6,0,0.5,0.5,1,1
"2068","syn","common",450,0.00631530732396577,0.179131928676201,0.00417378297428232,12739,0.1,0.001,6,6,0,0.5,0.5,1,1
"2069","nonsyn","rare",450,0.000592115205742178,0.0412431509296086,-0.858669971386664,121487,0.1,0.001,6,6,0,0.5,0.5,1,1
"2070","syn","rare",450,0.000662738223660554,0.0464608571910797,-0.735960137392978,44496,0.1,0.001,6,6,0,0.5,0.5,1,1
"2071","nonsyn","int",500,0.00188963662061733,0.0792489473398596,-0.56449082840034,21933,0.1,0.001,6,6,0,0.5,0.5,1,1
"2072","syn","int",500,0.00172486259897531,0.0792461885987795,-0.366657332864033,21470,0.1,0.001,6,6,0,0.5,0.5,1,1
"2073","nonsyn","common",500,0.024914601905933,0.232495275709934,0.0481060883572986,3253,0.1,0.001,6,6,0,0.5,0.5,1,1
"2074","syn","common",500,0.00707538778094334,0.166596774542245,0.00632536543475847,12636,0.1,0.001,6,6,0,0.5,0.5,1,1
"2075","nonsyn","rare",500,0.000560586026905534,0.0402307047650166,-0.861339202280077,121462,0.1,0.001,6,6,0,0.5,0.5,1,1
"2076","syn","rare",500,0.000636679987427597,0.0452070362506104,-0.737011933050955,44542,0.1,0.001,6,6,0,0.5,0.5,1,1
"2077","nonsyn","int",550,0.00193387604569578,0.0762732715755518,-0.561840780478148,22234,0.1,0.001,6,6,0,0.5,0.5,1,1
"2078","syn","int",550,0.00180975735190986,0.0747170451800263,-0.360057203161787,21389,0.1,0.001,6,6,0,0.5,0.5,1,1
"2079","nonsyn","common",550,0.0223783809224976,0.221741024318411,0.0368714825330552,3187,0.1,0.001,6,6,0,0.5,0.5,1,1
"2080","syn","common",550,0.00672052953484629,0.151019043544079,0.0112169608635657,12426,0.1,0.001,6,6,0,0.5,0.5,1,1
"2081","nonsyn","rare",550,0.000515572804653961,0.0386587246872245,-0.862205581081345,121359,0.1,0.001,6,6,0,0.5,0.5,1,1
"2082","syn","rare",550,0.000610578527303062,0.04279702423821,-0.741798995901487,44354,0.1,0.001,6,6,0,0.5,0.5,1,1
"2083","nonsyn","int",600,0.00184,0.0748242983210472,-0.55442889415157,22055,0.1,0.001,6,6,0,0.5,0.5,1,1
"2084","syn","int",600,0.00137078625455225,0.0700020656445089,-0.36963596593336,21418,0.1,0.001,6,6,0,0.5,0.5,1,1
"2085","nonsyn","common",600,0.0254732359341001,0.221044327645677,0.0619370129779955,3217,0.1,0.001,6,6,0,0.5,0.5,1,1
"2086","syn","common",600,0.00478652749899639,0.148331995814823,-0.00412161411846932,12455,0.1,0.001,6,6,0,0.5,0.5,1,1
"2087","nonsyn","rare",600,0.000525080463202601,0.0385994472576632,-0.861474768257136,120552,0.1,0.001,6,6,0,0.5,0.5,1,1
"2088","syn","rare",600,0.000618929159430749,0.0423052830572364,-0.736947558327961,44339,0.1,0.001,6,6,0,0.5,0.5,1,1
"2089","nonsyn","int",650,0.00211429355030397,0.0733385019524595,-0.543602432685276,21877,0.1,0.001,6,6,0,0.5,0.5,1,1
"2090","syn","int",650,0.00163693221361295,0.0675285241392449,-0.348449342493187,21553,0.1,0.001,6,6,0,0.5,0.5,1,1
"2091","nonsyn","common",650,0.0217423330197554,0.209220410729128,0.0309128737430338,3189,0.1,0.001,6,6,0,0.5,0.5,1,1
"2092","syn","common",650,0.00485564894132859,0.139720974243604,-0.00546576283290512,12374,0.1,0.001,6,6,0,0.5,0.5,1,1
"2093","nonsyn","rare",650,0.000490572345989606,0.0368905208152489,-0.862829373433345,120836,0.1,0.001,6,6,0,0.5,0.5,1,1
"2094","syn","rare",650,0.000561802799011046,0.0399966831985202,-0.741423401135677,44087,0.1,0.001,6,6,0,0.5,0.5,1,1
"2095","nonsyn","int",700,0.0014272962777803,0.0671098942038987,-0.551474595026584,22003,0.1,0.001,6,6,0,0.5,0.5,1,1
"2096","syn","int",700,0.00115102744513303,0.0648989485879932,-0.356782152968454,21461,0.1,0.001,6,6,0,0.5,0.5,1,1
"2097","nonsyn","common",700,0.024034579155272,0.20758857135693,0.0492483329897575,3291,0.1,0.001,6,6,0,0.5,0.5,1,1
"2098","syn","common",700,0.0063187023838781,0.135869649791227,0.0104565500364544,12207,0.1,0.001,6,6,0,0.5,0.5,1,1
"2099","nonsyn","rare",700,0.000454164110047926,0.0359743009571999,-0.864786997447109,120602,0.1,0.001,6,6,0,0.5,0.5,1,1
"2100","syn","rare",700,0.000503613320749629,0.0378377104312499,-0.743364355787878,44502,0.1,0.001,6,6,0,0.5,0.5,1,1
"2101","nonsyn","int",750,0.00161925562634643,0.0665828083740673,-0.541366452378439,21817,0.1,0.001,6,6,0,0.5,0.5,1,1
"2102","syn","int",750,0.00120291439834804,0.0618784395037761,-0.351639037372137,21308,0.1,0.001,6,6,0,0.5,0.5,1,1
"2103","nonsyn","common",750,0.0251714285714286,0.203930656939805,0.0546569619172163,3192,0.1,0.001,6,6,0,0.5,0.5,1,1
"2104","syn","common",750,0.00527925256673511,0.125681985157703,0.00447960030919219,12175,0.1,0.001,6,6,0,0.5,0.5,1,1
"2105","nonsyn","rare",750,0.00042997183565275,0.0347034695495314,-0.866033295545027,120720,0.1,0.001,6,6,0,0.5,0.5,1,1
"2106","syn","rare",750,0.000496500439416815,0.0375410458054115,-0.738787218275923,44377,0.1,0.001,6,6,0,0.5,0.5,1,1
"2107","nonsyn","int",800,0.00131184021502387,0.061892351698067,-0.545660454806253,21579,0.1,0.001,6,6,0,0.5,0.5,1,1
"2108","syn","int",800,0.00127772420894963,0.0594406747948405,-0.348975877710394,21364,0.1,0.001,6,6,0,0.5,0.5,1,1
"2109","nonsyn","common",800,0.0226943997425169,0.189835537269891,0.0468295645939373,3107,0.1,0.001,6,6,0,0.5,0.5,1,1
"2110","syn","common",800,0.00413645715211404,0.119297321554813,-0.0035872272450149,12346,0.1,0.001,6,6,0,0.5,0.5,1,1
"2111","nonsyn","rare",800,0.000453045801083431,0.0346768985080887,-0.864624332327926,120543,0.1,0.001,6,6,0,0.5,0.5,1,1
"2112","syn","rare",800,0.000410021075531987,0.0349867899304952,-0.747069517849228,44127,0.1,0.001,6,6,0,0.5,0.5,1,1
"2113","nonsyn","int",850,0.0014094748388866,0.0623502130889025,-0.540930344253898,21879,0.1,0.001,6,6,0,0.5,0.5,1,1
"2114","syn","int",850,0.00119918488503581,0.0560788721178761,-0.352550434560722,21224,0.1,0.001,6,6,0,0.5,0.5,1,1
"2115","nonsyn","common",850,0.0214292521300095,0.190656553337563,0.0446059443443493,3169,0.1,0.001,6,6,0,0.5,0.5,1,1
"2116","syn","common",850,0.00498299488195476,0.115584848466787,0.000845076620923113,12114,0.1,0.001,6,6,0,0.5,0.5,1,1
"2117","nonsyn","rare",850,0.000412056333844859,0.0336797412638905,-0.866345954370022,121206,0.1,0.001,6,6,0,0.5,0.5,1,1
"2118","syn","rare",850,0.000487574693244538,0.0361216962573033,-0.743857678094071,43846,0.1,0.001,6,6,0,0.5,0.5,1,1
"2119","nonsyn","int",900,0.00114260275868432,0.0581837799266894,-0.540935034699081,21677,0.1,0.001,6,6,0,0.5,0.5,1,1
"2120","syn","int",900,0.00114000758078272,0.0551798200130202,-0.337853272458884,21106,0.1,0.001,6,6,0,0.5,0.5,1,1
"2121","nonsyn","common",900,0.0234277969288624,0.190237418635092,0.0591812429911354,3191,0.1,0.001,6,6,0,0.5,0.5,1,1
"2122","syn","common",900,0.00422160825088043,0.112258071178556,-0.00206547568748351,11926,0.1,0.001,6,6,0,0.5,0.5,1,1
"2123","nonsyn","rare",900,0.000407759998013229,0.0333295892299216,-0.864969998441389,120799,0.1,0.001,6,6,0,0.5,0.5,1,1
"2124","syn","rare",900,0.000444064687096555,0.0341184805476284,-0.744183720390535,44151,0.1,0.001,6,6,0,0.5,0.5,1,1
"2125","nonsyn","int",950,0.00109248858447489,0.0589143191624679,-0.538086506873425,21900,0.1,0.001,6,6,0,0.5,0.5,1,1
"2126","syn","int",950,0.0011000141056987,0.0532551475903252,-0.339875280287202,21268,0.1,0.001,6,6,0,0.5,0.5,1,1
"2127","nonsyn","common",950,0.0222432007400555,0.182218463270452,0.0417740892278524,3243,0.1,0.001,6,6,0,0.5,0.5,1,1
"2128","syn","common",950,0.00459629050830729,0.110082748798109,0.001021699712276,12158,0.1,0.001,6,6,0,0.5,0.5,1,1
"2129","nonsyn","rare",950,0.000410059808313105,0.033446161931141,-0.86508778207818,119883,0.1,0.001,6,6,0,0.5,0.5,1,1
"2130","syn","rare",950,0.000395293666200172,0.032963826643283,-0.747135671201232,44302,0.1,0.001,6,6,0,0.5,0.5,1,1
"2131","nonsyn","int",1000,0.00128612440191388,0.057762067264522,-0.530870779023201,21736,0.1,0.001,6,6,0,0.5,0.5,1,1
"2132","syn","int",1000,0.00117798147974932,0.0533486676006435,-0.334666658111217,21382,0.1,0.001,6,6,0,0.5,0.5,1,1
"2133","nonsyn","common",1000,0.0211943334425156,0.173374727015463,0.0483518111713459,3053,0.1,0.001,6,6,0,0.5,0.5,1,1
"2134","syn","common",1000,0.00453337260181757,0.104034088984432,0.000897954390639612,11884,0.1,0.001,6,6,0,0.5,0.5,1,1
"2135","nonsyn","rare",1000,0.000407458876914351,0.0325447457842661,-0.864221581152892,119884,0.1,0.001,6,6,0,0.5,0.5,1,1
"2136","syn","rare",1000,0.000391302868034126,0.0331631154369965,-0.746134881461395,44072,0.1,0.001,6,6,0,0.5,0.5,1,1
"2137","nonsyn","int",1050,0.00115180639184808,0.0555889875259653,-0.5268003364775,21590,0.1,0.001,6,6,0,0.5,0.5,1,1
"2138","syn","int",1050,0.00103445791181523,0.0497817422833985,-0.328759441264125,20956,0.1,0.001,6,6,0,0.5,0.5,1,1
"2139","nonsyn","common",1050,0.0236562114823224,0.173227057318548,0.057425147403122,3083,0.1,0.001,6,6,0,0.5,0.5,1,1
"2140","syn","common",1050,0.0045903408132276,0.103685409071265,0.00128901283427095,11854,0.1,0.001,6,6,0,0.5,0.5,1,1
"2141","nonsyn","rare",1050,0.000348688024727455,0.0307329015059661,-0.868619178685509,119705,0.1,0.001,6,6,0,0.5,0.5,1,1
"2142","syn","rare",1050,0.000372755283699274,0.0308153123019104,-0.750856334398236,43814,0.1,0.001,6,6,0,0.5,0.5,1,1
"2143","nonsyn","int",1100,0.0010788411092374,0.0539115698115587,-0.523175801147242,21348,0.1,0.001,6,6,0,0.5,0.5,1,1
"2144","syn","int",1100,0.00126741090596823,0.0505415988205497,-0.327426044033394,20961,0.1,0.001,6,6,0,0.5,0.5,1,1
"2145","nonsyn","common",1100,0.0197095268339155,0.166843168095474,0.0364669705096223,3149,0.1,0.001,6,6,0,0.5,0.5,1,1
"2146","syn","common",1100,0.00486448887401707,0.101552349565619,0.00740985154173691,11954,0.1,0.001,6,6,0,0.5,0.5,1,1
"2147","nonsyn","rare",1100,0.000372927772464552,0.0310305866969307,-0.866482730991292,120245,0.1,0.001,6,6,0,0.5,0.5,1,1
"2148","syn","rare",1100,0.000377290854708602,0.0306999628909717,-0.749551229968209,44132,0.1,0.001,6,6,0,0.5,0.5,1,1
"2149","nonsyn","int",1150,0.00122311755082963,0.0541622459092016,-0.518052249207031,21395,0.1,0.001,6,6,0,0.5,0.5,1,1
"2150","syn","int",1150,0.000950504367971427,0.0469612630380811,-0.327966732552647,20719,0.1,0.001,6,6,0,0.5,0.5,1,1
"2151","nonsyn","common",1150,0.0213812378483474,0.173355969872872,0.0522183771919455,3086,0.1,0.001,6,6,0,0.5,0.5,1,1
"2152","syn","common",1150,0.0035943724420191,0.0973446076599688,-0.00304520184164359,11728,0.1,0.001,6,6,0,0.5,0.5,1,1
"2153","nonsyn","rare",1150,0.000371277415679507,0.0307523103403746,-0.866695620468505,119366,0.1,0.001,6,6,0,0.5,0.5,1,1
"2154","syn","rare",1150,0.000356625925840996,0.0304099682027072,-0.749060717360092,43609,0.1,0.001,6,6,0,0.5,0.5,1,1
"2155","nonsyn","int",1200,0.00128811260277791,0.0536325838041492,-0.512643660920218,21527,0.1,0.001,6,6,0,0.5,0.5,1,1
"2156","syn","int",1200,0.000918549158377965,0.0465304535967771,-0.332567092550609,20912,0.1,0.001,6,6,0,0.5,0.5,1,1
"2157","nonsyn","common",1200,0.0192768614357262,0.16246774675756,0.0362370022456245,2995,0.1,0.001,6,6,0,0.5,0.5,1,1
"2158","syn","common",1200,0.0038043621887176,0.0918141027047115,0.00103295679759297,11806,0.1,0.001,6,6,0,0.5,0.5,1,1
"2159","nonsyn","rare",1200,0.00034460705960706,0.0301149879383063,-0.868107161756645,120120,0.1,0.001,6,6,0,0.5,0.5,1,1
"2160","syn","rare",1200,0.00035378561489153,0.0298004078860604,-0.750244476527327,43837,0.1,0.001,6,6,0,0.5,0.5,1,1
"2161","nonsyn","int",1300,0.001259970317464,0.051852936084647,-0.506798626356628,43123,0.1,0.001,6,6,0,0.5,0.5,1,1
"2162","syn","int",1300,0.000838709144152655,0.0452928835874373,-0.327284153008808,42344,0.1,0.001,6,6,0,0.5,0.5,1,1
"2163","nonsyn","common",1300,0.0214368650217707,0.16433890027237,0.0516807176652512,6201,0.1,0.001,6,6,0,0.5,0.5,1,1
"2164","syn","common",1300,0.00403608728557013,0.0902845502186251,0.00119095222423381,23784,0.1,0.001,6,6,0,0.5,0.5,1,1
"2165","nonsyn","rare",1300,0.000326957697087882,0.0290643705911922,-0.868359248021948,238967,0.1,0.001,6,6,0,0.5,0.5,1,1
"2166","syn","rare",1300,0.000355573446618018,0.0294443435486247,-0.746368751156349,87567,0.1,0.001,6,6,0,0.5,0.5,1,1
"2167","nonsyn","int",1400,0.000969507389162562,0.0488446113953042,-0.510850664801167,42630,0.1,0.001,6,6,0,0.5,0.5,1,1
"2168","syn","int",1400,0.000673894385504828,0.0428063169533402,-0.333039060839173,41945,0.1,0.001,6,6,0,0.5,0.5,1,1
"2169","nonsyn","common",1400,0.0211693747964832,0.157770068520711,0.0566208205182223,6142,0.1,0.001,6,6,0,0.5,0.5,1,1
"2170","syn","common",1400,0.0037170807585766,0.0872264313095038,-0.00191700312690246,23465,0.1,0.001,6,6,0,0.5,0.5,1,1
"2171","nonsyn","rare",1400,0.00031077953485253,0.0285910899321722,-0.868541455690635,238591,0.1,0.001,6,6,0,0.5,0.5,1,1
"2172","syn","rare",1400,0.00033235036731686,0.0282786708194169,-0.748045968162003,86846,0.1,0.001,6,6,0,0.5,0.5,1,1
"2173","nonsyn","int",1500,0.0012297350343474,0.048372683020752,-0.496215855169413,42798,0.1,0.001,6,6,0,0.5,0.5,1,1
"2174","syn","int",1500,0.000741153114998677,0.0409236877867432,-0.319826146320259,41557,0.1,0.001,6,6,0,0.5,0.5,1,1
"2175","nonsyn","common",1500,0.0212181833033818,0.15414198620093,0.0566048806293894,6121,0.1,0.001,6,6,0,0.5,0.5,1,1
"2176","syn","common",1500,0.00383860235798499,0.0852586751492122,0.000280367670823614,23325,0.1,0.001,6,6,0,0.5,0.5,1,1
"2177","nonsyn","rare",1500,0.000308064928586101,0.0278721946380828,-0.868305259182462,238539,0.1,0.001,6,6,0,0.5,0.5,1,1
"2178","syn","rare",1500,0.000321933136384894,0.0280291732178752,-0.747570057114298,87671,0.1,0.001,6,6,0,0.5,0.5,1,1
"2179","nonsyn","int",1600,0.00122565784832452,0.0473901859936533,-0.493370629154339,42525,0.1,0.001,6,6,0,0.5,0.5,1,1
"2180","syn","int",1600,0.000741514686120177,0.039356621003967,-0.317915206149287,41672,0.1,0.001,6,6,0,0.5,0.5,1,1
"2181","nonsyn","common",1600,0.022313061752344,0.151688324636533,0.0647616649802998,6186,0.1,0.001,6,6,0,0.5,0.5,1,1
"2182","syn","common",1600,0.0039490648781117,0.0819026378177994,0.0016111557523605,23259,0.1,0.001,6,6,0,0.5,0.5,1,1
"2183","nonsyn","rare",1600,0.000306269562144516,0.0274795231992125,-0.867964484548059,237704,0.1,0.001,6,6,0,0.5,0.5,1,1
"2184","syn","rare",1600,0.000293257142857143,0.0267891968278615,-0.750676538099398,86625,0.1,0.001,6,6,0,0.5,0.5,1,1
"2185","nonsyn","int",1700,0.000976696753018403,0.0446353278268248,-0.493201089054271,42655,0.1,0.001,6,6,0,0.5,0.5,1,1
"2186","syn","int",1700,0.000843002508061627,0.0392377723248423,-0.312734997543659,41865,0.1,0.001,6,6,0,0.5,0.5,1,1
"2187","nonsyn","common",1700,0.021010845320834,0.146566794773728,0.0576663154088803,6187,0.1,0.001,6,6,0,0.5,0.5,1,1
"2188","syn","common",1700,0.00430789177001127,0.0812977624873324,0.00447449358379782,23062,0.1,0.001,6,6,0,0.5,0.5,1,1
"2189","nonsyn","rare",1700,0.000277603106927266,0.0266287964832822,-0.870450179885789,236890,0.1,0.001,6,6,0,0.5,0.5,1,1
"2190","syn","rare",1700,0.00026824663610144,0.02549950436488,-0.75097373673709,87027,0.1,0.001,6,6,0,0.5,0.5,1,1
"2191","nonsyn","int",1800,0.000909824652490973,0.043012141502505,-0.4895903217316,42373,0.1,0.001,6,6,0,0.5,0.5,1,1
"2192","syn","int",1800,0.000885851920916111,0.0376753298856272,-0.303119110988396,41829,0.1,0.001,6,6,0,0.5,0.5,1,1
"2193","nonsyn","common",1800,0.0212797598078463,0.144667971316083,0.0614134948976861,6245,0.1,0.001,6,6,0,0.5,0.5,1,1
"2194","syn","common",1800,0.00262360693740877,0.0777487386253222,-0.00391830348449607,23294,0.1,0.001,6,6,0,0.5,0.5,1,1
"2195","nonsyn","rare",1800,0.000272010722728808,0.02598558682002,-0.869445804988512,236880,0.1,0.001,6,6,0,0.5,0.5,1,1
"2196","syn","rare",1800,0.000280921477314644,0.0255706440725267,-0.747965879796161,86752,0.1,0.001,6,6,0,0.5,0.5,1,1
"2197","nonsyn","int",1900,0.000780202699524997,0.0409634869025137,-0.489348315274003,42526,0.1,0.001,6,6,0,0.5,0.5,1,1
"2198","syn","int",1900,0.000777918222732931,0.0362291447432624,-0.303045527212326,41772,0.1,0.001,6,6,0,0.5,0.5,1,1
"2199","nonsyn","common",1900,0.0197993906350225,0.142038489395757,0.0525289088156345,6236,0.1,0.001,6,6,0,0.5,0.5,1,1
"2200","syn","common",1900,0.00359669578756163,0.0734858900683061,0.00180377563596457,23122,0.1,0.001,6,6,0,0.5,0.5,1,1
"2201","nonsyn","rare",1900,0.000260954113809966,0.0254734484138058,-0.868906783889804,235779,0.1,0.001,6,6,0,0.5,0.5,1,1
"2202","syn","rare",1900,0.000243231784101018,0.0243985411416144,-0.754046901708591,86559,0.1,0.001,6,6,0,0.5,0.5,1,1
"2203","nonsyn","int",2000,0.000830880576153135,0.0403902542724634,-0.48066661295584,42211,0.1,0.001,6,6,0,0.5,0.5,1,1
"2204","syn","int",2000,0.000700834364161149,0.0349081306906559,-0.304239778442799,41229,0.1,0.001,6,6,0,0.5,0.5,1,1
"2205","nonsyn","common",2000,0.0187116144578313,0.135583961839017,0.0491024431448634,6225,0.1,0.001,6,6,0,0.5,0.5,1,1
"2206","syn","common",2000,0.00322366769124204,0.0728334012531278,-0.000525043846675923,23099,0.1,0.001,6,6,0,0.5,0.5,1,1
"2207","nonsyn","rare",2000,0.000265304799786507,0.0253186549266813,-0.868241503646111,236073,0.1,0.001,6,6,0,0.5,0.5,1,1
"2208","syn","rare",2000,0.000250783036518606,0.0247080243997685,-0.754827841905985,86586,0.1,0.001,6,6,0,0.5,0.5,1,1
"2209","nonsyn","int",2500,0.000833649972033408,0.0384942730993478,-0.47296884624643,210966,0.1,0.001,6,6,0,0.5,0.5,1,1
"2210","syn","int",2500,0.00062566032598125,0.0319140816754253,-0.296545745630926,205656,0.1,0.001,6,6,0,0.5,0.5,1,1
"2211","nonsyn","common",2500,0.0190499525694285,0.128615422691859,0.0511746921396318,30571,0.1,0.001,6,6,0,0.5,0.5,1,1
"2212","syn","common",2500,0.00314246717975861,0.0671429278422123,0.000675334427476639,115249,0.1,0.001,6,6,0,0.5,0.5,1,1
"2213","nonsyn","rare",2500,0.00023323655708054,0.0238953017623313,-0.869221776381482,1174875,0.1,0.001,6,6,0,0.5,0.5,1,1
"2214","syn","rare",2500,0.000231840454040899,0.0230223151888839,-0.751077330987848,430622,0.1,0.001,6,6,0,0.5,0.5,1,1
"2215","nonsyn","int",3000,0.000716885729031511,0.034743118654485,-0.459437282716174,207323,0.1,0.001,6,6,0,0.5,0.5,1,1
"2216","syn","int",3000,0.000601691860949107,0.0287996544898063,-0.287430002739272,204213,0.1,0.001,6,6,0,0.5,0.5,1,1
"2217","nonsyn","common",3000,0.0181578486739985,0.118258074697756,0.0500474733217419,30279,0.1,0.001,6,6,0,0.5,0.5,1,1
"2218","syn","common",3000,0.00288785099835647,0.0617954206428907,-0.000238514715755869,114388,0.1,0.001,6,6,0,0.5,0.5,1,1
"2219","nonsyn","rare",3000,0.000215105261530852,0.0225293491598855,-0.868600693670592,1164528,0.1,0.001,6,6,0,0.5,0.5,1,1
"2220","syn","rare",3000,0.000208381600647556,0.0214145415288228,-0.750240126643889,428689,0.1,0.001,6,6,0,0.5,0.5,1,1
"2221","nonsyn","int",3500,0.000733299889489909,0.0321574900021345,-0.445703287068746,206316,0.1,0.001,6,6,0,0.5,0.5,1,1
"2222","syn","int",3500,0.000471775138605769,0.0266396691544448,-0.280330701752915,203094,0.1,0.001,6,6,0,0.5,0.5,1,1
"2223","nonsyn","common",3500,0.0172851156211967,0.110846075612556,0.0481825509012856,30401,0.1,0.001,6,6,0,0.5,0.5,1,1
"2224","syn","common",3500,0.00276558676877669,0.0566915606420879,-0.000419349697480388,114517,0.1,0.001,6,6,0,0.5,0.5,1,1
"2225","nonsyn","rare",3500,0.000193946064894644,0.0210898095362224,-0.867981970161389,1156983,0.1,0.001,6,6,0,0.5,0.5,1,1
"2226","syn","rare",3500,0.000171336473913556,0.020105547767941,-0.749665288909978,424550,0.1,0.001,6,6,0,0.5,0.5,1,1
"2227","nonsyn","int",4000,0.000698172033033312,0.0300708152016017,-0.436623018838519,204763,0.1,0.001,6,6,0,0.5,0.5,1,1
"2228","syn","int",4000,0.000428777433212044,0.0246141358820887,-0.275843096823324,200897,0.1,0.001,6,6,0,0.5,0.5,1,1
"2229","nonsyn","common",4000,0.0169345429613031,0.102798644533384,0.050079285015725,29899,0.1,0.001,6,6,0,0.5,0.5,1,1
"2230","syn","common",4000,0.00260719054044457,0.0528408473892206,-0.00134801204740735,112648,0.1,0.001,6,6,0,0.5,0.5,1,1
"2231","nonsyn","rare",4000,0.00017068985015058,0.0200527713251946,-0.868486010527635,1149554,0.1,0.001,6,6,0,0.5,0.5,1,1
"2232","syn","rare",4000,0.0001737935947103,0.0193478572716663,-0.747895208022715,422557,0.1,0.001,6,6,0,0.5,0.5,1,1
"2233","nonsyn","int",4500,0.000619034511858852,0.0281629593956133,-0.431108934423461,203814,0.1,0.001,6,6,0,0.5,0.5,1,1
"2234","syn","int",4500,0.000389547909180334,0.023298895851678,-0.27132892037304,199252,0.1,0.001,6,6,0,0.5,0.5,1,1
"2235","nonsyn","common",4500,0.0157028798876141,0.0951943830944396,0.0462436520980222,29897,0.1,0.001,6,6,0,0.5,0.5,1,1
"2236","syn","common",4500,0.00238594620574256,0.0501209880665061,-0.00193756329890584,112354,0.1,0.001,6,6,0,0.5,0.5,1,1
"2237","nonsyn","rare",4500,0.000162967468034184,0.0193538496442283,-0.867949782957912,1141923,0.1,0.001,6,6,0,0.5,0.5,1,1
"2238","syn","rare",4500,0.000166387952701931,0.018487361446629,-0.748854818177718,420144,0.1,0.001,6,6,0,0.5,0.5,1,1
"2239","nonsyn","int",5000,0.000592423212256262,0.0268794492691751,-0.423461355218233,201497,0.1,0.001,6,6,0,0.5,0.5,1,1
"2240","syn","int",5000,0.000441056888051847,0.0224218632224099,-0.262545283213987,198583,0.1,0.001,6,6,0,0.5,0.5,1,1
"2241","nonsyn","common",5000,0.0156583051074818,0.0898146889829764,0.0472087509953672,29819,0.1,0.001,6,6,0,0.5,0.5,1,1
"2242","syn","common",5000,0.0023272155203457,0.0471292061307506,-0.000613744314005705,111080,0.1,0.001,6,6,0,0.5,0.5,1,1
"2243","nonsyn","rare",5000,0.000154056131476463,0.0187863669655027,-0.86758185600517,1133161,0.1,0.001,6,6,0,0.5,0.5,1,1
"2244","syn","rare",5000,0.000149590285390741,0.017788409672851,-0.749435620066746,415045,0.1,0.001,6,6,0,0.5,0.5,1,1
"2245","nonsyn","int",7500,0.000467166714070944,0.0235767665935198,-0.408903234443026,984440,0.1,0.001,6,6,0,0.5,0.5,1,1
"2246","syn","int",7500,0.000333068281423329,0.0199582179169372,-0.254490263136324,970879,0.1,0.001,6,6,0,0.5,0.5,1,1
"2247","nonsyn","common",7500,0.0137757557605255,0.0748032379260457,0.0424637810903441,146905,0.1,0.001,6,6,0,0.5,0.5,1,1
"2248","syn","common",7500,0.00215206563017597,0.0406831230811921,-0.000365512121916227,546395,0.1,0.001,6,6,0,0.5,0.5,1,1
"2249","nonsyn","rare",7500,0.000136179042932687,0.0173451310559598,-0.866238528361689,5549641,0.1,0.001,6,6,0,0.5,0.5,1,1
"2250","syn","rare",7500,0.000135596622037195,0.0166296815989687,-0.747407392276506,2038862,0.1,0.001,6,6,0,0.5,0.5,1,1
"2251","nonsyn","int",10000,0.000339659563828074,0.0197579410563435,-0.39164279709034,943848,0.1,0.001,6,6,0,0.5,0.5,1,1
"2252","syn","int",10000,0.000256394360627717,0.017187330777286,-0.244849904246788,940743,0.1,0.001,6,6,0,0.5,0.5,1,1
"2253","nonsyn","common",10000,0.0114446572036009,0.0560316668505693,0.0375715348308843,142519,0.1,0.001,6,6,0,0.5,0.5,1,1
"2254","syn","common",10000,0.00184949678391508,0.0319602664460432,5.20519546285973e-06,533568,0.1,0.001,6,6,0,0.5,0.5,1,1
"2255","nonsyn","rare",10000,0.000107730346546453,0.0156277890129643,-0.86545011759366,5345142,0.1,0.001,6,6,0,0.5,0.5,1,1
"2256","syn","rare",10000,0.000107142038545365,0.0151014535899138,-0.746212030311702,1972014,0.1,0.001,6,6,0,0.5,0.5,1,1
"2257","syn","rare",10,0.00181998435666797,0.132474714617433,-0.64935314198427,7671,0.1,0.001,6,6,0,0.5,0.5,2,1
"2258","nonsyn","rare",10,0.00108450784741711,0.0630445661782115,-0.836893631926661,19242,0.1,0.001,6,6,0,0.5,0.5,2,1
"2259","syn","int",10,0.00526766038635822,0.327589883751607,-0.324420100520658,4193,0.1,0.001,6,6,0,0.5,0.5,2,1
"2260","nonsyn","int",10,0.00409440120512177,0.164783387581981,-0.589140430640857,3983,0.1,0.001,6,6,0,0.5,0.5,2,1
"2261","syn","common",10,0.011074610083424,0.666598816100747,0.00143185388718616,2757,0.1,0.001,6,6,0,0.5,0.5,2,1
"2262","nonsyn","common",10,0.0206744113029827,0.528986807025436,-0.0318766028350537,637,0.1,0.001,6,6,0,0.5,0.5,2,1
"2263","syn","rare",15,0.00167367309215738,0.113465960786177,-0.675002124176835,3787,0.1,0.001,6,6,0,0.5,0.5,2,1
"2264","nonsyn","rare",15,0.000918001668752607,0.0594835365548395,-0.846561103389398,9588,0.1,0.001,6,6,0,0.5,0.5,2,1
"2265","syn","int",15,0.00884855140186916,0.308245083115036,-0.29058592731484,2140,0.1,0.001,6,6,0,0.5,0.5,2,1
"2266","nonsyn","int",15,0.00423931806073522,0.165551616530312,-0.587145826233692,1877,0.1,0.001,6,6,0,0.5,0.5,2,1
"2267","syn","common",15,0.0234885100074129,0.63181592088391,0.0719587709705462,1349,0.1,0.001,6,6,0,0.5,0.5,2,1
"2268","nonsyn","common",15,0.0198579804560261,0.538106722157653,-0.0178531136077038,307,0.1,0.001,6,6,0,0.5,0.5,2,1
"2269","syn","rare",20,0.00140847502656748,0.114002998352431,-0.695072658849483,3764,0.1,0.001,6,6,0,0.5,0.5,2,1
"2270","nonsyn","rare",20,0.000895460725865495,0.0595642918054,-0.847650394942814,9561,0.1,0.001,6,6,0,0.5,0.5,2,1
"2271","syn","int",20,0.00699814212726428,0.300769831661515,-0.336320841919739,2153,0.1,0.001,6,6,0,0.5,0.5,2,1
"2272","nonsyn","int",20,0.00527767756482525,0.169924791860662,-0.572103332364835,1774,0.1,0.001,6,6,0,0.5,0.5,2,1
"2273","syn","common",20,0.00744537107880643,0.62962033785444,-0.0151720164576917,1307,0.1,0.001,6,6,0,0.5,0.5,2,1
"2274","nonsyn","common",20,0.000885852090032154,0.506049446154043,-0.117924725808469,311,0.1,0.001,6,6,0,0.5,0.5,2,1
"2275","syn","rare",25,0.0012634681469733,0.110994593111622,-0.696422081449375,3783,0.1,0.001,6,6,0,0.5,0.5,2,1
"2276","nonsyn","rare",25,0.00112039695945946,0.0659401063880514,-0.831770124512617,9472,0.1,0.001,6,6,0,0.5,0.5,2,1
"2277","syn","int",25,0.00426573982125124,0.283743937901326,-0.342071163342314,2014,0.1,0.001,6,6,0,0.5,0.5,2,1
"2278","nonsyn","int",25,0.0056491935483871,0.166858248990119,-0.553532396522604,1860,0.1,0.001,6,6,0,0.5,0.5,2,1
"2279","syn","common",25,0.005967071197411,0.607005095877836,-0.0189221343304128,1236,0.1,0.001,6,6,0,0.5,0.5,2,1
"2280","nonsyn","common",25,0.0146956923076923,0.466926063660305,-0.0639431528685231,325,0.1,0.001,6,6,0,0.5,0.5,2,1
"2281","syn","rare",50,0.00133405703175632,0.101957741168005,-0.693547894502119,18516,0.1,0.001,6,6,0,0.5,0.5,2,1
"2282","nonsyn","rare",50,0.00103875951166485,0.0608262592071713,-0.840465064464558,47836,0.1,0.001,6,6,0,0.5,0.5,2,1
"2283","syn","int",50,0.00499319645732689,0.263701397271038,-0.343444067476296,9936,0.1,0.001,6,6,0,0.5,0.5,2,1
"2284","nonsyn","int",50,0.00343060441317557,0.145979530224596,-0.595730450193145,9381,0.1,0.001,6,6,0,0.5,0.5,2,1
"2285","syn","common",50,0.0113071985700357,0.543605367369561,-0.00134012168420122,6154,0.1,0.001,6,6,0,0.5,0.5,2,1
"2286","nonsyn","common",50,0.0203802,0.487542660118786,-0.0106264886751322,1500,0.1,0.001,6,6,0,0.5,0.5,2,1
"2287","syn","rare",75,0.0014402813091696,0.0961845162300317,-0.693685032263197,18485,0.1,0.001,6,6,0,0.5,0.5,2,1
"2288","nonsyn","rare",75,0.000896829396325459,0.0572994486997133,-0.843638633984119,47625,0.1,0.001,6,6,0,0.5,0.5,2,1
"2289","syn","int",75,0.00526363731656185,0.228216211172027,-0.344476376694041,9540,0.1,0.001,6,6,0,0.5,0.5,2,1
"2290","nonsyn","int",75,0.00370282863721083,0.141936987191866,-0.589546677070481,9121,0.1,0.001,6,6,0,0.5,0.5,2,1
"2291","syn","common",75,0.010472321736135,0.489692415941744,0.00683616447879126,5806,0.1,0.001,6,6,0,0.5,0.5,2,1
"2292","nonsyn","common",75,0.0278760927152318,0.453051012798073,0.0389062234063569,1510,0.1,0.001,6,6,0,0.5,0.5,2,1
"2293","syn","rare",100,0.00123873781148429,0.0832511877596394,-0.706621551981253,18460,0.1,0.001,6,6,0,0.5,0.5,2,1
"2294","nonsyn","rare",100,0.000847856858680403,0.0550340898835511,-0.848643858460666,47757,0.1,0.001,6,6,0,0.5,0.5,2,1
"2295","syn","int",100,0.00376296533333333,0.200700892932127,-0.36233553134812,9375,0.1,0.001,6,6,0,0.5,0.5,2,1
"2296","nonsyn","int",100,0.00400078697714532,0.133672214345342,-0.581248871878155,9276,0.1,0.001,6,6,0,0.5,0.5,2,1
"2297","syn","common",100,0.00708094402526759,0.436431450206454,-0.0126876384454144,5699,0.1,0.001,6,6,0,0.5,0.5,2,1
"2298","nonsyn","common",100,0.0247094632768362,0.416979235324362,-0.00127427058701269,1416,0.1,0.001,6,6,0,0.5,0.5,2,1
"2299","syn","rare",125,0.00117040113673626,0.078218699992355,-0.711936977872608,18298,0.1,0.001,6,6,0,0.5,0.5,2,1
"2300","nonsyn","rare",125,0.000796590813316477,0.053183768165135,-0.851560668256379,47460,0.1,0.001,6,6,0,0.5,0.5,2,1
"2301","syn","int",125,0.00369953514111788,0.174713428151632,-0.361009315870146,9035,0.1,0.001,6,6,0,0.5,0.5,2,1
"2302","nonsyn","int",125,0.00373603701687534,0.128645334499462,-0.57541745441111,9185,0.1,0.001,6,6,0,0.5,0.5,2,1
"2303","syn","common",125,0.00573719612502285,0.389619734513766,-0.0191964292331003,5471,0.1,0.001,6,6,0,0.5,0.5,2,1
"2304","nonsyn","common",125,0.0261370021723389,0.395240101839677,0.018806993867098,1381,0.1,0.001,6,6,0,0.5,0.5,2,1
"2305","syn","rare",150,0.000995567549885509,0.0693957820628891,-0.728262814111684,18342,0.1,0.001,6,6,0,0.5,0.5,2,1
"2306","nonsyn","rare",150,0.000754155349209357,0.0503369161236118,-0.852543139441277,47493,0.1,0.001,6,6,0,0.5,0.5,2,1
"2307","syn","int",150,0.00441349161696861,0.16314369214849,-0.359263908331015,8887,0.1,0.001,6,6,0,0.5,0.5,2,1
"2308","nonsyn","int",150,0.00343990719257541,0.118658201119313,-0.586388643989865,9051,0.1,0.001,6,6,0,0.5,0.5,2,1
"2309","syn","common",150,0.0085455743180553,0.355799736259595,-0.00161061137947549,5389,0.1,0.001,6,6,0,0.5,0.5,2,1
"2310","nonsyn","common",150,0.0218623529411765,0.365801958611362,-0.00177064343447199,1360,0.1,0.001,6,6,0,0.5,0.5,2,1
"2311","syn","rare",175,0.00093034707637891,0.0671171560776085,-0.724320501360511,18094,0.1,0.001,6,6,0,0.5,0.5,2,1
"2312","nonsyn","rare",175,0.000810463165495126,0.051996283460507,-0.850313720804241,47089,0.1,0.001,6,6,0,0.5,0.5,2,1
"2313","syn","int",175,0.00332000222123501,0.147766144798391,-0.374642655978531,9004,0.1,0.001,6,6,0,0.5,0.5,2,1
"2314","nonsyn","int",175,0.00334903304232512,0.113200508433875,-0.578706292286307,9049,0.1,0.001,6,6,0,0.5,0.5,2,1
"2315","syn","common",175,0.00811456292026897,0.321217789918637,-0.00850612479671352,5205,0.1,0.001,6,6,0,0.5,0.5,2,1
"2316","nonsyn","common",175,0.0285005813953488,0.358268356302232,0.0566122245778663,1376,0.1,0.001,6,6,0,0.5,0.5,2,1
"2317","syn","rare",200,0.00105568708470601,0.0657983644909955,-0.729595030319475,17909,0.1,0.001,6,6,0,0.5,0.5,2,1
"2318","nonsyn","rare",200,0.000752975622175546,0.049892468468913,-0.852136317714858,47133,0.1,0.001,6,6,0,0.5,0.5,2,1
"2319","syn","int",200,0.00370724233983287,0.138078540175758,-0.364619092298021,8975,0.1,0.001,6,6,0,0.5,0.5,2,1
"2320","nonsyn","int",200,0.00268546068394685,0.107823001217211,-0.586607481330887,9182,0.1,0.001,6,6,0,0.5,0.5,2,1
"2321","syn","common",200,0.00970762581636573,0.296946125185932,0.00619366837004417,5206,0.1,0.001,6,6,0,0.5,0.5,2,1
"2322","nonsyn","common",200,0.0213488130563798,0.334885399374097,0.00682884029353927,1348,0.1,0.001,6,6,0,0.5,0.5,2,1
"2323","syn","rare",250,0.000915822162268499,0.0606502119143427,-0.727509694722021,35583,0.1,0.001,6,6,0,0.5,0.5,2,1
"2324","nonsyn","rare",250,0.000695681941215807,0.0471554645560115,-0.856636506490694,94209,0.1,0.001,6,6,0,0.5,0.5,2,1
"2325","syn","int",250,0.00323825676738178,0.125361822907851,-0.369151422650635,17806,0.1,0.001,6,6,0,0.5,0.5,2,1
"2326","nonsyn","int",250,0.00304985232990593,0.104281194201131,-0.58155524517096,18284,0.1,0.001,6,6,0,0.5,0.5,2,1
"2327","syn","common",250,0.00851144448788116,0.269991417972122,0.00424075173974567,10232,0.1,0.001,6,6,0,0.5,0.5,2,1
"2328","nonsyn","common",250,0.0233711500198965,0.314070954015356,0.0113425679238301,2513,0.1,0.001,6,6,0,0.5,0.5,2,1
"2329","syn","rare",300,0.000817311752287122,0.0554601111440945,-0.731078822110639,35525,0.1,0.001,6,6,0,0.5,0.5,2,1
"2330","nonsyn","rare",300,0.000659118589403552,0.0456616024915624,-0.856266721650448,94258,0.1,0.001,6,6,0,0.5,0.5,2,1
"2331","syn","int",300,0.00271603919546158,0.111445948141549,-0.364733529518167,17451,0.1,0.001,6,6,0,0.5,0.5,2,1
"2332","nonsyn","int",300,0.00230879563251351,0.0978814199300101,-0.583617195242092,18134,0.1,0.001,6,6,0,0.5,0.5,2,1
"2333","syn","common",300,0.00891714634394386,0.239067090405554,0.0105660662539891,9833,0.1,0.001,6,6,0,0.5,0.5,2,1
"2334","nonsyn","common",300,0.0243916733067729,0.287310128198918,0.0376467406012494,2510,0.1,0.001,6,6,0,0.5,0.5,2,1
"2335","syn","rare",350,0.0007949604743083,0.0521688312758216,-0.73608817156713,35420,0.1,0.001,6,6,0,0.5,0.5,2,1
"2336","nonsyn","rare",350,0.000632430218704791,0.044078256247762,-0.859532137036489,94008,0.1,0.001,6,6,0,0.5,0.5,2,1
"2337","syn","int",350,0.00240106651376147,0.100918829360547,-0.369322682083716,17440,0.1,0.001,6,6,0,0.5,0.5,2,1
"2338","nonsyn","int",350,0.00264473816576315,0.0929380894590836,-0.566117534021586,17893,0.1,0.001,6,6,0,0.5,0.5,2,1
"2339","syn","common",350,0.00559513680949923,0.215021508482638,-0.00184245494828898,9685,0.1,0.001,6,6,0,0.5,0.5,2,1
"2340","nonsyn","common",350,0.0232467822736031,0.273939446187302,0.026629425501588,2595,0.1,0.001,6,6,0,0.5,0.5,2,1
"2341","syn","rare",400,0.000707725043684122,0.0495724700729758,-0.743389907360187,35482,0.1,0.001,6,6,0,0.5,0.5,2,1
"2342","nonsyn","rare",400,0.000623647127846818,0.0430099980536186,-0.857816479237784,93745,0.1,0.001,6,6,0,0.5,0.5,2,1
"2343","syn","int",400,0.00210887478361223,0.0931643167698038,-0.370728817963369,17330,0.1,0.001,6,6,0,0.5,0.5,2,1
"2344","nonsyn","int",400,0.0024628497873293,0.0892806927489077,-0.565605066569913,17868,0.1,0.001,6,6,0,0.5,0.5,2,1
"2345","syn","common",400,0.00514986029183483,0.194142702914282,-0.00534212268967634,9663,0.1,0.001,6,6,0,0.5,0.5,2,1
"2346","nonsyn","common",400,0.0233146687697161,0.259247452331508,0.0229556671723414,2536,0.1,0.001,6,6,0,0.5,0.5,2,1
"2347","syn","rare",450,0.000607690995907231,0.045540264167053,-0.748388865607246,35184,0.1,0.001,6,6,0,0.5,0.5,2,1
"2348","nonsyn","rare",450,0.000571003328781154,0.0415787847883609,-0.859848764910249,93728,0.1,0.001,6,6,0,0.5,0.5,2,1
"2349","syn","int",450,0.00186569603937192,0.0852954412332182,-0.368336040014771,17068,0.1,0.001,6,6,0,0.5,0.5,2,1
"2350","nonsyn","int",450,0.00230637436762226,0.0847407275389945,-0.560827200657868,17790,0.1,0.001,6,6,0,0.5,0.5,2,1
"2351","syn","common",450,0.0058906064461408,0.178730521127919,-0.00206073242721053,9432,0.1,0.001,6,6,0,0.5,0.5,2,1
"2352","nonsyn","common",450,0.0251734825493171,0.24434924705212,0.0500355205173111,2636,0.1,0.001,6,6,0,0.5,0.5,2,1
"2353","syn","rare",500,0.000599016901408451,0.0439178624490583,-0.750772172793585,35500,0.1,0.001,6,6,0,0.5,0.5,2,1
"2354","nonsyn","rare",500,0.000567040015316868,0.0408228014460181,-0.859141456093297,94014,0.1,0.001,6,6,0,0.5,0.5,2,1
"2355","syn","int",500,0.00195331580484955,0.0840220290049354,-0.360500045263963,17115,0.1,0.001,6,6,0,0.5,0.5,2,1
"2356","nonsyn","int",500,0.0022951426802499,0.081061813112904,-0.553128108380279,17767,0.1,0.001,6,6,0,0.5,0.5,2,1
"2357","syn","common",500,0.00632264447236181,0.164973060857667,0.00276740122644335,9552,0.1,0.001,6,6,0,0.5,0.5,2,1
"2358","nonsyn","common",500,0.0255502222222222,0.234809813916901,0.0592484730433247,2475,0.1,0.001,6,6,0,0.5,0.5,2,1
"2359","syn","rare",550,0.000589670010258749,0.0426638768366033,-0.747563401020817,35092,0.1,0.001,6,6,0,0.5,0.5,2,1
"2360","nonsyn","rare",550,0.000517997227258185,0.0389025436399973,-0.862774267647378,93770,0.1,0.001,6,6,0,0.5,0.5,2,1
"2361","syn","int",550,0.00153803827751196,0.0770650426516358,-0.370030056037152,17138,0.1,0.001,6,6,0,0.5,0.5,2,1
"2362","nonsyn","int",550,0.00169690195188379,0.0763083046897488,-0.562672322695616,17624,0.1,0.001,6,6,0,0.5,0.5,2,1
"2363","syn","common",550,0.00552513545097206,0.154015605558138,0.000261999794466793,9413,0.1,0.001,6,6,0,0.5,0.5,2,1
"2364","nonsyn","common",550,0.0251178325919935,0.226778504010824,0.0611714709780874,2473,0.1,0.001,6,6,0,0.5,0.5,2,1
"2365","syn","rare",600,0.000550768348623853,0.0413558600659066,-0.748751097651712,34880,0.1,0.001,6,6,0,0.5,0.5,2,1
"2366","nonsyn","rare",600,0.00050817007846968,0.0378826051211115,-0.863243133724473,93157,0.1,0.001,6,6,0,0.5,0.5,2,1
"2367","syn","int",600,0.00144318500350385,0.0720775253578813,-0.367645169037784,17124,0.1,0.001,6,6,0,0.5,0.5,2,1
"2368","nonsyn","int",600,0.00195266757865937,0.0757573166560901,-0.552936336924106,17544,0.1,0.001,6,6,0,0.5,0.5,2,1
"2369","syn","common",600,0.00605854103996562,0.143190586686641,0.0075233846282468,9308,0.1,0.001,6,6,0,0.5,0.5,2,1
"2370","nonsyn","common",600,0.0217318049187161,0.221115252116127,0.0334479613424089,2399,0.1,0.001,6,6,0,0.5,0.5,2,1
"2371","syn","rare",650,0.000532776309432461,0.0395030643201708,-0.752632281558837,35187,0.1,0.001,6,6,0,0.5,0.5,2,1
"2372","nonsyn","rare",650,0.000496308915999355,0.0372776328473614,-0.861978241088808,93035,0.1,0.001,6,6,0,0.5,0.5,2,1
"2373","syn","int",650,0.00139748817966903,0.0696831072233136,-0.35499265274399,16920,0.1,0.001,6,6,0,0.5,0.5,2,1
"2374","nonsyn","int",650,0.00162040190735695,0.0695138218894421,-0.548052645777409,17616,0.1,0.001,6,6,0,0.5,0.5,2,1
"2375","syn","common",650,0.00538919006830749,0.136154728823939,-0.00167308119591505,9223,0.1,0.001,6,6,0,0.5,0.5,2,1
"2376","nonsyn","common",650,0.02445324,0.204777941245036,0.0578746711608807,2500,0.1,0.001,6,6,0,0.5,0.5,2,1
"2377","syn","rare",700,0.000571968270273355,0.0393947096676345,-0.74444094236161,35046,0.1,0.001,6,6,0,0.5,0.5,2,1
"2378","nonsyn","rare",700,0.000492260151765945,0.0367206072750673,-0.86228748746607,93038,0.1,0.001,6,6,0,0.5,0.5,2,1
"2379","syn","int",700,0.00168334607018988,0.0671122682401057,-0.353624966056233,17011,0.1,0.001,6,6,0,0.5,0.5,2,1
"2380","nonsyn","int",700,0.00143428344310697,0.0678047090159975,-0.551666357852366,17612,0.1,0.001,6,6,0,0.5,0.5,2,1
"2381","syn","common",700,0.00324738187882157,0.131987864833552,-0.0144674780820569,8995,0.1,0.001,6,6,0,0.5,0.5,2,1
"2382","nonsyn","common",700,0.0217918908069049,0.206399031168867,0.0389119612707759,2491,0.1,0.001,6,6,0,0.5,0.5,2,1
"2383","syn","rare",750,0.000511303000745883,0.0378358640300233,-0.748556648308042,34858,0.1,0.001,6,6,0,0.5,0.5,2,1
"2384","nonsyn","rare",750,0.000447533795345654,0.0351309654167547,-0.865332302725333,93504,0.1,0.001,6,6,0,0.5,0.5,2,1
"2385","syn","int",750,0.00153485861785756,0.061330879286176,-0.351877501126144,17046,0.1,0.001,6,6,0,0.5,0.5,2,1
"2386","nonsyn","int",750,0.00198556701030928,0.0697186794090852,-0.535287095243153,17460,0.1,0.001,6,6,0,0.5,0.5,2,1
"2387","syn","common",750,0.00554331847341524,0.124732884108168,0.00464975741044365,9197,0.1,0.001,6,6,0,0.5,0.5,2,1
"2388","nonsyn","common",750,0.0269794177941779,0.204155157306956,0.0759014666970836,2439,0.1,0.001,6,6,0,0.5,0.5,2,1
"2389","syn","rare",800,0.000490060626761165,0.0371353619032724,-0.749873544490584,35133,0.1,0.001,6,6,0,0.5,0.5,2,1
"2390","nonsyn","rare",800,0.000423222150259067,0.034189648087609,-0.866218748732027,92640,0.1,0.001,6,6,0,0.5,0.5,2,1
"2391","syn","int",800,0.00122173118849803,0.0608768638146328,-0.355830739458411,16971,0.1,0.001,6,6,0,0.5,0.5,2,1
"2392","nonsyn","int",800,0.00171957347853213,0.0656486625485856,-0.539459065388979,17631,0.1,0.001,6,6,0,0.5,0.5,2,1
"2393","syn","common",800,0.00514019047619048,0.122980363912388,0.00952955885338095,8925,0.1,0.001,6,6,0,0.5,0.5,2,1
"2394","nonsyn","common",800,0.022726652892562,0.191695032201728,0.0452175083141862,2420,0.1,0.001,6,6,0,0.5,0.5,2,1
"2395","syn","rare",850,0.000422844952690544,0.035487541119207,-0.757723766626473,34454,0.1,0.001,6,6,0,0.5,0.5,2,1
"2396","nonsyn","rare",850,0.00040124248496994,0.0335740900893713,-0.868111839438812,92315,0.1,0.001,6,6,0,0.5,0.5,2,1
"2397","syn","int",850,0.00133038274677094,0.0584549387470256,-0.349059318015161,16878,0.1,0.001,6,6,0,0.5,0.5,2,1
"2398","nonsyn","int",850,0.00129778768749638,0.0628358080297701,-0.536136400365917,17267,0.1,0.001,6,6,0,0.5,0.5,2,1
"2399","syn","common",850,0.00533193895476504,0.117406465974057,0.00503764274476436,9108,0.1,0.001,6,6,0,0.5,0.5,2,1
"2400","nonsyn","common",850,0.0248597187758478,0.190444243665014,0.072683148577139,2418,0.1,0.001,6,6,0,0.5,0.5,2,1
"2401","syn","rare",900,0.000455211398933535,0.034953558322717,-0.748448602113475,34319,0.1,0.001,6,6,0,0.5,0.5,2,1
"2402","nonsyn","rare",900,0.000405507143088535,0.0333970969906459,-0.866305182162496,92607,0.1,0.001,6,6,0,0.5,0.5,2,1
"2403","syn","int",900,0.000924434362127634,0.0552777490894613,-0.355745833457534,16751,0.1,0.001,6,6,0,0.5,0.5,2,1
"2404","nonsyn","int",900,0.001444108398605,0.0624947703549658,-0.535165172951801,17491,0.1,0.001,6,6,0,0.5,0.5,2,1
"2405","syn","common",900,0.00530621062106211,0.110682491777105,0.00626575172411547,8888,0.1,0.001,6,6,0,0.5,0.5,2,1
"2406","nonsyn","common",900,0.0233258847736626,0.190472143768787,0.0528239444576429,2430,0.1,0.001,6,6,0,0.5,0.5,2,1
"2407","syn","rare",950,0.000429047508556181,0.0335884086384885,-0.753793582601273,34478,0.1,0.001,6,6,0,0.5,0.5,2,1
"2408","nonsyn","rare",950,0.000381336975180023,0.0325986366134225,-0.868303671537055,92627,0.1,0.001,6,6,0,0.5,0.5,2,1
"2409","syn","int",950,0.000835019572417946,0.0544850647752917,-0.35535372139612,16605,0.1,0.001,6,6,0,0.5,0.5,2,1
"2410","nonsyn","int",950,0.00125611714417745,0.0594979964768648,-0.531244644251623,17312,0.1,0.001,6,6,0,0.5,0.5,2,1
"2411","syn","common",950,0.00310065970313359,0.104940167957035,-0.0109151976715894,9095,0.1,0.001,6,6,0,0.5,0.5,2,1
"2412","nonsyn","common",950,0.022880486781368,0.185221567133257,0.0587477693775994,2383,0.1,0.001,6,6,0,0.5,0.5,2,1
"2413","syn","rare",1000,0.000411358619305639,0.0332236869443131,-0.7500000022112,34881,0.1,0.001,6,6,0,0.5,0.5,2,1
"2414","nonsyn","rare",1000,0.000390718061245447,0.0322726211222978,-0.86708250729376,92513,0.1,0.001,6,6,0,0.5,0.5,2,1
"2415","syn","int",1000,0.000820153031194821,0.0511142383904388,-0.342212245323387,16990,0.1,0.001,6,6,0,0.5,0.5,2,1
"2416","nonsyn","int",1000,0.00155278955007257,0.0602859677722151,-0.522241526753111,17225,0.1,0.001,6,6,0,0.5,0.5,2,1
"2417","syn","common",1000,0.00454763986994058,0.104333198152993,0.00103108563460034,8919,0.1,0.001,6,6,0,0.5,0.5,2,1
"2418","nonsyn","common",1000,0.0219598418643362,0.182715288088069,0.0572495772960829,2403,0.1,0.001,6,6,0,0.5,0.5,2,1
"2419","syn","rare",1050,0.000426433691756272,0.0322971276041474,-0.756585335454688,34596,0.1,0.001,6,6,0,0.5,0.5,2,1
"2420","nonsyn","rare",1050,0.000377759729712169,0.0315863926505349,-0.866134861288148,92346,0.1,0.001,6,6,0,0.5,0.5,2,1
"2421","syn","int",1050,0.0012128601377658,0.0513258737279526,-0.335339525485717,16695,0.1,0.001,6,6,0,0.5,0.5,2,1
"2422","nonsyn","int",1050,0.00145525367499857,0.0585920555735937,-0.520856949270837,17483,0.1,0.001,6,6,0,0.5,0.5,2,1
"2423","syn","common",1050,0.0044756054011829,0.10298960075149,0.0013465803522995,8961,0.1,0.001,6,6,0,0.5,0.5,2,1
"2424","nonsyn","common",1050,0.0246751700680272,0.174540556650093,0.0702876947538408,2352,0.1,0.001,6,6,0,0.5,0.5,2,1
"2425","syn","rare",1100,0.000411505145049706,0.0321450704842218,-0.750168804984907,34402,0.1,0.001,6,6,0,0.5,0.5,2,1
"2426","nonsyn","rare",1100,0.000404855301648298,0.0322191171801065,-0.864208048867071,92641,0.1,0.001,6,6,0,0.5,0.5,2,1
"2427","syn","int",1100,0.0010427541889376,0.0487496765142211,-0.342742046538951,16651,0.1,0.001,6,6,0,0.5,0.5,2,1
"2428","nonsyn","int",1100,0.00111281437125749,0.0540592285932113,-0.528301996669341,17535,0.1,0.001,6,6,0,0.5,0.5,2,1
"2429","syn","common",1100,0.00414983789826719,0.098402469737536,-0.00174688758778004,8945,0.1,0.001,6,6,0,0.5,0.5,2,1
"2430","nonsyn","common",1100,0.0270057764755128,0.178316057188096,0.0929655748840125,2389,0.1,0.001,6,6,0,0.5,0.5,2,1
"2431","syn","rare",1150,0.000412073346809125,0.0320126139274451,-0.748457826158423,34630,0.1,0.001,6,6,0,0.5,0.5,2,1
"2432","nonsyn","rare",1150,0.000371353515136352,0.0309854483001587,-0.866671680529329,91931,0.1,0.001,6,6,0,0.5,0.5,2,1
"2433","syn","int",1150,0.0010688089270796,0.0483872136437354,-0.325939294578307,16758,0.1,0.001,6,6,0,0.5,0.5,2,1
"2434","nonsyn","int",1150,0.00125648035289338,0.0542835650067222,-0.524037737600895,17229,0.1,0.001,6,6,0,0.5,0.5,2,1
"2435","syn","common",1150,0.00391880933765218,0.096735282777231,0.000858232892376745,8953,0.1,0.001,6,6,0,0.5,0.5,2,1
"2436","nonsyn","common",1150,0.0247543290931473,0.172199394157575,0.0716721760564586,2437,0.1,0.001,6,6,0,0.5,0.5,2,1
"2437","syn","rare",1200,0.000327371367558364,0.0294585359165281,-0.757095957120555,34653,0.1,0.001,6,6,0,0.5,0.5,2,1
"2438","nonsyn","rare",1200,0.000359780743461105,0.0305218337306069,-0.866968297238905,91491,0.1,0.001,6,6,0,0.5,0.5,2,1
"2439","syn","int",1200,0.000867774610299024,0.0460439446249333,-0.336514878596209,16487,0.1,0.001,6,6,0,0.5,0.5,2,1
"2440","nonsyn","int",1200,0.00121936274509804,0.0530469676161032,-0.508320028178887,17136,0.1,0.001,6,6,0,0.5,0.5,2,1
"2441","syn","common",1200,0.00400631818181818,0.0928137690575844,-0.000664898363760258,8800,0.1,0.001,6,6,0,0.5,0.5,2,1
"2442","nonsyn","common",1200,0.0230554015491235,0.169266276417196,0.0679828704933702,2453,0.1,0.001,6,6,0,0.5,0.5,2,1
"2443","syn","rare",1300,0.000344255834659116,0.0294165735485263,-0.751856884035272,68513,0.1,0.001,6,6,0,0.5,0.5,2,1
"2444","nonsyn","rare",1300,0.000366434405879817,0.0302061349365823,-0.865938759043503,183271,0.1,0.001,6,6,0,0.5,0.5,2,1
"2445","syn","int",1300,0.000826950867052023,0.0441933536157968,-0.330602029375105,33216,0.1,0.001,6,6,0,0.5,0.5,2,1
"2446","nonsyn","int",1300,0.00111061993199058,0.0518678118360861,-0.516732229559817,34407,0.1,0.001,6,6,0,0.5,0.5,2,1
"2447","syn","common",1300,0.00436794258373206,0.0917807900039551,0.00747292712011261,17765,0.1,0.001,6,6,0,0.5,0.5,2,1
"2448","nonsyn","common",1300,0.0250949908740621,0.169218999058726,0.0791707223705896,4931,0.1,0.001,6,6,0,0.5,0.5,2,1
"2449","syn","rare",1400,0.00032669734994862,0.0291578791379928,-0.753672693154834,69093,0.1,0.001,6,6,0,0.5,0.5,2,1
"2450","nonsyn","rare",1400,0.000330567356933666,0.0288460049664705,-0.868156948822955,183359,0.1,0.001,6,6,0,0.5,0.5,2,1
"2451","syn","int",1400,0.000808609510086455,0.0435553175563115,-0.3210635314605,33312,0.1,0.001,6,6,0,0.5,0.5,2,1
"2452","nonsyn","int",1400,0.00105460323969653,0.0493539105723289,-0.512028112868211,34139,0.1,0.001,6,6,0,0.5,0.5,2,1
"2453","syn","common",1400,0.00515764564495822,0.0872784703816929,0.00971927138738634,17474,0.1,0.001,6,6,0,0.5,0.5,2,1
"2454","nonsyn","common",1400,0.0241951847940866,0.162256750189835,0.0737946535989668,4735,0.1,0.001,6,6,0,0.5,0.5,2,1
"2455","syn","rare",1500,0.000327988873192258,0.0279640469759527,-0.75419070905512,68663,0.1,0.001,6,6,0,0.5,0.5,2,1
"2456","nonsyn","rare",1500,0.000307507425227141,0.0282774157926338,-0.868435760463682,182486,0.1,0.001,6,6,0,0.5,0.5,2,1
"2457","syn","int",1500,0.000773796290702592,0.0422243660834326,-0.32729020079781,33106,0.1,0.001,6,6,0,0.5,0.5,2,1
"2458","nonsyn","int",1500,0.000971780701754386,0.0479918545285263,-0.507128904167366,34200,0.1,0.001,6,6,0,0.5,0.5,2,1
"2459","syn","common",1500,0.00416819753926405,0.0845527891001596,0.00578985885850839,17637,0.1,0.001,6,6,0,0.5,0.5,2,1
"2460","nonsyn","common",1500,0.0223306364392679,0.157378063139869,0.0656320967899359,4808,0.1,0.001,6,6,0,0.5,0.5,2,1
"2461","syn","rare",1600,0.0003092333886318,0.0272531266563834,-0.755750926606207,68718,0.1,0.001,6,6,0,0.5,0.5,2,1
"2462","nonsyn","rare",1600,0.000312057844361215,0.0280687501315888,-0.867555008798884,182628,0.1,0.001,6,6,0,0.5,0.5,2,1
"2463","syn","int",1600,0.000854492937724949,0.040596239624324,-0.314308993189196,33063,0.1,0.001,6,6,0,0.5,0.5,2,1
"2464","nonsyn","int",1600,0.0010556201038641,0.0466162367703421,-0.50267471608369,34083,0.1,0.001,6,6,0,0.5,0.5,2,1
"2465","syn","common",1600,0.00427948214079297,0.0827337929434283,0.00451266790733383,17302,0.1,0.001,6,6,0,0.5,0.5,2,1
"2466","nonsyn","common",1600,0.0202359811077716,0.146332433282409,0.0569735775498982,4658,0.1,0.001,6,6,0,0.5,0.5,2,1
"2467","syn","rare",1700,0.000302502331817652,0.0266812858662156,-0.757220152432089,68616,0.1,0.001,6,6,0,0.5,0.5,2,1
"2468","nonsyn","rare",1700,0.000282982301372884,0.0268580754076096,-0.86919849858159,181370,0.1,0.001,6,6,0,0.5,0.5,2,1
"2469","syn","int",1700,0.000778450296848836,0.040335465961805,-0.316176056935121,32845,0.1,0.001,6,6,0,0.5,0.5,2,1
"2470","nonsyn","int",1700,0.00135442399575296,0.0478056429060769,-0.486293240056612,33906,0.1,0.001,6,6,0,0.5,0.5,2,1
"2471","syn","common",1700,0.00447179588607595,0.0790367526062273,0.00569733933527429,17696,0.1,0.001,6,6,0,0.5,0.5,2,1
"2472","nonsyn","common",1700,0.0215170432946146,0.148450922681579,0.0620409067275524,4735,0.1,0.001,6,6,0,0.5,0.5,2,1
"2473","syn","rare",1800,0.000274188797013315,0.0254494899214571,-0.75841785219526,68571,0.1,0.001,6,6,0,0.5,0.5,2,1
"2474","nonsyn","rare",1800,0.000283529398787758,0.0262233579104594,-0.868566774631954,181317,0.1,0.001,6,6,0,0.5,0.5,2,1
"2475","syn","int",1800,0.000740317134933076,0.0374702655882652,-0.312930055494539,33172,0.1,0.001,6,6,0,0.5,0.5,2,1
"2476","nonsyn","int",1800,0.000923066366901223,0.0441612512142534,-0.493400379893628,34249,0.1,0.001,6,6,0,0.5,0.5,2,1
"2477","syn","common",1800,0.00355498165558358,0.0760481217662078,0.00245625754047336,17444,0.1,0.001,6,6,0,0.5,0.5,2,1
"2478","nonsyn","common",1800,0.0201634784428631,0.139996250376162,0.0522748214433357,4778,0.1,0.001,6,6,0,0.5,0.5,2,1
"2479","syn","rare",1900,0.000264954766268144,0.0251611807292876,-0.758398756865358,68754,0.1,0.001,6,6,0,0.5,0.5,2,1
"2480","nonsyn","rare",1900,0.000265020110052817,0.0255187378524241,-0.870580999315958,181004,0.1,0.001,6,6,0,0.5,0.5,2,1
"2481","syn","int",1900,0.000715428397504185,0.0374028499328643,-0.307631024919615,32855,0.1,0.001,6,6,0,0.5,0.5,2,1
"2482","nonsyn","int",1900,0.00110172847544914,0.0439139536261466,-0.48510575666105,33787,0.1,0.001,6,6,0,0.5,0.5,2,1
"2483","syn","common",1900,0.00390821502175406,0.0739623978179997,0.00303340392672013,17468,0.1,0.001,6,6,0,0.5,0.5,2,1
"2484","nonsyn","common",1900,0.0211382113821138,0.137911417693872,0.0604151756417547,4797,0.1,0.001,6,6,0,0.5,0.5,2,1
"2485","syn","rare",2000,0.000223485059221411,0.024039223873784,-0.763780924218005,68303,0.1,0.001,6,6,0,0.5,0.5,2,1
"2486","nonsyn","rare",2000,0.000256943513125592,0.0255083522605869,-0.868921422468007,180449,0.1,0.001,6,6,0,0.5,0.5,2,1
"2487","syn","int",2000,0.000741327263283327,0.0360584555949758,-0.308784275187938,32729,0.1,0.001,6,6,0,0.5,0.5,2,1
"2488","nonsyn","int",2000,0.000958593612140462,0.0424852493950093,-0.483298839415278,34002,0.1,0.001,6,6,0,0.5,0.5,2,1
"2489","syn","common",2000,0.00362741600277104,0.0711408482803936,0.00116204247139892,17322,0.1,0.001,6,6,0,0.5,0.5,2,1
"2490","nonsyn","common",2000,0.0213471088435374,0.140017680305372,0.0661489394397707,4704,0.1,0.001,6,6,0,0.5,0.5,2,1
"2491","syn","rare",2500,0.00024684989167075,0.0236470490163583,-0.757166258917031,338782,0.1,0.001,6,6,0,0.5,0.5,2,1
"2492","nonsyn","rare",2500,0.000256917397395262,0.0246197788410832,-0.867820432920148,900129,0.1,0.001,6,6,0,0.5,0.5,2,1
"2493","syn","int",2500,0.000594760762762284,0.0326304299848574,-0.304079149130837,163039,0.1,0.001,6,6,0,0.5,0.5,2,1
"2494","nonsyn","int",2500,0.000884298134137796,0.0394315743280091,-0.475116312871978,168394,0.1,0.001,6,6,0,0.5,0.5,2,1
"2495","syn","common",2500,0.00298249675264427,0.0683112841797332,-0.000736165970789368,86224,0.1,0.001,6,6,0,0.5,0.5,2,1
"2496","nonsyn","common",2500,0.0209413076988953,0.130305894557838,0.0665042209645942,23354,0.1,0.001,6,6,0,0.5,0.5,2,1
"2497","syn","rare",3000,0.000221415097971282,0.0219233397183307,-0.755360945384329,337701,0.1,0.001,6,6,0,0.5,0.5,2,1
"2498","nonsyn","rare",3000,0.000213295200360764,0.0225531907550404,-0.869034342326391,891442,0.1,0.001,6,6,0,0.5,0.5,2,1
"2499","syn","int",3000,0.000516419980925722,0.0298258365772537,-0.292087801553456,161474,0.1,0.001,6,6,0,0.5,0.5,2,1
"2500","nonsyn","int",3000,0.000829001740212055,0.0361117774463486,-0.460432485557622,167221,0.1,0.001,6,6,0,0.5,0.5,2,1
"2501","syn","common",3000,0.00259971953263197,0.0599199596046052,-0.00190654212331275,85928,0.1,0.001,6,6,0,0.5,0.5,2,1
"2502","nonsyn","common",3000,0.0192288365968653,0.119041737143575,0.0603058439455977,23543,0.1,0.001,6,6,0,0.5,0.5,2,1
"2503","syn","rare",3500,0.000216803201464347,0.0213061104328822,-0.753870331008888,334347,0.1,0.001,6,6,0,0.5,0.5,2,1
"2504","nonsyn","rare",3500,0.000204761937035393,0.0216235120445078,-0.867620532440694,885291,0.1,0.001,6,6,0,0.5,0.5,2,1
"2505","syn","int",3500,0.000464571242542056,0.0274524401320351,-0.284454583348624,159729,0.1,0.001,6,6,0,0.5,0.5,2,1
"2506","nonsyn","int",3500,0.000774859747966796,0.033336573304559,-0.45002881608304,166486,0.1,0.001,6,6,0,0.5,0.5,2,1
"2507","syn","common",3500,0.0029797607295633,0.0559225693561117,0.00229240664405416,85092,0.1,0.001,6,6,0,0.5,0.5,2,1
"2508","nonsyn","common",3500,0.0193410796490923,0.111048368017642,0.0668572563630457,23026,0.1,0.001,6,6,0,0.5,0.5,2,1
"2509","syn","rare",4000,0.00018455497382199,0.0200193755437558,-0.75549695193551,332340,0.1,0.001,6,6,0,0.5,0.5,2,1
"2510","nonsyn","rare",4000,0.000182345518307045,0.0204373633571013,-0.867977167967676,878842,0.1,0.001,6,6,0,0.5,0.5,2,1
"2511","syn","int",4000,0.000392522771132051,0.0256939423508013,-0.280887725583488,159083,0.1,0.001,6,6,0,0.5,0.5,2,1
"2512","nonsyn","int",4000,0.000615941098437812,0.0302781095803052,-0.439841993963706,165089,0.1,0.001,6,6,0,0.5,0.5,2,1
"2513","syn","common",4000,0.00266635473057013,0.0515411423911443,0.00055406789838133,84419,0.1,0.001,6,6,0,0.5,0.5,2,1
"2514","nonsyn","common",4000,0.0185193652960246,0.103982514262031,0.0638420058361211,23444,0.1,0.001,6,6,0,0.5,0.5,2,1
"2515","syn","rare",4500,0.000173963638123118,0.0190128816592422,-0.754633019745876,330676,0.1,0.001,6,6,0,0.5,0.5,2,1
"2516","nonsyn","rare",4500,0.000178745563053399,0.0198617367667615,-0.867275772534082,871658,0.1,0.001,6,6,0,0.5,0.5,2,1
"2517","syn","int",4500,0.000403914525132561,0.024471675069819,-0.274932682622079,157286,0.1,0.001,6,6,0,0.5,0.5,2,1
"2518","nonsyn","int",4500,0.000680448086361578,0.0291120919915667,-0.432718510567608,163406,0.1,0.001,6,6,0,0.5,0.5,2,1
"2519","syn","common",4500,0.00248395878796551,0.0487872488098834,-0.000518747491560328,83859,0.1,0.001,6,6,0,0.5,0.5,2,1
"2520","nonsyn","common",4500,0.0177193705750302,0.0975239523339973,0.0591305963256351,23164,0.1,0.001,6,6,0,0.5,0.5,2,1
"2521","syn","rare",5000,0.000155193529015704,0.0181462279973667,-0.7552889502382,329718,0.1,0.001,6,6,0,0.5,0.5,2,1
"2522","nonsyn","rare",5000,0.000164159454970039,0.0190232949355868,-0.86765094851085,866301,0.1,0.001,6,6,0,0.5,0.5,2,1
"2523","syn","int",5000,0.000452960522130762,0.0231857671170861,-0.266956497287114,157202,0.1,0.001,6,6,0,0.5,0.5,2,1
"2524","nonsyn","int",5000,0.000628257170412871,0.0275371991965845,-0.425929521380985,162787,0.1,0.001,6,6,0,0.5,0.5,2,1
"2525","syn","common",5000,0.00253576190589978,0.0467136790093361,0.00187730801117961,83698,0.1,0.001,6,6,0,0.5,0.5,2,1
"2526","nonsyn","common",5000,0.0170732421960033,0.0922600757890707,0.0586423028820525,22969,0.1,0.001,6,6,0,0.5,0.5,2,1
"2527","syn","rare",7500,0.000142007280220037,0.016860961654457,-0.753448272832978,1607369,0.1,0.001,6,6,0,0.5,0.5,2,1
"2528","nonsyn","rare",7500,0.000140374428550779,0.0175468866815575,-0.866616329193015,4233972,0.1,0.001,6,6,0,0.5,0.5,2,1
"2529","syn","int",7500,0.00030275981761794,0.0204393448048033,-0.261287411896134,768058,0.1,0.001,6,6,0,0.5,0.5,2,1
"2530","nonsyn","int",7500,0.000470387680281178,0.0240443630453201,-0.41229699906962,792096,0.1,0.001,6,6,0,0.5,0.5,2,1
"2531","syn","common",7500,0.00218171448264815,0.0402804676074332,0.000265987270465906,412031,0.1,0.001,6,6,0,0.5,0.5,2,1
"2532","nonsyn","common",7500,0.0150775178321709,0.0768472984012197,0.0530730425347093,113699,0.1,0.001,6,6,0,0.5,0.5,2,1
"2533","syn","rare",10000,0.000109943150981001,0.0151552212655091,-0.752694829017534,1556931,0.1,0.001,6,6,0,0.5,0.5,2,1
"2534","nonsyn","rare",10000,0.000110163287455226,0.0157448166836343,-0.865930090496077,4089169,0.1,0.001,6,6,0,0.5,0.5,2,1
"2535","syn","int",10000,0.000238797881612675,0.0177418035311785,-0.249642516807981,737731,0.1,0.001,6,6,0,0.5,0.5,2,1
"2536","nonsyn","int",10000,0.000295946892956032,0.0201190712259504,-0.396645688710005,759146,0.1,0.001,6,6,0,0.5,0.5,2,1
"2537","syn","common",10000,0.00199665403094503,0.0320730179229365,0.00158314157029126,400452,0.1,0.001,6,6,0,0.5,0.5,2,1
"2538","nonsyn","common",10000,0.0120308722530572,0.0566012943969849,0.0436266381066185,110805,0.1,0.001,6,6,0,0.5,0.5,2,1
"2539","syn","rare",10,0.00131635214191357,0.121322374940675,-0.678689283236373,10598,0.1,0.001,6,6,0,0.5,0.5,3,1
"2540","nonsyn","rare",10,0.00106182146942692,0.0631549242618758,-0.83795294999287,27099,0.1,0.001,6,6,0,0.5,0.5,3,1
"2541","syn","int",10,0.00638451522083407,0.326362995625622,-0.315056805129183,5683,0.1,0.001,6,6,0,0.5,0.5,3,1
"2542","nonsyn","int",10,0.0051416844143272,0.167668609789476,-0.580232602675311,5165,0.1,0.001,6,6,0,0.5,0.5,3,1
"2543","syn","common",10,0.0120073220686124,0.665568564352591,0.00552144274857531,3906,0.1,0.001,6,6,0,0.5,0.5,3,1
"2544","nonsyn","common",10,0.020217537746806,0.55099949645013,-0.0132039438096358,861,0.1,0.001,6,6,0,0.5,0.5,3,1
"2545","syn","rare",15,0.00137749710759738,0.122200501577058,-0.678125828267302,5186,0.1,0.001,6,6,0,0.5,0.5,3,1
"2546","nonsyn","rare",15,0.000962371095778619,0.0601115742384798,-0.845978415938001,13479,0.1,0.001,6,6,0,0.5,0.5,3,1
"2547","syn","int",15,0.00348465417867435,0.309977041487892,-0.34972528828521,2776,0.1,0.001,6,6,0,0.5,0.5,3,1
"2548","nonsyn","int",15,0.00461013513513514,0.159090867630555,-0.585538422678241,2516,0.1,0.001,6,6,0,0.5,0.5,3,1
"2549","syn","common",15,0.0127004883342377,0.640751996777675,-0.000892577974535077,1843,0.1,0.001,6,6,0,0.5,0.5,3,1
"2550","nonsyn","common",15,0.0195083700440529,0.514964343315259,-0.0222032943633193,454,0.1,0.001,6,6,0,0.5,0.5,3,1
"2551","syn","rare",20,0.00147751863888358,0.117804455142086,-0.681700502445753,5231,0.1,0.001,6,6,0,0.5,0.5,3,1
"2552","nonsyn","rare",20,0.00095248659916617,0.0600199993227664,-0.844683624188666,13432,0.1,0.001,6,6,0,0.5,0.5,3,1
"2553","syn","int",20,0.00629674185463659,0.29859638660493,-0.320677498315983,2793,0.1,0.001,6,6,0,0.5,0.5,3,1
"2554","nonsyn","int",20,0.0055509181331293,0.171540873642956,-0.562439910904736,2614,0.1,0.001,6,6,0,0.5,0.5,3,1
"2555","syn","common",20,0.0154270015698587,0.625637670892935,0.0228854110512215,1911,0.1,0.001,6,6,0,0.5,0.5,3,1
"2556","nonsyn","common",20,0.0110521739130435,0.528826057989863,-0.0517834883489513,391,0.1,0.001,6,6,0,0.5,0.5,3,1
"2557","syn","rare",25,0.00127985570533511,0.111293158721993,-0.686267605091629,5267,0.1,0.001,6,6,0,0.5,0.5,3,1
"2558","nonsyn","rare",25,0.00100983715275219,0.0601971567873608,-0.839624768160374,13571,0.1,0.001,6,6,0,0.5,0.5,3,1
"2559","syn","int",25,0.00478117021276596,0.291889953436235,-0.329818214580285,2820,0.1,0.001,6,6,0,0.5,0.5,3,1
"2560","nonsyn","int",25,0.00455596146126054,0.158639416273143,-0.592006499923815,2491,0.1,0.001,6,6,0,0.5,0.5,3,1
"2561","syn","common",25,0.0144176663031625,0.584801696939524,0.0161547753535549,1834,0.1,0.001,6,6,0,0.5,0.5,3,1
"2562","nonsyn","common",25,0.0138742168674699,0.480615373686339,-0.0469578313474799,415,0.1,0.001,6,6,0,0.5,0.5,3,1
"2563","syn","rare",50,0.00139811284569061,0.105775071305004,-0.685578834426598,26071,0.1,0.001,6,6,0,0.5,0.5,3,1
"2564","nonsyn","rare",50,0.000918040172424115,0.0586274150440177,-0.844357256789261,66812,0.1,0.001,6,6,0,0.5,0.5,3,1
"2565","syn","int",50,0.0053685771188316,0.251778906669839,-0.345025337306489,13557,0.1,0.001,6,6,0,0.5,0.5,3,1
"2566","nonsyn","int",50,0.00408062367781869,0.149258666041215,-0.592797267313189,12763,0.1,0.001,6,6,0,0.5,0.5,3,1
"2567","syn","common",50,0.0105999543743584,0.553333945882736,0.00168376520737899,8767,0.1,0.001,6,6,0,0.5,0.5,3,1
"2568","nonsyn","common",50,0.0159518248175182,0.483035925654919,-0.0458155046355563,2055,0.1,0.001,6,6,0,0.5,0.5,3,1
"2569","syn","rare",75,0.00126480896069937,0.089000160124161,-0.709454330156641,25623,0.1,0.001,6,6,0,0.5,0.5,3,1
"2570","nonsyn","rare",75,0.000894343188875388,0.0568395515912056,-0.845053087471696,66663,0.1,0.001,6,6,0,0.5,0.5,3,1
"2571","syn","int",75,0.00444008770603357,0.220198793066612,-0.347934052416179,13226,0.1,0.001,6,6,0,0.5,0.5,3,1
"2572","nonsyn","int",75,0.00404473299788995,0.141465270915363,-0.584253032454162,12322,0.1,0.001,6,6,0,0.5,0.5,3,1
"2573","syn","common",75,0.0125279137742053,0.485116643238774,0.0170180357561835,8211,0.1,0.001,6,6,0,0.5,0.5,3,1
"2574","nonsyn","common",75,0.0209444887780549,0.442717184328437,-0.00290563607910788,2005,0.1,0.001,6,6,0,0.5,0.5,3,1
"2575","syn","rare",100,0.00126778227727489,0.0838116359843324,-0.710022855818542,25188,0.1,0.001,6,6,0,0.5,0.5,3,1
"2576","nonsyn","rare",100,0.000856021326623834,0.054477665243014,-0.847779854069949,66771,0.1,0.001,6,6,0,0.5,0.5,3,1
"2577","syn","int",100,0.00437184098803551,0.192848277424096,-0.367814065334477,12955,0.1,0.001,6,6,0,0.5,0.5,3,1
"2578","nonsyn","int",100,0.00379125851443399,0.132291402785207,-0.590140137161449,12332,0.1,0.001,6,6,0,0.5,0.5,3,1
"2579","syn","common",100,0.0110219921229831,0.427226967360664,0.0059370240307453,7871,0.1,0.001,6,6,0,0.5,0.5,3,1
"2580","nonsyn","common",100,0.0194495540138751,0.408961701578349,-0.0281965400823087,2018,0.1,0.001,6,6,0,0.5,0.5,3,1
"2581","syn","rare",125,0.00106771869776327,0.0770181388519885,-0.71615223597876,25126,0.1,0.001,6,6,0,0.5,0.5,3,1
"2582","nonsyn","rare",125,0.000828925457485229,0.0530343653071031,-0.850322229420593,66177,0.1,0.001,6,6,0,0.5,0.5,3,1
"2583","syn","int",125,0.00381133612847085,0.177566616804889,-0.371206956962941,12641,0.1,0.001,6,6,0,0.5,0.5,3,1
"2584","nonsyn","int",125,0.00369899828976301,0.129138047075867,-0.581504832630605,12279,0.1,0.001,6,6,0,0.5,0.5,3,1
"2585","syn","common",125,0.00971382248219736,0.390194971487762,0.00428599945866765,7864,0.1,0.001,6,6,0,0.5,0.5,3,1
"2586","nonsyn","common",125,0.014771087398374,0.376379637292157,-0.0554537798255062,1968,0.1,0.001,6,6,0,0.5,0.5,3,1
"2587","syn","rare",150,0.00105132037667802,0.0732128726462985,-0.722750674713216,24955,0.1,0.001,6,6,0,0.5,0.5,3,1
"2588","nonsyn","rare",150,0.000787764984558184,0.0511730208957122,-0.851949661253438,66702,0.1,0.001,6,6,0,0.5,0.5,3,1
"2589","syn","int",150,0.00328514461344472,0.160053769764081,-0.375123404117618,12689,0.1,0.001,6,6,0,0.5,0.5,3,1
"2590","nonsyn","int",150,0.00341501679193987,0.121568693294866,-0.581854266340101,12506,0.1,0.001,6,6,0,0.5,0.5,3,1
"2591","syn","common",150,0.00687114335152402,0.356962586864766,-0.0046013816731673,7513,0.1,0.001,6,6,0,0.5,0.5,3,1
"2592","nonsyn","common",150,0.0230259907359753,0.359867951072929,-0.00220337897943736,1943,0.1,0.001,6,6,0,0.5,0.5,3,1
"2593","syn","rare",175,0.00107891736756089,0.0692366888263208,-0.719752320029337,25087,0.1,0.001,6,6,0,0.5,0.5,3,1
"2594","nonsyn","rare",175,0.000789178266049373,0.0510202821364123,-0.852523992393908,66311,0.1,0.001,6,6,0,0.5,0.5,3,1
"2595","syn","int",175,0.00358595422361271,0.150547965643048,-0.369592633745625,12146,0.1,0.001,6,6,0,0.5,0.5,3,1
"2596","nonsyn","int",175,0.0031435086578327,0.116759191730215,-0.581662160053125,12301,0.1,0.001,6,6,0,0.5,0.5,3,1
"2597","syn","common",175,0.00590014731485202,0.325780389635928,-0.00925276758689199,7467,0.1,0.001,6,6,0,0.5,0.5,3,1
"2598","nonsyn","common",175,0.0250453340402969,0.352782866079556,0.0388783010888363,1886,0.1,0.001,6,6,0,0.5,0.5,3,1
"2599","syn","rare",200,0.00108633930368283,0.0656749472119293,-0.717474214539413,24845,0.1,0.001,6,6,0,0.5,0.5,3,1
"2600","nonsyn","rare",200,0.000789475671267631,0.0506040067733562,-0.850282388914987,66218,0.1,0.001,6,6,0,0.5,0.5,3,1
"2601","syn","int",200,0.00345011015911873,0.135652653028208,-0.35946490602333,12255,0.1,0.001,6,6,0,0.5,0.5,3,1
"2602","nonsyn","int",200,0.00331495242782152,0.11372169243816,-0.574812379105758,12192,0.1,0.001,6,6,0,0.5,0.5,3,1
"2603","syn","common",200,0.00708110086767896,0.302513400976583,-0.00605608742257257,7376,0.1,0.001,6,6,0,0.5,0.5,3,1
"2604","nonsyn","common",200,0.0195617204301075,0.318423072110983,0.00192979550573801,1860,0.1,0.001,6,6,0,0.5,0.5,3,1
"2605","syn","rare",250,0.000879214547800492,0.0596886217717171,-0.730006995226216,49602,0.1,0.001,6,6,0,0.5,0.5,3,1
"2606","nonsyn","rare",250,0.000729426749672148,0.0479843059112768,-0.853339328747172,132682,0.1,0.001,6,6,0,0.5,0.5,3,1
"2607","syn","int",250,0.00335662431941924,0.127588310157179,-0.36052385021107,24244,0.1,0.001,6,6,0,0.5,0.5,3,1
"2608","nonsyn","int",250,0.00276704254440314,0.105312051775657,-0.583777017995381,24210,0.1,0.001,6,6,0,0.5,0.5,3,1
"2609","syn","common",250,0.00767984409017487,0.269511478934029,0.00495947767208225,14239,0.1,0.001,6,6,0,0.5,0.5,3,1
"2610","nonsyn","common",250,0.0205565158124318,0.310156207464809,0.00514869102273837,3668,0.1,0.001,6,6,0,0.5,0.5,3,1
"2611","syn","rare",300,0.000808126942847274,0.0564603801706299,-0.735703340190694,49219,0.1,0.001,6,6,0,0.5,0.5,3,1
"2612","nonsyn","rare",300,0.000693788079067718,0.0464632882775927,-0.855803495307873,131634,0.1,0.001,6,6,0,0.5,0.5,3,1
"2613","syn","int",300,0.00241188053005442,0.110768623666867,-0.371193705009902,24073,0.1,0.001,6,6,0,0.5,0.5,3,1
"2614","nonsyn","int",300,0.00291174271984228,0.101146413978182,-0.575087912812304,24347,0.1,0.001,6,6,0,0.5,0.5,3,1
"2615","syn","common",300,0.00662020021451555,0.241064402604539,-0.00200182374332551,13985,0.1,0.001,6,6,0,0.5,0.5,3,1
"2616","nonsyn","common",300,0.0208647952264714,0.290182265641584,0.00686508110712045,3687,0.1,0.001,6,6,0,0.5,0.5,3,1
"2617","syn","rare",350,0.000735403940986667,0.0521160888551398,-0.736643674752712,49277,0.1,0.001,6,6,0,0.5,0.5,3,1
"2618","nonsyn","rare",350,0.000583683162017013,0.0428263840068819,-0.862145924439757,132017,0.1,0.001,6,6,0,0.5,0.5,3,1
"2619","syn","int",350,0.0021738068300859,0.10213316384592,-0.372041967982391,23865,0.1,0.001,6,6,0,0.5,0.5,3,1
"2620","nonsyn","int",350,0.00279599465396984,0.095483019450664,-0.568901440528782,23943,0.1,0.001,6,6,0,0.5,0.5,3,1
"2621","syn","common",350,0.00681776111871982,0.212214383929256,0.000604983955572913,13873,0.1,0.001,6,6,0,0.5,0.5,3,1
"2622","nonsyn","common",350,0.0247095485636115,0.279876226629685,0.0383098573297755,3655,0.1,0.001,6,6,0,0.5,0.5,3,1
"2623","syn","rare",400,0.000774088139723802,0.0505115003641629,-0.737948028028701,49240,0.1,0.001,6,6,0,0.5,0.5,3,1
"2624","nonsyn","rare",400,0.000609237546697507,0.0428413976561774,-0.859361870348616,131431,0.1,0.001,6,6,0,0.5,0.5,3,1
"2625","syn","int",400,0.00214460541364849,0.0924599078133371,-0.368381907051121,23607,0.1,0.001,6,6,0,0.5,0.5,3,1
"2626","nonsyn","int",400,0.00247164041939931,0.0900725062134584,-0.56718946035079,23939,0.1,0.001,6,6,0,0.5,0.5,3,1
"2627","syn","common",400,0.0073656420462922,0.192733466143789,0.00356484774393494,13566,0.1,0.001,6,6,0,0.5,0.5,3,1
"2628","nonsyn","common",400,0.021597696364141,0.255923672429624,0.0189128856640921,3603,0.1,0.001,6,6,0,0.5,0.5,3,1
"2629","syn","rare",450,0.000649866220052695,0.045776577623172,-0.745411511371879,48961,0.1,0.001,6,6,0,0.5,0.5,3,1
"2630","nonsyn","rare",450,0.000597324799074525,0.0416716669330136,-0.860685131477115,131392,0.1,0.001,6,6,0,0.5,0.5,3,1
"2631","syn","int",450,0.00161719336736847,0.0851100915804478,-0.377855636228314,23701,0.1,0.001,6,6,0,0.5,0.5,3,1
"2632","nonsyn","int",450,0.00232162613157565,0.0842491214351191,-0.563109677099372,23971,0.1,0.001,6,6,0,0.5,0.5,3,1
"2633","syn","common",450,0.00747179003021148,0.177101470863282,0.0150958816593073,13240,0.1,0.001,6,6,0,0.5,0.5,3,1
"2634","nonsyn","common",450,0.0251119386331939,0.249088416506606,0.0559699492075999,3585,0.1,0.001,6,6,0,0.5,0.5,3,1
"2635","syn","rare",500,0.000594131100673882,0.0443170531078658,-0.746556547573304,48970,0.1,0.001,6,6,0,0.5,0.5,3,1
"2636","nonsyn","rare",500,0.000524439019163656,0.0389939427714906,-0.86370637262284,130664,0.1,0.001,6,6,0,0.5,0.5,3,1
"2637","syn","int",500,0.00162731004404156,0.0798858527897389,-0.371193892788328,23387,0.1,0.001,6,6,0,0.5,0.5,3,1
"2638","nonsyn","int",500,0.00203676950087785,0.0812026178380693,-0.558158462095748,23922,0.1,0.001,6,6,0,0.5,0.5,3,1
"2639","syn","common",500,0.00705554878513215,0.166285002276528,0.00710691691303348,13129,0.1,0.001,6,6,0,0.5,0.5,3,1
"2640","nonsyn","common",500,0.0243732358729266,0.238890038783122,0.0520041044294935,3557,0.1,0.001,6,6,0,0.5,0.5,3,1
"2641","syn","rare",550,0.00059234229586678,0.0417344068252327,-0.743866966572679,48461,0.1,0.001,6,6,0,0.5,0.5,3,1
"2642","nonsyn","rare",550,0.000559003105306421,0.0397729812860631,-0.860174183410622,131388,0.1,0.001,6,6,0,0.5,0.5,3,1
"2643","syn","int",550,0.00162995520716685,0.0747841347818483,-0.362632999822511,23218,0.1,0.001,6,6,0,0.5,0.5,3,1
"2644","nonsyn","int",550,0.00193659039286616,0.0785537706330852,-0.556989079037041,23774,0.1,0.001,6,6,0,0.5,0.5,3,1
"2645","syn","common",550,0.00706442820161413,0.15414193941592,0.0124325645005136,13134,0.1,0.001,6,6,0,0.5,0.5,3,1
"2646","nonsyn","common",550,0.0197044309296264,0.225142017561238,0.0259292648680876,3453,0.1,0.001,6,6,0,0.5,0.5,3,1
"2647","syn","rare",600,0.000601748739185699,0.0416302240462293,-0.741392306157895,48778,0.1,0.001,6,6,0,0.5,0.5,3,1
"2648","nonsyn","rare",600,0.00050036164425545,0.037639691014823,-0.863919212855696,130515,0.1,0.001,6,6,0,0.5,0.5,3,1
"2649","syn","int",600,0.00143376088746371,0.0710982302043127,-0.361792316822409,23077,0.1,0.001,6,6,0,0.5,0.5,3,1
"2650","nonsyn","int",600,0.00202031076581576,0.075082955836829,-0.552637860597604,23426,0.1,0.001,6,6,0,0.5,0.5,3,1
"2651","syn","common",600,0.00427760955569081,0.14317794221551,-0.00717141432909082,13144,0.1,0.001,6,6,0,0.5,0.5,3,1
"2652","nonsyn","common",600,0.0268065093803297,0.225376751479625,0.070296353181222,3518,0.1,0.001,6,6,0,0.5,0.5,3,1
"2653","syn","rare",650,0.00051304681504221,0.0384680263882058,-0.750116797728932,48211,0.1,0.001,6,6,0,0.5,0.5,3,1
"2654","nonsyn","rare",650,0.000478362340865873,0.0366572600936333,-0.865118340558827,130943,0.1,0.001,6,6,0,0.5,0.5,3,1
"2655","syn","int",650,0.00145525952750474,0.0694225151895793,-0.348112656099887,23196,0.1,0.001,6,6,0,0.5,0.5,3,1
"2656","nonsyn","int",650,0.00169235760026963,0.0722686191709254,-0.549011876912159,23736,0.1,0.001,6,6,0,0.5,0.5,3,1
"2657","syn","common",650,0.00524438253701725,0.138228488876681,-5.11983255506021e-05,13102,0.1,0.001,6,6,0,0.5,0.5,3,1
"2658","nonsyn","common",650,0.0184339800285307,0.203808954795825,0.0221629423618329,3505,0.1,0.001,6,6,0,0.5,0.5,3,1
"2659","syn","rare",700,0.000499352411496238,0.037259493796252,-0.752827355616546,48642,0.1,0.001,6,6,0,0.5,0.5,3,1
"2660","nonsyn","rare",700,0.000462399926170316,0.0356497667027458,-0.865157911511536,130029,0.1,0.001,6,6,0,0.5,0.5,3,1
"2661","syn","int",700,0.00106951757258241,0.0634665013774663,-0.353348640447086,22905,0.1,0.001,6,6,0,0.5,0.5,3,1
"2662","nonsyn","int",700,0.00191116118882606,0.069689036328745,-0.542335095166131,23519,0.1,0.001,6,6,0,0.5,0.5,3,1
"2663","syn","common",700,0.00614402525651144,0.133720147228771,0.00535072526088198,12670,0.1,0.001,6,6,0,0.5,0.5,3,1
"2664","nonsyn","common",700,0.0207778546712803,0.203929836974903,0.0340868861887623,3468,0.1,0.001,6,6,0,0.5,0.5,3,1
"2665","syn","rare",750,0.000495902641118591,0.0372530767124695,-0.750443220938639,48275,0.1,0.001,6,6,0,0.5,0.5,3,1
"2666","nonsyn","rare",750,0.00045470771497414,0.0350497900149419,-0.864227799052532,130318,0.1,0.001,6,6,0,0.5,0.5,3,1
"2667","syn","int",750,0.00165330573165998,0.0639669438143248,-0.343022647715586,23187,0.1,0.001,6,6,0,0.5,0.5,3,1
"2668","nonsyn","int",750,0.0016692014403728,0.0666878408277104,-0.539952423976776,23605,0.1,0.001,6,6,0,0.5,0.5,3,1
"2669","syn","common",750,0.00411398242476087,0.127460115080731,0.000771508729813307,12859,0.1,0.001,6,6,0,0.5,0.5,3,1
"2670","nonsyn","common",750,0.0224550889877642,0.199469033609975,0.0515722416925862,3596,0.1,0.001,6,6,0,0.5,0.5,3,1
"2671","syn","rare",800,0.000461430058284763,0.0353966789797088,-0.750061723806106,48040,0.1,0.001,6,6,0,0.5,0.5,3,1
"2672","nonsyn","rare",800,0.000410058722516942,0.0336074390811644,-0.866070308935992,130444,0.1,0.001,6,6,0,0.5,0.5,3,1
"2673","syn","int",800,0.00101055065887076,0.0580577553127842,-0.354428287315606,22918,0.1,0.001,6,6,0,0.5,0.5,3,1
"2674","nonsyn","int",800,0.00143929273084479,0.0645231014046323,-0.543081854335954,23414,0.1,0.001,6,6,0,0.5,0.5,3,1
"2675","syn","common",800,0.00419041063746578,0.119325878698134,-0.00145654002560096,12785,0.1,0.001,6,6,0,0.5,0.5,3,1
"2676","nonsyn","common",800,0.0230187303402917,0.197340753492879,0.0554197046635203,3497,0.1,0.001,6,6,0,0.5,0.5,3,1
"2677","syn","rare",850,0.00045147812376823,0.0355229636807869,-0.750543930159426,48203,0.1,0.001,6,6,0,0.5,0.5,3,1
"2678","nonsyn","rare",850,0.000417141979102643,0.0338188136036452,-0.865955963444061,130160,0.1,0.001,6,6,0,0.5,0.5,3,1
"2679","syn","int",850,0.00151712355633036,0.058907241349566,-0.336448707957663,22945,0.1,0.001,6,6,0,0.5,0.5,3,1
"2680","nonsyn","int",850,0.00173868330464716,0.0646690086929748,-0.532176196417982,23240,0.1,0.001,6,6,0,0.5,0.5,3,1
"2681","syn","common",850,0.0045483137254902,0.117306411107941,-0.00057720069656142,12750,0.1,0.001,6,6,0,0.5,0.5,3,1
"2682","nonsyn","common",850,0.023981180919139,0.191516022732576,0.0696025974138466,3438,0.1,0.001,6,6,0,0.5,0.5,3,1
"2683","syn","rare",900,0.00046902328281467,0.0349994177429017,-0.746368403027026,48233,0.1,0.001,6,6,0,0.5,0.5,3,1
"2684","nonsyn","rare",900,0.000395871333876747,0.0328919651723729,-0.867070222378467,130042,0.1,0.001,6,6,0,0.5,0.5,3,1
"2685","syn","int",900,0.000867634015069968,0.0552246758807871,-0.347230664052722,23225,0.1,0.001,6,6,0,0.5,0.5,3,1
"2686","nonsyn","int",900,0.00132524651479089,0.0616797071595861,-0.536941459501998,23528,0.1,0.001,6,6,0,0.5,0.5,3,1
"2687","syn","common",900,0.00545104125736739,0.112373543734451,0.00936548334989242,12725,0.1,0.001,6,6,0,0.5,0.5,3,1
"2688","nonsyn","common",900,0.0213565978198508,0.187155424883718,0.0441702079995445,3486,0.1,0.001,6,6,0,0.5,0.5,3,1
"2689","syn","rare",950,0.000429176752943124,0.0334328735172237,-0.751330230226958,48333,0.1,0.001,6,6,0,0.5,0.5,3,1
"2690","nonsyn","rare",950,0.000392279778435855,0.032250092352299,-0.866927091486546,130346,0.1,0.001,6,6,0,0.5,0.5,3,1
"2691","syn","int",950,0.00128851131261555,0.0539103554585021,-0.331715615460032,22718,0.1,0.001,6,6,0,0.5,0.5,3,1
"2692","nonsyn","int",950,0.0013585962043293,0.0582959935612167,-0.532229838450036,23237,0.1,0.001,6,6,0,0.5,0.5,3,1
"2693","syn","common",950,0.00418477133427628,0.107800313056998,-0.000332011197497584,12726,0.1,0.001,6,6,0,0.5,0.5,3,1
"2694","nonsyn","common",950,0.0234918737211342,0.184250986402551,0.0615481776379822,3421,0.1,0.001,6,6,0,0.5,0.5,3,1
"2695","syn","rare",1000,0.000442020391177695,0.033825144952328,-0.754894266386238,48060,0.1,0.001,6,6,0,0.5,0.5,3,1
"2696","nonsyn","rare",1000,0.000381583613432422,0.0320488190348615,-0.867672497598019,129716,0.1,0.001,6,6,0,0.5,0.5,3,1
"2697","syn","int",1000,0.000899661597960798,0.0516037385232527,-0.337483225864663,22754,0.1,0.001,6,6,0,0.5,0.5,3,1
"2698","nonsyn","int",1000,0.00122009704985614,0.0565291088645716,-0.532105529433646,23287,0.1,0.001,6,6,0,0.5,0.5,3,1
"2699","syn","common",1000,0.00357012375249501,0.104257646196497,-0.00440579601427344,12525,0.1,0.001,6,6,0,0.5,0.5,3,1
"2700","nonsyn","common",1000,0.0202832080924856,0.174902014735092,0.0418291613875785,3460,0.1,0.001,6,6,0,0.5,0.5,3,1
"2701","syn","rare",1050,0.000372050010332713,0.0320824687143764,-0.752757510882756,48390,0.1,0.001,6,6,0,0.5,0.5,3,1
"2702","nonsyn","rare",1050,0.000379477872942347,0.031564666507265,-0.866831588461717,128666,0.1,0.001,6,6,0,0.5,0.5,3,1
"2703","syn","int",1050,0.000971728346283858,0.0491097499934235,-0.340193426631952,22779,0.1,0.001,6,6,0,0.5,0.5,3,1
"2704","nonsyn","int",1050,0.00123860998882489,0.0580594898745893,-0.529216974509204,23266,0.1,0.001,6,6,0,0.5,0.5,3,1
"2705","syn","common",1050,0.00472114258204285,0.10204512015575,0.00197553600140967,12463,0.1,0.001,6,6,0,0.5,0.5,3,1
"2706","nonsyn","common",1050,0.0211943594359436,0.170113118821493,0.0461093317881774,3333,0.1,0.001,6,6,0,0.5,0.5,3,1
"2707","syn","rare",1100,0.000371614341445291,0.0312868621466435,-0.756348549738033,48447,0.1,0.001,6,6,0,0.5,0.5,3,1
"2708","nonsyn","rare",1100,0.000358391311069883,0.0308490492664947,-0.868020133385433,129360,0.1,0.001,6,6,0,0.5,0.5,3,1
"2709","syn","int",1100,0.000908627655415092,0.0466574068154202,-0.328803815228121,23019,0.1,0.001,6,6,0,0.5,0.5,3,1
"2710","nonsyn","int",1100,0.0013685325921744,0.0559508635567334,-0.519081221501788,23027,0.1,0.001,6,6,0,0.5,0.5,3,1
"2711","syn","common",1100,0.00507090332805071,0.0986699774716057,0.00620440168351348,12620,0.1,0.001,6,6,0,0.5,0.5,3,1
"2712","nonsyn","common",1100,0.0205774739970282,0.173813493012725,0.0451948373597144,3365,0.1,0.001,6,6,0,0.5,0.5,3,1
"2713","syn","rare",1150,0.000386065795216027,0.0304082438579736,-0.755381181149249,48119,0.1,0.001,6,6,0,0.5,0.5,3,1
"2714","nonsyn","rare",1150,0.000367829238262647,0.0310770673511949,-0.866817140124472,129139,0.1,0.001,6,6,0,0.5,0.5,3,1
"2715","syn","int",1150,0.000785630887621069,0.0467925829015848,-0.331449311482814,22611,0.1,0.001,6,6,0,0.5,0.5,3,1
"2716","nonsyn","int",1150,0.00119639157458564,0.0539024858058468,-0.518007858032775,23168,0.1,0.001,6,6,0,0.5,0.5,3,1
"2717","syn","common",1150,0.00373787217149663,0.0930505801904231,0.00345956096401746,12595,0.1,0.001,6,6,0,0.5,0.5,3,1
"2718","nonsyn","common",1150,0.0206697032030561,0.164912622310325,0.0442584813763986,3403,0.1,0.001,6,6,0,0.5,0.5,3,1
"2719","syn","rare",1200,0.000355552306149733,0.0294916572750564,-0.752851196994147,47872,0.1,0.001,6,6,0,0.5,0.5,3,1
"2720","nonsyn","rare",1200,0.000355393601836912,0.029921948360461,-0.867034503136569,128912,0.1,0.001,6,6,0,0.5,0.5,3,1
"2721","syn","int",1200,0.000948050120905694,0.0446418886880177,-0.332482876334776,22745,0.1,0.001,6,6,0,0.5,0.5,3,1
"2722","nonsyn","int",1200,0.00129939761646804,0.0546811025419381,-0.509388648451683,23075,0.1,0.001,6,6,0,0.5,0.5,3,1
"2723","syn","common",1200,0.00352515313022035,0.0928514531570251,-0.00143015198998046,12571,0.1,0.001,6,6,0,0.5,0.5,3,1
"2724","nonsyn","common",1200,0.0218255448997384,0.167763180247009,0.0670565910724611,3441,0.1,0.001,6,6,0,0.5,0.5,3,1
"2725","syn","rare",1300,0.000339220562114722,0.0284176661389631,-0.758141572523613,95710,0.1,0.001,6,6,0,0.5,0.5,3,1
"2726","nonsyn","rare",1300,0.000323257673999643,0.0290982595034761,-0.869476524103943,257558,0.1,0.001,6,6,0,0.5,0.5,3,1
"2727","syn","int",1300,0.000763831193145525,0.044718727232301,-0.327351981870142,45401,0.1,0.001,6,6,0,0.5,0.5,3,1
"2728","nonsyn","int",1300,0.00125604300329461,0.0524155162950624,-0.509219317681848,46136,0.1,0.001,6,6,0,0.5,0.5,3,1
"2729","syn","common",1300,0.00490306403302841,0.092397989773013,0.00740033144488368,24706,0.1,0.001,6,6,0,0.5,0.5,3,1
"2730","nonsyn","common",1300,0.0200581088908196,0.163130979661297,0.0455733970814714,6906,0.1,0.001,6,6,0,0.5,0.5,3,1
"2731","syn","rare",1400,0.00036008552499921,0.0287874356521654,-0.753417485374424,94943,0.1,0.001,6,6,0,0.5,0.5,3,1
"2732","nonsyn","rare",1400,0.000327852588744185,0.0286903964557654,-0.868076013184858,257538,0.1,0.001,6,6,0,0.5,0.5,3,1
"2733","syn","int",1400,0.00086648635466779,0.042435718459371,-0.317166093657821,45107,0.1,0.001,6,6,0,0.5,0.5,3,1
"2734","nonsyn","int",1400,0.00120714084293182,0.050743725913284,-0.505966335567028,46101,0.1,0.001,6,6,0,0.5,0.5,3,1
"2735","syn","common",1400,0.0036703709690455,0.0865608644383271,0.00153540876191735,24746,0.1,0.001,6,6,0,0.5,0.5,3,1
"2736","nonsyn","common",1400,0.0228924687409131,0.161461216629558,0.0658581484492166,6878,0.1,0.001,6,6,0,0.5,0.5,3,1
"2737","syn","rare",1500,0.000331534851491386,0.0277660217553672,-0.752315442690716,95247,0.1,0.001,6,6,0,0.5,0.5,3,1
"2738","nonsyn","rare",1500,0.000300681042941919,0.0278224064625488,-0.869437992607774,256812,0.1,0.001,6,6,0,0.5,0.5,3,1
"2739","syn","int",1500,0.00078523047559866,0.0406370185968535,-0.315688427793452,45059,0.1,0.001,6,6,0,0.5,0.5,3,1
"2740","nonsyn","int",1500,0.00116866665230411,0.0490846415167196,-0.501471837768641,46417,0.1,0.001,6,6,0,0.5,0.5,3,1
"2741","syn","common",1500,0.00433841667001891,0.0853763678911119,0.00530393381965439,24859,0.1,0.001,6,6,0,0.5,0.5,3,1
"2742","nonsyn","common",1500,0.0195504464939248,0.153191101378842,0.0462312032744463,6831,0.1,0.001,6,6,0,0.5,0.5,3,1
"2743","syn","rare",1600,0.000320979309033682,0.0270194183257907,-0.752067480637106,94679,0.1,0.001,6,6,0,0.5,0.5,3,1
"2744","nonsyn","rare",1600,0.000315718305029265,0.0275562010938463,-0.866793918316887,256618,0.1,0.001,6,6,0,0.5,0.5,3,1
"2745","syn","int",1600,0.000720183997148713,0.039345737083527,-0.314457878855869,44892,0.1,0.001,6,6,0,0.5,0.5,3,1
"2746","nonsyn","int",1600,0.00110464329843272,0.0469155172543087,-0.495031512505182,46131,0.1,0.001,6,6,0,0.5,0.5,3,1
"2747","syn","common",1600,0.00282970403802372,0.0807317972889283,-0.00155731152296233,25037,0.1,0.001,6,6,0,0.5,0.5,3,1
"2748","nonsyn","common",1600,0.0212890537760799,0.150715892286435,0.0619557838183022,6806,0.1,0.001,6,6,0,0.5,0.5,3,1
"2749","syn","rare",1700,0.000310840457797457,0.0266911265431742,-0.751064118465721,94627,0.1,0.001,6,6,0,0.5,0.5,3,1
"2750","nonsyn","rare",1700,0.000275944298373746,0.0264398982167721,-0.869602959250064,256725,0.1,0.001,6,6,0,0.5,0.5,3,1
"2751","syn","int",1700,0.000699204338356225,0.0378234146557414,-0.310111404454162,44994,0.1,0.001,6,6,0,0.5,0.5,3,1
"2752","nonsyn","int",1700,0.00102226497595103,0.0454707663614942,-0.494412417379878,45740,0.1,0.001,6,6,0,0.5,0.5,3,1
"2753","syn","common",1700,0.00359307046103139,0.0786357362460579,0.00021952097342354,24879,0.1,0.001,6,6,0,0.5,0.5,3,1
"2754","nonsyn","common",1700,0.0192042722451385,0.146470232986039,0.0466409340454535,6788,0.1,0.001,6,6,0,0.5,0.5,3,1
"2755","syn","rare",1800,0.000264775852078175,0.0250808357919961,-0.755495017954996,94915,0.1,0.001,6,6,0,0.5,0.5,3,1
"2756","nonsyn","rare",1800,0.000292097250144018,0.0263192207657307,-0.867919381034502,255177,0.1,0.001,6,6,0,0.5,0.5,3,1
"2757","syn","int",1800,0.000582776887464388,0.0367257770048776,-0.311691557797954,44928,0.1,0.001,6,6,0,0.5,0.5,3,1
"2758","nonsyn","int",1800,0.00110086707708315,0.044745141595478,-0.487410019618,46132,0.1,0.001,6,6,0,0.5,0.5,3,1
"2759","syn","common",1800,0.00303246648360523,0.076887379464099,-0.0035879573569465,24764,0.1,0.001,6,6,0,0.5,0.5,3,1
"2760","nonsyn","common",1800,0.0192610938654841,0.142620562167734,0.0467552414691391,6765,0.1,0.001,6,6,0,0.5,0.5,3,1
"2761","syn","rare",1900,0.000275365203031715,0.024568397822558,-0.759784864348508,94468,0.1,0.001,6,6,0,0.5,0.5,3,1
"2762","nonsyn","rare",1900,0.000269177233067604,0.0258243328352045,-0.868642439633692,254896,0.1,0.001,6,6,0,0.5,0.5,3,1
"2763","syn","int",1900,0.000665461190081162,0.0358042489364064,-0.308447912471178,44602,0.1,0.001,6,6,0,0.5,0.5,3,1
"2764","nonsyn","int",1900,0.000886857521830441,0.0432877976202706,-0.489018132522316,45235,0.1,0.001,6,6,0,0.5,0.5,3,1
"2765","syn","common",1900,0.00327313372281727,0.0746584699851616,-0.000342521009848205,24648,0.1,0.001,6,6,0,0.5,0.5,3,1
"2766","nonsyn","common",1900,0.0203039988151659,0.141493759477173,0.0550613822341459,6752,0.1,0.001,6,6,0,0.5,0.5,3,1
"2767","syn","rare",2000,0.000250879721880697,0.0239113157767328,-0.754804464121393,94348,0.1,0.001,6,6,0,0.5,0.5,3,1
"2768","nonsyn","rare",2000,0.000249917648399942,0.0250845483170809,-0.870918652200885,254397,0.1,0.001,6,6,0,0.5,0.5,3,1
"2769","syn","int",2000,0.000540519799219186,0.0338066070955571,-0.30505372652019,44825,0.1,0.001,6,6,0,0.5,0.5,3,1
"2770","nonsyn","int",2000,0.000908952455761384,0.042193946970156,-0.484459442524364,45831,0.1,0.001,6,6,0,0.5,0.5,3,1
"2771","syn","common",2000,0.00301810050414702,0.072352982228573,-0.00031504418394686,24596,0.1,0.001,6,6,0,0.5,0.5,3,1
"2772","nonsyn","common",2000,0.0182358736337775,0.137961522512542,0.04351681459868,6679,0.1,0.001,6,6,0,0.5,0.5,3,1
"2773","syn","rare",2500,0.000234959654399673,0.0229260321499069,-0.757016502199534,469444,0.1,0.001,6,6,0,0.5,0.5,3,1
"2774","nonsyn","rare",2500,0.00023611833808699,0.0238950630250831,-0.869499866380404,1269549,0.1,0.001,6,6,0,0.5,0.5,3,1
"2775","syn","int",2500,0.000653890519803208,0.0325982729282003,-0.29451957482158,221757,0.1,0.001,6,6,0,0.5,0.5,3,1
"2776","nonsyn","int",2500,0.000895079076796628,0.0394492476715256,-0.472572518838602,226299,0.1,0.001,6,6,0,0.5,0.5,3,1
"2777","syn","common",2500,0.00301573203727004,0.0682335840076665,-1.53952738629099e-05,121599,0.1,0.001,6,6,0,0.5,0.5,3,1
"2778","nonsyn","common",2500,0.0188365623492523,0.130848615762512,0.0521241043817527,33168,0.1,0.001,6,6,0,0.5,0.5,3,1
"2779","syn","rare",3000,0.000207684710833601,0.021534096387906,-0.756490603111283,464767,0.1,0.001,6,6,0,0.5,0.5,3,1
"2780","nonsyn","rare",3000,0.000213293514258734,0.022409029523223,-0.869033451172302,1257019,0.1,0.001,6,6,0,0.5,0.5,3,1
"2781","syn","int",3000,0.000497827304391377,0.0293149912468584,-0.288251506789875,219635,0.1,0.001,6,6,0,0.5,0.5,3,1
"2782","nonsyn","int",3000,0.000799994653264182,0.0358415453497155,-0.459584002450321,224436,0.1,0.001,6,6,0,0.5,0.5,3,1
"2783","syn","common",3000,0.00316437984912458,0.061889682916022,0.00237094553975197,121027,0.1,0.001,6,6,0,0.5,0.5,3,1
"2784","nonsyn","common",3000,0.0175958954008351,0.117725178975245,0.0502105423856817,33767,0.1,0.001,6,6,0,0.5,0.5,3,1
"2785","syn","rare",3500,0.000194851729373978,0.0203220653184281,-0.754575250529468,462971,0.1,0.001,6,6,0,0.5,0.5,3,1
"2786","nonsyn","rare",3500,0.000194761556664144,0.0211070108747048,-0.868395065537544,1246229,0.1,0.001,6,6,0,0.5,0.5,3,1
"2787","syn","int",3500,0.000471185136676085,0.0268414713906502,-0.279205830124383,218363,0.1,0.001,6,6,0,0.5,0.5,3,1
"2788","nonsyn","int",3500,0.000708950149363523,0.0327294701905516,-0.448998470740253,222946,0.1,0.001,6,6,0,0.5,0.5,3,1
"2789","syn","common",3500,0.0028450913924892,0.0567084220430341,0.000891774262654195,120360,0.1,0.001,6,6,0,0.5,0.5,3,1
"2790","nonsyn","common",3500,0.016539655068806,0.108520808326408,0.0451996207398614,33282,0.1,0.001,6,6,0,0.5,0.5,3,1
"2791","syn","rare",4000,0.000182456296805431,0.0196122312318289,-0.752441198333158,459749,0.1,0.001,6,6,0,0.5,0.5,3,1
"2792","nonsyn","rare",4000,0.000176314577769592,0.0200495542909805,-0.868164537237941,1237926,0.1,0.001,6,6,0,0.5,0.5,3,1
"2793","syn","int",4000,0.000417981017080925,0.0249232214307694,-0.273901271204475,216089,0.1,0.001,6,6,0,0.5,0.5,3,1
"2794","nonsyn","int",4000,0.000704170161827852,0.0308096416682485,-0.437245641050874,220543,0.1,0.001,6,6,0,0.5,0.5,3,1
"2795","syn","common",4000,0.00268092975258195,0.0528979295737272,0.00196892679958887,120161,0.1,0.001,6,6,0,0.5,0.5,3,1
"2796","nonsyn","common",4000,0.0160673567311465,0.102700824712826,0.0454043713120898,33137,0.1,0.001,6,6,0,0.5,0.5,3,1
"2797","syn","rare",4500,0.000159127621303852,0.0182953284145501,-0.754205570713479,455880,0.1,0.001,6,6,0,0.5,0.5,3,1
"2798","nonsyn","rare",4500,0.000163551493079305,0.0192562603801488,-0.868184299360206,1229573,0.1,0.001,6,6,0,0.5,0.5,3,1
"2799","syn","int",4500,0.000415496434448711,0.0238478444460393,-0.267596488451277,215114,0.1,0.001,6,6,0,0.5,0.5,3,1
"2800","nonsyn","int",4500,0.000618172022796987,0.028953123918315,-0.431829537975984,218099,0.1,0.001,6,6,0,0.5,0.5,3,1
"2801","syn","common",4500,0.00242259559578083,0.0496313580181609,0.000640155351170087,118886,0.1,0.001,6,6,0,0.5,0.5,3,1
"2802","nonsyn","common",4500,0.0154333991674516,0.0955230305252989,0.0443493081976191,32911,0.1,0.001,6,6,0,0.5,0.5,3,1
"2803","syn","rare",5000,0.000143223546704746,0.0176818607319802,-0.752323548733102,453091,0.1,0.001,6,6,0,0.5,0.5,3,1
"2804","nonsyn","rare",5000,0.000153978110612278,0.0186288821566569,-0.867714708291806,1221962,0.1,0.001,6,6,0,0.5,0.5,3,1
"2805","syn","int",5000,0.000408003597964901,0.0224711064638602,-0.26140818232869,213454,0.1,0.001,6,6,0,0.5,0.5,3,1
"2806","nonsyn","int",5000,0.000611648916771689,0.0274312632765737,-0.422989326470494,216621,0.1,0.001,6,6,0,0.5,0.5,3,1
"2807","syn","common",5000,0.00245699286947898,0.0467655044640791,0.000690432880321636,116962,0.1,0.001,6,6,0,0.5,0.5,3,1
"2808","nonsyn","common",5000,0.0152895984843855,0.090562084981087,0.047288083942399,32726,0.1,0.001,6,6,0,0.5,0.5,3,1
"2809","syn","rare",7500,0.000131155532153971,0.0164027738746264,-0.751265188502696,2223971,0.1,0.001,6,6,0,0.5,0.5,3,1
"2810","nonsyn","rare",7500,0.000133017915646432,0.0171847788064568,-0.86677204201265,5968805,0.1,0.001,6,6,0,0.5,0.5,3,1
"2811","syn","int",7500,0.000304718819585766,0.0201406788768544,-0.255590687656725,1043227,0.1,0.001,6,6,0,0.5,0.5,3,1
"2812","nonsyn","int",7500,0.000502821155063111,0.0241225780483488,-0.408921234642101,1055596,0.1,0.001,6,6,0,0.5,0.5,3,1
"2813","syn","common",7500,0.00211912062707759,0.0406322521755626,6.36609105501813e-05,576388,0.1,0.001,6,6,0,0.5,0.5,3,1
"2814","nonsyn","common",7500,0.0130725567791842,0.0740629716839912,0.0400376445615065,161723,0.1,0.001,6,6,0,0.5,0.5,3,1
"2815","syn","rare",10000,0.000110690705271502,0.0149801261753193,-0.74908694710432,2158417,0.1,0.001,6,6,0,0.5,0.5,3,1
"2816","nonsyn","rare",10000,0.000109308361545281,0.0155578129142728,-0.865825097774632,5754654,0.1,0.001,6,6,0,0.5,0.5,3,1
"2817","syn","int",10000,0.000213722114497731,0.0175037781766261,-0.245137966886979,1007199,0.1,0.001,6,6,0,0.5,0.5,3,1
"2818","nonsyn","int",10000,0.000359279842503711,0.0204740968320109,-0.393142579095065,1015389,0.1,0.001,6,6,0,0.5,0.5,3,1
"2819","syn","common",10000,0.00169483641802206,0.0326543762862998,-0.000560764036378876,561645,0.1,0.001,6,6,0,0.5,0.5,3,1
"2820","nonsyn","common",10000,0.010612657227695,0.0562539206226717,0.0325943440415933,156938,0.1,0.001,6,6,0,0.5,0.5,3,1
"2821","syn","int",10,0.00491925748502994,0.325949181134759,-0.324823483776634,4175,0.1,0.001,6,6,0,0.5,0.5,4,1
"2822","nonsyn","int",10,0.00487499332086562,0.169558795860449,-0.57576881082969,3743,0.1,0.001,6,6,0,0.5,0.5,4,1
"2823","syn","rare",10,0.00162045334040297,0.12024709500049,-0.666064508289242,7544,0.1,0.001,6,6,0,0.5,0.5,4,1
"2824","nonsyn","rare",10,0.000977728250845374,0.0615654623646744,-0.842469043168115,19518,0.1,0.001,6,6,0,0.5,0.5,4,1
"2825","syn","common",10,0.0159860678925035,0.664201722055551,0.0223279982953044,2828,0.1,0.001,6,6,0,0.5,0.5,4,1
"2826","nonsyn","common",10,0.00929407051282051,0.503738743152699,-0.113669410347044,624,0.1,0.001,6,6,0,0.5,0.5,4,1
"2827","syn","int",15,0.00618828013339686,0.306534434260036,-0.288846974692533,2099,0.1,0.001,6,6,0,0.5,0.5,4,1
"2828","nonsyn","int",15,0.00529003831417625,0.160365147633117,-0.554466172558245,1827,0.1,0.001,6,6,0,0.5,0.5,4,1
"2829","syn","rare",15,0.00139108382274426,0.121108284230043,-0.681897625429618,3746,0.1,0.001,6,6,0,0.5,0.5,4,1
"2830","nonsyn","rare",15,0.000892868153324427,0.0601251578787735,-0.849927955501305,9731,0.1,0.001,6,6,0,0.5,0.5,4,1
"2831","syn","common",15,0.00796538170823885,0.620824155564128,-0.00852940703221797,1323,0.1,0.001,6,6,0,0.5,0.5,4,1
"2832","nonsyn","common",15,0.0182898360655738,0.503879463559801,-0.066228728476022,305,0.1,0.001,6,6,0,0.5,0.5,4,1
"2833","syn","int",20,0.0051555023923445,0.294911740460454,-0.34379767256707,2090,0.1,0.001,6,6,0,0.5,0.5,4,1
"2834","nonsyn","int",20,0.00411111111111111,0.166532371454132,-0.568386442092889,1872,0.1,0.001,6,6,0,0.5,0.5,4,1
"2835","syn","rare",20,0.00121786897782309,0.111257645482156,-0.689664706760043,3923,0.1,0.001,6,6,0,0.5,0.5,4,1
"2836","nonsyn","rare",20,0.00100510504414899,0.0606117678326082,-0.838268878608608,9853,0.1,0.001,6,6,0,0.5,0.5,4,1
"2837","syn","common",20,0.0189620689655172,0.625709184526171,0.0545609416971743,1363,0.1,0.001,6,6,0,0.5,0.5,4,1
"2838","nonsyn","common",20,0.0136972809667674,0.48948112415404,-0.0858818222623462,331,0.1,0.001,6,6,0,0.5,0.5,4,1
"2839","syn","int",25,0.00615876288659794,0.278931544195029,-0.323151093790659,2037,0.1,0.001,6,6,0,0.5,0.5,4,1
"2840","nonsyn","int",25,0.00459516853932584,0.159187797458069,-0.579038900094569,1780,0.1,0.001,6,6,0,0.5,0.5,4,1
"2841","syn","rare",25,0.00178833555259654,0.113824237579805,-0.658667888893596,3755,0.1,0.001,6,6,0,0.5,0.5,4,1
"2842","nonsyn","rare",25,0.00107363827549947,0.0621487947571331,-0.838859045261005,9510,0.1,0.001,6,6,0,0.5,0.5,4,1
"2843","syn","common",25,0.00940761834319527,0.59866928607191,-0.00525303936675636,1352,0.1,0.001,6,6,0,0.5,0.5,4,1
"2844","nonsyn","common",25,0.0151562300319489,0.511688141757739,-0.0512079329034853,313,0.1,0.001,6,6,0,0.5,0.5,4,1
"2845","syn","int",50,0.00622189679218968,0.265438525432295,-0.322924469407279,10038,0.1,0.001,6,6,0,0.5,0.5,4,1
"2846","nonsyn","int",50,0.00429956658359519,0.149826019799321,-0.585563332970307,9229,0.1,0.001,6,6,0,0.5,0.5,4,1
"2847","syn","rare",50,0.00135162738496072,0.104295143747849,-0.686459347986007,18711,0.1,0.001,6,6,0,0.5,0.5,4,1
"2848","nonsyn","rare",50,0.000990769608444826,0.0599203830175099,-0.842578345765866,48882,0.1,0.001,6,6,0,0.5,0.5,4,1
"2849","syn","common",50,0.00928184663536776,0.545884253402344,-0.0052469422894915,6390,0.1,0.001,6,6,0,0.5,0.5,4,1
"2850","nonsyn","common",50,0.0167220626631854,0.482914704222345,-0.0403890659916223,1532,0.1,0.001,6,6,0,0.5,0.5,4,1
"2851","syn","int",75,0.00593995815899582,0.226002821526352,-0.33907890631895,9560,0.1,0.001,6,6,0,0.5,0.5,4,1
"2852","nonsyn","int",75,0.00345823427706938,0.13493409792752,-0.598979282401468,9254,0.1,0.001,6,6,0,0.5,0.5,4,1
"2853","syn","rare",75,0.00134124879717738,0.0940323520925547,-0.692919835445545,18706,0.1,0.001,6,6,0,0.5,0.5,4,1
"2854","nonsyn","rare",75,0.00093087484561548,0.0580182116445522,-0.844575773737215,48580,0.1,0.001,6,6,0,0.5,0.5,4,1
"2855","syn","common",75,0.0120732887874837,0.493223879722679,0.0113274726611272,6136,0.1,0.001,6,6,0,0.5,0.5,4,1
"2856","nonsyn","common",75,0.0177875084402431,0.433568987604917,-0.0216266432347714,1481,0.1,0.001,6,6,0,0.5,0.5,4,1
"2857","syn","int",100,0.0047528,0.198521795122837,-0.358139988616628,9250,0.1,0.001,6,6,0,0.5,0.5,4,1
"2858","nonsyn","int",100,0.00404330892143808,0.13485641153173,-0.582269769200635,9012,0.1,0.001,6,6,0,0.5,0.5,4,1
"2859","syn","rare",100,0.00118309383844982,0.0853086168308484,-0.708722862226651,18372,0.1,0.001,6,6,0,0.5,0.5,4,1
"2860","nonsyn","rare",100,0.000924781982723159,0.0563650058006583,-0.842801477805846,48620,0.1,0.001,6,6,0,0.5,0.5,4,1
"2861","syn","common",100,0.0106899033482913,0.428718943415207,0.0112830153092531,5794,0.1,0.001,6,6,0,0.5,0.5,4,1
"2862","nonsyn","common",100,0.0273903270702853,0.41644424309195,0.0299752204712425,1437,0.1,0.001,6,6,0,0.5,0.5,4,1
"2863","syn","int",125,0.00423484039655736,0.180968144241621,-0.368358021238121,9179,0.1,0.001,6,6,0,0.5,0.5,4,1
"2864","nonsyn","int",125,0.00365944181859104,0.126967804685624,-0.585660585934727,8886,0.1,0.001,6,6,0,0.5,0.5,4,1
"2865","syn","rare",125,0.00109623839765511,0.0771239117241361,-0.710492796856289,18423,0.1,0.001,6,6,0,0.5,0.5,4,1
"2866","nonsyn","rare",125,0.000864546935913038,0.0543773821901449,-0.845701399175194,48481,0.1,0.001,6,6,0,0.5,0.5,4,1
"2867","syn","common",125,0.00808509383378016,0.388991985216853,-0.00684596104055722,5595,0.1,0.001,6,6,0,0.5,0.5,4,1
"2868","nonsyn","common",125,0.0247956583629893,0.383476537717525,0.0127044315930786,1405,0.1,0.001,6,6,0,0.5,0.5,4,1
"2869","syn","int",150,0.00459119566419644,0.15821437439279,-0.349690372799751,9041,0.1,0.001,6,6,0,0.5,0.5,4,1
"2870","nonsyn","int",150,0.00351174914581726,0.121367492748577,-0.587544648057437,9073,0.1,0.001,6,6,0,0.5,0.5,4,1
"2871","syn","rare",150,0.00102237819983485,0.0706141677623128,-0.709346409587978,18165,0.1,0.001,6,6,0,0.5,0.5,4,1
"2872","nonsyn","rare",150,0.000824691814595661,0.052478793661649,-0.849746557192054,48672,0.1,0.001,6,6,0,0.5,0.5,4,1
"2873","syn","common",150,0.00639641966512291,0.350471373571844,-0.00940003662303527,5614,0.1,0.001,6,6,0,0.5,0.5,4,1
"2874","nonsyn","common",150,0.0258157819225251,0.374179189799843,0.0218409068526686,1394,0.1,0.001,6,6,0,0.5,0.5,4,1
"2875","syn","int",175,0.00331150208928964,0.151049209040265,-0.36121987910529,9094,0.1,0.001,6,6,0,0.5,0.5,4,1
"2876","nonsyn","int",175,0.0034547420417124,0.116841633698597,-0.585422625107785,9110,0.1,0.001,6,6,0,0.5,0.5,4,1
"2877","syn","rare",175,0.00103521373127801,0.0700041266670105,-0.715340884931189,18294,0.1,0.001,6,6,0,0.5,0.5,4,1
"2878","nonsyn","rare",175,0.000742654786383368,0.0503249042669003,-0.853360469915113,48147,0.1,0.001,6,6,0,0.5,0.5,4,1
"2879","syn","common",175,0.0104564802693099,0.325592460743305,0.0160742279947498,5347,0.1,0.001,6,6,0,0.5,0.5,4,1
"2880","nonsyn","common",175,0.0224063907044299,0.344429188646543,-0.00631518717262312,1377,0.1,0.001,6,6,0,0.5,0.5,4,1
"2881","syn","int",200,0.00302104972375691,0.134627297926643,-0.368868415635856,9050,0.1,0.001,6,6,0,0.5,0.5,4,1
"2882","nonsyn","int",200,0.00306884001339734,0.116786123442709,-0.574646751397288,8957,0.1,0.001,6,6,0,0.5,0.5,4,1
"2883","syn","rare",200,0.000952149233990962,0.0637311368154624,-0.725644518377979,18146,0.1,0.001,6,6,0,0.5,0.5,4,1
"2884","nonsyn","rare",200,0.000783132629665586,0.0497364648080965,-0.850941534653546,48413,0.1,0.001,6,6,0,0.5,0.5,4,1
"2885","syn","common",200,0.0107724191063174,0.297053651928998,0.0219737145281149,5192,0.1,0.001,6,6,0,0.5,0.5,4,1
"2886","nonsyn","common",200,0.0212979281767956,0.328789700454338,-0.00114036345367717,1448,0.1,0.001,6,6,0,0.5,0.5,4,1
"2887","syn","int",250,0.00319099299265083,0.125400405566947,-0.365347912482794,17553,0.1,0.001,6,6,0,0.5,0.5,4,1
"2888","nonsyn","int",250,0.00285339039573144,0.105571761121391,-0.583800664999657,17992,0.1,0.001,6,6,0,0.5,0.5,4,1
"2889","syn","rare",250,0.000874957291287423,0.0621333993202692,-0.722681382405985,35707,0.1,0.001,6,6,0,0.5,0.5,4,1
"2890","nonsyn","rare",250,0.00069298732661823,0.0470994816927882,-0.856199636919886,96896,0.1,0.001,6,6,0,0.5,0.5,4,1
"2891","syn","common",250,0.00908216645915142,0.267829739374618,0.012410215786181,10441,0.1,0.001,6,6,0,0.5,0.5,4,1
"2892","nonsyn","common",250,0.0254549924924925,0.320698331090952,0.0294639204530223,2664,0.1,0.001,6,6,0,0.5,0.5,4,1
"2893","syn","int",300,0.00252768413761256,0.111441200224631,-0.372463868573142,17324,0.1,0.001,6,6,0,0.5,0.5,4,1
"2894","nonsyn","int",300,0.00208924960682993,0.0951341541143487,-0.587284939232469,17804,0.1,0.001,6,6,0,0.5,0.5,4,1
"2895","syn","rare",300,0.000794935716086384,0.0549747502621706,-0.734934262005,35701,0.1,0.001,6,6,0,0.5,0.5,4,1
"2896","nonsyn","rare",300,0.000674135776759683,0.0459722882086637,-0.855795797920784,96040,0.1,0.001,6,6,0,0.5,0.5,4,1
"2897","syn","common",300,0.00725087771793337,0.237403632809232,0.0010498917679491,10026,0.1,0.001,6,6,0,0.5,0.5,4,1
"2898","nonsyn","common",300,0.0237490093457944,0.29633872221629,0.0327185015625727,2675,0.1,0.001,6,6,0,0.5,0.5,4,1
"2899","syn","int",350,0.00232584230835685,0.0982306733980898,-0.366704589712618,17363,0.1,0.001,6,6,0,0.5,0.5,4,1
"2900","nonsyn","int",350,0.00238224785798286,0.0919400875967899,-0.577176904344293,17857,0.1,0.001,6,6,0,0.5,0.5,4,1
"2901","syn","rare",350,0.000767991033903054,0.0524943563262836,-0.733116685327988,35690,0.1,0.001,6,6,0,0.5,0.5,4,1
"2902","nonsyn","rare",350,0.000654643205231662,0.0447431287044356,-0.85518121065452,95419,0.1,0.001,6,6,0,0.5,0.5,4,1
"2903","syn","common",350,0.00743856268192312,0.212264175254902,0.00190025808341786,9963,0.1,0.001,6,6,0,0.5,0.5,4,1
"2904","nonsyn","common",350,0.0258593305117353,0.283808826091189,0.0416601596881602,2599,0.1,0.001,6,6,0,0.5,0.5,4,1
"2905","syn","int",400,0.00166078578434201,0.0883344196557057,-0.380335671651765,17333,0.1,0.001,6,6,0,0.5,0.5,4,1
"2906","nonsyn","int",400,0.00197433519553073,0.0867784926798534,-0.577626316843643,17900,0.1,0.001,6,6,0,0.5,0.5,4,1
"2907","syn","rare",400,0.000666969279631243,0.048265268822286,-0.737933774531486,35579,0.1,0.001,6,6,0,0.5,0.5,4,1
"2908","nonsyn","rare",400,0.000629444346298933,0.0429387447262878,-0.857300638868012,96229,0.1,0.001,6,6,0,0.5,0.5,4,1
"2909","syn","common",400,0.00913610999194198,0.193389565012821,0.0219208490525699,9928,0.1,0.001,6,6,0,0.5,0.5,4,1
"2910","nonsyn","common",400,0.0257091304347826,0.264372901248815,0.0356341685918514,2530,0.1,0.001,6,6,0,0.5,0.5,4,1
"2911","syn","int",450,0.0019691792491628,0.082414298919514,-0.359883948351747,17021,0.1,0.001,6,6,0,0.5,0.5,4,1
"2912","nonsyn","int",450,0.00188131591013297,0.081211069831362,-0.567233608111752,17448,0.1,0.001,6,6,0,0.5,0.5,4,1
"2913","syn","rare",450,0.000607897254107585,0.0459724403212353,-0.741901248044595,35544,0.1,0.001,6,6,0,0.5,0.5,4,1
"2914","nonsyn","rare",450,0.000621633501075359,0.0427358064972222,-0.855660958329196,95782,0.1,0.001,6,6,0,0.5,0.5,4,1
"2915","syn","common",450,0.00656225012556504,0.178517449904634,0.00278359976148119,9955,0.1,0.001,6,6,0,0.5,0.5,4,1
"2916","nonsyn","common",450,0.0276468144044321,0.259910020729658,0.0709473459547808,2527,0.1,0.001,6,6,0,0.5,0.5,4,1
"2917","syn","int",500,0.00216617091595845,0.0797756322801958,-0.355977048395727,16944,0.1,0.001,6,6,0,0.5,0.5,4,1
"2918","nonsyn","int",500,0.00214352778736624,0.0815901677561782,-0.565502977628561,17382,0.1,0.001,6,6,0,0.5,0.5,4,1
"2919","syn","rare",500,0.0005951137941785,0.044812703721938,-0.740380250693821,35283,0.1,0.001,6,6,0,0.5,0.5,4,1
"2920","nonsyn","rare",500,0.000519163037105285,0.0390215608302706,-0.864695322649513,95512,0.1,0.001,6,6,0,0.5,0.5,4,1
"2921","syn","common",500,0.00616932254383235,0.16509458819203,0.00669235256568591,9639,0.1,0.001,6,6,0,0.5,0.5,4,1
"2922","nonsyn","common",500,0.022140958690569,0.238827138042903,0.0378457504757366,2566,0.1,0.001,6,6,0,0.5,0.5,4,1
"2923","syn","int",550,0.0011944009489917,0.0725272284760182,-0.368342168002927,16860,0.1,0.001,6,6,0,0.5,0.5,4,1
"2924","nonsyn","int",550,0.00158106884057971,0.0749298585642106,-0.564012764516397,17664,0.1,0.001,6,6,0,0.5,0.5,4,1
"2925","syn","rare",550,0.000528200050917937,0.0416385957220996,-0.744179279003183,35351,0.1,0.001,6,6,0,0.5,0.5,4,1
"2926","nonsyn","rare",550,0.00055550102035477,0.0397130355330857,-0.859719979949433,95555,0.1,0.001,6,6,0,0.5,0.5,4,1
"2927","syn","common",550,0.00742537344184609,0.154219759022867,0.00928274612445696,9707,0.1,0.001,6,6,0,0.5,0.5,4,1
"2928","nonsyn","common",550,0.0230164626924595,0.22957090472524,0.0333603429052691,2533,0.1,0.001,6,6,0,0.5,0.5,4,1
"2929","syn","int",600,0.00173226621240601,0.069547810691804,-0.348548616531109,17024,0.1,0.001,6,6,0,0.5,0.5,4,1
"2930","nonsyn","int",600,0.00147333677448956,0.0721672097945119,-0.569939021419362,17436,0.1,0.001,6,6,0,0.5,0.5,4,1
"2931","syn","rare",600,0.0005908546574027,0.0423403576044332,-0.736866048815071,35406,0.1,0.001,6,6,0,0.5,0.5,4,1
"2932","nonsyn","rare",600,0.000501151581197477,0.0379255535010644,-0.863018804316401,95434,0.1,0.001,6,6,0,0.5,0.5,4,1
"2933","syn","common",600,0.0049644030553521,0.149360279570184,-0.00324441189156879,9557,0.1,0.001,6,6,0,0.5,0.5,4,1
"2934","nonsyn","common",600,0.0237906595657517,0.223023290520571,0.052435050312509,2441,0.1,0.001,6,6,0,0.5,0.5,4,1
"2935","syn","int",650,0.00165364037178265,0.0679593643904952,-0.350197996494019,16784,0.1,0.001,6,6,0,0.5,0.5,4,1
"2936","nonsyn","int",650,0.00185127130641599,0.0722935363554307,-0.555741416269758,17659,0.1,0.001,6,6,0,0.5,0.5,4,1
"2937","syn","rare",650,0.000541260720892427,0.0402900117531082,-0.738400795791209,35678,0.1,0.001,6,6,0,0.5,0.5,4,1
"2938","nonsyn","rare",650,0.00046834197217384,0.0369467520977512,-0.865484369320765,95306,0.1,0.001,6,6,0,0.5,0.5,4,1
"2939","syn","common",650,0.00699572882778885,0.141233479895682,0.0112966854191716,9529,0.1,0.001,6,6,0,0.5,0.5,4,1
"2940","nonsyn","common",650,0.0195820138043037,0.215429050297893,0.0215537283968536,2463,0.1,0.001,6,6,0,0.5,0.5,4,1
"2941","syn","int",700,0.00132738872581322,0.0639269756848632,-0.35399708013614,16693,0.1,0.001,6,6,0,0.5,0.5,4,1
"2942","nonsyn","int",700,0.00158280357657918,0.0673489403086578,-0.554885008988509,17335,0.1,0.001,6,6,0,0.5,0.5,4,1
"2943","syn","rare",700,0.000462674526838349,0.036525684272763,-0.745898070451628,35453,0.1,0.001,6,6,0,0.5,0.5,4,1
"2944","nonsyn","rare",700,0.000470628339005911,0.0361517090047967,-0.863041337476015,94901,0.1,0.001,6,6,0,0.5,0.5,4,1
"2945","syn","common",700,0.00531428265295189,0.131287733458305,0.00367505906238539,9333,0.1,0.001,6,6,0,0.5,0.5,4,1
"2946","nonsyn","common",700,0.0230403572878603,0.208557810191573,0.0527211094023424,2463,0.1,0.001,6,6,0,0.5,0.5,4,1
"2947","syn","int",750,0.00127214663418692,0.0621527763757055,-0.346157880165445,16831,0.1,0.001,6,6,0,0.5,0.5,4,1
"2948","nonsyn","int",750,0.00146280579710145,0.0664688469967472,-0.55513671736419,17250,0.1,0.001,6,6,0,0.5,0.5,4,1
"2949","syn","rare",750,0.000497237774223035,0.0374678443851267,-0.746324583291077,35008,0.1,0.001,6,6,0,0.5,0.5,4,1
"2950","nonsyn","rare",750,0.000463730427713197,0.0356338551404336,-0.865036087439713,94713,0.1,0.001,6,6,0,0.5,0.5,4,1
"2951","syn","common",750,0.00595548366567671,0.124831162608266,0.0126883681324172,9428,0.1,0.001,6,6,0,0.5,0.5,4,1
"2952","nonsyn","common",750,0.0254837133550489,0.20486453159486,0.064112251403213,2456,0.1,0.001,6,6,0,0.5,0.5,4,1
"2953","syn","int",800,0.000991509545831851,0.0588437735690936,-0.351813471011409,16866,0.1,0.001,6,6,0,0.5,0.5,4,1
"2954","nonsyn","int",800,0.00121773151061031,0.0633435161485775,-0.553461138849516,17483,0.1,0.001,6,6,0,0.5,0.5,4,1
"2955","syn","rare",800,0.000498406125921724,0.0367370864170672,-0.739106193057251,35260,0.1,0.001,6,6,0,0.5,0.5,4,1
"2956","nonsyn","rare",800,0.000424001693838662,0.0342847687810542,-0.867217723094181,94460,0.1,0.001,6,6,0,0.5,0.5,4,1
"2957","syn","common",800,0.00425985827428095,0.117971052862793,-0.00267285712434942,9596,0.1,0.001,6,6,0,0.5,0.5,4,1
"2958","nonsyn","common",800,0.0226633627608347,0.199414544692991,0.0450904282328144,2492,0.1,0.001,6,6,0,0.5,0.5,4,1
"2959","syn","int",850,0.001594089306698,0.0555865148301384,-0.336304938160187,17020,0.1,0.001,6,6,0,0.5,0.5,4,1
"2960","nonsyn","int",850,0.00132525346156074,0.0630082468210812,-0.537832951841787,17261,0.1,0.001,6,6,0,0.5,0.5,4,1
"2961","syn","rare",850,0.000499752292010706,0.0362013165311739,-0.737210779405387,35122,0.1,0.001,6,6,0,0.5,0.5,4,1
"2962","nonsyn","rare",850,0.000432110188092713,0.0340993156801511,-0.863333612173298,95219,0.1,0.001,6,6,0,0.5,0.5,4,1
"2963","syn","common",850,0.00519991492076997,0.115990683418343,0.00571844647591147,9403,0.1,0.001,6,6,0,0.5,0.5,4,1
"2964","nonsyn","common",850,0.0225974830203756,0.194788898091125,0.0522586430298801,2503,0.1,0.001,6,6,0,0.5,0.5,4,1
"2965","syn","int",900,0.00115361387339316,0.0559159718331138,-0.341940911376081,16492,0.1,0.001,6,6,0,0.5,0.5,4,1
"2966","nonsyn","int",900,0.00159679958330922,0.0622675892001687,-0.53408535429227,17279,0.1,0.001,6,6,0,0.5,0.5,4,1
"2967","syn","rare",900,0.000417924582613702,0.0337177803566987,-0.751385249948988,34740,0.1,0.001,6,6,0,0.5,0.5,4,1
"2968","nonsyn","rare",900,0.000423234547350899,0.0338791646604535,-0.863818265862527,94919,0.1,0.001,6,6,0,0.5,0.5,4,1
"2969","syn","common",900,0.00405315180102916,0.108795507503191,-0.000240223749733019,9328,0.1,0.001,6,6,0,0.5,0.5,4,1
"2970","nonsyn","common",900,0.0211168480451431,0.190851074940294,0.0407818322932497,2481,0.1,0.001,6,6,0,0.5,0.5,4,1
"2971","syn","int",950,0.00121769720254532,0.0530582337208954,-0.329549027621406,16658,0.1,0.001,6,6,0,0.5,0.5,4,1
"2972","nonsyn","int",950,0.00165981975655431,0.0616392611478379,-0.530759009314686,17088,0.1,0.001,6,6,0,0.5,0.5,4,1
"2973","syn","rare",950,0.00036228647276085,0.0320644195076533,-0.747861703229439,34656,0.1,0.001,6,6,0,0.5,0.5,4,1
"2974","nonsyn","rare",950,0.000419373451627247,0.0332506966536949,-0.864287874326308,94454,0.1,0.001,6,6,0,0.5,0.5,4,1
"2975","syn","common",950,0.00457558557577078,0.107802363241282,0.00478201696733747,9179,0.1,0.001,6,6,0,0.5,0.5,4,1
"2976","nonsyn","common",950,0.0227122813990461,0.183253321790255,0.0572063670154116,2516,0.1,0.001,6,6,0,0.5,0.5,4,1
"2977","syn","int",1000,0.000926556589612729,0.0495286673187186,-0.337804629675279,16655,0.1,0.001,6,6,0,0.5,0.5,4,1
"2978","nonsyn","int",1000,0.0013961021737877,0.0586862208640982,-0.529949178813125,17343,0.1,0.001,6,6,0,0.5,0.5,4,1
"2979","syn","rare",1000,0.000374606014140898,0.0314771052043916,-0.748781480379327,35217,0.1,0.001,6,6,0,0.5,0.5,4,1
"2980","nonsyn","rare",1000,0.000375473196979166,0.0320427775644052,-0.869311161696971,94411,0.1,0.001,6,6,0,0.5,0.5,4,1
"2981","syn","common",1000,0.00376347460368813,0.101989487963818,-0.00401121440559635,9273,0.1,0.001,6,6,0,0.5,0.5,4,1
"2982","nonsyn","common",1000,0.0215299709422997,0.178293512376463,0.0434248649068469,2409,0.1,0.001,6,6,0,0.5,0.5,4,1
"2983","syn","int",1050,0.00103480450947469,0.0476378172436144,-0.330890026963162,16676,0.1,0.001,6,6,0,0.5,0.5,4,1
"2984","nonsyn","int",1050,0.00105239482577788,0.056130432527544,-0.539220123907159,17162,0.1,0.001,6,6,0,0.5,0.5,4,1
"2985","syn","rare",1050,0.000354979724483046,0.0314773628015018,-0.745512455799083,34771,0.1,0.001,6,6,0,0.5,0.5,4,1
"2986","nonsyn","rare",1050,0.000351060596399498,0.0309917909522628,-0.868479920491865,94098,0.1,0.001,6,6,0,0.5,0.5,4,1
"2987","syn","common",1050,0.00467121014964216,0.101759195914412,0.00264719152812128,9222,0.1,0.001,6,6,0,0.5,0.5,4,1
"2988","nonsyn","common",1050,0.0230623538895607,0.179914023227347,0.0625970671461225,2481,0.1,0.001,6,6,0,0.5,0.5,4,1
"2989","syn","int",1100,0.000756715603008979,0.045713714157426,-0.337987833455441,16484,0.1,0.001,6,6,0,0.5,0.5,4,1
"2990","nonsyn","int",1100,0.00137289779699644,0.0569425942081443,-0.529955738404799,17113,0.1,0.001,6,6,0,0.5,0.5,4,1
"2991","syn","rare",1100,0.000395095765696126,0.0311499635002605,-0.745979731380437,34929,0.1,0.001,6,6,0,0.5,0.5,4,1
"2992","nonsyn","rare",1100,0.000378286816500954,0.0314989083727588,-0.865947088373269,93837,0.1,0.001,6,6,0,0.5,0.5,4,1
"2993","syn","common",1100,0.00206492463417318,0.0979626801132023,-0.0129058763418995,9089,0.1,0.001,6,6,0,0.5,0.5,4,1
"2994","nonsyn","common",1100,0.0204511924342105,0.170704580358456,0.0456413739207571,2432,0.1,0.001,6,6,0,0.5,0.5,4,1
"2995","syn","int",1150,0.00107298635430504,0.0467204993472478,-0.332129635465619,16562,0.1,0.001,6,6,0,0.5,0.5,4,1
"2996","nonsyn","int",1150,0.00144057329293871,0.0572045690764163,-0.519257631830213,17164,0.1,0.001,6,6,0,0.5,0.5,4,1
"2997","syn","rare",1150,0.000397580945292147,0.0318500532787616,-0.742862412027764,34931,0.1,0.001,6,6,0,0.5,0.5,4,1
"2998","nonsyn","rare",1150,0.000345467137540179,0.030448973605515,-0.868237012502695,94576,0.1,0.001,6,6,0,0.5,0.5,4,1
"2999","syn","common",1150,0.00485926619656236,0.0935993711089179,0.00277378426643069,9076,0.1,0.001,6,6,0,0.5,0.5,4,1
"3000","nonsyn","common",1150,0.0214918005768438,0.170636718874363,0.0526765482078097,2427,0.1,0.001,6,6,0,0.5,0.5,4,1
"3001","syn","int",1200,0.000960276369780353,0.0458898820514222,-0.322334757975025,16572,0.1,0.001,6,6,0,0.5,0.5,4,1
"3002","nonsyn","int",1200,0.00116569821387149,0.0542277369666167,-0.526379743459172,17244,0.1,0.001,6,6,0,0.5,0.5,4,1
"3003","syn","rare",1200,0.000394226163321168,0.0304438784617366,-0.738512121135095,35072,0.1,0.001,6,6,0,0.5,0.5,4,1
"3004","nonsyn","rare",1200,0.000328994164602842,0.0299742475924227,-0.868382290208582,94081,0.1,0.001,6,6,0,0.5,0.5,4,1
"3005","syn","common",1200,0.00497883615444186,0.0945310401005514,0.00995095975026033,9039,0.1,0.001,6,6,0,0.5,0.5,4,1
"3006","nonsyn","common",1200,0.0229039215686275,0.167522126186069,0.0592084230067159,2499,0.1,0.001,6,6,0,0.5,0.5,4,1
"3007","syn","int",1300,0.000733668101386896,0.0437251711689981,-0.330026849051783,33456,0.1,0.001,6,6,0,0.5,0.5,4,1
"3008","nonsyn","int",1300,0.00116226211953675,0.0518102429498265,-0.514364897951552,34366,0.1,0.001,6,6,0,0.5,0.5,4,1
"3009","syn","rare",1300,0.000349226391351599,0.0293551661885553,-0.748641410739444,69932,0.1,0.001,6,6,0,0.5,0.5,4,1
"3010","nonsyn","rare",1300,0.000343378685413381,0.0296180461976915,-0.867238948323606,187055,0.1,0.001,6,6,0,0.5,0.5,4,1
"3011","syn","common",1300,0.00395769783377542,0.0889207153260776,0.00165271330082003,18096,0.1,0.001,6,6,0,0.5,0.5,4,1
"3012","nonsyn","common",1300,0.0213576821056927,0.165892405632476,0.054452956622367,4901,0.1,0.001,6,6,0,0.5,0.5,4,1
"3013","syn","int",1400,0.000852555008904048,0.0430959879727276,-0.329196667010155,33131,0.1,0.001,6,6,0,0.5,0.5,4,1
"3014","nonsyn","int",1400,0.00103987746247655,0.0487661430381211,-0.513055975418405,34112,0.1,0.001,6,6,0,0.5,0.5,4,1
"3015","syn","rare",1400,0.000300077946822945,0.0272933478516254,-0.753070279036474,69278,0.1,0.001,6,6,0,0.5,0.5,4,1
"3016","nonsyn","rare",1400,0.000336664070264027,0.0290853812257414,-0.866720102477841,186155,0.1,0.001,6,6,0,0.5,0.5,4,1
"3017","syn","common",1400,0.0038902880293024,0.0869704463683607,-0.000925040893308148,18019,0.1,0.001,6,6,0,0.5,0.5,4,1
"3018","nonsyn","common",1400,0.0202969233862859,0.158830933163564,0.0506845560988454,4973,0.1,0.001,6,6,0,0.5,0.5,4,1
"3019","syn","int",1500,0.00067990985778238,0.0405778210888492,-0.323306024610141,32837,0.1,0.001,6,6,0,0.5,0.5,4,1
"3020","nonsyn","int",1500,0.00128929881777415,0.0494808439622315,-0.503942247815991,34342,0.1,0.001,6,6,0,0.5,0.5,4,1
"3021","syn","rare",1500,0.000328062904343808,0.0282643511962181,-0.747765251739317,69248,0.1,0.001,6,6,0,0.5,0.5,4,1
"3022","nonsyn","rare",1500,0.000303903173933252,0.0278138157808988,-0.869085730979322,187181,0.1,0.001,6,6,0,0.5,0.5,4,1
"3023","syn","common",1500,0.00309578964794173,0.0842944851698036,-0.0038551218447059,18122,0.1,0.001,6,6,0,0.5,0.5,4,1
"3024","nonsyn","common",1500,0.020512615007156,0.153557825367241,0.053642778061586,4891,0.1,0.001,6,6,0,0.5,0.5,4,1
"3025","syn","int",1600,0.000633979569925458,0.0390001431845815,-0.315087976063891,32599,0.1,0.001,6,6,0,0.5,0.5,4,1
"3026","nonsyn","int",1600,0.00104523746429938,0.0467871389399801,-0.50688594507469,33963,0.1,0.001,6,6,0,0.5,0.5,4,1
"3027","syn","rare",1600,0.000329181566793589,0.0274227093329793,-0.74930936296173,69071,0.1,0.001,6,6,0,0.5,0.5,4,1
"3028","nonsyn","rare",1600,0.000299301135386203,0.0274622004722406,-0.867825705584126,186016,0.1,0.001,6,6,0,0.5,0.5,4,1
"3029","syn","common",1600,0.00357256043956044,0.0801168005716599,0.000203972803605574,18200,0.1,0.001,6,6,0,0.5,0.5,4,1
"3030","nonsyn","common",1600,0.0201088241165901,0.154771996191934,0.0451702138364198,5009,0.1,0.001,6,6,0,0.5,0.5,4,1
"3031","syn","int",1700,0.000551690437650796,0.0371255063315705,-0.316112567121339,32743,0.1,0.001,6,6,0,0.5,0.5,4,1
"3032","nonsyn","int",1700,0.000994238755854025,0.0459216557613842,-0.503900082684245,33951,0.1,0.001,6,6,0,0.5,0.5,4,1
"3033","syn","rare",1700,0.00028877990118663,0.0260937190251234,-0.749625506547099,69019,0.1,0.001,6,6,0,0.5,0.5,4,1
"3034","nonsyn","rare",1700,0.000294404489308866,0.0271012804942382,-0.868861427406596,186042,0.1,0.001,6,6,0,0.5,0.5,4,1
"3035","syn","common",1700,0.00445783385909569,0.0791545553377055,0.0074811984846312,18069,0.1,0.001,6,6,0,0.5,0.5,4,1
"3036","nonsyn","common",1700,0.0187096125958152,0.143153243578947,0.0389098600872577,4827,0.1,0.001,6,6,0,0.5,0.5,4,1
"3037","syn","int",1800,0.000758833271991167,0.0361269897444501,-0.307044356674957,32604,0.1,0.001,6,6,0,0.5,0.5,4,1
"3038","nonsyn","int",1800,0.00108812375249501,0.0448895252845496,-0.494738743361918,34068,0.1,0.001,6,6,0,0.5,0.5,4,1
"3039","syn","rare",1800,0.00030493589181927,0.026390836910562,-0.746537618095902,68478,0.1,0.001,6,6,0,0.5,0.5,4,1
"3040","nonsyn","rare",1800,0.000290021566830215,0.0266095209863333,-0.868125103599688,185470,0.1,0.001,6,6,0,0.5,0.5,4,1
"3041","syn","common",1800,0.00336224004424779,0.0762630425321912,0.00100833476173564,18080,0.1,0.001,6,6,0,0.5,0.5,4,1
"3042","nonsyn","common",1800,0.0195325632784251,0.142027758540677,0.0500620792773154,4978,0.1,0.001,6,6,0,0.5,0.5,4,1
"3043","syn","int",1900,0.000746895898860964,0.0352852201972918,-0.303843710530577,32747,0.1,0.001,6,6,0,0.5,0.5,4,1
"3044","nonsyn","int",1900,0.000941615768198047,0.0428894613637836,-0.488068745180868,33891,0.1,0.001,6,6,0,0.5,0.5,4,1
"3045","syn","rare",1900,0.00025400127484499,0.0249742309845956,-0.749278066989265,69028,0.1,0.001,6,6,0,0.5,0.5,4,1
"3046","nonsyn","rare",1900,0.000241456242581202,0.0248777298606706,-0.87085322936469,185340,0.1,0.001,6,6,0,0.5,0.5,4,1
"3047","syn","common",1900,0.00343082592550917,0.0738402784783223,0.00191170095914236,17774,0.1,0.001,6,6,0,0.5,0.5,4,1
"3048","nonsyn","common",1900,0.0202835627696733,0.144937669083531,0.0561841995480337,4867,0.1,0.001,6,6,0,0.5,0.5,4,1
"3049","syn","int",2000,0.000513995955634537,0.0336614697790355,-0.302942153626556,32638,0.1,0.001,6,6,0,0.5,0.5,4,1
"3050","nonsyn","int",2000,0.00103093030832568,0.042248013175221,-0.480762633099372,33763,0.1,0.001,6,6,0,0.5,0.5,4,1
"3051","syn","rare",2000,0.00024376881134133,0.0241976899886762,-0.751036600596032,68775,0.1,0.001,6,6,0,0.5,0.5,4,1
"3052","nonsyn","rare",2000,0.00024449396080465,0.0249264053292166,-0.870527592967247,185124,0.1,0.001,6,6,0,0.5,0.5,4,1
"3053","syn","common",2000,0.00359213371579876,0.070827629759116,0.00206173108031027,18128,0.1,0.001,6,6,0,0.5,0.5,4,1
"3054","nonsyn","common",2000,0.0199609700722394,0.140075371970233,0.0547719114437394,4845,0.1,0.001,6,6,0,0.5,0.5,4,1
"3055","syn","int",2500,0.000594146395509159,0.0320408290325756,-0.295919469535016,162464,0.1,0.001,6,6,0,0.5,0.5,4,1
"3056","nonsyn","int",2500,0.000869125118608645,0.0390728074784321,-0.478094336736507,166514,0.1,0.001,6,6,0,0.5,0.5,4,1
"3057","syn","rare",2500,0.000241573915462438,0.0232991838715669,-0.750779179359562,341505,0.1,0.001,6,6,0,0.5,0.5,4,1
"3058","nonsyn","rare",2500,0.000243368789828939,0.024144587177944,-0.868464497126863,922539,0.1,0.001,6,6,0,0.5,0.5,4,1
"3059","syn","common",2500,0.00323195034156888,0.0666484696554086,0.00104420157836345,89733,0.1,0.001,6,6,0,0.5,0.5,4,1
"3060","nonsyn","common",2500,0.0187777420418935,0.131919235557225,0.047290491851924,24252,0.1,0.001,6,6,0,0.5,0.5,4,1
"3061","syn","int",3000,0.00048261801238367,0.0286867143581055,-0.288307559400281,160534,0.1,0.001,6,6,0,0.5,0.5,4,1
"3062","nonsyn","int",3000,0.00078525695996135,0.0354510398066979,-0.467382496325785,165590,0.1,0.001,6,6,0,0.5,0.5,4,1
"3063","syn","rare",3000,0.000195361245057666,0.0211690589193909,-0.751654270713468,340932,0.1,0.001,6,6,0,0.5,0.5,4,1
"3064","nonsyn","rare",3000,0.000203723845566227,0.022240272491302,-0.869620542272206,912417,0.1,0.001,6,6,0,0.5,0.5,4,1
"3065","syn","common",3000,0.00296148428182452,0.0618199663495201,5.23068677493715e-05,88878,0.1,0.001,6,6,0,0.5,0.5,4,1
"3066","nonsyn","common",3000,0.0179766634842887,0.120060645943026,0.0490282692564382,24091,0.1,0.001,6,6,0,0.5,0.5,4,1
"3067","syn","int",3500,0.000451700006891497,0.0265921185171185,-0.280353165181839,159617,0.1,0.001,6,6,0,0.5,0.5,4,1
"3068","nonsyn","int",3500,0.000711289250858017,0.0328528315849539,-0.453884849435182,164041,0.1,0.001,6,6,0,0.5,0.5,4,1
"3069","syn","rare",3500,0.000175467386110344,0.0201928109277438,-0.749492702227579,336927,0.1,0.001,6,6,0,0.5,0.5,4,1
"3070","nonsyn","rare",3500,0.00018586391476091,0.0210487144963908,-0.869350848501028,906814,0.1,0.001,6,6,0,0.5,0.5,4,1
"3071","syn","common",3500,0.00274605846888864,0.0579963138163836,0.000220702692326145,87910,0.1,0.001,6,6,0,0.5,0.5,4,1
"3072","nonsyn","common",3500,0.0174480153490675,0.111165121831453,0.0509352250316516,24236,0.1,0.001,6,6,0,0.5,0.5,4,1
"3073","syn","int",4000,0.000482449694562839,0.0249881889881287,-0.272381842111773,158134,0.1,0.001,6,6,0,0.5,0.5,4,1
"3074","nonsyn","int",4000,0.000619524449877751,0.0305358084577164,-0.447082594054706,163600,0.1,0.001,6,6,0,0.5,0.5,4,1
"3075","syn","rare",4000,0.000173308015489736,0.0192572507972798,-0.748198584079083,334415,0.1,0.001,6,6,0,0.5,0.5,4,1
"3076","nonsyn","rare",4000,0.000175027683705733,0.0202701462799777,-0.868551776553258,898543,0.1,0.001,6,6,0,0.5,0.5,4,1
"3077","syn","common",4000,0.00328329474866482,0.0539136665004886,0.00466162727624638,87254,0.1,0.001,6,6,0,0.5,0.5,4,1
"3078","nonsyn","common",4000,0.01756239936263,0.106293989580356,0.0519953032179525,23848,0.1,0.001,6,6,0,0.5,0.5,4,1
"3079","syn","int",4500,0.000441238585380403,0.0235402810947769,-0.269022257391378,157583,0.1,0.001,6,6,0,0.5,0.5,4,1
"3080","nonsyn","int",4500,0.000695108294172787,0.0289322917635285,-0.43452473419029,161089,0.1,0.001,6,6,0,0.5,0.5,4,1
"3081","syn","rare",4500,0.000163058710490297,0.0185976286147133,-0.748414878077146,330963,0.1,0.001,6,6,0,0.5,0.5,4,1
"3082","nonsyn","rare",4500,0.000168285647418735,0.0194589129490505,-0.867245622663754,893031,0.1,0.001,6,6,0,0.5,0.5,4,1
"3083","syn","common",4500,0.00258778771560497,0.050196640212946,0.000725671109203682,85979,0.1,0.001,6,6,0,0.5,0.5,4,1
"3084","nonsyn","common",4500,0.0156049247032174,0.0963117832755713,0.0455401334388916,23839,0.1,0.001,6,6,0,0.5,0.5,4,1
"3085","syn","int",5000,0.000450202387596303,0.0227231626535885,-0.261426653734885,155889,0.1,0.001,6,6,0,0.5,0.5,4,1
"3086","nonsyn","int",5000,0.000517702313930706,0.0269737744967817,-0.431679325484202,161284,0.1,0.001,6,6,0,0.5,0.5,4,1
"3087","syn","rare",5000,0.000148135232506879,0.0178132428300383,-0.748932543780598,328915,0.1,0.001,6,6,0,0.5,0.5,4,1
"3088","nonsyn","rare",5000,0.000156197644746215,0.0187049023608912,-0.867547598220758,887208,0.1,0.001,6,6,0,0.5,0.5,4,1
"3089","syn","common",5000,0.00239594194069891,0.0470403467488246,-0.000394042522327246,85361,0.1,0.001,6,6,0,0.5,0.5,4,1
"3090","nonsyn","common",5000,0.0146661682242991,0.0894340213809838,0.041634754587526,23540,0.1,0.001,6,6,0,0.5,0.5,4,1
"3091","syn","int",7500,0.000330311308376055,0.0200899118562803,-0.254073890535385,762877,0.1,0.001,6,6,0,0.5,0.5,4,1
"3092","nonsyn","int",7500,0.000512408843985875,0.0239941874800236,-0.413890518106365,782724,0.1,0.001,6,6,0,0.5,0.5,4,1
"3093","syn","rare",7500,0.000131275517173811,0.0166369819026096,-0.748206965603963,1617783,0.1,0.001,6,6,0,0.5,0.5,4,1
"3094","nonsyn","rare",7500,0.000130659228663925,0.0172035943440848,-0.867126447743093,4335931,0.1,0.001,6,6,0,0.5,0.5,4,1
"3095","syn","common",7500,0.00222666070812112,0.040720431716711,0.000604018922823849,422922,0.1,0.001,6,6,0,0.5,0.5,4,1
"3096","nonsyn","common",7500,0.0135581115249257,0.0771534223351275,0.0401015035130855,117068,0.1,0.001,6,6,0,0.5,0.5,4,1
"3097","syn","int",10000,0.000221000137849387,0.0174378614204252,-0.247286311300771,739938,0.1,0.001,6,6,0,0.5,0.5,4,1
"3098","nonsyn","int",10000,0.000358968348416621,0.0203160300202976,-0.398583378201832,750389,0.1,0.001,6,6,0,0.5,0.5,4,1
"3099","syn","rare",10000,0.000110109211870005,0.0151250649629792,-0.746051002908656,1563841,0.1,0.001,6,6,0,0.5,0.5,4,1
"3100","nonsyn","rare",10000,0.000103833943886494,0.0156227408060105,-0.866674425526281,4182273,0.1,0.001,6,6,0,0.5,0.5,4,1
"3101","syn","common",10000,0.00179142711436777,0.0326648565385001,-0.000510987659790373,409827,0.1,0.001,6,6,0,0.5,0.5,4,1
"3102","nonsyn","common",10000,0.0112380554066759,0.0580090087387994,0.0347073666709487,113813,0.1,0.001,6,6,0,0.5,0.5,4,1
"3103","syn","common",10,0.0098944,0.678589609401981,-0.0137387476182708,3500,0.1,0.001,6,6,0,0.5,0.5,1,2
"3104","nonsyn","common",10,0.0288349799732977,0.577116872051031,0.0275552010897686,749,0.1,0.001,6,6,0,0.5,0.5,1,2
"3105","syn","rare",10,0.00130062452891138,0.114348386302262,-0.686307366130232,9287,0.1,0.001,6,6,0,0.5,0.5,1,2
"3106","nonsyn","rare",10,0.000879951622656722,0.0574216844841519,-0.850225416127923,24805,0.1,0.001,6,6,0,0.5,0.5,1,2
"3107","syn","int",10,0.0067893173929811,0.32974590864199,-0.3176431136663,5186,0.1,0.001,6,6,0,0.5,0.5,1,2
"3108","nonsyn","int",10,0.00333054341036852,0.150051656201812,-0.619886710959558,4803,0.1,0.001,6,6,0,0.5,0.5,1,2
"3109","syn","common",15,0.00798080194410693,0.632104751157264,-0.0117765211329337,1646,0.1,0.001,6,6,0,0.5,0.5,1,2
"3110","nonsyn","common",15,0.0359519582245431,0.578868593599348,0.0194661837947875,383,0.1,0.001,6,6,0,0.5,0.5,1,2
"3111","syn","rare",15,0.00150800875273523,0.112389114443769,-0.683115252956423,4570,0.1,0.001,6,6,0,0.5,0.5,1,2
"3112","nonsyn","rare",15,0.000920184507714331,0.058598875985013,-0.848347692831804,12574,0.1,0.001,6,6,0,0.5,0.5,1,2
"3113","syn","int",15,0.00516831797235023,0.304199303357718,-0.355274854587365,2604,0.1,0.001,6,6,0,0.5,0.5,1,2
"3114","nonsyn","int",15,0.00381995726495727,0.153406622838142,-0.606773290677095,2340,0.1,0.001,6,6,0,0.5,0.5,1,2
"3115","syn","common",20,0.00656264367816092,0.599060752552573,-0.0320383447097127,1566,0.1,0.001,6,6,0,0.5,0.5,1,2
"3116","nonsyn","common",20,0.0147197994987469,0.494833199657626,-0.0605150334189971,399,0.1,0.001,6,6,0,0.5,0.5,1,2
"3117","syn","rare",20,0.00114524174141326,0.10323517103131,-0.707572945981202,4571,0.1,0.001,6,6,0,0.5,0.5,1,2
"3118","nonsyn","rare",20,0.000820035446709095,0.0551483190124412,-0.855822150645057,12413,0.1,0.001,6,6,0,0.5,0.5,1,2
"3119","syn","int",20,0.00473647199046484,0.287974573336156,-0.352719534056211,2517,0.1,0.001,6,6,0,0.5,0.5,1,2
"3120","nonsyn","int",20,0.00396351125938282,0.150969393120413,-0.604855212441467,2398,0.1,0.001,6,6,0,0.5,0.5,1,2
"3121","syn","common",25,0.0017567615658363,0.590573756700322,-0.0567658719567699,1686,0.1,0.001,6,6,0,0.5,0.5,1,2
"3122","nonsyn","common",25,0.0207090625,0.509006919387082,-0.00853582215640296,320,0.1,0.001,6,6,0,0.5,0.5,1,2
"3123","syn","rare",25,0.00156597620096959,0.114439440253587,-0.67324567388621,4538,0.1,0.001,6,6,0,0.5,0.5,1,2
"3124","nonsyn","rare",25,0.000842576014194693,0.0564724838481713,-0.854550831461005,12399,0.1,0.001,6,6,0,0.5,0.5,1,2
"3125","syn","int",25,0.00536420922570016,0.291955841903117,-0.333834058664676,2428,0.1,0.001,6,6,0,0.5,0.5,1,2
"3126","nonsyn","int",25,0.00420841836734694,0.153684806530339,-0.576096139595648,2352,0.1,0.001,6,6,0,0.5,0.5,1,2
"3127","syn","common",50,0.011256101344364,0.548217444836979,0.00356209099330603,7736,0.1,0.001,6,6,0,0.5,0.5,1,2
"3128","nonsyn","common",50,0.00564859987554449,0.447782698982456,-0.094169684119396,1607,0.1,0.001,6,6,0,0.5,0.5,1,2
"3129","syn","rare",50,0.00124837115746207,0.0956520455459012,-0.702135311246741,22869,0.1,0.001,6,6,0,0.5,0.5,1,2
"3130","nonsyn","rare",50,0.000879404610403209,0.0567059484043481,-0.851360529471921,62077,0.1,0.001,6,6,0,0.5,0.5,1,2
"3131","syn","int",50,0.00527625353249899,0.251549634240331,-0.34777695504164,12385,0.1,0.001,6,6,0,0.5,0.5,1,2
"3132","nonsyn","int",50,0.00412359244769519,0.145554467568866,-0.600259614148516,11758,0.1,0.001,6,6,0,0.5,0.5,1,2
"3133","syn","common",75,0.0100504711183941,0.473974447759435,0.00118250231441081,7323,0.1,0.001,6,6,0,0.5,0.5,1,2
"3134","nonsyn","common",75,0.0126212895377129,0.426685700223604,-0.0658438772569955,1644,0.1,0.001,6,6,0,0.5,0.5,1,2
"3135","syn","rare",75,0.0011812255250979,0.0858121052184237,-0.715181924743819,22472,0.1,0.001,6,6,0,0.5,0.5,1,2
"3136","nonsyn","rare",75,0.000815699774266366,0.0538305924445882,-0.855959558207087,62020,0.1,0.001,6,6,0,0.5,0.5,1,2
"3137","syn","int",75,0.00483971935131502,0.217443704593026,-0.360795096110963,11901,0.1,0.001,6,6,0,0.5,0.5,1,2
"3138","nonsyn","int",75,0.00400789296533154,0.141308145268122,-0.590068893389161,11884,0.1,0.001,6,6,0,0.5,0.5,1,2
"3139","syn","common",100,0.00671710674157303,0.416484719411165,-0.0194447606872878,7120,0.1,0.001,6,6,0,0.5,0.5,1,2
"3140","nonsyn","common",100,0.0142696716033484,0.39706371076833,-0.0378705024497081,1553,0.1,0.001,6,6,0,0.5,0.5,1,2
"3141","syn","rare",100,0.00118150158898305,0.0787571930617746,-0.715821712567303,22656,0.1,0.001,6,6,0,0.5,0.5,1,2
"3142","nonsyn","rare",100,0.000778970891958177,0.0523071457317217,-0.855301956306241,61976,0.1,0.001,6,6,0,0.5,0.5,1,2
"3143","syn","int",100,0.00395837423577026,0.189737306259524,-0.379851331356635,11613,0.1,0.001,6,6,0,0.5,0.5,1,2
"3144","nonsyn","int",100,0.00321167945439045,0.124011431067703,-0.606470217341211,11730,0.1,0.001,6,6,0,0.5,0.5,1,2
"3145","syn","common",125,0.00701606697018652,0.375399526105445,-0.00706871315686405,6809,0.1,0.001,6,6,0,0.5,0.5,1,2
"3146","nonsyn","common",125,0.0198740300375469,0.383702389849231,-0.0204568231478349,1598,0.1,0.001,6,6,0,0.5,0.5,1,2
"3147","syn","rare",125,0.00100238105894464,0.0735653717225159,-0.7352152514739,22343,0.1,0.001,6,6,0,0.5,0.5,1,2
"3148","nonsyn","rare",125,0.000751056742290713,0.0504696318742257,-0.858302822086933,61841,0.1,0.001,6,6,0,0.5,0.5,1,2
"3149","syn","int",125,0.00412441302260627,0.173663692460555,-0.368624127276447,11457,0.1,0.001,6,6,0,0.5,0.5,1,2
"3150","nonsyn","int",125,0.0031969470244238,0.121461962017596,-0.605289218047292,11628,0.1,0.001,6,6,0,0.5,0.5,1,2
"3151","syn","common",150,0.00967813807531381,0.334502375414859,0.00586513196865211,6692,0.1,0.001,6,6,0,0.5,0.5,1,2
"3152","nonsyn","common",150,0.0199264441591784,0.344041914425854,-0.000965432987104922,1558,0.1,0.001,6,6,0,0.5,0.5,1,2
"3153","syn","rare",150,0.000934022506028401,0.0677502061418616,-0.738156649822728,22394,0.1,0.001,6,6,0,0.5,0.5,1,2
"3154","nonsyn","rare",150,0.000753713896059617,0.0504081614673745,-0.856859021656969,61593,0.1,0.001,6,6,0,0.5,0.5,1,2
"3155","syn","int",150,0.00316978678227019,0.161024385131245,-0.374837646336286,11303,0.1,0.001,6,6,0,0.5,0.5,1,2
"3156","nonsyn","int",150,0.00292318588685148,0.111339316229255,-0.608024374360382,11507,0.1,0.001,6,6,0,0.5,0.5,1,2
"3157","syn","common",175,0.00657970381917381,0.312901302929181,-0.00529839484173853,6415,0.1,0.001,6,6,0,0.5,0.5,1,2
"3158","nonsyn","common",175,0.0172011968085106,0.324380172568289,-0.0189637159557094,1504,0.1,0.001,6,6,0,0.5,0.5,1,2
"3159","syn","rare",175,0.000894007018806803,0.0615318848984871,-0.741177632757241,22226,0.1,0.001,6,6,0,0.5,0.5,1,2
"3160","nonsyn","rare",175,0.000695128505814522,0.0479322013602365,-0.860037578389427,61398,0.1,0.001,6,6,0,0.5,0.5,1,2
"3161","syn","int",175,0.00298727387273873,0.147869095994954,-0.381905716765919,11111,0.1,0.001,6,6,0,0.5,0.5,1,2
"3162","nonsyn","int",175,0.00277061102306744,0.109013034447614,-0.605602578081423,11358,0.1,0.001,6,6,0,0.5,0.5,1,2
"3163","syn","common",200,0.00676936434108527,0.281146422548677,-0.0105867045517838,6450,0.1,0.001,6,6,0,0.5,0.5,1,2
"3164","nonsyn","common",200,0.0156983176312248,0.306195478486154,-0.0331134054130439,1486,0.1,0.001,6,6,0,0.5,0.5,1,2
"3165","syn","rare",200,0.000821980428079896,0.0587500639428759,-0.749041673082743,22379,0.1,0.001,6,6,0,0.5,0.5,1,2
"3166","nonsyn","rare",200,0.000673863950669509,0.0466538137170317,-0.860740413933382,61463,0.1,0.001,6,6,0,0.5,0.5,1,2
"3167","syn","int",200,0.0028420598544082,0.130811115848144,-0.385453632153757,11127,0.1,0.001,6,6,0,0.5,0.5,1,2
"3168","nonsyn","int",200,0.00281806529834589,0.105510073766688,-0.594051806298927,11547,0.1,0.001,6,6,0,0.5,0.5,1,2
"3169","syn","common",250,0.00590385247827108,0.251402092820228,-0.011165710661691,12771,0.1,0.001,6,6,0,0.5,0.5,1,2
"3170","nonsyn","common",250,0.0186085163007319,0.293299619090697,-0.000157627355997118,3006,0.1,0.001,6,6,0,0.5,0.5,1,2
"3171","syn","rare",250,0.000818134855899946,0.0563533209038213,-0.745656848738821,44136,0.1,0.001,6,6,0,0.5,0.5,1,2
"3172","nonsyn","rare",250,0.000635422474364617,0.045245028255046,-0.863279261289844,122682,0.1,0.001,6,6,0,0.5,0.5,1,2
"3173","syn","int",250,0.00221141533663548,0.118898373042594,-0.394095869651237,21804,0.1,0.001,6,6,0,0.5,0.5,1,2
"3174","nonsyn","int",250,0.00238980786026201,0.0998231542360942,-0.592148190885305,22900,0.1,0.001,6,6,0,0.5,0.5,1,2
"3175","syn","common",300,0.00735970932579734,0.221202852713804,0.00321910913955587,12385,0.1,0.001,6,6,0,0.5,0.5,1,2
"3176","nonsyn","common",300,0.0165171543895055,0.2721998224339,-0.0272257935199821,2973,0.1,0.001,6,6,0,0.5,0.5,1,2
"3177","syn","rare",300,0.000788886379037723,0.0541294037757481,-0.742536221034648,44270,0.1,0.001,6,6,0,0.5,0.5,1,2
"3178","nonsyn","rare",300,0.000608628710221893,0.0434780841485986,-0.86440825176444,121455,0.1,0.001,6,6,0,0.5,0.5,1,2
"3179","syn","int",300,0.00248003299573805,0.108722481985597,-0.377729843320961,21821,0.1,0.001,6,6,0,0.5,0.5,1,2
"3180","nonsyn","int",300,0.00242500109577033,0.0941120503062641,-0.590838102322165,22815,0.1,0.001,6,6,0,0.5,0.5,1,2
"3181","syn","common",350,0.00561098972770259,0.202155315673106,-0.00711171856203923,12266,0.1,0.001,6,6,0,0.5,0.5,1,2
"3182","nonsyn","common",350,0.0208488880918221,0.249053818577475,0.0223053651394675,2788,0.1,0.001,6,6,0,0.5,0.5,1,2
"3183","syn","rare",350,0.000756800774914399,0.051059130792609,-0.742627320183148,44392,0.1,0.001,6,6,0,0.5,0.5,1,2
"3184","nonsyn","rare",350,0.00055506654357399,0.0416594285290213,-0.86689795875849,122401,0.1,0.001,6,6,0,0.5,0.5,1,2
"3185","syn","int",350,0.00240953603520998,0.0981654944858708,-0.376714022370206,21812,0.1,0.001,6,6,0,0.5,0.5,1,2
"3186","nonsyn","int",350,0.00216233456855479,0.0894025902135465,-0.584325919243508,22668,0.1,0.001,6,6,0,0.5,0.5,1,2
"3187","syn","common",400,0.00670056970509383,0.177282017045809,0.00581104199862821,11936,0.1,0.001,6,6,0,0.5,0.5,1,2
"3188","nonsyn","common",400,0.0173172927002126,0.226453509666187,0.00248970197006232,2822,0.1,0.001,6,6,0,0.5,0.5,1,2
"3189","syn","rare",400,0.000727382571635836,0.048056809349036,-0.744524018916286,44112,0.1,0.001,6,6,0,0.5,0.5,1,2
"3190","nonsyn","rare",400,0.000534315276832638,0.0404841912108896,-0.867527171432289,121969,0.1,0.001,6,6,0,0.5,0.5,1,2
"3191","syn","int",400,0.00207498595242555,0.0870392194361695,-0.37523729605964,21356,0.1,0.001,6,6,0,0.5,0.5,1,2
"3192","nonsyn","int",400,0.00197767904275911,0.0840670630157924,-0.577450893350902,22732,0.1,0.001,6,6,0,0.5,0.5,1,2
"3193","syn","common",450,0.00648211914965129,0.162794008165691,0.00447620444456517,11901,0.1,0.001,6,6,0,0.5,0.5,1,2
"3194","nonsyn","common",450,0.0189243833685694,0.220208221005011,0.0161646471523754,2838,0.1,0.001,6,6,0,0.5,0.5,1,2
"3195","syn","rare",450,0.000662598101843402,0.0466007468468622,-0.75225936101747,43832,0.1,0.001,6,6,0,0.5,0.5,1,2
"3196","nonsyn","rare",450,0.000492405931755059,0.0387195034896669,-0.869242852237053,120976,0.1,0.001,6,6,0,0.5,0.5,1,2
"3197","syn","int",450,0.0014552131147541,0.0805295655481573,-0.386275519432571,21350,0.1,0.001,6,6,0,0.5,0.5,1,2
"3198","nonsyn","int",450,0.00186175429279518,0.0795370811774572,-0.574461599300201,22596,0.1,0.001,6,6,0,0.5,0.5,1,2
"3199","syn","common",500,0.00644948586118252,0.150236209735835,0.00768174359617501,11670,0.1,0.001,6,6,0,0.5,0.5,1,2
"3200","nonsyn","common",500,0.0195089734386217,0.206921185564075,0.0261638268287881,2786,0.1,0.001,6,6,0,0.5,0.5,1,2
"3201","syn","rare",500,0.000593860146521808,0.0429158745263033,-0.753826969142423,44089,0.1,0.001,6,6,0,0.5,0.5,1,2
"3202","nonsyn","rare",500,0.000467711851176243,0.0373244011880759,-0.871809954559869,121701,0.1,0.001,6,6,0,0.5,0.5,1,2
"3203","syn","int",500,0.00142266327003242,0.0784037431913444,-0.369342175996935,21590,0.1,0.001,6,6,0,0.5,0.5,1,2
"3204","nonsyn","int",500,0.00161272886937431,0.0755514387187798,-0.579693571853189,22775,0.1,0.001,6,6,0,0.5,0.5,1,2
"3205","syn","common",550,0.00437966535769165,0.137683147458968,-0.00516882294665046,11714,0.1,0.001,6,6,0,0.5,0.5,1,2
"3206","nonsyn","common",550,0.0180436756756757,0.196478914312069,0.0196439315621503,2775,0.1,0.001,6,6,0,0.5,0.5,1,2
"3207","syn","rare",550,0.000492604692604693,0.0400546155744315,-0.76006433265438,43771,0.1,0.001,6,6,0,0.5,0.5,1,2
"3208","nonsyn","rare",550,0.000440584083638402,0.0363549336354452,-0.871431520818903,121284,0.1,0.001,6,6,0,0.5,0.5,1,2
"3209","syn","int",550,0.0015063157402646,0.0730538590860296,-0.371374792926672,21391,0.1,0.001,6,6,0,0.5,0.5,1,2
"3210","nonsyn","int",550,0.00162651736019083,0.0735491722197385,-0.569616976444053,22638,0.1,0.001,6,6,0,0.5,0.5,1,2
"3211","syn","common",600,0.00457579300266483,0.130156276881274,-0.00469207604782935,11633,0.1,0.001,6,6,0,0.5,0.5,1,2
"3212","nonsyn","common",600,0.0176645833333333,0.185364651966711,0.0117511470454652,2784,0.1,0.001,6,6,0,0.5,0.5,1,2
"3213","syn","rare",600,0.000473371072353494,0.0377185562608592,-0.765186648305148,43633,0.1,0.001,6,6,0,0.5,0.5,1,2
"3214","nonsyn","rare",600,0.000443082541278883,0.0363390936442012,-0.871497317980109,121309,0.1,0.001,6,6,0,0.5,0.5,1,2
"3215","syn","int",600,0.00135171126028174,0.0701718419287959,-0.359498295550563,21154,0.1,0.001,6,6,0,0.5,0.5,1,2
"3216","nonsyn","int",600,0.00139586398273356,0.0700853485628677,-0.570215377076781,22703,0.1,0.001,6,6,0,0.5,0.5,1,2
"3217","syn","common",650,0.00365811320754717,0.124136473820129,-0.00747387256589841,11395,0.1,0.001,6,6,0,0.5,0.5,1,2
"3218","nonsyn","common",650,0.0188937035726919,0.178475019798359,0.0304075676163755,2827,0.1,0.001,6,6,0,0.5,0.5,1,2
"3219","syn","rare",650,0.000449271550442559,0.0376053950867091,-0.763513693622571,43723,0.1,0.001,6,6,0,0.5,0.5,1,2
"3220","nonsyn","rare",650,0.00043392891053957,0.0354808271382726,-0.871652096435352,121115,0.1,0.001,6,6,0,0.5,0.5,1,2
"3221","syn","int",650,0.00107570412517781,0.0655744916230259,-0.369636261418518,21090,0.1,0.001,6,6,0,0.5,0.5,1,2
"3222","nonsyn","int",650,0.00128935515519087,0.0662744077018771,-0.561392580101162,22424,0.1,0.001,6,6,0,0.5,0.5,1,2
"3223","syn","common",700,0.00219673778874978,0.114019566114147,-0.0170749816375288,11342,0.1,0.001,6,6,0,0.5,0.5,1,2
"3224","nonsyn","common",700,0.0174724175425879,0.170594469344668,0.0244405994993432,2759,0.1,0.001,6,6,0,0.5,0.5,1,2
"3225","syn","rare",700,0.00051769763772325,0.0378328274169816,-0.759428999745581,43729,0.1,0.001,6,6,0,0.5,0.5,1,2
"3226","nonsyn","rare",700,0.00040829255793963,0.0340954020715898,-0.87173364423833,120988,0.1,0.001,6,6,0,0.5,0.5,1,2
"3227","syn","int",700,0.00135409836065574,0.0602072620421705,-0.356680987735592,21167,0.1,0.001,6,6,0,0.5,0.5,1,2
"3228","nonsyn","int",700,0.00153701859980993,0.0666974164001691,-0.553388634037871,22097,0.1,0.001,6,6,0,0.5,0.5,1,2
"3229","syn","common",750,0.00367328150930212,0.108025689004739,-0.00754767171793935,11449,0.1,0.001,6,6,0,0.5,0.5,1,2
"3230","nonsyn","common",750,0.0218185022026432,0.169353961016066,0.05539746260734,2724,0.1,0.001,6,6,0,0.5,0.5,1,2
"3231","syn","rare",750,0.000434296880419952,0.0346863877812327,-0.761693369889824,43243,0.1,0.001,6,6,0,0.5,0.5,1,2
"3232","nonsyn","rare",750,0.000403775793090855,0.0342144443384978,-0.869845090731977,120478,0.1,0.001,6,6,0,0.5,0.5,1,2
"3233","syn","int",750,0.000930145697878601,0.0583585666026688,-0.358095461075676,21071,0.1,0.001,6,6,0,0.5,0.5,1,2
"3234","nonsyn","int",750,0.00139072294566682,0.0638908453500471,-0.549018733544222,22270,0.1,0.001,6,6,0,0.5,0.5,1,2
"3235","syn","common",800,0.00399957141607627,0.103910210301264,-0.00138541004985219,11433,0.1,0.001,6,6,0,0.5,0.5,1,2
"3236","nonsyn","common",800,0.0173468683274021,0.156920627767242,0.0229969971530568,2810,0.1,0.001,6,6,0,0.5,0.5,1,2
"3237","syn","rare",800,0.000433284102185401,0.0351948559855906,-0.764493420175371,43333,0.1,0.001,6,6,0,0.5,0.5,1,2
"3238","nonsyn","rare",800,0.000382493716352415,0.0327516467969695,-0.873586704528539,120551,0.1,0.001,6,6,0,0.5,0.5,1,2
"3239","syn","int",800,0.00092425360775964,0.0550881821078705,-0.355208377005544,21135,0.1,0.001,6,6,0,0.5,0.5,1,2
"3240","nonsyn","int",800,0.00123907037437005,0.0613016779267077,-0.546251438188522,22224,0.1,0.001,6,6,0,0.5,0.5,1,2
"3241","syn","common",850,0.00372596646072374,0.0978971044520658,-0.00344891596278971,11330,0.1,0.001,6,6,0,0.5,0.5,1,2
"3242","nonsyn","common",850,0.0162181025081788,0.154405838051958,0.0134834200868999,2751,0.1,0.001,6,6,0,0.5,0.5,1,2
"3243","syn","rare",850,0.000370927423101942,0.0335072795933635,-0.767501658220011,43044,0.1,0.001,6,6,0,0.5,0.5,1,2
"3244","nonsyn","rare",850,0.000380325644504749,0.0325714155139208,-0.87195892174015,120868,0.1,0.001,6,6,0,0.5,0.5,1,2
"3245","syn","int",850,0.000880464848252017,0.0548799199537402,-0.353560730875246,20824,0.1,0.001,6,6,0,0.5,0.5,1,2
"3246","nonsyn","int",850,0.00115674361537762,0.0592033703332128,-0.545350536320935,22006,0.1,0.001,6,6,0,0.5,0.5,1,2
"3247","syn","common",900,0.00395232968424862,0.0937227291356091,0.00023727513340705,11053,0.1,0.001,6,6,0,0.5,0.5,1,2
"3248","nonsyn","common",900,0.0179754578754579,0.156804041978302,0.0358763419296082,2730,0.1,0.001,6,6,0,0.5,0.5,1,2
"3249","syn","rare",900,0.00035765726280824,0.0324250276673398,-0.768546875448327,43351,0.1,0.001,6,6,0,0.5,0.5,1,2
"3250","nonsyn","rare",900,0.00038280524923906,0.0324652624036305,-0.871291039297449,120246,0.1,0.001,6,6,0,0.5,0.5,1,2
"3251","syn","int",900,0.000948283148441627,0.0519126774567673,-0.348720817704966,20823,0.1,0.001,6,6,0,0.5,0.5,1,2
"3252","nonsyn","int",900,0.00123059924078091,0.0585143699839076,-0.541483575797384,22128,0.1,0.001,6,6,0,0.5,0.5,1,2
"3253","syn","common",950,0.00216881767761247,0.0911589120909337,-0.0120406865620484,11359,0.1,0.001,6,6,0,0.5,0.5,1,2
"3254","nonsyn","common",950,0.0181966089200147,0.1506325914773,0.0419525393708364,2713,0.1,0.001,6,6,0,0.5,0.5,1,2
"3255","syn","rare",950,0.00037146346521649,0.0324109350344486,-0.770777834417972,43397,0.1,0.001,6,6,0,0.5,0.5,1,2
"3256","nonsyn","rare",950,0.000350671185873295,0.0314099919993331,-0.872990233624963,119490,0.1,0.001,6,6,0,0.5,0.5,1,2
"3257","syn","int",950,0.000620475529828254,0.0499892093533105,-0.353789112392693,20903,0.1,0.001,6,6,0,0.5,0.5,1,2
"3258","nonsyn","int",950,0.000926323676323676,0.0540967972964705,-0.546683208465268,22022,0.1,0.001,6,6,0,0.5,0.5,1,2
"3259","syn","common",1000,0.00384455125325667,0.0880816485035809,-0.00175818989284598,11131,0.1,0.001,6,6,0,0.5,0.5,1,2
"3260","nonsyn","common",1000,0.0173559315730755,0.146072137872093,0.0334676833466876,2689,0.1,0.001,6,6,0,0.5,0.5,1,2
"3261","syn","rare",1000,0.000370772806507844,0.0321225169424591,-0.764677987033817,43025,0.1,0.001,6,6,0,0.5,0.5,1,2
"3262","nonsyn","rare",1000,0.00033193596234639,0.0306461718051749,-0.873534703912607,120679,0.1,0.001,6,6,0,0.5,0.5,1,2
"3263","syn","int",1000,0.000775172214461198,0.0489565703089619,-0.3537514171292,20759,0.1,0.001,6,6,0,0.5,0.5,1,2
"3264","nonsyn","int",1000,0.00112402887435145,0.0555015666925908,-0.530997599650249,22165,0.1,0.001,6,6,0,0.5,0.5,1,2
"3265","syn","common",1050,0.00300876306928939,0.0851141289425698,-0.00523706498814016,11286,0.1,0.001,6,6,0,0.5,0.5,1,2
"3266","nonsyn","common",1050,0.0182889345794393,0.140425836956339,0.0384035984334267,2675,0.1,0.001,6,6,0,0.5,0.5,1,2
"3267","syn","rare",1050,0.000349795158286778,0.0311957369099525,-0.762892556334805,42960,0.1,0.001,6,6,0,0.5,0.5,1,2
"3268","nonsyn","rare",1050,0.000321276878925259,0.0302032746279163,-0.875051041448451,120215,0.1,0.001,6,6,0,0.5,0.5,1,2
"3269","syn","int",1050,0.00106092802019123,0.0484863472434231,-0.340932211757138,20603,0.1,0.001,6,6,0,0.5,0.5,1,2
"3270","nonsyn","int",1050,0.000951465008913471,0.052432091190128,-0.536422601156151,21877,0.1,0.001,6,6,0,0.5,0.5,1,2
"3271","syn","common",1100,0.00326078028747433,0.0799990638134732,-0.00516915792480587,11201,0.1,0.001,6,6,0,0.5,0.5,1,2
"3272","nonsyn","common",1100,0.0168503597122302,0.132642441350247,0.0379449011797913,2780,0.1,0.001,6,6,0,0.5,0.5,1,2
"3273","syn","rare",1100,0.000382057605509283,0.0316022121321232,-0.758692419592867,42982,0.1,0.001,6,6,0,0.5,0.5,1,2
"3274","nonsyn","rare",1100,0.000298221320877038,0.029196619540127,-0.876450234883581,120314,0.1,0.001,6,6,0,0.5,0.5,1,2
"3275","syn","int",1100,0.000636429531490016,0.0458143185270768,-0.351257584044825,20832,0.1,0.001,6,6,0,0.5,0.5,1,2
"3276","nonsyn","int",1100,0.000853849995459911,0.0504785669842154,-0.531124174527889,22026,0.1,0.001,6,6,0,0.5,0.5,1,2
"3277","syn","common",1150,0.00373193607305936,0.0785529918346171,0.00223456760108901,10950,0.1,0.001,6,6,0,0.5,0.5,1,2
"3278","nonsyn","common",1150,0.0174182624768946,0.132182951397193,0.039204705892707,2705,0.1,0.001,6,6,0,0.5,0.5,1,2
"3279","syn","rare",1150,0.000285193395681792,0.0289455555918655,-0.768490243708266,43305,0.1,0.001,6,6,0,0.5,0.5,1,2
"3280","nonsyn","rare",1150,0.000313359497117502,0.029316038405796,-0.874423824456248,118994,0.1,0.001,6,6,0,0.5,0.5,1,2
"3281","syn","int",1150,0.00111600058131086,0.0456139784093878,-0.324899854173338,20643,0.1,0.001,6,6,0,0.5,0.5,1,2
"3282","nonsyn","int",1150,0.000821027468314465,0.0498320151447163,-0.534515939903666,22171,0.1,0.001,6,6,0,0.5,0.5,1,2
"3283","syn","common",1200,0.00260108068504442,0.0752279640595828,-0.00761791930147165,10919,0.1,0.001,6,6,0,0.5,0.5,1,2
"3284","nonsyn","common",1200,0.0170745780969479,0.133681945437444,0.0316935602893102,2785,0.1,0.001,6,6,0,0.5,0.5,1,2
"3285","syn","rare",1200,0.000327914515270092,0.0293612008949499,-0.762848170089441,43189,0.1,0.001,6,6,0,0.5,0.5,1,2
"3286","nonsyn","rare",1200,0.000309075878654275,0.0288182776404068,-0.874145672138522,119757,0.1,0.001,6,6,0,0.5,0.5,1,2
"3287","syn","int",1200,0.000718047749435558,0.0442304819347904,-0.338188452111088,20817,0.1,0.001,6,6,0,0.5,0.5,1,2
"3288","nonsyn","int",1200,0.000890041436464088,0.0493879117347682,-0.525866575123509,21720,0.1,0.001,6,6,0,0.5,0.5,1,2
"3289","syn","common",1300,0.00265977671597905,0.0727735461610844,-0.00509358469963416,21766,0.1,0.001,6,6,0,0.5,0.5,1,2
"3290","nonsyn","common",1300,0.0166454562418362,0.129602936135811,0.032003244768356,5359,0.1,0.001,6,6,0,0.5,0.5,1,2
"3291","syn","rare",1300,0.000290952286444774,0.0285923457682616,-0.76628402658379,85657,0.1,0.001,6,6,0,0.5,0.5,1,2
"3292","nonsyn","rare",1300,0.000285454005761038,0.0281793291411214,-0.875159361517778,239193,0.1,0.001,6,6,0,0.5,0.5,1,2
"3293","syn","int",1300,0.000748401307031345,0.0423867206611431,-0.331137785402081,41315,0.1,0.001,6,6,0,0.5,0.5,1,2
"3294","nonsyn","int",1300,0.00091978835978836,0.0478888792706499,-0.518924246119296,43470,0.1,0.001,6,6,0,0.5,0.5,1,2
"3295","syn","common",1400,0.00311551857761568,0.0693973375829459,-0.00166481757795549,21935,0.1,0.001,6,6,0,0.5,0.5,1,2
"3296","nonsyn","common",1400,0.0162105473204105,0.12219391452639,0.0363632542141258,5262,0.1,0.001,6,6,0,0.5,0.5,1,2
"3297","syn","rare",1400,0.000263743175467926,0.0271411846008838,-0.768038129366598,85537,0.1,0.001,6,6,0,0.5,0.5,1,2
"3298","nonsyn","rare",1400,0.000241957145957497,0.0265463516407618,-0.878338762662534,239604,0.1,0.001,6,6,0,0.5,0.5,1,2
"3299","syn","int",1400,0.000571434086083768,0.0396404328167459,-0.328316899932862,41448,0.1,0.001,6,6,0,0.5,0.5,1,2
"3300","nonsyn","int",1400,0.000698448470339081,0.0453689909287464,-0.522243895651492,43441,0.1,0.001,6,6,0,0.5,0.5,1,2
"3301","syn","common",1500,0.00282167971401421,0.0662640643447229,-0.00321400391964046,22099,0.1,0.001,6,6,0,0.5,0.5,1,2
"3302","nonsyn","common",1500,0.0147672513528643,0.118199938363785,0.028757200504538,5359,0.1,0.001,6,6,0,0.5,0.5,1,2
"3303","syn","rare",1500,0.000281758911984297,0.0264925628698472,-0.766855609872892,85587,0.1,0.001,6,6,0,0.5,0.5,1,2
"3304","nonsyn","rare",1500,0.000242888015140007,0.0263028004771099,-0.876929381174576,238309,0.1,0.001,6,6,0,0.5,0.5,1,2
"3305","syn","int",1500,0.000811060926388622,0.0392169620648238,-0.322090149357053,41624,0.1,0.001,6,6,0,0.5,0.5,1,2
"3306","nonsyn","int",1500,0.00077488842124737,0.044239730065041,-0.511025503651836,43243,0.1,0.001,6,6,0,0.5,0.5,1,2
"3307","syn","common",1600,0.00281009740705172,0.0634572341334967,-0.00341004239205936,21867,0.1,0.001,6,6,0,0.5,0.5,1,2
"3308","nonsyn","common",1600,0.0147998514667657,0.116143232325566,0.0281782523848698,5386,0.1,0.001,6,6,0,0.5,0.5,1,2
"3309","syn","rare",1600,0.000255251243314254,0.0254845522606116,-0.767105995542939,85256,0.1,0.001,6,6,0,0.5,0.5,1,2
"3310","nonsyn","rare",1600,0.00023647696317718,0.0256644238589424,-0.877211157465709,238249,0.1,0.001,6,6,0,0.5,0.5,1,2
"3311","syn","int",1600,0.00047709075716989,0.0363639656667511,-0.324906568288711,40691,0.1,0.001,6,6,0,0.5,0.5,1,2
"3312","nonsyn","int",1600,0.000871782166914031,0.0439454474415046,-0.505748246341471,43795,0.1,0.001,6,6,0,0.5,0.5,1,2
"3313","syn","common",1700,0.00242426747497015,0.0614461766244088,-0.00266101894159177,21774,0.1,0.001,6,6,0,0.5,0.5,1,2
"3314","nonsyn","common",1700,0.0159056972952235,0.116987912842345,0.0352105877464723,5213,0.1,0.001,6,6,0,0.5,0.5,1,2
"3315","syn","rare",1700,0.000217500963773788,0.0247364499540335,-0.770354047288105,85601,0.1,0.001,6,6,0,0.5,0.5,1,2
"3316","nonsyn","rare",1700,0.000219686521168031,0.0251149475460952,-0.876737269639152,237528,0.1,0.001,6,6,0,0.5,0.5,1,2
"3317","syn","int",1700,0.00050797050646682,0.0353608086865545,-0.318412379893941,41365,0.1,0.001,6,6,0,0.5,0.5,1,2
"3318","nonsyn","int",1700,0.0006899939820387,0.0419442037109416,-0.503406609399579,43204,0.1,0.001,6,6,0,0.5,0.5,1,2
"3319","syn","common",1800,0.00316191110294793,0.0576364734690693,0.00210795430741018,21778,0.1,0.001,6,6,0,0.5,0.5,1,2
"3320","nonsyn","common",1800,0.01527109622185,0.1101304682184,0.0394038221255367,5373,0.1,0.001,6,6,0,0.5,0.5,1,2
"3321","syn","rare",1800,0.000219769520225776,0.0236817683808434,-0.770002477247468,85040,0.1,0.001,6,6,0,0.5,0.5,1,2
"3322","nonsyn","rare",1800,0.000204813843910416,0.024453785896047,-0.878477231062676,237274,0.1,0.001,6,6,0,0.5,0.5,1,2
"3323","syn","int",1800,0.000594139523578026,0.0342005238588212,-0.316924305317582,41140,0.1,0.001,6,6,0,0.5,0.5,1,2
"3324","nonsyn","int",1800,0.000789606521036346,0.0400823096017814,-0.490895261918073,43306,0.1,0.001,6,6,0,0.5,0.5,1,2
"3325","syn","common",1900,0.0021667782158247,0.0564392594362514,-0.00455839077860146,21814,0.1,0.001,6,6,0,0.5,0.5,1,2
"3326","nonsyn","common",1900,0.016298124516628,0.109825585648304,0.0443813301221551,5172,0.1,0.001,6,6,0,0.5,0.5,1,2
"3327","syn","rare",1900,0.000200693944508043,0.0240435623782541,-0.769174687780918,84733,0.1,0.001,6,6,0,0.5,0.5,1,2
"3328","nonsyn","rare",1900,0.000215911610594251,0.0244964513910628,-0.87691674648027,237223,0.1,0.001,6,6,0,0.5,0.5,1,2
"3329","syn","int",1900,0.000438427052953795,0.0330094021418447,-0.312518310820923,41489,0.1,0.001,6,6,0,0.5,0.5,1,2
"3330","nonsyn","int",1900,0.000740705669900215,0.0385989775472141,-0.488208110746894,43193,0.1,0.001,6,6,0,0.5,0.5,1,2
"3331","syn","common",2000,0.00278335024444239,0.055474973855436,0.00287998718163753,21682,0.1,0.001,6,6,0,0.5,0.5,1,2
"3332","nonsyn","common",2000,0.0156172566371681,0.100676122195746,0.0435370627475066,5424,0.1,0.001,6,6,0,0.5,0.5,1,2
"3333","syn","rare",2000,0.000199848139711465,0.0236382939883242,-0.768291595797369,85605,0.1,0.001,6,6,0,0.5,0.5,1,2
"3334","nonsyn","rare",2000,0.000223757393313688,0.024548630827994,-0.875696672041961,235855,0.1,0.001,6,6,0,0.5,0.5,1,2
"3335","syn","int",2000,0.000529207848483373,0.0323203335303223,-0.307909838014641,41078,0.1,0.001,6,6,0,0.5,0.5,1,2
"3336","nonsyn","int",2000,0.000626356464337466,0.0376927330258055,-0.489452423272834,43477,0.1,0.001,6,6,0,0.5,0.5,1,2
"3337","syn","common",2500,0.00223859025094278,0.0503916920198221,-0.00189149723853989,107395,0.1,0.001,6,6,0,0.5,0.5,1,2
"3338","nonsyn","common",2500,0.0149770285542078,0.0962067621614487,0.0401534162348599,26546,0.1,0.001,6,6,0,0.5,0.5,1,2
"3339","syn","rare",2500,0.000180304703703791,0.0221449858983139,-0.767738001530441,422837,0.1,0.001,6,6,0,0.5,0.5,1,2
"3340","nonsyn","rare",2500,0.000180084108114185,0.022605511842226,-0.877417034892497,1174203,0.1,0.001,6,6,0,0.5,0.5,1,2
"3341","syn","int",2500,0.00041209675838821,0.0300760733733013,-0.302444642429324,204096,0.1,0.001,6,6,0,0.5,0.5,1,2
"3342","nonsyn","int",2500,0.000562060511532121,0.0348683523186499,-0.477573140455864,214141,0.1,0.001,6,6,0,0.5,0.5,1,2
"3343","syn","common",3000,0.002072427704868,0.0441698188908619,-0.000747432887883672,104848,0.1,0.001,6,6,0,0.5,0.5,1,2
"3344","nonsyn","common",3000,0.0127681640550897,0.0835058097923467,0.0280949749377966,26357,0.1,0.001,6,6,0,0.5,0.5,1,2
"3345","syn","rare",3000,0.000155082892298446,0.0204500774101441,-0.767250828651169,419279,0.1,0.001,6,6,0,0.5,0.5,1,2
"3346","nonsyn","rare",3000,0.000152726528110117,0.0210951066729236,-0.877047957440882,1164723,0.1,0.001,6,6,0,0.5,0.5,1,2
"3347","syn","int",3000,0.00035846341572298,0.0270410011667114,-0.293781727737828,201603,0.1,0.001,6,6,0,0.5,0.5,1,2
"3348","nonsyn","int",3000,0.000506611286622287,0.0314982233102577,-0.464489150317884,212712,0.1,0.001,6,6,0,0.5,0.5,1,2
"3349","syn","common",3500,0.0019537915478007,0.040451383756334,-0.000712862081466103,105511,0.1,0.001,6,6,0,0.5,0.5,1,2
"3350","nonsyn","common",3500,0.0122345534856923,0.0750372013846225,0.0316373275106906,26035,0.1,0.001,6,6,0,0.5,0.5,1,2
"3351","syn","rare",3500,0.000132681492566665,0.0190876246076949,-0.767795800163079,416973,0.1,0.001,6,6,0,0.5,0.5,1,2
"3352","nonsyn","rare",3500,0.000130316904057212,0.0198203532803514,-0.877201383573456,1156533,0.1,0.001,6,6,0,0.5,0.5,1,2
"3353","syn","int",3500,0.000316614650997257,0.0246518143606189,-0.28517822397992,200901,0.1,0.001,6,6,0,0.5,0.5,1,2
"3354","nonsyn","int",3500,0.000388661878133893,0.0284038726810255,-0.453287585627212,211199,0.1,0.001,6,6,0,0.5,0.5,1,2
"3355","syn","common",4000,0.00150351300744233,0.0363475320573619,-0.00373305319434501,105209,0.1,0.001,6,6,0,0.5,0.5,1,2
"3356","nonsyn","common",4000,0.0113398183881952,0.0688558419287109,0.0300311142108311,26430,0.1,0.001,6,6,0,0.5,0.5,1,2
"3357","syn","rare",4000,0.000120181908167672,0.0181596468576643,-0.767706102512914,412186,0.1,0.001,6,6,0,0.5,0.5,1,2
"3358","nonsyn","rare",4000,0.000121450803304736,0.0189983789047232,-0.876389549328434,1147323,0.1,0.001,6,6,0,0.5,0.5,1,2
"3359","syn","int",4000,0.000304436602726505,0.0227829991218575,-0.277260383014173,198936,0.1,0.001,6,6,0,0.5,0.5,1,2
"3360","nonsyn","int",4000,0.000383861577957836,0.0263622871546835,-0.441027866001314,209562,0.1,0.001,6,6,0,0.5,0.5,1,2
"3361","syn","common",4500,0.00164164430998725,0.0344901473290816,-0.00101866096414032,105114,0.1,0.001,6,6,0,0.5,0.5,1,2
"3362","nonsyn","common",4500,0.0108802499226246,0.0623376767289383,0.0328462269645106,25848,0.1,0.001,6,6,0,0.5,0.5,1,2
"3363","syn","rare",4500,0.000117756972888629,0.0174888022015116,-0.764936550041066,410160,0.1,0.001,6,6,0,0.5,0.5,1,2
"3364","nonsyn","rare",4500,0.000113053306070628,0.0184033549339246,-0.875841289880986,1140508,0.1,0.001,6,6,0,0.5,0.5,1,2
"3365","syn","int",4500,0.000255779601881719,0.0213494226881164,-0.27346258892554,197479,0.1,0.001,6,6,0,0.5,0.5,1,2
"3366","nonsyn","int",4500,0.000372770075477712,0.0248506777361087,-0.43390531215467,207081,0.1,0.001,6,6,0,0.5,0.5,1,2
"3367","syn","common",5000,0.00120017159400284,0.0313607996257033,-0.00434941057640952,104316,0.1,0.001,6,6,0,0.5,0.5,1,2
"3368","nonsyn","common",5000,0.00965920935109316,0.0568409681403561,0.0230902699105004,25751,0.1,0.001,6,6,0,0.5,0.5,1,2
"3369","syn","rare",5000,0.000109545623131735,0.0170478790689308,-0.766853701806052,407129,0.1,0.001,6,6,0,0.5,0.5,1,2
"3370","nonsyn","rare",5000,9.60709186627827e-05,0.0174939192413728,-0.876243242926559,1131155,0.1,0.001,6,6,0,0.5,0.5,1,2
"3371","syn","int",5000,0.000219565494751132,0.0202291570154357,-0.268934720486445,195947,0.1,0.001,6,6,0,0.5,0.5,1,2
"3372","nonsyn","int",5000,0.000235200136097407,0.0230422688084005,-0.429313142251319,205735,0.1,0.001,6,6,0,0.5,0.5,1,2
"3373","syn","common",7500,0.00120209885762094,0.0263095057543352,-0.00294672574990918,511564,0.1,0.001,6,6,0,0.5,0.5,1,2
"3374","nonsyn","common",7500,0.008547448951424,0.0451679565297965,0.0242048818657887,126791,0.1,0.001,6,6,0,0.5,0.5,1,2
"3375","syn","rare",7500,8.51968576575421e-05,0.0157289708358279,-0.764756342340236,1994563,0.1,0.001,6,6,0,0.5,0.5,1,2
"3376","nonsyn","rare",7500,8.44499284115429e-05,0.0163593274430733,-0.87452586238542,5553968,0.1,0.001,6,6,0,0.5,0.5,1,2
"3377","syn","int",7500,0.000143125431917371,0.0178814716561601,-0.259260653165811,963726,0.1,0.001,6,6,0,0.5,0.5,1,2
"3378","nonsyn","int",7500,0.00022466168360404,0.0204093355732398,-0.412305854187841,1005272,0.1,0.001,6,6,0,0.5,0.5,1,2
"3379","syn","common",10000,0.000845817366915308,0.0207616985074615,-0.00373248875620308,498442,0.1,0.001,6,6,0,0.5,0.5,1,2
"3380","nonsyn","common",10000,0.00627573845110889,0.0316339160696824,0.0157078208893335,123908,0.1,0.001,6,6,0,0.5,0.5,1,2
"3381","syn","rare",10000,6.18244442719251e-05,0.0143057278848697,-0.763967761510506,1932150,0.1,0.001,6,6,0,0.5,0.5,1,2
"3382","nonsyn","rare",10000,5.68731453632074e-05,0.0147354556844947,-0.873948418429739,5357518,0.1,0.001,6,6,0,0.5,0.5,1,2
"3383","syn","int",10000,0.000107487644956361,0.0154758230092758,-0.248111252049199,931401,0.1,0.001,6,6,0,0.5,0.5,1,2
"3384","nonsyn","int",10000,0.000127153237572991,0.017138664769925,-0.394177829654862,967067,0.1,0.001,6,6,0,0.5,0.5,1,2
"3385","nonsyn","common",10,0.0219342688330871,0.541166182839463,-0.0243719538126584,677,0.1,0.001,6,6,0,0.5,0.5,2,2
"3386","syn","common",10,0.00739314662273476,0.669739490490487,-0.0151571644348322,3035,0.1,0.001,6,6,0,0.5,0.5,2,2
"3387","nonsyn","rare",10,0.0010059124156039,0.0621064518507726,-0.840571106240151,21328,0.1,0.001,6,6,0,0.5,0.5,2,2
"3388","syn","rare",10,0.00140799656061909,0.118052271026775,-0.677785526720375,8141,0.1,0.001,6,6,0,0.5,0.5,2,2
"3389","nonsyn","int",10,0.00373633169360506,0.162474160731378,-0.598433140017049,4269,0.1,0.001,6,6,0,0.5,0.5,2,2
"3390","syn","int",10,0.00519964950711939,0.322610841942912,-0.340592510424538,4565,0.1,0.001,6,6,0,0.5,0.5,2,2
"3391","nonsyn","common",15,0.0305736842105263,0.562756532605652,-0.0250100916087647,361,0.1,0.001,6,6,0,0.5,0.5,2,2
"3392","syn","common",15,0.00683631508678238,0.630383654410211,-0.0173570748031727,1498,0.1,0.001,6,6,0,0.5,0.5,2,2
"3393","nonsyn","rare",15,0.000980460301321749,0.0607290234262376,-0.847387492841799,10819,0.1,0.001,6,6,0,0.5,0.5,2,2
"3394","syn","rare",15,0.00155421863536317,0.111840214750027,-0.692679489400333,4089,0.1,0.001,6,6,0,0.5,0.5,2,2
"3395","nonsyn","int",15,0.00419747649678377,0.160696583372359,-0.58653249067762,2021,0.1,0.001,6,6,0,0.5,0.5,2,2
"3396","syn","int",15,0.00382372954349698,0.296071848876407,-0.353703469086051,2322,0.1,0.001,6,6,0,0.5,0.5,2,2
"3397","nonsyn","common",20,0.0154742937853107,0.494326278421338,-0.0694665069330588,354,0.1,0.001,6,6,0,0.5,0.5,2,2
"3398","syn","common",20,0.0120974569932685,0.629733458750252,0.0198283885844909,1337,0.1,0.001,6,6,0,0.5,0.5,2,2
"3399","nonsyn","rare",20,0.00104091922005571,0.0625726196089673,-0.835983826970961,10770,0.1,0.001,6,6,0,0.5,0.5,2,2
"3400","syn","rare",20,0.00112477283596365,0.108183238351061,-0.696477874106322,4182,0.1,0.001,6,6,0,0.5,0.5,2,2
"3401","nonsyn","int",20,0.00317889641819942,0.150390977921074,-0.61035409162008,2066,0.1,0.001,6,6,0,0.5,0.5,2,2
"3402","syn","int",20,0.00730704744357439,0.291829820430816,-0.313057560322437,2171,0.1,0.001,6,6,0,0.5,0.5,2,2
"3403","nonsyn","common",25,0.0145964285714286,0.492756117735816,-0.0563779593496933,336,0.1,0.001,6,6,0,0.5,0.5,2,2
"3404","syn","common",25,0.0154391782831988,0.623632829214626,0.0288412267693359,1363,0.1,0.001,6,6,0,0.5,0.5,2,2
"3405","nonsyn","rare",25,0.00107456888383551,0.0633992028648187,-0.830977734810954,10554,0.1,0.001,6,6,0,0.5,0.5,2,2
"3406","syn","rare",25,0.00160046832634952,0.109636441544695,-0.673979135440222,4057,0.1,0.001,6,6,0,0.5,0.5,2,2
"3407","nonsyn","int",25,0.00621885796545106,0.170712157520117,-0.551476140995564,2084,0.1,0.001,6,6,0,0.5,0.5,2,2
"3408","syn","int",25,0.00595499322187076,0.268677080231163,-0.352697619238903,2213,0.1,0.001,6,6,0,0.5,0.5,2,2
"3409","nonsyn","common",50,0.0221332290362954,0.484622221578416,-0.0140468761262878,1598,0.1,0.001,6,6,0,0.5,0.5,2,2
"3410","syn","common",50,0.0126683935503135,0.553259493328426,0.015303846444197,6698,0.1,0.001,6,6,0,0.5,0.5,2,2
"3411","nonsyn","rare",50,0.000927706922990612,0.0584364775451007,-0.843686277126528,53474,0.1,0.001,6,6,0,0.5,0.5,2,2
"3412","syn","rare",50,0.001447150997151,0.101570626917968,-0.69042654091413,20358,0.1,0.001,6,6,0,0.5,0.5,2,2
"3413","nonsyn","int",50,0.00348838273134471,0.142577810517032,-0.608147897555056,10493,0.1,0.001,6,6,0,0.5,0.5,2,2
"3414","syn","int",50,0.00509312901184341,0.253325601754325,-0.344749638706421,11061,0.1,0.001,6,6,0,0.5,0.5,2,2
"3415","nonsyn","common",75,0.0227932450331126,0.449312238200342,-0.0057987456383822,1510,0.1,0.001,6,6,0,0.5,0.5,2,2
"3416","syn","common",75,0.00876527992576554,0.483344463465926,-0.00457705032765668,6466,0.1,0.001,6,6,0,0.5,0.5,2,2
"3417","nonsyn","rare",75,0.000879627238533655,0.0562120261561838,-0.846711745634308,53439,0.1,0.001,6,6,0,0.5,0.5,2,2
"3418","syn","rare",75,0.00128111912287633,0.0902832002394775,-0.705574104065572,20248,0.1,0.001,6,6,0,0.5,0.5,2,2
"3419","nonsyn","int",75,0.00401763620471982,0.141083198325275,-0.590862382352123,10297,0.1,0.001,6,6,0,0.5,0.5,2,2
"3420","syn","int",75,0.00401492126731171,0.218036616961411,-0.379141369078271,10542,0.1,0.001,6,6,0,0.5,0.5,2,2
"3421","nonsyn","common",100,0.0208070739549839,0.413229944092482,-0.0109101692077254,1555,0.1,0.001,6,6,0,0.5,0.5,2,2
"3422","syn","common",100,0.0102310763011622,0.425327106026226,0.00641431864678755,5937,0.1,0.001,6,6,0,0.5,0.5,2,2
"3423","nonsyn","rare",100,0.00084595304702858,0.0540288435134414,-0.847983768532573,52904,0.1,0.001,6,6,0,0.5,0.5,2,2
"3424","syn","rare",100,0.00102765257279617,0.0793285619252796,-0.716481861928839,20056,0.1,0.001,6,6,0,0.5,0.5,2,2
"3425","nonsyn","int",100,0.00333251097025841,0.12670251570111,-0.598633615758256,10255,0.1,0.001,6,6,0,0.5,0.5,2,2
"3426","syn","int",100,0.0031353995157385,0.186939665993196,-0.370279794404956,10325,0.1,0.001,6,6,0,0.5,0.5,2,2
"3427","nonsyn","common",125,0.0171769337979094,0.381848619613734,-0.049204434425114,1435,0.1,0.001,6,6,0,0.5,0.5,2,2
"3428","syn","common",125,0.00939663345929234,0.389145940126024,0.00954910798921232,5822,0.1,0.001,6,6,0,0.5,0.5,2,2
"3429","nonsyn","rare",125,0.000820510173436444,0.0521499755908696,-0.851376236342665,53276,0.1,0.001,6,6,0,0.5,0.5,2,2
"3430","syn","rare",125,0.00106197466318118,0.0738890945917145,-0.723041150141446,19892,0.1,0.001,6,6,0,0.5,0.5,2,2
"3431","nonsyn","int",125,0.00304565985860173,0.121794249662761,-0.598488237365561,10184,0.1,0.001,6,6,0,0.5,0.5,2,2
"3432","syn","int",125,0.00392802511415525,0.173359970385615,-0.378334478373987,10512,0.1,0.001,6,6,0,0.5,0.5,2,2
"3433","nonsyn","common",150,0.0201813052345343,0.356345137880599,-0.0133060534395686,1471,0.1,0.001,6,6,0,0.5,0.5,2,2
"3434","syn","common",150,0.00655038910505837,0.346441008021721,-0.0132244382853286,5654,0.1,0.001,6,6,0,0.5,0.5,2,2
"3435","nonsyn","rare",150,0.00073132208738776,0.0495026510741596,-0.854413193235734,53234,0.1,0.001,6,6,0,0.5,0.5,2,2
"3436","syn","rare",150,0.00104405845469256,0.0702153959879395,-0.717471443403294,19776,0.1,0.001,6,6,0,0.5,0.5,2,2
"3437","nonsyn","int",150,0.00233495422777832,0.111593843134077,-0.614158740478122,10159,0.1,0.001,6,6,0,0.5,0.5,2,2
"3438","syn","int",150,0.0040422861632132,0.161442515472692,-0.359974908721344,10183,0.1,0.001,6,6,0,0.5,0.5,2,2
"3439","nonsyn","common",175,0.016688295687885,0.337121176363192,-0.0377348520655921,1461,0.1,0.001,6,6,0,0.5,0.5,2,2
"3440","syn","common",175,0.00632391304347826,0.313352071893874,-0.0112058736741838,5704,0.1,0.001,6,6,0,0.5,0.5,2,2
"3441","nonsyn","rare",175,0.000702115297833935,0.0475772868235972,-0.858558671998369,53184,0.1,0.001,6,6,0,0.5,0.5,2,2
"3442","syn","rare",175,0.00102861042309053,0.0674621497199194,-0.719732280608913,19783,0.1,0.001,6,6,0,0.5,0.5,2,2
"3443","nonsyn","int",175,0.0035814735821619,0.117170344564263,-0.578217864690001,10315,0.1,0.001,6,6,0,0.5,0.5,2,2
"3444","syn","int",175,0.00349870090936345,0.149926826275443,-0.376907371854378,10007,0.1,0.001,6,6,0,0.5,0.5,2,2
"3445","nonsyn","common",200,0.0270619883040936,0.334885750787957,0.0427740548212163,1368,0.1,0.001,6,6,0,0.5,0.5,2,2
"3446","syn","common",200,0.00689669906473501,0.297014821400485,-0.0141722478203675,5453,0.1,0.001,6,6,0,0.5,0.5,2,2
"3447","nonsyn","rare",200,0.000681988464501099,0.0471821451218456,-0.859402723464913,53227,0.1,0.001,6,6,0,0.5,0.5,2,2
"3448","syn","rare",200,0.000923595053785061,0.0622429357016488,-0.730821070038598,19894,0.1,0.001,6,6,0,0.5,0.5,2,2
"3449","nonsyn","int",200,0.00286779526779527,0.110272626935982,-0.604232750542905,10101,0.1,0.001,6,6,0,0.5,0.5,2,2
"3450","syn","int",200,0.00274769636695758,0.132787885665594,-0.379743949066204,9854,0.1,0.001,6,6,0,0.5,0.5,2,2
"3451","nonsyn","common",250,0.0212804247787611,0.306800902964515,0.00669725161211248,2825,0.1,0.001,6,6,0,0.5,0.5,2,2
"3452","syn","common",250,0.00826031319495923,0.270731903789406,0.000885752468927881,10792,0.1,0.001,6,6,0,0.5,0.5,2,2
"3453","nonsyn","rare",250,0.000673775305644182,0.0464611351833682,-0.858255262401977,106251,0.1,0.001,6,6,0,0.5,0.5,2,2
"3454","syn","rare",250,0.000806361206567392,0.0569160247961156,-0.735272569983273,39285,0.1,0.001,6,6,0,0.5,0.5,2,2
"3455","nonsyn","int",250,0.0025322977022977,0.103023620839095,-0.595162416103045,20020,0.1,0.001,6,6,0,0.5,0.5,2,2
"3456","syn","int",250,0.00283226248477467,0.120875030403388,-0.378290417383997,19704,0.1,0.001,6,6,0,0.5,0.5,2,2
"3457","nonsyn","common",300,0.023029207383279,0.292203173927896,0.0176067905208864,2763,0.1,0.001,6,6,0,0.5,0.5,2,2
"3458","syn","common",300,0.00909780003744617,0.238064504206119,0.00995674306104903,10682,0.1,0.001,6,6,0,0.5,0.5,2,2
"3459","nonsyn","rare",300,0.000655723862744542,0.0450426800328553,-0.85795797289324,105759,0.1,0.001,6,6,0,0.5,0.5,2,2
"3460","syn","rare",300,0.000771680939439003,0.054811384402122,-0.734572304839885,39002,0.1,0.001,6,6,0,0.5,0.5,2,2
"3461","nonsyn","int",300,0.00292438475390156,0.100893803857616,-0.575750258857634,19992,0.1,0.001,6,6,0,0.5,0.5,2,2
"3462","syn","int",300,0.00240990926334136,0.109902282214137,-0.379217860095127,19507,0.1,0.001,6,6,0,0.5,0.5,2,2
"3463","nonsyn","common",350,0.021274328797352,0.263561443157239,0.00552465661709952,2719,0.1,0.001,6,6,0,0.5,0.5,2,2
"3464","syn","common",350,0.00757149729995091,0.212404610869136,0.00568294900485216,10185,0.1,0.001,6,6,0,0.5,0.5,2,2
"3465","nonsyn","rare",350,0.000581579516904576,0.0424329531752444,-0.862716592693595,106273,0.1,0.001,6,6,0,0.5,0.5,2,2
"3466","syn","rare",350,0.000774996152464987,0.0519753622695105,-0.737719958890893,38986,0.1,0.001,6,6,0,0.5,0.5,2,2
"3467","nonsyn","int",350,0.00243990421358333,0.0926685633772184,-0.580265350532882,19627,0.1,0.001,6,6,0,0.5,0.5,2,2
"3468","syn","int",350,0.00216245781631276,0.0976200847058398,-0.379677073742609,19261,0.1,0.001,6,6,0,0.5,0.5,2,2
"3469","nonsyn","common",400,0.0226195749440716,0.249532194082728,0.0281139464568484,2682,0.1,0.001,6,6,0,0.5,0.5,2,2
"3470","syn","common",400,0.00697172630751081,0.189040275950473,0.00565689007361378,10172,0.1,0.001,6,6,0,0.5,0.5,2,2
"3471","nonsyn","rare",400,0.000582081604032824,0.0417849895281121,-0.861251087288595,105534,0.1,0.001,6,6,0,0.5,0.5,2,2
"3472","syn","rare",400,0.000659579998455877,0.0466297469874466,-0.744298310548346,38857,0.1,0.001,6,6,0,0.5,0.5,2,2
"3473","nonsyn","int",400,0.00186046961748077,0.0855150804881923,-0.585070279071237,19633,0.1,0.001,6,6,0,0.5,0.5,2,2
"3474","syn","int",400,0.00167384504947957,0.0897468048593541,-0.385183731908092,19503,0.1,0.001,6,6,0,0.5,0.5,2,2
"3475","nonsyn","common",450,0.0247853982300885,0.238056327572059,0.0573283207911764,2712,0.1,0.001,6,6,0,0.5,0.5,2,2
"3476","syn","common",450,0.00620260972716489,0.175636781217388,0.00439350946726118,10116,0.1,0.001,6,6,0,0.5,0.5,2,2
"3477","nonsyn","rare",450,0.000536033878004962,0.0401160516284074,-0.864168661060571,105201,0.1,0.001,6,6,0,0.5,0.5,2,2
"3478","syn","rare",450,0.000646678344195152,0.0459830609100217,-0.741585493877924,38821,0.1,0.001,6,6,0,0.5,0.5,2,2
"3479","nonsyn","int",450,0.00174401784371711,0.0810159279719843,-0.577107248282523,19951,0.1,0.001,6,6,0,0.5,0.5,2,2
"3480","syn","int",450,0.0017907319860772,0.0853007278612288,-0.372092463120102,19249,0.1,0.001,6,6,0,0.5,0.5,2,2
"3481","nonsyn","common",500,0.0229039163498099,0.231188147718189,0.039762811304379,2630,0.1,0.001,6,6,0,0.5,0.5,2,2
"3482","syn","common",500,0.00532883137889203,0.160895611694329,-0.00133835491042443,9892,0.1,0.001,6,6,0,0.5,0.5,2,2
"3483","nonsyn","rare",500,0.000526719023351335,0.0393012350856258,-0.863379033105749,105176,0.1,0.001,6,6,0,0.5,0.5,2,2
"3484","syn","rare",500,0.000585238828967643,0.0422396418428955,-0.748352556050482,38940,0.1,0.001,6,6,0,0.5,0.5,2,2
"3485","nonsyn","int",500,0.00172035934187948,0.0783781595069708,-0.575431931215293,19814,0.1,0.001,6,6,0,0.5,0.5,2,2
"3486","syn","int",500,0.00168143884892086,0.0780991541481504,-0.375255120556007,19460,0.1,0.001,6,6,0,0.5,0.5,2,2
"3487","nonsyn","common",550,0.0241365632096896,0.222919158453677,0.0536292196281697,2642,0.1,0.001,6,6,0,0.5,0.5,2,2
"3488","syn","common",550,0.00576181190331099,0.148711342878252,0.00861643760998231,9846,0.1,0.001,6,6,0,0.5,0.5,2,2
"3489","nonsyn","rare",550,0.000482155874221538,0.0371744940049014,-0.865407066625088,104533,0.1,0.001,6,6,0,0.5,0.5,2,2
"3490","syn","rare",550,0.000552949078977963,0.0407911721798201,-0.751248097614104,38707,0.1,0.001,6,6,0,0.5,0.5,2,2
"3491","nonsyn","int",550,0.00175267031226044,0.0761430708672373,-0.568573347799801,19567,0.1,0.001,6,6,0,0.5,0.5,2,2
"3492","syn","int",550,0.00141347584616997,0.0737095492360241,-0.37017319392759,19086,0.1,0.001,6,6,0,0.5,0.5,2,2
"3493","nonsyn","common",600,0.0203920681986657,0.208738339277869,0.0298884766321197,2698,0.1,0.001,6,6,0,0.5,0.5,2,2
"3494","syn","common",600,0.00548312627291242,0.140303093010145,0.00389269700169097,9820,0.1,0.001,6,6,0,0.5,0.5,2,2
"3495","nonsyn","rare",600,0.000470781602169844,0.0365565153078756,-0.865944793282328,104708,0.1,0.001,6,6,0,0.5,0.5,2,2
"3496","syn","rare",600,0.0005666580438213,0.040877905139995,-0.744221887863349,38657,0.1,0.001,6,6,0,0.5,0.5,2,2
"3497","nonsyn","int",600,0.00159938121322784,0.0723456070745128,-0.565653327447716,19716,0.1,0.001,6,6,0,0.5,0.5,2,2
"3498","syn","int",600,0.00134434351344297,0.0705134599332048,-0.363989520660226,19155,0.1,0.001,6,6,0,0.5,0.5,2,2
"3499","nonsyn","common",650,0.0214650653343582,0.199776646650881,0.044969748130057,2602,0.1,0.001,6,6,0,0.5,0.5,2,2
"3500","syn","common",650,0.00436951937984496,0.132881291773367,-0.00456746955621043,9675,0.1,0.001,6,6,0,0.5,0.5,2,2
"3501","nonsyn","rare",650,0.000428984938663809,0.035288326803446,-0.866791225193587,104506,0.1,0.001,6,6,0,0.5,0.5,2,2
"3502","syn","rare",650,0.00052792909529116,0.0386520799592653,-0.749426665136784,38587,0.1,0.001,6,6,0,0.5,0.5,2,2
"3503","nonsyn","int",650,0.00140126846663271,0.0689804927528344,-0.565588776075966,19630,0.1,0.001,6,6,0,0.5,0.5,2,2
"3504","syn","int",650,0.00131453160859587,0.0659637253325814,-0.366658398518675,19172,0.1,0.001,6,6,0,0.5,0.5,2,2
"3505","nonsyn","common",700,0.0201215641609719,0.19184140880541,0.031197030348129,2634,0.1,0.001,6,6,0,0.5,0.5,2,2
"3506","syn","common",700,0.0051323357589423,0.122738734938262,0.0048258805288792,9757,0.1,0.001,6,6,0,0.5,0.5,2,2
"3507","nonsyn","rare",700,0.000440840639850077,0.0353532938853609,-0.865519782115707,104587,0.1,0.001,6,6,0,0.5,0.5,2,2
"3508","syn","rare",700,0.000471680886484237,0.0366875147902262,-0.751648749665625,38444,0.1,0.001,6,6,0,0.5,0.5,2,2
"3509","nonsyn","int",700,0.00159006625918126,0.0678803813794117,-0.556271347333682,19469,0.1,0.001,6,6,0,0.5,0.5,2,2
"3510","syn","int",700,0.0014145850884583,0.0632197336418813,-0.361307208623707,18992,0.1,0.001,6,6,0,0.5,0.5,2,2
"3511","nonsyn","common",750,0.0225776998050682,0.186563352052525,0.0586122870989718,2565,0.1,0.001,6,6,0,0.5,0.5,2,2
"3512","syn","common",750,0.00496482173517826,0.118899713794923,0.00512798051389441,9901,0.1,0.001,6,6,0,0.5,0.5,2,2
"3513","nonsyn","rare",750,0.000408770092524092,0.0340691415865756,-0.868729207446696,104081,0.1,0.001,6,6,0,0.5,0.5,2,2
"3514","syn","rare",750,0.00037996887966805,0.034536356343556,-0.761087456712719,38560,0.1,0.001,6,6,0,0.5,0.5,2,2
"3515","nonsyn","int",750,0.00154518881905054,0.0653295723206659,-0.550031758398465,19569,0.1,0.001,6,6,0,0.5,0.5,2,2
"3516","syn","int",750,0.00110634768740032,0.0589213525516469,-0.362468500286128,18810,0.1,0.001,6,6,0,0.5,0.5,2,2
"3517","nonsyn","common",800,0.0244371650485437,0.188315114800968,0.0625130306543959,2575,0.1,0.001,6,6,0,0.5,0.5,2,2
"3518","syn","common",800,0.00534667014069828,0.114876063939639,0.00866814986968968,9595,0.1,0.001,6,6,0,0.5,0.5,2,2
"3519","nonsyn","rare",800,0.000402937060255747,0.0335419471725728,-0.867876393457457,104322,0.1,0.001,6,6,0,0.5,0.5,2,2
"3520","syn","rare",800,0.000462616992512479,0.035362090783553,-0.748735321608284,38464,0.1,0.001,6,6,0,0.5,0.5,2,2
"3521","nonsyn","int",800,0.00137521538461538,0.062879105108135,-0.545151682832937,19500,0.1,0.001,6,6,0,0.5,0.5,2,2
"3522","syn","int",800,0.00128987253641817,0.057528978541343,-0.357334298705753,18672,0.1,0.001,6,6,0,0.5,0.5,2,2
"3523","nonsyn","common",850,0.0215261643316925,0.182826628474878,0.039515545816678,2641,0.1,0.001,6,6,0,0.5,0.5,2,2
"3524","syn","common",850,0.00551332987012987,0.109458644278341,0.0120457842250932,9625,0.1,0.001,6,6,0,0.5,0.5,2,2
"3525","nonsyn","rare",850,0.000396636998811353,0.0328951124058782,-0.868283977003942,103479,0.1,0.001,6,6,0,0.5,0.5,2,2
"3526","syn","rare",850,0.000415581812976603,0.0337397798718187,-0.748589592086011,38423,0.1,0.001,6,6,0,0.5,0.5,2,2
"3527","nonsyn","int",850,0.00156427836112827,0.0641319209055326,-0.542909455849727,19428,0.1,0.001,6,6,0,0.5,0.5,2,2
"3528","syn","int",850,0.00114345747224141,0.0576046705006135,-0.341035284396938,18823,0.1,0.001,6,6,0,0.5,0.5,2,2
"3529","nonsyn","common",900,0.0220259201859744,0.176972728608512,0.0422071947279282,2581,0.1,0.001,6,6,0,0.5,0.5,2,2
"3530","syn","common",900,0.00493896982310094,0.107092623241207,0.00697136201973502,9610,0.1,0.001,6,6,0,0.5,0.5,2,2
"3531","nonsyn","rare",900,0.000365936952714536,0.0321631529512391,-0.86956195570443,103922,0.1,0.001,6,6,0,0.5,0.5,2,2
"3532","syn","rare",900,0.000395229396106269,0.0323422582935967,-0.750374901949086,38318,0.1,0.001,6,6,0,0.5,0.5,2,2
"3533","nonsyn","int",900,0.0012496450593295,0.0600505299951723,-0.545564120770552,19299,0.1,0.001,6,6,0,0.5,0.5,2,2
"3534","syn","int",900,0.000986459824980111,0.0542806184158676,-0.347241657532468,18855,0.1,0.001,6,6,0,0.5,0.5,2,2
"3535","nonsyn","common",950,0.0207097842835131,0.173833110150722,0.0387529873786233,2596,0.1,0.001,6,6,0,0.5,0.5,2,2
"3536","syn","common",950,0.00484654094603042,0.103859389441236,0.00566466122938899,9598,0.1,0.001,6,6,0,0.5,0.5,2,2
"3537","nonsyn","rare",950,0.00036136208109645,0.0317103801389645,-0.868842779256919,103753,0.1,0.001,6,6,0,0.5,0.5,2,2
"3538","syn","rare",950,0.000390605187319885,0.0325630990623796,-0.750842687214322,38170,0.1,0.001,6,6,0,0.5,0.5,2,2
"3539","nonsyn","int",950,0.00127333196152065,0.058503233627956,-0.537794134700853,19439,0.1,0.001,6,6,0,0.5,0.5,2,2
"3540","syn","int",950,0.000749198768969543,0.0516285761725011,-0.352212699618525,18846,0.1,0.001,6,6,0,0.5,0.5,2,2
"3541","nonsyn","common",1000,0.021948177813376,0.168504616458613,0.059879336305333,2497,0.1,0.001,6,6,0,0.5,0.5,2,2
"3542","syn","common",1000,0.00247874586092715,0.0989609824832776,-0.00799663975530858,9664,0.1,0.001,6,6,0,0.5,0.5,2,2
"3543","nonsyn","rare",1000,0.000354413445378151,0.0311180357221814,-0.868701105326876,104125,0.1,0.001,6,6,0,0.5,0.5,2,2
"3544","syn","rare",1000,0.00034270008336807,0.0305826472700163,-0.752713257005274,38384,0.1,0.001,6,6,0,0.5,0.5,2,2
"3545","nonsyn","int",1000,0.0011310096277609,0.0564585585172784,-0.537882503155397,19423,0.1,0.001,6,6,0,0.5,0.5,2,2
"3546","syn","int",1000,0.00106394310464681,0.052218065090253,-0.347209445650007,18701,0.1,0.001,6,6,0,0.5,0.5,2,2
"3547","nonsyn","common",1050,0.0207433148734177,0.169049265166587,0.0478046572514964,2528,0.1,0.001,6,6,0,0.5,0.5,2,2
"3548","syn","common",1050,0.00457559662090813,0.0953325838247411,0.00316152839988418,9470,0.1,0.001,6,6,0,0.5,0.5,2,2
"3549","nonsyn","rare",1050,0.000368422469921811,0.0313651156588877,-0.868119153839067,103979,0.1,0.001,6,6,0,0.5,0.5,2,2
"3550","syn","rare",1050,0.000394072482377296,0.0324261828911462,-0.753008887732402,38161,0.1,0.001,6,6,0,0.5,0.5,2,2
"3551","nonsyn","int",1050,0.00109233814261159,0.05515935901117,-0.537079054436212,19199,0.1,0.001,6,6,0,0.5,0.5,2,2
"3552","syn","int",1050,0.00134832011075023,0.0514889791008752,-0.333211794151048,18781,0.1,0.001,6,6,0,0.5,0.5,2,2
"3553","nonsyn","common",1100,0.023093459752322,0.170288812982419,0.0640566026600673,2584,0.1,0.001,6,6,0,0.5,0.5,2,2
"3554","syn","common",1100,0.0034286092014807,0.0930810856024172,-0.0014712502506248,9455,0.1,0.001,6,6,0,0.5,0.5,2,2
"3555","nonsyn","rare",1100,0.000337371950983803,0.0301023531229001,-0.869224785513151,103476,0.1,0.001,6,6,0,0.5,0.5,2,2
"3556","syn","rare",1100,0.000324316652649285,0.0300824181395395,-0.75671023084684,38048,0.1,0.001,6,6,0,0.5,0.5,2,2
"3557","nonsyn","int",1100,0.000886907697958755,0.0528893814072122,-0.540780808364532,19057,0.1,0.001,6,6,0,0.5,0.5,2,2
"3558","syn","int",1100,0.000835593947848482,0.047891180231737,-0.340975556529951,18638,0.1,0.001,6,6,0,0.5,0.5,2,2
"3559","nonsyn","common",1150,0.0197277445855116,0.157732556772149,0.0401094972670777,2678,0.1,0.001,6,6,0,0.5,0.5,2,2
"3560","syn","common",1150,0.00355100073352195,0.0915383970436515,-0.00127557396775488,9543,0.1,0.001,6,6,0,0.5,0.5,2,2
"3561","nonsyn","rare",1150,0.000318505968574222,0.0296929717669401,-0.871805532723083,103291,0.1,0.001,6,6,0,0.5,0.5,2,2
"3562","syn","rare",1150,0.000309726356467701,0.0289141830012153,-0.752304604721374,38298,0.1,0.001,6,6,0,0.5,0.5,2,2
"3563","nonsyn","int",1150,0.0010464467920639,0.0530086137024067,-0.526439021541224,19405,0.1,0.001,6,6,0,0.5,0.5,2,2
"3564","syn","int",1150,0.00106666666666667,0.0478791279001735,-0.336719519386733,18747,0.1,0.001,6,6,0,0.5,0.5,2,2
"3565","nonsyn","common",1200,0.0199250409165303,0.151542499510586,0.0505392707763137,2444,0.1,0.001,6,6,0,0.5,0.5,2,2
"3566","syn","common",1200,0.00383931404072883,0.0890400758922279,0.000772211518970914,9330,0.1,0.001,6,6,0,0.5,0.5,2,2
"3567","nonsyn","rare",1200,0.000304474363810463,0.0288419771718259,-0.869502329165123,103389,0.1,0.001,6,6,0,0.5,0.5,2,2
"3568","syn","rare",1200,0.000342499670402109,0.0296128028233455,-0.750577036948627,37925,0.1,0.001,6,6,0,0.5,0.5,2,2
"3569","nonsyn","int",1200,0.00116963799743261,0.052423903816037,-0.523795907675689,19475,0.1,0.001,6,6,0,0.5,0.5,2,2
"3570","syn","int",1200,0.000804094265855778,0.0455051385724832,-0.337377698816097,18416,0.1,0.001,6,6,0,0.5,0.5,2,2
"3571","nonsyn","common",1300,0.0204018838304553,0.152137769504063,0.0529549793371657,5096,0.1,0.001,6,6,0,0.5,0.5,2,2
"3572","syn","common",1300,0.00398702413991726,0.0852331587518549,0.00325081863943384,19097,0.1,0.001,6,6,0,0.5,0.5,2,2
"3573","nonsyn","rare",1300,0.000301882933401833,0.0286418818463123,-0.871307925809323,206327,0.1,0.001,6,6,0,0.5,0.5,2,2
"3574","syn","rare",1300,0.00029154754587186,0.0288995296989515,-0.755421354827129,76463,0.1,0.001,6,6,0,0.5,0.5,2,2
"3575","nonsyn","int",1300,0.00116379122022262,0.0514581957546292,-0.518715371827035,38452,0.1,0.001,6,6,0,0.5,0.5,2,2
"3576","syn","int",1300,0.000948949054964154,0.0432738695866631,-0.330683187468814,36824,0.1,0.001,6,6,0,0.5,0.5,2,2
"3577","nonsyn","common",1400,0.0214437630927442,0.146708690490166,0.0623829770265656,5251,0.1,0.001,6,6,0,0.5,0.5,2,2
"3578","syn","common",1400,0.00371031947529885,0.0806957588801374,0.00279474267104159,18906,0.1,0.001,6,6,0,0.5,0.5,2,2
"3579","nonsyn","rare",1400,0.000294984468593658,0.0279433884407168,-0.870307442471488,206678,0.1,0.001,6,6,0,0.5,0.5,2,2
"3580","syn","rare",1400,0.000303324121699348,0.0277496962299031,-0.756990504572997,75629,0.1,0.001,6,6,0,0.5,0.5,2,2
"3581","nonsyn","int",1400,0.000993686011317279,0.04881832931887,-0.518283218614882,37995,0.1,0.001,6,6,0,0.5,0.5,2,2
"3582","syn","int",1400,0.000707468958930277,0.0412058604292085,-0.328893855508751,36645,0.1,0.001,6,6,0,0.5,0.5,2,2
"3583","nonsyn","common",1500,0.0192806592987805,0.145002640437917,0.0461926779713184,5248,0.1,0.001,6,6,0,0.5,0.5,2,2
"3584","syn","common",1500,0.00351207268896497,0.079169692248029,0.000449740929803462,18985,0.1,0.001,6,6,0,0.5,0.5,2,2
"3585","nonsyn","rare",1500,0.000272480395640555,0.0270944266387452,-0.871688191468572,205439,0.1,0.001,6,6,0,0.5,0.5,2,2
"3586","syn","rare",1500,0.000299403602242456,0.0265966634755298,-0.759518635694174,75453,0.1,0.001,6,6,0,0.5,0.5,2,2
"3587","nonsyn","int",1500,0.000796203833074104,0.0459074531998172,-0.512889128107391,37933,0.1,0.001,6,6,0,0.5,0.5,2,2
"3588","syn","int",1500,0.000584095367847411,0.040060758222466,-0.328699837911006,36700,0.1,0.001,6,6,0,0.5,0.5,2,2
"3589","nonsyn","common",1600,0.0188613183343201,0.13891043181582,0.0462690468520859,5067,0.1,0.001,6,6,0,0.5,0.5,2,2
"3590","syn","common",1600,0.00346842767955511,0.0750887241661828,0.00373269947471397,19061,0.1,0.001,6,6,0,0.5,0.5,2,2
"3591","nonsyn","rare",1600,0.000275262060634401,0.026892047383353,-0.86975863605914,205296,0.1,0.001,6,6,0,0.5,0.5,2,2
"3592","syn","rare",1600,0.000253120821805377,0.0258566383405332,-0.757150084022753,75541,0.1,0.001,6,6,0,0.5,0.5,2,2
"3593","nonsyn","int",1600,0.00101620658254195,0.0463554335455171,-0.501716618962274,38435,0.1,0.001,6,6,0,0.5,0.5,2,2
"3594","syn","int",1600,0.000629381838074398,0.0381461640898961,-0.320908137251395,36560,0.1,0.001,6,6,0,0.5,0.5,2,2
"3595","nonsyn","common",1700,0.0182988153998026,0.131430389863305,0.0434373928847493,5065,0.1,0.001,6,6,0,0.5,0.5,2,2
"3596","syn","common",1700,0.00338218551060136,0.0734000366998519,0.00103669779108599,19007,0.1,0.001,6,6,0,0.5,0.5,2,2
"3597","nonsyn","rare",1700,0.000246712937880407,0.0257678616391222,-0.872163857537999,204879,0.1,0.001,6,6,0,0.5,0.5,2,2
"3598","syn","rare",1700,0.00023941893258128,0.0248731527035611,-0.758594574010163,75172,0.1,0.001,6,6,0,0.5,0.5,2,2
"3599","nonsyn","int",1700,0.000717238482740517,0.0431381456087256,-0.507747983845545,38095,0.1,0.001,6,6,0,0.5,0.5,2,2
"3600","syn","int",1700,0.000520669435621793,0.0371759328719601,-0.320801325856796,36837,0.1,0.001,6,6,0,0.5,0.5,2,2
"3601","nonsyn","common",1800,0.0180405055732484,0.131649680452955,0.0413715763067222,5024,0.1,0.001,6,6,0,0.5,0.5,2,2
"3602","syn","common",1800,0.00274354293078451,0.0698073226309027,-0.00112843223921934,18623,0.1,0.001,6,6,0,0.5,0.5,2,2
"3603","nonsyn","rare",1800,0.000245011676877828,0.0253918918033525,-0.871304792219833,204678,0.1,0.001,6,6,0,0.5,0.5,2,2
"3604","syn","rare",1800,0.000242585276352971,0.0246792163315591,-0.757597267901405,74669,0.1,0.001,6,6,0,0.5,0.5,2,2
"3605","nonsyn","int",1800,0.00085273451837869,0.0429591466775458,-0.495645680611371,38142,0.1,0.001,6,6,0,0.5,0.5,2,2
"3606","syn","int",1800,0.000497256504563411,0.0354732533872351,-0.32255098993939,36705,0.1,0.001,6,6,0,0.5,0.5,2,2
"3607","nonsyn","common",1900,0.018940518444666,0.131923065882497,0.046114249706936,5015,0.1,0.001,6,6,0,0.5,0.5,2,2
"3608","syn","common",1900,0.00297550932413496,0.0674381646719338,0.000330787492142351,18554,0.1,0.001,6,6,0,0.5,0.5,2,2
"3609","nonsyn","rare",1900,0.000238200005866995,0.0248547641558609,-0.872376434553809,204534,0.1,0.001,6,6,0,0.5,0.5,2,2
"3610","syn","rare",1900,0.000226169092187479,0.0238580447263292,-0.756497551772384,75379,0.1,0.001,6,6,0,0.5,0.5,2,2
"3611","nonsyn","int",1900,0.000895854852952982,0.0415804865880488,-0.490970998985286,37369,0.1,0.001,6,6,0,0.5,0.5,2,2
"3612","syn","int",1900,0.000585133527948967,0.0353734837418134,-0.311819544293145,36996,0.1,0.001,6,6,0,0.5,0.5,2,2
"3613","nonsyn","common",2000,0.0194207954095766,0.126106675013343,0.0555811049394057,5054,0.1,0.001,6,6,0,0.5,0.5,2,2
"3614","syn","common",2000,0.00379232433601991,0.0656240136959463,0.00744496922647624,18487,0.1,0.001,6,6,0,0.5,0.5,2,2
"3615","nonsyn","rare",2000,0.000243556727559688,0.0249083317066468,-0.869937053259289,204019,0.1,0.001,6,6,0,0.5,0.5,2,2
"3616","syn","rare",2000,0.000227807862812243,0.0239190037999684,-0.754704336094944,75342,0.1,0.001,6,6,0,0.5,0.5,2,2
"3617","nonsyn","int",2000,0.00101289043792902,0.0417531864708495,-0.4849459199655,37586,0.1,0.001,6,6,0,0.5,0.5,2,2
"3618","syn","int",2000,0.000526020394289599,0.0339840409709684,-0.31603196534864,36775,0.1,0.001,6,6,0,0.5,0.5,2,2
"3619","nonsyn","common",2500,0.0178761648675172,0.118745670454478,0.0496966444686439,25475,0.1,0.001,6,6,0,0.5,0.5,2,2
"3620","syn","common",2500,0.00269762886040348,0.0615810163134259,-0.000360659675155095,92445,0.1,0.001,6,6,0,0.5,0.5,2,2
"3621","nonsyn","rare",2500,0.000213395485624894,0.0234680852955756,-0.871176675009923,1011923,0.1,0.001,6,6,0,0.5,0.5,2,2
"3622","syn","rare",2500,0.000202849965512707,0.0223956894318807,-0.757100261846172,372601,0.1,0.001,6,6,0,0.5,0.5,2,2
"3623","nonsyn","int",2500,0.000786882977987539,0.0382287216924605,-0.478077633878403,187939,0.1,0.001,6,6,0,0.5,0.5,2,2
"3624","syn","int",2500,0.000459194670810123,0.0312378125897115,-0.306639674715055,181491,0.1,0.001,6,6,0,0.5,0.5,2,2
"3625","nonsyn","common",3000,0.0162411443062049,0.105884119174934,0.043847574261585,25238,0.1,0.001,6,6,0,0.5,0.5,2,2
"3626","syn","common",3000,0.0026273769474475,0.0560079431698403,-0.000410944802764472,91851,0.1,0.001,6,6,0,0.5,0.5,2,2
"3627","nonsyn","rare",3000,0.000185131140860888,0.0218555945275981,-0.871558412016659,1006170,0.1,0.001,6,6,0,0.5,0.5,2,2
"3628","syn","rare",3000,0.00018671442386131,0.0211123102847366,-0.757500157341719,370206,0.1,0.001,6,6,0,0.5,0.5,2,2
"3629","nonsyn","int",3000,0.000678653048024578,0.0342542678118135,-0.465435101261922,185530,0.1,0.001,6,6,0,0.5,0.5,2,2
"3630","syn","int",3000,0.000461792580707627,0.0280652461219028,-0.295563247692303,180745,0.1,0.001,6,6,0,0.5,0.5,2,2
"3631","nonsyn","common",3500,0.0162726609963548,0.0981245279973176,0.0469347790980672,24690,0.1,0.001,6,6,0,0.5,0.5,2,2
"3632","syn","common",3500,0.00246283377302882,0.0504952931789838,0.00015975280557521,90593,0.1,0.001,6,6,0,0.5,0.5,2,2
"3633","nonsyn","rare",3500,0.000168360030495777,0.0207296226792993,-0.870824203495112,998171,0.1,0.001,6,6,0,0.5,0.5,2,2
"3634","syn","rare",3500,0.000173567521892346,0.0200038290737976,-0.754993988240911,368051,0.1,0.001,6,6,0,0.5,0.5,2,2
"3635","nonsyn","int",3500,0.000622679566714834,0.0314452244777845,-0.45393326253808,184082,0.1,0.001,6,6,0,0.5,0.5,2,2
"3636","syn","int",3500,0.000449446342062376,0.0260768620590639,-0.286584086465662,179172,0.1,0.001,6,6,0,0.5,0.5,2,2
"3637","nonsyn","common",4000,0.0150784067755983,0.08963732323446,0.0450822034835051,25031,0.1,0.001,6,6,0,0.5,0.5,2,2
"3638","syn","common",4000,0.00206584460765365,0.0470032028423017,-0.0012202503067315,90545,0.1,0.001,6,6,0,0.5,0.5,2,2
"3639","nonsyn","rare",4000,0.000150215348038355,0.0195793818742441,-0.870998953669887,990954,0.1,0.001,6,6,0,0.5,0.5,2,2
"3640","syn","rare",4000,0.00015364703884386,0.0192183520213756,-0.754317161846773,365077,0.1,0.001,6,6,0,0.5,0.5,2,2
"3641","nonsyn","int",4000,0.00045864855100231,0.0289552480035258,-0.44429345533017,182678,0.1,0.001,6,6,0,0.5,0.5,2,2
"3642","syn","int",4000,0.000363176689929423,0.0240154364063444,-0.280572605353264,177537,0.1,0.001,6,6,0,0.5,0.5,2,2
"3643","nonsyn","common",4500,0.0142712054384332,0.0838714086875687,0.0405180954752273,24713,0.1,0.001,6,6,0,0.5,0.5,2,2
"3644","syn","common",4500,0.00218510972654132,0.0441652022929458,0.000121408714859463,90361,0.1,0.001,6,6,0,0.5,0.5,2,2
"3645","nonsyn","rare",4500,0.000142387504837954,0.0188955148780778,-0.870160202036431,981820,0.1,0.001,6,6,0,0.5,0.5,2,2
"3646","syn","rare",4500,0.000144057842034421,0.0182324551244711,-0.755833690703335,361813,0.1,0.001,6,6,0,0.5,0.5,2,2
"3647","nonsyn","int",4500,0.000468756547533716,0.0272778373073961,-0.435750379196656,181366,0.1,0.001,6,6,0,0.5,0.5,2,2
"3648","syn","int",4500,0.0003770337591811,0.022857814764904,-0.274757007187247,176041,0.1,0.001,6,6,0,0.5,0.5,2,2
"3649","nonsyn","common",5000,0.014234931199216,0.0774885783818782,0.0448486035086971,24491,0.1,0.001,6,6,0,0.5,0.5,2,2
"3650","syn","common",5000,0.00205586700629509,0.0409578062944823,0.000889703697790018,89117,0.1,0.001,6,6,0,0.5,0.5,2,2
"3651","nonsyn","rare",5000,0.000134977252606099,0.0183586381333965,-0.869317603392427,977035,0.1,0.001,6,6,0,0.5,0.5,2,2
"3652","syn","rare",5000,0.000133186387618615,0.0175413715888107,-0.754475020690714,358409,0.1,0.001,6,6,0,0.5,0.5,2,2
"3653","nonsyn","int",5000,0.000431834561424028,0.0257070619238649,-0.429858309871107,179547,0.1,0.001,6,6,0,0.5,0.5,2,2
"3654","syn","int",5000,0.000312693939947066,0.0218147138739721,-0.27174620145312,175312,0.1,0.001,6,6,0,0.5,0.5,2,2
"3655","nonsyn","common",7500,0.0120915768675179,0.0636742724194607,0.0373854449225094,120454,0.1,0.001,6,6,0,0.5,0.5,2,2
"3656","syn","common",7500,0.00178621271626732,0.0353021713445975,-0.000458259575392892,438462,0.1,0.001,6,6,0,0.5,0.5,2,2
"3657","nonsyn","rare",7500,0.000108992089967089,0.0167990457338841,-0.868851483196149,4784683,0.1,0.001,6,6,0,0.5,0.5,2,2
"3658","syn","rare",7500,0.000112308501541407,0.0162698755613476,-0.754455625060428,1762351,0.1,0.001,6,6,0,0.5,0.5,2,2
"3659","nonsyn","int",7500,0.000352307629323678,0.0225184809580215,-0.414189255213497,879344,0.1,0.001,6,6,0,0.5,0.5,2,2
"3660","syn","int",7500,0.000218363855836411,0.0191540007760235,-0.262441245126087,859912,0.1,0.001,6,6,0,0.5,0.5,2,2
"3661","nonsyn","common",10000,0.00934093920137543,0.046347394657296,0.0296845048214958,118654,0.1,0.001,6,6,0,0.5,0.5,2,2
"3662","syn","common",10000,0.00132871279235001,0.0278326609970791,-0.00154675338261811,426458,0.1,0.001,6,6,0,0.5,0.5,2,2
"3663","nonsyn","rare",10000,8.59914622681914e-05,0.0153367228396483,-0.867993537333393,4611295,0.1,0.001,6,6,0,0.5,0.5,2,2
"3664","syn","rare",10000,9.62173204866596e-05,0.015012597948987,-0.752716524517675,1704929,0.1,0.001,6,6,0,0.5,0.5,2,2
"3665","nonsyn","int",10000,0.000211876588502582,0.0189966216682081,-0.398373800861645,845529,0.1,0.001,6,6,0,0.5,0.5,2,2
"3666","syn","int",10000,0.000198815768147957,0.0165658172783184,-0.248781494215553,832945,0.1,0.001,6,6,0,0.5,0.5,2,2
"3667","nonsyn","int",10,0.00359825634057971,0.156590753985178,-0.607831170091666,4416,0.1,0.001,6,6,0,0.5,0.5,3,2
"3668","syn","int",10,0.00425744680851064,0.309347429630369,-0.359488646853478,4794,0.1,0.001,6,6,0,0.5,0.5,3,2
"3669","nonsyn","common",10,0.0177973607038123,0.565550928291106,-0.0383220031102481,682,0.1,0.001,6,6,0,0.5,0.5,3,2
"3670","syn","common",10,0.00508186372745491,0.665531008225652,-0.025314653301247,2994,0.1,0.001,6,6,0,0.5,0.5,3,2
"3671","nonsyn","rare",10,0.000840780727380499,0.056831973689373,-0.852898600206297,23619,0.1,0.001,6,6,0,0.5,0.5,3,2
"3672","syn","rare",10,0.00149869900771775,0.113838072331065,-0.685237725534171,9070,0.1,0.001,6,6,0,0.5,0.5,3,2
"3673","nonsyn","int",15,0.00388098946404031,0.157813603075551,-0.587779924316074,2183,0.1,0.001,6,6,0,0.5,0.5,3,2
"3674","syn","int",15,0.00460516717325228,0.272125374542272,-0.358994427980722,2303,0.1,0.001,6,6,0,0.5,0.5,3,2
"3675","nonsyn","common",15,0.0484976744186046,0.588973589289234,0.110044233618461,344,0.1,0.001,6,6,0,0.5,0.5,3,2
"3676","syn","common",15,0.00569594202898551,0.620328263535604,-0.0361445087827447,1380,0.1,0.001,6,6,0,0.5,0.5,3,2
"3677","nonsyn","rare",15,0.000931519138755981,0.0583313169649008,-0.844473989922469,11704,0.1,0.001,6,6,0,0.5,0.5,3,2
"3678","syn","rare",15,0.00135224083295609,0.117076925448901,-0.690315366188753,4418,0.1,0.001,6,6,0,0.5,0.5,3,2
"3679","nonsyn","int",20,0.00396430898092136,0.155455035781268,-0.601166484559078,2149,0.1,0.001,6,6,0,0.5,0.5,3,2
"3680","syn","int",20,0.00597481641468682,0.290681120794126,-0.329327566072658,2315,0.1,0.001,6,6,0,0.5,0.5,3,2
"3681","nonsyn","common",20,0.0190809836065574,0.522619438410984,0.00939792191610354,305,0.1,0.001,6,6,0,0.5,0.5,3,2
"3682","syn","common",20,0.00678535031847134,0.607825523559529,-0.0285651142128052,1413,0.1,0.001,6,6,0,0.5,0.5,3,2
"3683","nonsyn","rare",20,0.000861303756586775,0.0573063256243183,-0.852142615743859,11766,0.1,0.001,6,6,0,0.5,0.5,3,2
"3684","syn","rare",20,0.00125279712424174,0.108895208250814,-0.69703387870975,4451,0.1,0.001,6,6,0,0.5,0.5,3,2
"3685","nonsyn","int",25,0.00207854785478548,0.139109972076126,-0.633745200818642,2121,0.1,0.001,6,6,0,0.5,0.5,3,2
"3686","syn","int",25,0.00727913188647746,0.267291103331503,-0.337905956810497,2396,0.1,0.001,6,6,0,0.5,0.5,3,2
"3687","nonsyn","common",25,0.00883591549295775,0.485864100851488,-0.0838017438614843,284,0.1,0.001,6,6,0,0.5,0.5,3,2
"3688","syn","common",25,0.00170732574679943,0.591580197768107,-0.0492927514386595,1406,0.1,0.001,6,6,0,0.5,0.5,3,2
"3689","nonsyn","rare",25,0.000774861336291492,0.0549974929281208,-0.853240345073252,11719,0.1,0.001,6,6,0,0.5,0.5,3,2
"3690","syn","rare",25,0.00132364401151207,0.0943265127023203,-0.700681900615615,4517,0.1,0.001,6,6,0,0.5,0.5,3,2
"3691","nonsyn","int",50,0.00368803290949888,0.142380535173628,-0.592350061400485,10696,0.1,0.001,6,6,0,0.5,0.5,3,2
"3692","syn","int",50,0.00596881593306657,0.255357406628606,-0.339764838319542,10996,0.1,0.001,6,6,0,0.5,0.5,3,2
"3693","nonsyn","common",50,0.0160493487698987,0.456701695602709,-0.041871981597357,1382,0.1,0.001,6,6,0,0.5,0.5,3,2
"3694","syn","common",50,0.00970775696799882,0.545879083059074,0.000380702142612247,6781,0.1,0.001,6,6,0,0.5,0.5,3,2
"3695","nonsyn","rare",50,0.000817288798232194,0.0549123563352657,-0.852446837435304,58830,0.1,0.001,6,6,0,0.5,0.5,3,2
"3696","syn","rare",50,0.00136076526383645,0.100833357344807,-0.699470095195239,21718,0.1,0.001,6,6,0,0.5,0.5,3,2
"3697","nonsyn","int",75,0.00373963494132986,0.134790097227955,-0.59864997874642,10738,0.1,0.001,6,6,0,0.5,0.5,3,2
"3698","syn","int",75,0.00451998532513987,0.215034385699814,-0.357333306958052,10903,0.1,0.001,6,6,0,0.5,0.5,3,2
"3699","nonsyn","common",75,0.0114314989138306,0.419706114546125,-0.0651847265533225,1381,0.1,0.001,6,6,0,0.5,0.5,3,2
"3700","syn","common",75,0.00817131303520457,0.475284124237252,-0.0140879033848049,6306,0.1,0.001,6,6,0,0.5,0.5,3,2
"3701","nonsyn","rare",75,0.000803300144668539,0.0525679918515062,-0.853386090553275,58755,0.1,0.001,6,6,0,0.5,0.5,3,2
"3702","syn","rare",75,0.00111057920701626,0.0853258269933139,-0.718996981920498,21892,0.1,0.001,6,6,0,0.5,0.5,3,2
"3703","nonsyn","int",100,0.00342586529466791,0.126829465169498,-0.600335953334842,10690,0.1,0.001,6,6,0,0.5,0.5,3,2
"3704","syn","int",100,0.00484249222358375,0.19049704201046,-0.35424231205306,10609,0.1,0.001,6,6,0,0.5,0.5,3,2
"3705","nonsyn","common",100,0.0146289550072569,0.39310664454551,-0.0434291197890237,1378,0.1,0.001,6,6,0,0.5,0.5,3,2
"3706","syn","common",100,0.00737645134914146,0.417649772878203,-0.00612483884337949,6115,0.1,0.001,6,6,0,0.5,0.5,3,2
"3707","nonsyn","rare",100,0.000770326725529941,0.0519818695576057,-0.856435198034776,58214,0.1,0.001,6,6,0,0.5,0.5,3,2
"3708","syn","rare",100,0.00107821942529268,0.0781640662769579,-0.725813804967621,21611,0.1,0.001,6,6,0,0.5,0.5,3,2
"3709","nonsyn","int",125,0.00296110903659447,0.119445789865769,-0.599045375153988,10712,0.1,0.001,6,6,0,0.5,0.5,3,2
"3710","syn","int",125,0.00397553149990248,0.170484057444234,-0.372637205280611,10254,0.1,0.001,6,6,0,0.5,0.5,3,2
"3711","nonsyn","common",125,0.0167654247391952,0.369182637693488,-0.030035972548185,1342,0.1,0.001,6,6,0,0.5,0.5,3,2
"3712","syn","common",125,0.00812247491638796,0.369680443793606,-0.00307753001660685,5980,0.1,0.001,6,6,0,0.5,0.5,3,2
"3713","nonsyn","rare",125,0.00072177417971631,0.04976400041801,-0.857936262661196,58303,0.1,0.001,6,6,0,0.5,0.5,3,2
"3714","syn","rare",125,0.000996670724854842,0.0731675441757973,-0.726625631105858,21356,0.1,0.001,6,6,0,0.5,0.5,3,2
"3715","nonsyn","int",150,0.00256113439508243,0.109850370524808,-0.613132794777029,10737,0.1,0.001,6,6,0,0.5,0.5,3,2
"3716","syn","int",150,0.00318727467602066,0.149149053434737,-0.382056667636542,10263,0.1,0.001,6,6,0,0.5,0.5,3,2
"3717","nonsyn","common",150,0.0230824884792627,0.348314545579181,0.0231898843634605,1302,0.1,0.001,6,6,0,0.5,0.5,3,2
"3718","syn","common",150,0.00785593863127047,0.341433363218526,-0.00479912021833296,5801,0.1,0.001,6,6,0,0.5,0.5,3,2
"3719","nonsyn","rare",150,0.000693781564572096,0.0485875297159564,-0.858426948647612,58214,0.1,0.001,6,6,0,0.5,0.5,3,2
"3720","syn","rare",150,0.000928570763067176,0.0669730876808147,-0.729250262130374,21466,0.1,0.001,6,6,0,0.5,0.5,3,2
"3721","nonsyn","int",175,0.00334118919936024,0.11485778916664,-0.58847768754438,10629,0.1,0.001,6,6,0,0.5,0.5,3,2
"3722","syn","int",175,0.00301913103721298,0.139770406809178,-0.375834976949951,10104,0.1,0.001,6,6,0,0.5,0.5,3,2
"3723","nonsyn","common",175,0.0133342620481928,0.323259677598204,-0.0456263583427015,1328,0.1,0.001,6,6,0,0.5,0.5,3,2
"3724","syn","common",175,0.00785466454239689,0.313054017731919,0.00494018314761754,5649,0.1,0.001,6,6,0,0.5,0.5,3,2
"3725","nonsyn","rare",175,0.000731941740941843,0.0485897087144113,-0.858071543302014,58566,0.1,0.001,6,6,0,0.5,0.5,3,2
"3726","syn","rare",175,0.00085662999146353,0.0606290184311664,-0.743824629351031,21086,0.1,0.001,6,6,0,0.5,0.5,3,2
"3727","nonsyn","int",200,0.00276869691119691,0.103075639262849,-0.594118032707592,10360,0.1,0.001,6,6,0,0.5,0.5,3,2
"3728","syn","int",200,0.00288314786967419,0.131232553405286,-0.380544445405312,9975,0.1,0.001,6,6,0,0.5,0.5,3,2
"3729","nonsyn","common",200,0.0159334346504559,0.299570242044834,-0.0191163774656757,1316,0.1,0.001,6,6,0,0.5,0.5,3,2
"3730","syn","common",200,0.00577600502512563,0.284212113088509,-0.0102000496026335,5572,0.1,0.001,6,6,0,0.5,0.5,3,2
"3731","nonsyn","rare",200,0.000651279532647469,0.0465722632306652,-0.862945084655211,58029,0.1,0.001,6,6,0,0.5,0.5,3,2
"3732","syn","rare",200,0.000986946933796275,0.0615502328847311,-0.733644373941235,21313,0.1,0.001,6,6,0,0.5,0.5,3,2
"3733","nonsyn","int",250,0.00228847603401623,0.0995513069426323,-0.600552717537527,20696,0.1,0.001,6,6,0,0.5,0.5,3,2
"3734","syn","int",250,0.00268754996003197,0.120988885726615,-0.383465906624022,20016,0.1,0.001,6,6,0,0.5,0.5,3,2
"3735","nonsyn","common",250,0.0187354786806114,0.27799527912193,-0.00235809366843501,2486,0.1,0.001,6,6,0,0.5,0.5,3,2
"3736","syn","common",250,0.00689154478976234,0.25067251392058,-0.0010307261173558,10940,0.1,0.001,6,6,0,0.5,0.5,3,2
"3737","nonsyn","rare",250,0.000615244201557726,0.0446415998098721,-0.863993999094224,116195,0.1,0.001,6,6,0,0.5,0.5,3,2
"3738","syn","rare",250,0.000732973743614114,0.0551250973467251,-0.750875302672117,42085,0.1,0.001,6,6,0,0.5,0.5,3,2
"3739","nonsyn","int",300,0.00231016221374046,0.0929166161549866,-0.587641402117134,20960,0.1,0.001,6,6,0,0.5,0.5,3,2
"3740","syn","int",300,0.0025721814341748,0.107012733136588,-0.375852469828603,19886,0.1,0.001,6,6,0,0.5,0.5,3,2
"3741","nonsyn","common",300,0.019201321414691,0.264540235695531,0.00573398314820193,2573,0.1,0.001,6,6,0,0.5,0.5,3,2
"3742","syn","common",300,0.00714290695540466,0.220618823342271,0.00460395341756464,10898,0.1,0.001,6,6,0,0.5,0.5,3,2
"3743","nonsyn","rare",300,0.000580577955257847,0.0429881511361089,-0.865181994443214,116445,0.1,0.001,6,6,0,0.5,0.5,3,2
"3744","syn","rare",300,0.000717141351474357,0.0522482162955592,-0.748957017418452,41747,0.1,0.001,6,6,0,0.5,0.5,3,2
"3745","nonsyn","int",350,0.00189759626941012,0.087560980378239,-0.588846197775055,20801,0.1,0.001,6,6,0,0.5,0.5,3,2
"3746","syn","int",350,0.00206506169124285,0.0963861234892647,-0.382103556869039,19938,0.1,0.001,6,6,0,0.5,0.5,3,2
"3747","nonsyn","common",350,0.0241650962720197,0.252526828947656,0.0415899325291907,2441,0.1,0.001,6,6,0,0.5,0.5,3,2
"3748","syn","common",350,0.00622052167242041,0.193258730734767,-0.000942994422607063,10428,0.1,0.001,6,6,0,0.5,0.5,3,2
"3749","nonsyn","rare",350,0.000521596446219804,0.0404987792849901,-0.868194018683504,116158,0.1,0.001,6,6,0,0.5,0.5,3,2
"3750","syn","rare",350,0.000659783976261128,0.0483242380697208,-0.750830298871603,42125,0.1,0.001,6,6,0,0.5,0.5,3,2
"3751","nonsyn","int",400,0.00191487734487734,0.0812038061974188,-0.579509412064445,20790,0.1,0.001,6,6,0,0.5,0.5,3,2
"3752","syn","int",400,0.0017789010989011,0.0859951533293413,-0.384067725371329,19565,0.1,0.001,6,6,0,0.5,0.5,3,2
"3753","nonsyn","common",400,0.0199433749496577,0.22807616175223,0.0161984524795106,2483,0.1,0.001,6,6,0,0.5,0.5,3,2
"3754","syn","common",400,0.00610402077722201,0.172958409097703,0.00493291191220243,10396,0.1,0.001,6,6,0,0.5,0.5,3,2
"3755","nonsyn","rare",400,0.000522820847863899,0.040052391342186,-0.867220306262043,115561,0.1,0.001,6,6,0,0.5,0.5,3,2
"3756","syn","rare",400,0.000625511385565419,0.046109513868342,-0.754811244392722,41456,0.1,0.001,6,6,0,0.5,0.5,3,2
"3757","nonsyn","int",450,0.00171526410243973,0.0773764017754757,-0.581303841734473,20617,0.1,0.001,6,6,0,0.5,0.5,3,2
"3758","syn","int",450,0.00150922178390286,0.0807439732937833,-0.382867506489599,19519,0.1,0.001,6,6,0,0.5,0.5,3,2
"3759","nonsyn","common",450,0.0148832773109244,0.209449098551276,-0.01224013405266,2380,0.1,0.001,6,6,0,0.5,0.5,3,2
"3760","syn","common",450,0.00385966711825044,0.157006799232912,-0.0110903151622343,10334,0.1,0.001,6,6,0,0.5,0.5,3,2
"3761","nonsyn","rare",450,0.00046710088428259,0.0376777968084194,-0.871140462593605,115687,0.1,0.001,6,6,0,0.5,0.5,3,2
"3762","syn","rare",450,0.000529121652238201,0.0435185353842275,-0.755920344102946,41931,0.1,0.001,6,6,0,0.5,0.5,3,2
"3763","nonsyn","int",500,0.00143181774209152,0.0732530727183149,-0.5697998805004,20674,0.1,0.001,6,6,0,0.5,0.5,3,2
"3764","syn","int",500,0.00175766332954897,0.0755040515095362,-0.367192146411194,19378,0.1,0.001,6,6,0,0.5,0.5,3,2
"3765","nonsyn","common",500,0.0173066856909906,0.203260289274919,0.0079697864940586,2453,0.1,0.001,6,6,0,0.5,0.5,3,2
"3766","syn","common",500,0.00492399881340848,0.142322124676979,0.00151066602132575,10113,0.1,0.001,6,6,0,0.5,0.5,3,2
"3767","nonsyn","rare",500,0.000452761442861473,0.0374631300148748,-0.869923173278893,115465,0.1,0.001,6,6,0,0.5,0.5,3,2
"3768","syn","rare",500,0.000457964900438745,0.0394604904144867,-0.765264004126142,41482,0.1,0.001,6,6,0,0.5,0.5,3,2
"3769","nonsyn","int",550,0.00137236200507119,0.0711695528472365,-0.576569010024941,20508,0.1,0.001,6,6,0,0.5,0.5,3,2
"3770","syn","int",550,0.000976460130718954,0.0695346702976134,-0.380098285239559,19125,0.1,0.001,6,6,0,0.5,0.5,3,2
"3771","nonsyn","common",550,0.0175483586869496,0.189538860871544,0.0123120781148487,2498,0.1,0.001,6,6,0,0.5,0.5,3,2
"3772","syn","common",550,0.00421096404583169,0.131556033387104,-0.00387612044531563,10124,0.1,0.001,6,6,0,0.5,0.5,3,2
"3773","nonsyn","rare",550,0.000412749479216188,0.0360212035656521,-0.871784876842426,115691,0.1,0.001,6,6,0,0.5,0.5,3,2
"3774","syn","rare",550,0.000480090268391581,0.0392139303549552,-0.762712533780868,41432,0.1,0.001,6,6,0,0.5,0.5,3,2
"3775","nonsyn","int",600,0.00119624390243902,0.0671857999272796,-0.573013608794156,20500,0.1,0.001,6,6,0,0.5,0.5,3,2
"3776","syn","int",600,0.00133975284282673,0.066701318717743,-0.36716743195545,19259,0.1,0.001,6,6,0,0.5,0.5,3,2
"3777","nonsyn","common",600,0.0196567480977173,0.181419579195691,0.0291335802026528,2497,0.1,0.001,6,6,0,0.5,0.5,3,2
"3778","syn","common",600,0.00324765186570838,0.120662625015725,-0.00726196284302984,10157,0.1,0.001,6,6,0,0.5,0.5,3,2
"3779","nonsyn","rare",600,0.000405201001094948,0.0353447458064037,-0.871159731676992,115074,0.1,0.001,6,6,0,0.5,0.5,3,2
"3780","syn","rare",600,0.000450217100868404,0.0382572713304688,-0.763152022430457,41916,0.1,0.001,6,6,0,0.5,0.5,3,2
"3781","nonsyn","int",650,0.0014622737501223,0.0665214525155422,-0.555599100528351,20442,0.1,0.001,6,6,0,0.5,0.5,3,2
"3782","syn","int",650,0.00106617286526524,0.0625104772053285,-0.375309864241083,19171,0.1,0.001,6,6,0,0.5,0.5,3,2
"3783","nonsyn","common",650,0.0178275819672131,0.174408091559085,0.0234482797502958,2440,0.1,0.001,6,6,0,0.5,0.5,3,2
"3784","syn","common",650,0.00378037806438909,0.116678964738574,0.000699126906559462,10157,0.1,0.001,6,6,0,0.5,0.5,3,2
"3785","nonsyn","rare",650,0.00035791256696663,0.0330557210186932,-0.87544037000824,114236,0.1,0.001,6,6,0,0.5,0.5,3,2
"3786","syn","rare",650,0.000422840287563591,0.0358281293773834,-0.764791743075774,41869,0.1,0.001,6,6,0,0.5,0.5,3,2
"3787","nonsyn","int",700,0.00139636868785338,0.0638770061261808,-0.55313956370586,20516,0.1,0.001,6,6,0,0.5,0.5,3,2
"3788","syn","int",700,0.000949156918537254,0.0598871312521821,-0.369953537031163,18978,0.1,0.001,6,6,0,0.5,0.5,3,2
"3789","nonsyn","common",700,0.0159215266558966,0.160175582135997,0.0254994003588891,2476,0.1,0.001,6,6,0,0.5,0.5,3,2
"3790","syn","common",700,0.00268132685442285,0.107083035646645,-0.00866386225550069,10084,0.1,0.001,6,6,0,0.5,0.5,3,2
"3791","nonsyn","rare",700,0.000384028956000452,0.0340902028927671,-0.871739097555864,114933,0.1,0.001,6,6,0,0.5,0.5,3,2
"3792","syn","rare",700,0.000431012519218098,0.0355420920319532,-0.762398389083546,40977,0.1,0.001,6,6,0,0.5,0.5,3,2
"3793","nonsyn","int",750,0.00103194547340347,0.0598204307842823,-0.558699575093152,20247,0.1,0.001,6,6,0,0.5,0.5,3,2
"3794","syn","int",750,0.000755305483305908,0.0551048151463854,-0.368290198953731,18839,0.1,0.001,6,6,0,0.5,0.5,3,2
"3795","nonsyn","common",750,0.0169646029035013,0.158282653973288,0.0227265430320797,2342,0.1,0.001,6,6,0,0.5,0.5,3,2
"3796","syn","common",750,0.00344745968968664,0.102605280684236,-0.00400441763691624,9861,0.1,0.001,6,6,0,0.5,0.5,3,2
"3797","nonsyn","rare",750,0.000358913877266388,0.032920739257541,-0.874505271199946,114720,0.1,0.001,6,6,0,0.5,0.5,3,2
"3798","syn","rare",750,0.000417147265888707,0.0347834965256642,-0.760622161411162,41476,0.1,0.001,6,6,0,0.5,0.5,3,2
"3799","nonsyn","int",800,0.00121192049713948,0.0596119364263895,-0.550894088871934,20276,0.1,0.001,6,6,0,0.5,0.5,3,2
"3800","syn","int",800,0.000818076362879734,0.055134770909436,-0.362376235832648,19224,0.1,0.001,6,6,0,0.5,0.5,3,2
"3801","nonsyn","common",800,0.0160984093763081,0.15346551298007,0.0121449001150794,2389,0.1,0.001,6,6,0,0.5,0.5,3,2
"3802","syn","common",800,0.00292371082407129,0.0959516982706346,-0.00583192276930975,9987,0.1,0.001,6,6,0,0.5,0.5,3,2
"3803","nonsyn","rare",800,0.000362644464320163,0.0323173885129038,-0.873151571106195,114042,0.1,0.001,6,6,0,0.5,0.5,3,2
"3804","syn","rare",800,0.000370280599903241,0.0325121315800343,-0.769096029075444,41340,0.1,0.001,6,6,0,0.5,0.5,3,2
"3805","nonsyn","int",850,0.000909061345158906,0.0568542594864565,-0.5494799457197,20295,0.1,0.001,6,6,0,0.5,0.5,3,2
"3806","syn","int",850,0.000641400472069237,0.0512870384295216,-0.359859997523161,19065,0.1,0.001,6,6,0,0.5,0.5,3,2
"3807","nonsyn","common",850,0.0169514042553191,0.146345891059712,0.0290045305325941,2350,0.1,0.001,6,6,0,0.5,0.5,3,2
"3808","syn","common",850,0.00415936435868331,0.091033669736458,0.00420825344930242,9691,0.1,0.001,6,6,0,0.5,0.5,3,2
"3809","nonsyn","rare",850,0.000311715543290308,0.0312151803120927,-0.876128145104022,114506,0.1,0.001,6,6,0,0.5,0.5,3,2
"3810","syn","rare",850,0.000345744655034339,0.0320362773286618,-0.765807624473509,41207,0.1,0.001,6,6,0,0.5,0.5,3,2
"3811","nonsyn","int",900,0.00127284400919356,0.0565457296199878,-0.540782209204802,20014,0.1,0.001,6,6,0,0.5,0.5,3,2
"3812","syn","int",900,0.000752019326716034,0.0503085579685211,-0.354386423192685,19041,0.1,0.001,6,6,0,0.5,0.5,3,2
"3813","nonsyn","common",900,0.0172407844791227,0.143235003223752,0.0353386621785644,2371,0.1,0.001,6,6,0,0.5,0.5,3,2
"3814","syn","common",900,0.00388365953109072,0.0876202249954528,0.0006782313360182,9810,0.1,0.001,6,6,0,0.5,0.5,3,2
"3815","nonsyn","rare",900,0.000298238253557795,0.0303970906731644,-0.876290805987314,113694,0.1,0.001,6,6,0,0.5,0.5,3,2
"3816","syn","rare",900,0.000337157690131142,0.0312101935985027,-0.770620851054125,40643,0.1,0.001,6,6,0,0.5,0.5,3,2
"3817","nonsyn","int",950,0.000648827197149644,0.0522168262756444,-0.540727826955221,20208,0.1,0.001,6,6,0,0.5,0.5,3,2
"3818","syn","int",950,0.000930759989553408,0.0488671414424843,-0.342427530263588,19145,0.1,0.001,6,6,0,0.5,0.5,3,2
"3819","nonsyn","common",950,0.0158879467996675,0.13873718760225,0.0293738380074136,2406,0.1,0.001,6,6,0,0.5,0.5,3,2
"3820","syn","common",950,0.00293726657090088,0.0833774525886606,-0.00486177157909523,9746,0.1,0.001,6,6,0,0.5,0.5,3,2
"3821","nonsyn","rare",950,0.000300059632906841,0.030269533802817,-0.876395324027476,114031,0.1,0.001,6,6,0,0.5,0.5,3,2
"3822","syn","rare",950,0.000304963226340656,0.0312255191339179,-0.769192793810572,41062,0.1,0.001,6,6,0,0.5,0.5,3,2
"3823","nonsyn","int",1000,0.00101326605594474,0.0520050124079419,-0.537178706852651,20413,0.1,0.001,6,6,0,0.5,0.5,3,2
"3824","syn","int",1000,0.00104311677459787,0.048295439604739,-0.33851555354828,19148,0.1,0.001,6,6,0,0.5,0.5,3,2
"3825","nonsyn","common",1000,0.014900509121765,0.133984845172828,0.0137090984398198,2357,0.1,0.001,6,6,0,0.5,0.5,3,2
"3826","syn","common",1000,0.00223762587732682,0.0815958807137563,-0.00942497238892562,9831,0.1,0.001,6,6,0,0.5,0.5,3,2
"3827","nonsyn","rare",1000,0.000315619079509706,0.0297499675320901,-0.873557522950499,113483,0.1,0.001,6,6,0,0.5,0.5,3,2
"3828","syn","rare",1000,0.000279275717369685,0.0300512687012668,-0.769831586746835,41227,0.1,0.001,6,6,0,0.5,0.5,3,2
"3829","nonsyn","int",1050,0.000666921709941751,0.0491716000833583,-0.539312350117338,20258,0.1,0.001,6,6,0,0.5,0.5,3,2
"3830","syn","int",1050,0.000473201581027668,0.045229228020918,-0.355464885421393,18975,0.1,0.001,6,6,0,0.5,0.5,3,2
"3831","nonsyn","common",1050,0.0124571370967742,0.131507904200825,0.00104978468250101,2480,0.1,0.001,6,6,0,0.5,0.5,3,2
"3832","syn","common",1050,0.00217953078578015,0.0770821029545857,-0.00815131263813127,9761,0.1,0.001,6,6,0,0.5,0.5,3,2
"3833","nonsyn","rare",1050,0.000280518452731637,0.0289317227462623,-0.877079892962755,113723,0.1,0.001,6,6,0,0.5,0.5,3,2
"3834","syn","rare",1050,0.000303984998790225,0.0298585988875683,-0.763708938483837,41330,0.1,0.001,6,6,0,0.5,0.5,3,2
"3835","nonsyn","int",1100,0.000854738839508639,0.0489702816029247,-0.531106226946594,20026,0.1,0.001,6,6,0,0.5,0.5,3,2
"3836","syn","int",1100,0.000494689043496734,0.0435568448392162,-0.35134544410786,18829,0.1,0.001,6,6,0,0.5,0.5,3,2
"3837","nonsyn","common",1100,0.0148397882664314,0.120624874094007,0.0258727121125617,2267,0.1,0.001,6,6,0,0.5,0.5,3,2
"3838","syn","common",1100,0.00259566153846154,0.0749631724268745,-0.00511531585221438,9750,0.1,0.001,6,6,0,0.5,0.5,3,2
"3839","nonsyn","rare",1100,0.000278153926838862,0.0286095399733582,-0.875101655105567,114405,0.1,0.001,6,6,0,0.5,0.5,3,2
"3840","syn","rare",1100,0.000298335968860236,0.0293624643296057,-0.769844848540273,41105,0.1,0.001,6,6,0,0.5,0.5,3,2
"3841","nonsyn","int",1150,0.00103556414832441,0.0494688931557298,-0.521051227379751,20172,0.1,0.001,6,6,0,0.5,0.5,3,2
"3842","syn","int",1150,0.000416961093024497,0.0423364892178598,-0.34904951264336,18737,0.1,0.001,6,6,0,0.5,0.5,3,2
"3843","nonsyn","common",1150,0.0157649367640645,0.126117549278896,0.027538001996648,2293,0.1,0.001,6,6,0,0.5,0.5,3,2
"3844","syn","common",1150,0.00272200832466181,0.0731529300908755,-0.00336778576455124,9610,0.1,0.001,6,6,0,0.5,0.5,3,2
"3845","nonsyn","rare",1150,0.000282871907160061,0.0285718732364636,-0.874963613216871,114175,0.1,0.001,6,6,0,0.5,0.5,3,2
"3846","syn","rare",1150,0.000269180924645067,0.0288695913982232,-0.76910648029674,41205,0.1,0.001,6,6,0,0.5,0.5,3,2
"3847","nonsyn","int",1200,0.00105650069846338,0.0488424823028681,-0.516781806934837,20044,0.1,0.001,6,6,0,0.5,0.5,3,2
"3848","syn","int",1200,0.000580365538006444,0.0419740424800376,-0.345618738050804,18931,0.1,0.001,6,6,0,0.5,0.5,3,2
"3849","nonsyn","common",1200,0.0199358135365307,0.129631999574916,0.0597043070857198,2231,0.1,0.001,6,6,0,0.5,0.5,3,2
"3850","syn","common",1200,0.00305480890382192,0.0702311399864163,0.00282538293733438,9524,0.1,0.001,6,6,0,0.5,0.5,3,2
"3851","nonsyn","rare",1200,0.000235912963875783,0.0272207819174679,-0.878731490260418,113608,0.1,0.001,6,6,0,0.5,0.5,3,2
"3852","syn","rare",1200,0.000299970750968874,0.0292228238742848,-0.763046824040292,41027,0.1,0.001,6,6,0,0.5,0.5,3,2
"3853","nonsyn","int",1300,0.000780899880810489,0.0463326774913824,-0.519263943607924,40272,0.1,0.001,6,6,0,0.5,0.5,3,2
"3854","syn","int",1300,0.00046882360760335,0.039391675468953,-0.340628500649916,37615,0.1,0.001,6,6,0,0.5,0.5,3,2
"3855","nonsyn","common",1300,0.0144541675734494,0.116033556569382,0.0225491119857884,4595,0.1,0.001,6,6,0,0.5,0.5,3,2
"3856","syn","common",1300,0.00280781933736195,0.0688753845709427,-0.00218551570818831,19196,0.1,0.001,6,6,0,0.5,0.5,3,2
"3857","nonsyn","rare",1300,0.000253589403155587,0.0273235042204565,-0.876499615617543,226709,0.1,0.001,6,6,0,0.5,0.5,3,2
"3858","syn","rare",1300,0.000293329933954934,0.0283184075334311,-0.768630731513358,82368,0.1,0.001,6,6,0,0.5,0.5,3,2
"3859","nonsyn","int",1400,0.000699597325445552,0.0439386635343684,-0.514498367520261,40231,0.1,0.001,6,6,0,0.5,0.5,3,2
"3860","syn","int",1400,0.000411253445759689,0.0378646624505494,-0.340440616550243,37002,0.1,0.001,6,6,0,0.5,0.5,3,2
"3861","nonsyn","common",1400,0.015639603106126,0.112797486090213,0.0368836274114554,4636,0.1,0.001,6,6,0,0.5,0.5,3,2
"3862","syn","common",1400,0.00291762736687938,0.0628229292567046,0.00123722545023475,19118,0.1,0.001,6,6,0,0.5,0.5,3,2
"3863","nonsyn","rare",1400,0.000233099809416249,0.0264435668973758,-0.877263061395245,226672,0.1,0.001,6,6,0,0.5,0.5,3,2
"3864","syn","rare",1400,0.000239921648075374,0.0263111041714422,-0.769427121483155,81938,0.1,0.001,6,6,0,0.5,0.5,3,2
"3865","nonsyn","int",1500,0.000692743911586738,0.0414669632518415,-0.509018737084755,39994,0.1,0.001,6,6,0,0.5,0.5,3,2
"3866","syn","int",1500,0.000431047278357671,0.0373723781345944,-0.333470025818296,37459,0.1,0.001,6,6,0,0.5,0.5,3,2
"3867","nonsyn","common",1500,0.0149136180679785,0.105482483722477,0.03763227501709,4472,0.1,0.001,6,6,0,0.5,0.5,3,2
"3868","syn","common",1500,0.00195918346037381,0.0617400184131383,-0.00627111303800139,19154,0.1,0.001,6,6,0,0.5,0.5,3,2
"3869","nonsyn","rare",1500,0.000248543727827601,0.0265315972582593,-0.874521321377292,226915,0.1,0.001,6,6,0,0.5,0.5,3,2
"3870","syn","rare",1500,0.000228902693532836,0.0258046646111754,-0.768316476329577,81937,0.1,0.001,6,6,0,0.5,0.5,3,2
"3871","nonsyn","int",1600,0.000465912184302062,0.0402793148432893,-0.508833344940479,39674,0.1,0.001,6,6,0,0.5,0.5,3,2
"3872","syn","int",1600,0.000473443927979911,0.0352588543587,-0.323651709939357,37434,0.1,0.001,6,6,0,0.5,0.5,3,2
"3873","nonsyn","common",1600,0.0143022202873313,0.105031485454582,0.031160833797557,4594,0.1,0.001,6,6,0,0.5,0.5,3,2
"3874","syn","common",1600,0.00193308446103593,0.057266338727474,-0.0041828431236189,19287,0.1,0.001,6,6,0,0.5,0.5,3,2
"3875","nonsyn","rare",1600,0.000207397747585907,0.0251236785854792,-0.877262722837259,225447,0.1,0.001,6,6,0,0.5,0.5,3,2
"3876","syn","rare",1600,0.000222609388405442,0.0251146469884748,-0.768461594707964,81590,0.1,0.001,6,6,0,0.5,0.5,3,2
"3877","nonsyn","int",1700,0.000655296711004233,0.0397042245039342,-0.499917904594543,39921,0.1,0.001,6,6,0,0.5,0.5,3,2
"3878","syn","int",1700,0.000514908973392222,0.0341944106370407,-0.320371467187828,37132,0.1,0.001,6,6,0,0.5,0.5,3,2
"3879","nonsyn","common",1700,0.0138260030362177,0.0994217696663534,0.0282851658348522,4611,0.1,0.001,6,6,0,0.5,0.5,3,2
"3880","syn","common",1700,0.0024190560811164,0.0558462664402301,-0.000646135287943327,19133,0.1,0.001,6,6,0,0.5,0.5,3,2
"3881","nonsyn","rare",1700,0.000193036942055579,0.0246681595341661,-0.878838096601208,226165,0.1,0.001,6,6,0,0.5,0.5,3,2
"3882","syn","rare",1700,0.000204991196322019,0.024469472457828,-0.77000618778786,81784,0.1,0.001,6,6,0,0.5,0.5,3,2
"3883","nonsyn","int",1800,0.000528836339750392,0.0374081761441219,-0.497894305521694,39582,0.1,0.001,6,6,0,0.5,0.5,3,2
"3884","syn","int",1800,0.000358638417620478,0.032331800857852,-0.316633069534384,36957,0.1,0.001,6,6,0,0.5,0.5,3,2
"3885","nonsyn","common",1800,0.0145738861932069,0.0959113047757495,0.0394282376280601,4534,0.1,0.001,6,6,0,0.5,0.5,3,2
"3886","syn","common",1800,0.00142403048527582,0.0518420063647078,-0.00983692999613216,19288,0.1,0.001,6,6,0,0.5,0.5,3,2
"3887","nonsyn","rare",1800,0.000179174007002347,0.0236943101014212,-0.879008731641782,225353,0.1,0.001,6,6,0,0.5,0.5,3,2
"3888","syn","rare",1800,0.000170611707040727,0.0233977561158048,-0.772680643700961,81199,0.1,0.001,6,6,0,0.5,0.5,3,2
"3889","nonsyn","int",1900,0.000570010438679125,0.0365004971192419,-0.49098686536907,39277,0.1,0.001,6,6,0,0.5,0.5,3,2
"3890","syn","int",1900,0.000396886063727068,0.0315470775473028,-0.316742881464848,37284,0.1,0.001,6,6,0,0.5,0.5,3,2
"3891","nonsyn","common",1900,0.0130754584221748,0.0898352038138328,0.0296586188639028,4690,0.1,0.001,6,6,0,0.5,0.5,3,2
"3892","syn","common",1900,0.00163601286173633,0.0506792752590597,-0.00686503714512925,18971,0.1,0.001,6,6,0,0.5,0.5,3,2
"3893","nonsyn","rare",1900,0.000169942871458545,0.0233993814926289,-0.879362853249488,223531,0.1,0.001,6,6,0,0.5,0.5,3,2
"3894","syn","rare",1900,0.000184729903734135,0.0233846364462193,-0.770284242190059,81545,0.1,0.001,6,6,0,0.5,0.5,3,2
"3895","nonsyn","int",2000,0.000554184063361927,0.0356730336871974,-0.485914775814678,39519,0.1,0.001,6,6,0,0.5,0.5,3,2
"3896","syn","int",2000,0.000152272605312584,0.0299989710294278,-0.31850733884951,37270,0.1,0.001,6,6,0,0.5,0.5,3,2
"3897","nonsyn","common",2000,0.0125125081859856,0.0858501811176154,0.0237672565063124,4581,0.1,0.001,6,6,0,0.5,0.5,3,2
"3898","syn","common",2000,0.00222989234704754,0.0478269191858503,-0.000862838431957115,18764,0.1,0.001,6,6,0,0.5,0.5,3,2
"3899","nonsyn","rare",2000,0.000193692575338931,0.023747879814123,-0.876613518072554,224751,0.1,0.001,6,6,0,0.5,0.5,3,2
"3900","syn","rare",2000,0.000180403533079321,0.022983890559719,-0.771721117193739,80836,0.1,0.001,6,6,0,0.5,0.5,3,2
"3901","nonsyn","int",2500,0.000508022678878893,0.0330398834782176,-0.476032492647729,196306,0.1,0.001,6,6,0,0.5,0.5,3,2
"3902","syn","int",2500,0.000272431448215887,0.0281893931662819,-0.307942521791125,183985,0.1,0.001,6,6,0,0.5,0.5,3,2
"3903","nonsyn","common",2500,0.01194932817324,0.0820917557637624,0.024926328300292,22997,0.1,0.001,6,6,0,0.5,0.5,3,2
"3904","syn","common",2500,0.00184915973518927,0.0446168707863699,-0.00345375539854197,94256,0.1,0.001,6,6,0,0.5,0.5,3,2
"3905","nonsyn","rare",2500,0.000161531339184557,0.022228268027002,-0.877638822408153,1115664,0.1,0.001,6,6,0,0.5,0.5,3,2
"3906","syn","rare",2500,0.000162113295037719,0.0217023082456397,-0.769415887138751,404572,0.1,0.001,6,6,0,0.5,0.5,3,2
"3907","nonsyn","int",3000,0.000436439823599055,0.0293489862751782,-0.459537744934284,193423,0.1,0.001,6,6,0,0.5,0.5,3,2
"3908","syn","int",3000,0.000236205938133543,0.0248898483526211,-0.295024548307451,183492,0.1,0.001,6,6,0,0.5,0.5,3,2
"3909","nonsyn","common",3000,0.0112048700302459,0.071742552972501,0.0239065481091495,22813,0.1,0.001,6,6,0,0.5,0.5,3,2
"3910","syn","common",3000,0.00107044851194635,0.0386062062637421,-0.00626630440154961,93041,0.1,0.001,6,6,0,0.5,0.5,3,2
"3911","nonsyn","rare",3000,0.000136408180099797,0.0206410769911973,-0.877719088730616,1110451,0.1,0.001,6,6,0,0.5,0.5,3,2
"3912","syn","rare",3000,0.000120921956612339,0.0199930340700632,-0.771540172820801,400713,0.1,0.001,6,6,0,0.5,0.5,3,2
"3913","nonsyn","int",3500,0.000343548345257304,0.0266394359182853,-0.448143061674719,192749,0.1,0.001,6,6,0,0.5,0.5,3,2
"3914","syn","int",3500,0.000159529266572638,0.0227417217973626,-0.288242567416955,181504,0.1,0.001,6,6,0,0.5,0.5,3,2
"3915","nonsyn","common",3500,0.011153709342866,0.0641661491807429,0.0302888545465537,22659,0.1,0.001,6,6,0,0.5,0.5,3,2
"3916","syn","common",3500,0.00111045350395573,0.0350246235941166,-0.00541195100808061,92524,0.1,0.001,6,6,0,0.5,0.5,3,2
"3917","nonsyn","rare",3500,0.000114249079932559,0.0195509483800544,-0.877373412592311,1103180,0.1,0.001,6,6,0,0.5,0.5,3,2
"3918","syn","rare",3500,0.000116256293710684,0.0189473100970006,-0.769370062145663,398215,0.1,0.001,6,6,0,0.5,0.5,3,2
"3919","nonsyn","int",4000,0.000274186234395768,0.024117350403281,-0.438491580953664,191855,0.1,0.001,6,6,0,0.5,0.5,3,2
"3920","syn","int",4000,0.000191025920157207,0.0211107615424938,-0.278404895172444,179127,0.1,0.001,6,6,0,0.5,0.5,3,2
"3921","nonsyn","common",4000,0.00938994277095071,0.0564227363313704,0.0226519287216071,22541,0.1,0.001,6,6,0,0.5,0.5,3,2
"3922","syn","common",4000,0.00139010572774283,0.032184672814971,-0.00296583520613257,91083,0.1,0.001,6,6,0,0.5,0.5,3,2
"3923","nonsyn","rare",4000,0.000101155523056533,0.0184812142057746,-0.876601686985525,1094050,0.1,0.001,6,6,0,0.5,0.5,3,2
"3924","syn","rare",4000,0.000108788769905121,0.0181552364206031,-0.767314704493501,396506,0.1,0.001,6,6,0,0.5,0.5,3,2
"3925","nonsyn","int",4500,0.00027516367020913,0.022906020168234,-0.429267393693083,190169,0.1,0.001,6,6,0,0.5,0.5,3,2
"3926","syn","int",4500,0.000223347396456988,0.0199226683223552,-0.270686920707398,178718,0.1,0.001,6,6,0,0.5,0.5,3,2
"3927","nonsyn","common",4500,0.00907136750253404,0.0502176902018819,0.0237314352788682,22691,0.1,0.001,6,6,0,0.5,0.5,3,2
"3928","syn","common",4500,0.00100808974909447,0.0287885325617437,-0.00383250563433005,90831,0.1,0.001,6,6,0,0.5,0.5,3,2
"3929","nonsyn","rare",4500,9.49242803228156e-05,0.0177844466263862,-0.87595275098348,1087432,0.1,0.001,6,6,0,0.5,0.5,3,2
"3930","syn","rare",4500,9.05105348047971e-05,0.0170360124510461,-0.767621946534433,393078,0.1,0.001,6,6,0,0.5,0.5,3,2
"3931","nonsyn","int",5000,0.000203378227665247,0.0214022540482608,-0.426354285754941,188294,0.1,0.001,6,6,0,0.5,0.5,3,2
"3932","syn","int",5000,0.000136087116390892,0.0189319105168154,-0.26909772474987,176775,0.1,0.001,6,6,0,0.5,0.5,3,2
"3933","nonsyn","common",5000,0.00772436446347337,0.0444802307045026,0.0181172350911318,22422,0.1,0.001,6,6,0,0.5,0.5,3,2
"3934","syn","common",5000,0.00111803130744805,0.0270962390519047,-0.00274192071290808,89755,0.1,0.001,6,6,0,0.5,0.5,3,2
"3935","nonsyn","rare",5000,7.97796431930446e-05,0.0171193729069416,-0.87597932720858,1080248,0.1,0.001,6,6,0,0.5,0.5,3,2
"3936","syn","rare",5000,7.41782886960607e-05,0.0163703751967355,-0.76886430534857,391713,0.1,0.001,6,6,0,0.5,0.5,3,2
"3937","nonsyn","int",7500,0.000161940296886236,0.0186212353206828,-0.407315426252876,920622,0.1,0.001,6,6,0,0.5,0.5,3,2
"3938","syn","int",7500,0.000135986108769527,0.016815045327753,-0.258878014819042,871917,0.1,0.001,6,6,0,0.5,0.5,3,2
"3939","nonsyn","common",7500,0.00672446847042631,0.0354433278653753,0.0144919751932331,110436,0.1,0.001,6,6,0,0.5,0.5,3,2
"3940","syn","common",7500,0.000890549000641119,0.0223750118502349,-0.00334950347183635,444535,0.1,0.001,6,6,0,0.5,0.5,3,2
"3941","nonsyn","rare",7500,6.57423727519837e-05,0.0158385106942967,-0.87473861574026,5292833,0.1,0.001,6,6,0,0.5,0.5,3,2
"3942","syn","rare",7500,5.90475061812958e-05,0.015164774466543,-0.766693874030218,1915456,0.1,0.001,6,6,0,0.5,0.5,3,2
"3943","nonsyn","int",10000,5.18766319457357e-05,0.0157306232695324,-0.391764873782817,887361,0.1,0.001,6,6,0,0.5,0.5,3,2
"3944","syn","int",10000,4.35576169105257e-05,0.0145592216580654,-0.248363375304714,839146,0.1,0.001,6,6,0,0.5,0.5,3,2
"3945","nonsyn","common",10000,0.0044780418109386,0.0248241864858919,0.00556034589199263,107436,0.1,0.001,6,6,0,0.5,0.5,3,2
"3946","syn","common",10000,0.000529394271186126,0.0176962057766303,-0.00481072368598693,431084,0.1,0.001,6,6,0,0.5,0.5,3,2
"3947","nonsyn","rare",10000,4.75334494384192e-05,0.0144523765370541,-0.873266085085736,5128113,0.1,0.001,6,6,0,0.5,0.5,3,2
"3948","syn","rare",10000,4.3257062081531e-05,0.0138181045193571,-0.764602424025985,1858411,0.1,0.001,6,6,0,0.5,0.5,3,2
"3949","nonsyn","rare",10,0.00099451077686463,0.0602833473762321,-0.846546012570156,19347,0.1,0.001,6,6,0,0.5,0.5,4,2
"3950","syn","rare",10,0.00136834115373999,0.111237587012694,-0.705569734969695,7246,0.1,0.001,6,6,0,0.5,0.5,4,2
"3951","nonsyn","common",10,0.0185117546848382,0.602101747666771,-0.0427087224726725,587,0.1,0.001,6,6,0,0.5,0.5,4,2
"3952","syn","common",10,0.00937270900321543,0.66113996328245,-0.0176137557341966,2488,0.1,0.001,6,6,0,0.5,0.5,4,2
"3953","nonsyn","int",10,0.00357693641618497,0.155713359583257,-0.618863432524886,3460,0.1,0.001,6,6,0,0.5,0.5,4,2
"3954","syn","int",10,0.00637619416473018,0.30927309082559,-0.325899903661745,3873,0.1,0.001,6,6,0,0.5,0.5,4,2
"3955","nonsyn","rare",15,0.000796654731457801,0.0555319201134954,-0.852479292286245,9775,0.1,0.001,6,6,0,0.5,0.5,4,2
"3956","syn","rare",15,0.0014371349862259,0.109840687742356,-0.696348315863981,3630,0.1,0.001,6,6,0,0.5,0.5,4,2
"3957","nonsyn","common",15,0.0284128205128205,0.566171211160797,-0.0208659152285113,273,0.1,0.001,6,6,0,0.5,0.5,4,2
"3958","syn","common",15,0.0109076984763432,0.623683028010069,0.00585250232773518,1247,0.1,0.001,6,6,0,0.5,0.5,4,2
"3959","nonsyn","int",15,0.00506203238414294,0.158940679090744,-0.572149610985558,1791,0.1,0.001,6,6,0,0.5,0.5,4,2
"3960","syn","int",15,0.0065222339862361,0.301581999560936,-0.341071551410042,1889,0.1,0.001,6,6,0,0.5,0.5,4,2
"3961","nonsyn","rare",20,0.000780744186046512,0.0533387098960761,-0.860408913318683,9675,0.1,0.001,6,6,0,0.5,0.5,4,2
"3962","syn","rare",20,0.00129377777777778,0.107633678795468,-0.705966338015783,3600,0.1,0.001,6,6,0,0.5,0.5,4,2
"3963","nonsyn","common",20,0.0198192727272727,0.504569796632156,-0.0213722875817213,275,0.1,0.001,6,6,0,0.5,0.5,4,2
"3964","syn","common",20,0.0130187908496732,0.595703001386401,0.0105844275201819,1224,0.1,0.001,6,6,0,0.5,0.5,4,2
"3965","nonsyn","int",20,0.00360011764705882,0.157233354120999,-0.602982472290473,1700,0.1,0.001,6,6,0,0.5,0.5,4,2
"3966","syn","int",20,0.00408667344862665,0.291834821192625,-0.374170874505647,1966,0.1,0.001,6,6,0,0.5,0.5,4,2
"3967","nonsyn","rare",25,0.00084613789528253,0.0547614768892548,-0.85486391696206,9645,0.1,0.001,6,6,0,0.5,0.5,4,2
"3968","syn","rare",25,0.00164429548563612,0.106688311790956,-0.686468729636656,3655,0.1,0.001,6,6,0,0.5,0.5,4,2
"3969","nonsyn","common",25,0.00678964143426295,0.484683588318299,-0.126303796808076,251,0.1,0.001,6,6,0,0.5,0.5,4,2
"3970","syn","common",25,0.00860107172300082,0.579171021709881,-0.0199334103691516,1213,0.1,0.001,6,6,0,0.5,0.5,4,2
"3971","nonsyn","int",25,0.00551470588235294,0.159278401859147,-0.577885527287987,1768,0.1,0.001,6,6,0,0.5,0.5,4,2
"3972","syn","int",25,0.00680153520381154,0.290866001403941,-0.321962425727725,1889,0.1,0.001,6,6,0,0.5,0.5,4,2
"3973","nonsyn","rare",50,0.000824753050552005,0.0545806033853966,-0.85351730283976,48188,0.1,0.001,6,6,0,0.5,0.5,4,2
"3974","syn","rare",50,0.00137947635616907,0.097665061555131,-0.708571410835236,17531,0.1,0.001,6,6,0,0.5,0.5,4,2
"3975","nonsyn","common",50,0.00657048917401764,0.475189023766017,-0.107543109849572,1247,0.1,0.001,6,6,0,0.5,0.5,4,2
"3976","syn","common",50,0.0111252960172228,0.53608888465059,0.00168089061743946,5574,0.1,0.001,6,6,0,0.5,0.5,4,2
"3977","nonsyn","int",50,0.00297163300634737,0.139324548620725,-0.617654060708491,8665,0.1,0.001,6,6,0,0.5,0.5,4,2
"3978","syn","int",50,0.00531526061257389,0.248089456986829,-0.36109108294615,9305,0.1,0.001,6,6,0,0.5,0.5,4,2
"3979","nonsyn","rare",75,0.000796854424239922,0.053045835347787,-0.853169010822347,48449,0.1,0.001,6,6,0,0.5,0.5,4,2
"3980","syn","rare",75,0.00102126658351287,0.082394709208362,-0.732169405611435,17638,0.1,0.001,6,6,0,0.5,0.5,4,2
"3981","nonsyn","common",75,0.0137034099920698,0.429596509745026,-0.0622992804094298,1261,0.1,0.001,6,6,0,0.5,0.5,4,2
"3982","syn","common",75,0.00776088732132913,0.468573441620008,-0.0138687988785887,5387,0.1,0.001,6,6,0,0.5,0.5,4,2
"3983","nonsyn","int",75,0.00375246109510086,0.139535939433104,-0.592023953156167,8675,0.1,0.001,6,6,0,0.5,0.5,4,2
"3984","syn","int",75,0.00354404388714734,0.20936268484935,-0.380206278390869,8932,0.1,0.001,6,6,0,0.5,0.5,4,2
"3985","nonsyn","rare",100,0.000772906730809107,0.0517275153470991,-0.858129108251616,48226,0.1,0.001,6,6,0,0.5,0.5,4,2
"3986","syn","rare",100,0.00112034698521047,0.0780395036815712,-0.724452905288914,17580,0.1,0.001,6,6,0,0.5,0.5,4,2
"3987","nonsyn","common",100,0.0162793721973094,0.395473060875984,-0.0373964037386669,1115,0.1,0.001,6,6,0,0.5,0.5,4,2
"3988","syn","common",100,0.00922008885454897,0.425062398448942,0.0024109104954154,5177,0.1,0.001,6,6,0,0.5,0.5,4,2
"3989","nonsyn","int",100,0.00359160393746381,0.131201105330748,-0.598971772863398,8635,0.1,0.001,6,6,0,0.5,0.5,4,2
"3990","syn","int",100,0.00333240962481469,0.189557448137153,-0.384531623717424,8769,0.1,0.001,6,6,0,0.5,0.5,4,2
"3991","nonsyn","rare",125,0.000715377208406598,0.0501678846262607,-0.86022211135554,47772,0.1,0.001,6,6,0,0.5,0.5,4,2
"3992","syn","rare",125,0.00098607434687536,0.0728040038371969,-0.734403552920675,17378,0.1,0.001,6,6,0,0.5,0.5,4,2
"3993","nonsyn","common",125,0.0233965337954939,0.363828572105093,0.00907667895348195,1154,0.1,0.001,6,6,0,0.5,0.5,4,2
"3994","syn","common",125,0.0079078847308385,0.368636635135841,-0.00877236622608079,4997,0.1,0.001,6,6,0,0.5,0.5,4,2
"3995","nonsyn","int",125,0.00289561895666706,0.120289436490613,-0.596257740085811,8377,0.1,0.001,6,6,0,0.5,0.5,4,2
"3996","syn","int",125,0.00411181807607305,0.172958211889748,-0.379100383143615,8597,0.1,0.001,6,6,0,0.5,0.5,4,2
"3997","nonsyn","rare",150,0.000691016956196492,0.0485612699262293,-0.860146063382255,48124,0.1,0.001,6,6,0,0.5,0.5,4,2
"3998","syn","rare",150,0.000912735300952824,0.0656410682633784,-0.741569533438842,17212,0.1,0.001,6,6,0,0.5,0.5,4,2
"3999","nonsyn","common",150,0.0131022065313327,0.343351857972655,-0.0580739176134,1133,0.1,0.001,6,6,0,0.5,0.5,4,2
"4000","syn","common",150,0.00706057224025974,0.333135529999452,-0.00906782887248947,4928,0.1,0.001,6,6,0,0.5,0.5,4,2
"4001","nonsyn","int",150,0.00264287717658058,0.113079239316174,-0.605439628037892,8557,0.1,0.001,6,6,0,0.5,0.5,4,2
"4002","syn","int",150,0.00352283720930233,0.155885613408978,-0.377051773550097,8600,0.1,0.001,6,6,0,0.5,0.5,4,2
"4003","nonsyn","rare",175,0.000676707944609463,0.0477215497890582,-0.861826533991827,47806,0.1,0.001,6,6,0,0.5,0.5,4,2
"4004","syn","rare",175,0.000979350824675706,0.0653795175408417,-0.742167526599582,17037,0.1,0.001,6,6,0,0.5,0.5,4,2
"4005","nonsyn","common",175,0.0200228758169935,0.321250191589622,-0.00604299493293408,1071,0.1,0.001,6,6,0,0.5,0.5,4,2
"4006","syn","common",175,0.00694139842251119,0.312862794227345,-0.0102460858725518,4691,0.1,0.001,6,6,0,0.5,0.5,4,2
"4007","nonsyn","int",175,0.00271335850837857,0.110037093672761,-0.590821153048732,8474,0.1,0.001,6,6,0,0.5,0.5,4,2
"4008","syn","int",175,0.0041082523703617,0.142477573673028,-0.380236156562335,8543,0.1,0.001,6,6,0,0.5,0.5,4,2
"4009","nonsyn","rare",200,0.000649395782981915,0.0459276683210485,-0.861521795324014,47996,0.1,0.001,6,6,0,0.5,0.5,4,2
"4010","syn","rare",200,0.000887880189661154,0.0607664292620098,-0.74793725716477,17294,0.1,0.001,6,6,0,0.5,0.5,4,2
"4011","nonsyn","common",200,0.0153083333333333,0.302171058202445,-0.0320463351933842,1104,0.1,0.001,6,6,0,0.5,0.5,4,2
"4012","syn","common",200,0.00803474198343597,0.283179785654415,0.000566712601208093,4709,0.1,0.001,6,6,0,0.5,0.5,4,2
"4013","nonsyn","int",200,0.00262556611521765,0.104552035423969,-0.597958655127013,8523,0.1,0.001,6,6,0,0.5,0.5,4,2
"4014","syn","int",200,0.00310761220825853,0.130005849391087,-0.382300290564705,8355,0.1,0.001,6,6,0,0.5,0.5,4,2
"4015","nonsyn","rare",250,0.000610050145821531,0.0445305681631801,-0.864419097747112,95322,0.1,0.001,6,6,0,0.5,0.5,4,2
"4016","syn","rare",250,0.00082748725418791,0.0573793316786574,-0.746822087695405,34325,0.1,0.001,6,6,0,0.5,0.5,4,2
"4017","nonsyn","common",250,0.0160253205128205,0.277584457862373,-0.0337418248595683,2184,0.1,0.001,6,6,0,0.5,0.5,4,2
"4018","syn","common",250,0.0062021379234733,0.2494662545208,-0.00148479817081429,9121,0.1,0.001,6,6,0,0.5,0.5,4,2
"4019","nonsyn","int",250,0.0022086814233012,0.0979466395923928,-0.606332628703749,16806,0.1,0.001,6,6,0,0.5,0.5,4,2
"4020","syn","int",250,0.00288000480942648,0.120720384411753,-0.383636106661149,16634,0.1,0.001,6,6,0,0.5,0.5,4,2
"4021","nonsyn","rare",300,0.000587531256264441,0.0432357150927954,-0.865139863350248,94781,0.1,0.001,6,6,0,0.5,0.5,4,2
"4022","syn","rare",300,0.000687435822637106,0.0507093156397913,-0.758427834806809,34280,0.1,0.001,6,6,0,0.5,0.5,4,2
"4023","nonsyn","common",300,0.018318480890179,0.258820798838606,-0.00131179049934143,2067,0.1,0.001,6,6,0,0.5,0.5,4,2
"4024","syn","common",300,0.0058273444347064,0.216014170721157,-0.00265127459660197,9128,0.1,0.001,6,6,0,0.5,0.5,4,2
"4025","nonsyn","int",300,0.00224751204819277,0.094440457530059,-0.588759791394595,16600,0.1,0.001,6,6,0,0.5,0.5,4,2
"4026","syn","int",300,0.00245199782385299,0.107136657121591,-0.392612205941104,16543,0.1,0.001,6,6,0,0.5,0.5,4,2
"4027","nonsyn","rare",350,0.000513300482259369,0.0401771963891893,-0.868260758145204,95177,0.1,0.001,6,6,0,0.5,0.5,4,2
"4028","syn","rare",350,0.000679574292695852,0.0500348506088387,-0.753758219564672,33967,0.1,0.001,6,6,0,0.5,0.5,4,2
"4029","nonsyn","common",350,0.0184295573536411,0.236592274914037,0.00596882930640617,2101,0.1,0.001,6,6,0,0.5,0.5,4,2
"4030","syn","common",350,0.00668744530461124,0.192142556696575,0.0068642474274108,8913,0.1,0.001,6,6,0,0.5,0.5,4,2
"4031","nonsyn","int",350,0.00234283840190817,0.091430851847842,-0.580550228888684,16770,0.1,0.001,6,6,0,0.5,0.5,4,2
"4032","syn","int",350,0.00229598688133572,0.0950636476538287,-0.384489509023185,16770,0.1,0.001,6,6,0,0.5,0.5,4,2
"4033","nonsyn","rare",400,0.00049719162763219,0.0394662498751844,-0.869130106379634,94788,0.1,0.001,6,6,0,0.5,0.5,4,2
"4034","syn","rare",400,0.000700986100950988,0.0483665198962559,-0.746188519460735,34175,0.1,0.001,6,6,0,0.5,0.5,4,2
"4035","nonsyn","common",400,0.020728490832158,0.229553981702913,0.021617695265957,2127,0.1,0.001,6,6,0,0.5,0.5,4,2
"4036","syn","common",400,0.00521294157608696,0.172626418826401,-0.00476275214293473,8832,0.1,0.001,6,6,0,0.5,0.5,4,2
"4037","nonsyn","int",400,0.00188123006559547,0.0825570640355702,-0.581401673259566,16617,0.1,0.001,6,6,0,0.5,0.5,4,2
"4038","syn","int",400,0.002105078125,0.0888127985773322,-0.384816660085876,16384,0.1,0.001,6,6,0,0.5,0.5,4,2
"4039","nonsyn","rare",450,0.000475442032877347,0.0383548509905171,-0.870147964800986,94959,0.1,0.001,6,6,0,0.5,0.5,4,2
"4040","syn","rare",450,0.00055413262285376,0.0437964100344703,-0.76360574931774,33780,0.1,0.001,6,6,0,0.5,0.5,4,2
"4041","nonsyn","common",450,0.0188183383991895,0.204917616967585,0.00380531825711733,1974,0.1,0.001,6,6,0,0.5,0.5,4,2
"4042","syn","common",450,0.00470226818662593,0.15369756122139,-0.003779813322645,8509,0.1,0.001,6,6,0,0.5,0.5,4,2
"4043","nonsyn","int",450,0.00163882268827455,0.0789796143649929,-0.57902554316449,16784,0.1,0.001,6,6,0,0.5,0.5,4,2
"4044","syn","int",450,0.00199414528593509,0.0817817834057541,-0.378283026341695,16175,0.1,0.001,6,6,0,0.5,0.5,4,2
"4045","nonsyn","rare",500,0.000475714963869402,0.0378636659551739,-0.869971716856919,94795,0.1,0.001,6,6,0,0.5,0.5,4,2
"4046","syn","rare",500,0.000521532395692344,0.0413553989483083,-0.759018079855398,33986,0.1,0.001,6,6,0,0.5,0.5,4,2
"4047","nonsyn","common",500,0.0119847659980898,0.195188911798596,-0.0284003727680601,2094,0.1,0.001,6,6,0,0.5,0.5,4,2
"4048","syn","common",500,0.00492776531696376,0.140166513599704,-0.00355921938696986,8471,0.1,0.001,6,6,0,0.5,0.5,4,2
"4049","nonsyn","int",500,0.00149745314752523,0.0744724930807159,-0.578395483007648,16648,0.1,0.001,6,6,0,0.5,0.5,4,2
"4050","syn","int",500,0.00180290484344423,0.0778732977203322,-0.379602871714379,16352,0.1,0.001,6,6,0,0.5,0.5,4,2
"4051","nonsyn","rare",550,0.000448918112193412,0.0365859544639135,-0.871130846466875,94141,0.1,0.001,6,6,0,0.5,0.5,4,2
"4052","syn","rare",550,0.000489228425486155,0.0399360681688533,-0.765826936000331,33477,0.1,0.001,6,6,0,0.5,0.5,4,2
"4053","nonsyn","common",550,0.0113611557788945,0.181597100744967,-0.024833147570296,1990,0.1,0.001,6,6,0,0.5,0.5,4,2
"4054","syn","common",550,0.00502912069161643,0.131148284282218,0.00436063649752928,8791,0.1,0.001,6,6,0,0.5,0.5,4,2
"4055","nonsyn","int",550,0.00134289015934801,0.0691924421543709,-0.571981068943769,16442,0.1,0.001,6,6,0,0.5,0.5,4,2
"4056","syn","int",550,0.00143184461214895,0.0707248156698638,-0.381870988828783,16166,0.1,0.001,6,6,0,0.5,0.5,4,2
"4057","nonsyn","rare",600,0.000416940280245561,0.0351753055488701,-0.872990759572573,93989,0.1,0.001,6,6,0,0.5,0.5,4,2
"4058","syn","rare",600,0.000491959203036053,0.0392505395117323,-0.761676842117888,33728,0.1,0.001,6,6,0,0.5,0.5,4,2
"4059","nonsyn","common",600,0.0187533301158301,0.188085964221666,0.0215031779024437,2072,0.1,0.001,6,6,0,0.5,0.5,4,2
"4060","syn","common",600,0.00422531066822978,0.120160251422502,-0.00354647905415678,8530,0.1,0.001,6,6,0,0.5,0.5,4,2
"4061","nonsyn","int",600,0.00151160295103957,0.067883305887426,-0.560937090221077,16401,0.1,0.001,6,6,0,0.5,0.5,4,2
"4062","syn","int",600,0.00149724240730389,0.0665149829199532,-0.362289280949211,16101,0.1,0.001,6,6,0,0.5,0.5,4,2
"4063","nonsyn","rare",650,0.000443513628620102,0.0351919069266578,-0.870005901502044,93920,0.1,0.001,6,6,0,0.5,0.5,4,2
"4064","syn","rare",650,0.000448952211338676,0.0368190538986801,-0.763141264620876,33690,0.1,0.001,6,6,0,0.5,0.5,4,2
"4065","nonsyn","common",650,0.0185849353049908,0.171430828199307,0.0194352505076413,2164,0.1,0.001,6,6,0,0.5,0.5,4,2
"4066","syn","common",650,0.00370678515671911,0.11000278799699,-0.00557368947599064,8327,0.1,0.001,6,6,0,0.5,0.5,4,2
"4067","nonsyn","int",650,0.00141054309256029,0.066853556542718,-0.558722949115141,16627,0.1,0.001,6,6,0,0.5,0.5,4,2
"4068","syn","int",650,0.00159311776547559,0.0654643538404526,-0.367345189899986,15896,0.1,0.001,6,6,0,0.5,0.5,4,2
"4069","nonsyn","rare",700,0.000337995409822131,0.0323489805877517,-0.877554163734459,94114,0.1,0.001,6,6,0,0.5,0.5,4,2
"4070","syn","rare",700,0.000432473035439137,0.0365000633368347,-0.76766726570489,33748,0.1,0.001,6,6,0,0.5,0.5,4,2
"4071","nonsyn","common",700,0.0160928155339806,0.161979005331633,0.0143602251815284,2060,0.1,0.001,6,6,0,0.5,0.5,4,2
"4072","syn","common",700,0.00332944119082479,0.105897276401362,-0.00619302207331383,8196,0.1,0.001,6,6,0,0.5,0.5,4,2
"4073","nonsyn","int",700,0.00140708024275118,0.0625651583322202,-0.5515250943526,16313,0.1,0.001,6,6,0,0.5,0.5,4,2
"4074","syn","int",700,0.00119095028241574,0.0608733163213369,-0.371851682081019,16111,0.1,0.001,6,6,0,0.5,0.5,4,2
"4075","nonsyn","rare",750,0.000352410145962832,0.0327655034925534,-0.875135248558464,93791,0.1,0.001,6,6,0,0.5,0.5,4,2
"4076","syn","rare",750,0.000448015826148577,0.0363547920601665,-0.763037932824888,33868,0.1,0.001,6,6,0,0.5,0.5,4,2
"4077","nonsyn","common",750,0.0166510090817356,0.164145962455608,0.0106196147013619,1982,0.1,0.001,6,6,0,0.5,0.5,4,2
"4078","syn","common",750,0.00422650761299604,0.0989373373782588,0.00215290590755033,8341,0.1,0.001,6,6,0,0.5,0.5,4,2
"4079","nonsyn","int",750,0.00132603568188691,0.0623290417154547,-0.552189024747613,16535,0.1,0.001,6,6,0,0.5,0.5,4,2
"4080","syn","int",750,0.00123863479515653,0.0589058960702885,-0.36028203391295,15939,0.1,0.001,6,6,0,0.5,0.5,4,2
"4081","nonsyn","rare",800,0.000360529608675657,0.0325906134317589,-0.873348052789898,93503,0.1,0.001,6,6,0,0.5,0.5,4,2
"4082","syn","rare",800,0.000401463943611061,0.0347512048797582,-0.766707631629593,33198,0.1,0.001,6,6,0,0.5,0.5,4,2
"4083","nonsyn","common",800,0.0152430690537084,0.151239978057773,0.0057808307061036,1955,0.1,0.001,6,6,0,0.5,0.5,4,2
"4084","syn","common",800,0.00201758332351902,0.0914972913027957,-0.010954602463221,8491,0.1,0.001,6,6,0,0.5,0.5,4,2
"4085","nonsyn","int",800,0.00114452277324833,0.0586189130787023,-0.545670066881863,16313,0.1,0.001,6,6,0,0.5,0.5,4,2
"4086","syn","int",800,0.000871958037565174,0.0558476205997848,-0.360516435658114,15919,0.1,0.001,6,6,0,0.5,0.5,4,2
"4087","nonsyn","rare",850,0.000337623076595201,0.0314335387290885,-0.875267903423709,93844,0.1,0.001,6,6,0,0.5,0.5,4,2
"4088","syn","rare",850,0.000379499472335293,0.0330901635961134,-0.77108537793568,33165,0.1,0.001,6,6,0,0.5,0.5,4,2
"4089","nonsyn","common",850,0.0164070711896799,0.142837359001718,0.0202486646515097,2093,0.1,0.001,6,6,0,0.5,0.5,4,2
"4090","syn","common",850,0.0022389125410534,0.0861011435206971,-0.0100600568868773,8221,0.1,0.001,6,6,0,0.5,0.5,4,2
"4091","nonsyn","int",850,0.00134981241158743,0.0588536685177232,-0.54034890680075,16259,0.1,0.001,6,6,0,0.5,0.5,4,2
"4092","syn","int",850,0.000810923086710351,0.0528736751035751,-0.366614936942181,15719,0.1,0.001,6,6,0,0.5,0.5,4,2
"4093","nonsyn","rare",900,0.000336314557252969,0.0312333351197376,-0.876068394903209,93541,0.1,0.001,6,6,0,0.5,0.5,4,2
"4094","syn","rare",900,0.000380540234340061,0.0326838812238245,-0.765796720320603,33541,0.1,0.001,6,6,0,0.5,0.5,4,2
"4095","nonsyn","common",900,0.0161161097256858,0.138153777614783,0.0277487265885043,2005,0.1,0.001,6,6,0,0.5,0.5,4,2
"4096","syn","common",900,0.00351393200295639,0.0836881372742731,-0.00103733293772121,8118,0.1,0.001,6,6,0,0.5,0.5,4,2
"4097","nonsyn","int",900,0.000778736159539977,0.0550429928146906,-0.545062768780051,16347,0.1,0.001,6,6,0,0.5,0.5,4,2
"4098","syn","int",900,0.000997778193846346,0.0510103072739062,-0.354526795165517,16023,0.1,0.001,6,6,0,0.5,0.5,4,2
"4099","nonsyn","rare",950,0.000299568186919484,0.0297767036257729,-0.878616158253884,93559,0.1,0.001,6,6,0,0.5,0.5,4,2
"4100","syn","rare",950,0.000372174511505431,0.0325099083937032,-0.76504619035717,33419,0.1,0.001,6,6,0,0.5,0.5,4,2
"4101","nonsyn","common",950,0.0152791452111226,0.135984093973871,0.0221433415616322,1942,0.1,0.001,6,6,0,0.5,0.5,4,2
"4102","syn","common",950,0.00323019311710819,0.0807148294677842,-0.00302447295598183,8078,0.1,0.001,6,6,0,0.5,0.5,4,2
"4103","nonsyn","int",950,0.000840381864543815,0.0528328788199543,-0.545805530033532,16079,0.1,0.001,6,6,0,0.5,0.5,4,2
"4104","syn","int",950,0.00057031847133758,0.049553643626876,-0.358823000132369,15700,0.1,0.001,6,6,0,0.5,0.5,4,2
"4105","nonsyn","rare",1000,0.000282822709142044,0.0291270115749981,-0.877283013766831,93513,0.1,0.001,6,6,0,0.5,0.5,4,2
"4106","syn","rare",1000,0.00029821321140657,0.0303916221959611,-0.772288784325915,33244,0.1,0.001,6,6,0,0.5,0.5,4,2
"4107","nonsyn","common",1000,0.0154746157659891,0.137810249835511,0.0243720106096964,2017,0.1,0.001,6,6,0,0.5,0.5,4,2
"4108","syn","common",1000,0.0033869722256819,0.080096763610961,-0.00180054184974267,8029,0.1,0.001,6,6,0,0.5,0.5,4,2
"4109","nonsyn","int",1000,0.000982809520880743,0.0519511051997271,-0.532474636369244,16259,0.1,0.001,6,6,0,0.5,0.5,4,2
"4110","syn","int",1000,0.000864593837535014,0.0473417690954184,-0.35014084828971,16065,0.1,0.001,6,6,0,0.5,0.5,4,2
"4111","nonsyn","rare",1050,0.000297519969080134,0.0297548184566934,-0.875877503301442,93144,0.1,0.001,6,6,0,0.5,0.5,4,2
"4112","syn","rare",1050,0.000372722081981007,0.0316208895938482,-0.767996118372869,33276,0.1,0.001,6,6,0,0.5,0.5,4,2
"4113","nonsyn","common",1050,0.0141538765432099,0.122502324367799,0.013953646575672,2025,0.1,0.001,6,6,0,0.5,0.5,4,2
"4114","syn","common",1050,0.00324215662356672,0.0747017619410699,0.000732386384021248,8198,0.1,0.001,6,6,0,0.5,0.5,4,2
"4115","nonsyn","int",1050,0.000888563344860107,0.0508627870671347,-0.528849504774797,15905,0.1,0.001,6,6,0,0.5,0.5,4,2
"4116","syn","int",1050,0.000884380103002135,0.0465424154464248,-0.345263101205014,15922,0.1,0.001,6,6,0,0.5,0.5,4,2
"4117","nonsyn","rare",1100,0.000268801340076668,0.0283078393880173,-0.878812381623128,93129,0.1,0.001,6,6,0,0.5,0.5,4,2
"4118","syn","rare",1100,0.000317910224139998,0.029915111550391,-0.769439985921886,33372,0.1,0.001,6,6,0,0.5,0.5,4,2
"4119","nonsyn","common",1100,0.0139119165839126,0.125010623620765,0.0155261493411767,2014,0.1,0.001,6,6,0,0.5,0.5,4,2
"4120","syn","common",1100,0.00311410054512417,0.0719340860568578,0.00358718195823794,8255,0.1,0.001,6,6,0,0.5,0.5,4,2
"4121","nonsyn","int",1100,0.000960611677479147,0.049245376910958,-0.521990566867978,16185,0.1,0.001,6,6,0,0.5,0.5,4,2
"4122","syn","int",1100,0.00056033231474408,0.0450708634691434,-0.353783067607718,15708,0.1,0.001,6,6,0,0.5,0.5,4,2
"4123","nonsyn","rare",1150,0.000259519604380078,0.0279460287266837,-0.879746851242717,93423,0.1,0.001,6,6,0,0.5,0.5,4,2
"4124","syn","rare",1150,0.000300048181161166,0.0294101859503689,-0.766935273677846,33208,0.1,0.001,6,6,0,0.5,0.5,4,2
"4125","nonsyn","common",1150,0.0141000997506234,0.120533224858433,0.0157713573105556,2005,0.1,0.001,6,6,0,0.5,0.5,4,2
"4126","syn","common",1150,0.00302909158692681,0.0696576033328189,-0.000390540254462097,8047,0.1,0.001,6,6,0,0.5,0.5,4,2
"4127","nonsyn","int",1150,0.00110590112640801,0.0496737284951674,-0.52205349594001,15980,0.1,0.001,6,6,0,0.5,0.5,4,2
"4128","syn","int",1150,0.000889859173043534,0.0441942793073965,-0.34175323327671,15551,0.1,0.001,6,6,0,0.5,0.5,4,2
"4129","nonsyn","rare",1200,0.000260871657754011,0.0279013637461221,-0.878528751228619,93500,0.1,0.001,6,6,0,0.5,0.5,4,2
"4130","syn","rare",1200,0.000307297663903542,0.0291662841421666,-0.768737971687803,33175,0.1,0.001,6,6,0,0.5,0.5,4,2
"4131","nonsyn","common",1200,0.0149333667837431,0.121564018754258,0.0301728051551509,1993,0.1,0.001,6,6,0,0.5,0.5,4,2
"4132","syn","common",1200,0.0033327680798005,0.0686418636292893,0.00208515901093845,8020,0.1,0.001,6,6,0,0.5,0.5,4,2
"4133","nonsyn","int",1200,0.000910220416204901,0.0471248988201279,-0.520032760722159,16242,0.1,0.001,6,6,0,0.5,0.5,4,2
"4134","syn","int",1200,0.000671601418978842,0.042215293871655,-0.345381620626579,15786,0.1,0.001,6,6,0,0.5,0.5,4,2
"4135","nonsyn","rare",1300,0.000233291162311973,0.0267173347954785,-0.879613554984555,186542,0.1,0.001,6,6,0,0.5,0.5,4,2
"4136","syn","rare",1300,0.000242582264780602,0.0270164375783602,-0.778153408705995,66523,0.1,0.001,6,6,0,0.5,0.5,4,2
"4137","nonsyn","common",1300,0.0150645226639656,0.117837520809974,0.0264573923941057,3949,0.1,0.001,6,6,0,0.5,0.5,4,2
"4138","syn","common",1300,0.00218950448207171,0.0658069117552901,-0.00774568649678207,16064,0.1,0.001,6,6,0,0.5,0.5,4,2
"4139","nonsyn","int",1300,0.000845977612399287,0.0460298023922,-0.517744534088458,32518,0.1,0.001,6,6,0,0.5,0.5,4,2
"4140","syn","int",1300,0.000574130469626543,0.0404729280816058,-0.33891145213592,31195,0.1,0.001,6,6,0,0.5,0.5,4,2
"4141","nonsyn","rare",1400,0.000238477319842318,0.0266882626122283,-0.877647304469877,186198,0.1,0.001,6,6,0,0.5,0.5,4,2
"4142","syn","rare",1400,0.000291077915001816,0.0267558415150803,-0.771042216061652,66072,0.1,0.001,6,6,0,0.5,0.5,4,2
"4143","nonsyn","common",1400,0.0127272587663169,0.105909945521037,0.0116143829207579,3907,0.1,0.001,6,6,0,0.5,0.5,4,2
"4144","syn","common",1400,0.00256697116579667,0.0617305450533287,-0.00305143657659442,16092,0.1,0.001,6,6,0,0.5,0.5,4,2
"4145","nonsyn","int",1400,0.000834570736464593,0.0445163466681637,-0.513341732213919,31787,0.1,0.001,6,6,0,0.5,0.5,4,2
"4146","syn","int",1400,0.000749212724935733,0.0387870309011158,-0.325466407213053,31120,0.1,0.001,6,6,0,0.5,0.5,4,2
"4147","nonsyn","rare",1500,0.000234018158600987,0.026130574188588,-0.87812021290221,184816,0.1,0.001,6,6,0,0.5,0.5,4,2
"4148","syn","rare",1500,0.000211104186301037,0.0252023462424142,-0.778785063109976,65786,0.1,0.001,6,6,0,0.5,0.5,4,2
"4149","nonsyn","common",1500,0.0138868572861801,0.103334935046522,0.0230883720875177,3987,0.1,0.001,6,6,0,0.5,0.5,4,2
"4150","syn","common",1500,0.00220170110107633,0.0587355504655111,-0.00578297879632277,16166,0.1,0.001,6,6,0,0.5,0.5,4,2
"4151","nonsyn","int",1500,0.000734826431276802,0.0418251756776133,-0.50614207258614,31947,0.1,0.001,6,6,0,0.5,0.5,4,2
"4152","syn","int",1500,0.000664400773195876,0.0371432081677067,-0.322067844293741,31040,0.1,0.001,6,6,0,0.5,0.5,4,2
"4153","nonsyn","rare",1600,0.000209912206479151,0.0250874537234888,-0.878324223425309,185549,0.1,0.001,6,6,0,0.5,0.5,4,2
"4154","syn","rare",1600,0.000240181466652458,0.0254342491538354,-0.769253636940177,65687,0.1,0.001,6,6,0,0.5,0.5,4,2
"4155","nonsyn","common",1600,0.013285086140396,0.099112332470264,0.0215686696560555,3889,0.1,0.001,6,6,0,0.5,0.5,4,2
"4156","syn","common",1600,0.0026369650046454,0.0568000384377249,-5.18052558809228e-05,16145,0.1,0.001,6,6,0,0.5,0.5,4,2
"4157","nonsyn","int",1600,0.000580093926111459,0.0397119005935999,-0.501790279354757,31940,0.1,0.001,6,6,0,0.5,0.5,4,2
"4158","syn","int",1600,0.000471553149414854,0.034789734381356,-0.328342299387481,30847,0.1,0.001,6,6,0,0.5,0.5,4,2
"4159","nonsyn","rare",1700,0.000213669564655312,0.0248594163797464,-0.877860437371496,185646,0.1,0.001,6,6,0,0.5,0.5,4,2
"4160","syn","rare",1700,0.00021092860204519,0.0243510010378125,-0.775143998220681,65324,0.1,0.001,6,6,0,0.5,0.5,4,2
"4161","nonsyn","common",1700,0.0121111111111111,0.0974926990436059,0.0142950695848572,4068,0.1,0.001,6,6,0,0.5,0.5,4,2
"4162","syn","common",1700,0.00205720510229856,0.0546036381381245,-0.00390972180274933,15836,0.1,0.001,6,6,0,0.5,0.5,4,2
"4163","nonsyn","int",1700,0.000498463616941058,0.0383693634852147,-0.501952029120915,31828,0.1,0.001,6,6,0,0.5,0.5,4,2
"4164","syn","int",1700,0.000414050846358389,0.0336783608352636,-0.325011609200552,30838,0.1,0.001,6,6,0,0.5,0.5,4,2
"4165","nonsyn","rare",1800,0.000194888156434861,0.0242376687468958,-0.878642366260218,184767,0.1,0.001,6,6,0,0.5,0.5,4,2
"4166","syn","rare",1800,0.000226486320319705,0.0244610821694955,-0.776278202576687,65060,0.1,0.001,6,6,0,0.5,0.5,4,2
"4167","nonsyn","common",1800,0.0127614382490881,0.0988723783172931,0.0155324043108395,3838,0.1,0.001,6,6,0,0.5,0.5,4,2
"4168","syn","common",1800,0.00200079560522826,0.0511509595004755,-0.00545991053981654,15837,0.1,0.001,6,6,0,0.5,0.5,4,2
"4169","nonsyn","int",1800,0.000951172379063985,0.0399728996119932,-0.481912012750949,31773,0.1,0.001,6,6,0,0.5,0.5,4,2
"4170","syn","int",1800,0.000505616260162602,0.0334185091982598,-0.324742218159766,30750,0.1,0.001,6,6,0,0.5,0.5,4,2
"4171","nonsyn","rare",1900,0.000173537053007252,0.0235809216702812,-0.879522046549453,184371,0.1,0.001,6,6,0,0.5,0.5,4,2
"4172","syn","rare",1900,0.000216969142857143,0.0239050364584425,-0.7744122256075,65625,0.1,0.001,6,6,0,0.5,0.5,4,2
"4173","nonsyn","common",1900,0.0120131201208764,0.0888767723350132,0.0188831175527732,3971,0.1,0.001,6,6,0,0.5,0.5,4,2
"4174","syn","common",1900,0.00254183615995995,0.0505848954312481,0.00277203263553124,15979,0.1,0.001,6,6,0,0.5,0.5,4,2
"4175","nonsyn","int",1900,0.000587985532316402,0.0363341918998915,-0.488593521128098,31795,0.1,0.001,6,6,0,0.5,0.5,4,2
"4176","syn","int",1900,0.000593682558367667,0.0321505863627334,-0.31121074017857,30582,0.1,0.001,6,6,0,0.5,0.5,4,2
"4177","nonsyn","rare",2000,0.000176634353012656,0.0232394931752152,-0.878650838887429,184339,0.1,0.001,6,6,0,0.5,0.5,4,2
"4178","syn","rare",2000,0.000208469514343038,0.0236566731726481,-0.773238140247752,65293,0.1,0.001,6,6,0,0.5,0.5,4,2
"4179","nonsyn","common",2000,0.0133795949756473,0.0883229320560384,0.0320056329474759,3901,0.1,0.001,6,6,0,0.5,0.5,4,2
"4180","syn","common",2000,0.00170907043663205,0.0475763836817536,-0.00442677736986609,15986,0.1,0.001,6,6,0,0.5,0.5,4,2
"4181","nonsyn","int",2000,0.000618767347968711,0.0354702693121896,-0.486223555654385,31704,0.1,0.001,6,6,0,0.5,0.5,4,2
"4182","syn","int",2000,0.000473727486296006,0.0311231026683889,-0.318132278299946,30648,0.1,0.001,6,6,0,0.5,0.5,4,2
"4183","nonsyn","rare",2500,0.000168159181139269,0.0223655793692056,-0.877857907475914,914832,0.1,0.001,6,6,0,0.5,0.5,4,2
"4184","syn","rare",2500,0.000162181106378794,0.0216325141336766,-0.775805140888109,325422,0.1,0.001,6,6,0,0.5,0.5,4,2
"4185","nonsyn","common",2500,0.0124920802806728,0.0839375460364879,0.0271836152497143,19382,0.1,0.001,6,6,0,0.5,0.5,4,2
"4186","syn","common",2500,0.00197618340378537,0.0439170981215638,-0.00106632919270589,78777,0.1,0.001,6,6,0,0.5,0.5,4,2
"4187","nonsyn","int",2500,0.000512152486861147,0.0327861333373342,-0.476671369270833,157548,0.1,0.001,6,6,0,0.5,0.5,4,2
"4188","syn","int",2500,0.000402862296264717,0.0285956476014897,-0.308823940673301,152465,0.1,0.001,6,6,0,0.5,0.5,4,2
"4189","nonsyn","rare",3000,0.000135814790107638,0.0207666135978442,-0.878994717130232,908418,0.1,0.001,6,6,0,0.5,0.5,4,2
"4190","syn","rare",3000,0.000141632579868229,0.0201266803432568,-0.775430474850435,323439,0.1,0.001,6,6,0,0.5,0.5,4,2
"4191","nonsyn","common",3000,0.0113309388521086,0.0722884997102165,0.0238041422569774,19183,0.1,0.001,6,6,0,0.5,0.5,4,2
"4192","syn","common",3000,0.001500405625008,0.0388853917583512,-0.00384165297989777,78151,0.1,0.001,6,6,0,0.5,0.5,4,2
"4193","nonsyn","int",3000,0.000445151307839364,0.0293355010778587,-0.459752403658375,156403,0.1,0.001,6,6,0,0.5,0.5,4,2
"4194","syn","int",3000,0.000282441744672376,0.0255799203209216,-0.303632842174752,150630,0.1,0.001,6,6,0,0.5,0.5,4,2
"4195","nonsyn","rare",3500,0.000122748232298956,0.0196622285420655,-0.878060242546898,904989,0.1,0.001,6,6,0,0.5,0.5,4,2
"4196","syn","rare",3500,0.00011460813771518,0.0188520444105862,-0.774069434747451,319500,0.1,0.001,6,6,0,0.5,0.5,4,2
"4197","nonsyn","common",3500,0.0103644214252251,0.0636072396425037,0.0244074198477059,19211,0.1,0.001,6,6,0,0.5,0.5,4,2
"4198","syn","common",3500,0.0017170034601186,0.0343793577312096,-0.000842564278410363,77743,0.1,0.001,6,6,0,0.5,0.5,4,2
"4199","nonsyn","int",3500,0.000282287225846217,0.0264494794567792,-0.451756757086136,155752,0.1,0.001,6,6,0,0.5,0.5,4,2
"4200","syn","int",3500,0.000306692845601674,0.0233848591568088,-0.288955900767997,151012,0.1,0.001,6,6,0,0.5,0.5,4,2
"4201","nonsyn","rare",4000,9.96275754538367e-05,0.0186309800185971,-0.878699440420593,897900,0.1,0.001,6,6,0,0.5,0.5,4,2
"4202","syn","rare",4000,0.000123477099116658,0.0185787617696492,-0.771899298481992,318110,0.1,0.001,6,6,0,0.5,0.5,4,2
"4203","nonsyn","common",4000,0.00997828926742606,0.0578030005320944,0.0238819199048565,19138,0.1,0.001,6,6,0,0.5,0.5,4,2
"4204","syn","common",4000,0.00153778647650053,0.031685929713429,-0.00199335796970695,77406,0.1,0.001,6,6,0,0.5,0.5,4,2
"4205","nonsyn","int",4000,0.00026407092290706,0.0246175063254824,-0.442281354687418,153970,0.1,0.001,6,6,0,0.5,0.5,4,2
"4206","syn","int",4000,0.000309448510366996,0.0216359528432577,-0.281207986790543,150574,0.1,0.001,6,6,0,0.5,0.5,4,2
"4207","nonsyn","rare",4500,9.38201609522729e-05,0.0180825599479088,-0.877908999847267,889829,0.1,0.001,6,6,0,0.5,0.5,4,2
"4208","syn","rare",4500,0.000101499618606918,0.0173205421585588,-0.77187535232266,315947,0.1,0.001,6,6,0,0.5,0.5,4,2
"4209","nonsyn","common",4500,0.00844317961947759,0.0502171286273409,0.0170466910233277,18606,0.1,0.001,6,6,0,0.5,0.5,4,2
"4210","syn","common",4500,0.00126630124235647,0.0287515550518784,-0.00220323710756267,77353,0.1,0.001,6,6,0,0.5,0.5,4,2
"4211","nonsyn","int",4500,0.000248751818294489,0.0227858881664217,-0.429893660529247,153303,0.1,0.001,6,6,0,0.5,0.5,4,2
"4212","syn","int",4500,0.000242177670330845,0.0205381985542091,-0.275520935230533,149738,0.1,0.001,6,6,0,0.5,0.5,4,2
"4213","nonsyn","rare",5000,8.2911175979039e-05,0.0174236321842368,-0.877777943723087,883162,0.1,0.001,6,6,0,0.5,0.5,4,2
"4214","syn","rare",5000,9.26235576432146e-05,0.0170365099062848,-0.772566512887736,313376,0.1,0.001,6,6,0,0.5,0.5,4,2
"4215","nonsyn","common",5000,0.00764798022749017,0.0458984378332431,0.0138080784992577,18814,0.1,0.001,6,6,0,0.5,0.5,4,2
"4216","syn","common",5000,0.00110686505172119,0.0265552374193458,-0.00300214685672887,76081,0.1,0.001,6,6,0,0.5,0.5,4,2
"4217","nonsyn","int",5000,0.000274944659931147,0.0217313067960519,-0.425079922822172,151337,0.1,0.001,6,6,0,0.5,0.5,4,2
"4218","syn","int",5000,0.000165443901645787,0.0190795795130142,-0.274174650369826,147589,0.1,0.001,6,6,0,0.5,0.5,4,2
"4219","nonsyn","rare",7500,6.72325832039012e-05,0.0160507056312904,-0.875873990686767,4333030,0.1,0.001,6,6,0,0.5,0.5,4,2
"4220","syn","rare",7500,6.41752877731384e-05,0.0153402646665654,-0.771089569025047,1544272,0.1,0.001,6,6,0,0.5,0.5,4,2
"4221","nonsyn","common",7500,0.00632407427237487,0.0354523169169724,0.0110833890963586,93386,0.1,0.001,6,6,0,0.5,0.5,4,2
"4222","syn","common",7500,0.000863550298702374,0.0224193081443878,-0.00414313456470079,374453,0.1,0.001,6,6,0,0.5,0.5,4,2
"4223","nonsyn","int",7500,0.000149140763935914,0.0187997527742055,-0.409536338650518,742811,0.1,0.001,6,6,0,0.5,0.5,4,2
"4224","syn","int",7500,0.000141030945702994,0.0171336923652998,-0.264138271600366,726983,0.1,0.001,6,6,0,0.5,0.5,4,2
"4225","nonsyn","rare",10000,4.77573336277827e-05,0.0146999646288502,-0.874755069551744,4184082,0.1,0.001,6,6,0,0.5,0.5,4,2
"4226","syn","rare",10000,4.88091722168089e-05,0.0141339343259251,-0.771028491580262,1493205,0.1,0.001,6,6,0,0.5,0.5,4,2
"4227","nonsyn","common",10000,0.00394299711623039,0.0243263668042775,0.00140774048355372,89813,0.1,0.001,6,6,0,0.5,0.5,4,2
"4228","syn","common",10000,0.000642635170081009,0.0179316479130151,-0.00365226756009447,361563,0.1,0.001,6,6,0,0.5,0.5,4,2
"4229","nonsyn","int",10000,3.75979268859076e-05,0.0159378966498608,-0.394382404494155,716989,0.1,0.001,6,6,0,0.5,0.5,4,2
"4230","syn","int",10000,6.25453481401937e-05,0.0149678508314893,-0.254437531060685,703998,0.1,0.001,6,6,0,0.5,0.5,4,2
