"","site_type","allele_freq","dist_bin","s_ben","theta","s_del","rho_exp","mu_exp","h_ben","h_del","end_freq","model","num_sites","mean_D","mean_r2","mean_D_prime","num_pairs"
"1","nonsyn","common",15,0,0.01,0.001,6,6,0.5,0.5,0.5,0,1,-0.00784625,0.581658556218976,-0.170698915440525,160
"2","nonsyn","common",15,0.01,0.01,0.001,6,6,0.5,0.5,0.5,0,1,0.0104966067864271,0.540890899055103,-0.0780718665225377,5010
"3","nonsyn","common",15,0.05,0.01,0,6,5,0.5,0.5,0.5,0,1,0.00364498091874708,0.536201837635131,0.00319688699728319,147527
"4","nonsyn","common",15,0.05,0.01,0,6,6.5,0.5,0.5,0.5,0,1,0.00910198950253888,0.711207320796314,0.00551117353346107,175471
"5","nonsyn","common",15,0.05,0.01,0,6,7,0.5,0.5,0.5,0,1,0.00780305272388469,0.714282205978695,-0.00153219735573981,18246
"6","nonsyn","common",15,0.05,0.01,1e-04,6,5,0.5,0.5,0.5,0,1,0.00808499329102149,0.540276585760192,0.00250575997770909,242958
"7","nonsyn","common",15,0.05,0.01,1e-04,6,6,0.5,0.5,0.5,0,1,0.00789647884948389,0.653041349056571,-0.0209596376070227,177868
"8","nonsyn","common",15,0.05,0.01,1e-04,6,6.5,0.5,0.5,0.5,0,1,0.00399059897931775,0.665240347614313,-0.0461187452016266,55845
"9","nonsyn","common",15,0.05,0.01,1e-04,6,7,0.5,0.5,0.5,0,1,0.000502312050222018,0.66864842189208,-0.0696380032112975,6531
"10","nonsyn","common",15,0.05,0.01,5e-04,6,5.5,0.5,0.5,0.5,0,1,0.0173186421717537,0.615472749970275,0.016151136526763,103695
"11","nonsyn","common",15,0.05,0.01,5e-04,6,6,0.5,0.5,0.5,0,1,0.0220208616204556,0.59404177028506,0.0105721578616425,31522
"12","nonsyn","common",15,0.05,0.01,5e-04,6,6.5,0.5,0.5,0.5,0,1,0.0394774506005424,0.567495493103779,0.0383826587344422,2581
"13","nonsyn","common",15,0.05,0.01,5e-04,6,7,0.5,0.5,0.5,0,1,0.0762867052023121,0.58290570096651,0.207535890708548,173
"14","nonsyn","common",15,0.05,0.01,0.001,5,6,0.5,0.5,0.5,0,1,0.01299477532097,0.402603280235611,0.00883691075397765,5608
"15","nonsyn","common",15,0.05,0.01,0.001,6,6,0,0,0.5,0,1,-0.00507484462872085,0.419187077831647,-0.171412639647379,223336
"16","nonsyn","common",15,0.05,0.01,0.001,6,6,0.25,0.25,0.5,0,1,0.00965299369747899,0.566390186043015,-0.08128224417151,3808
"17","nonsyn","common",15,0.05,0.01,0.001,6,6,0.5,0.5,0.5,0,1,0.044182556727389,0.589654416098601,0.114549986099369,31290
"18","nonsyn","common",15,0.05,0.01,0.001,6,6,0.5,0.5,0.75,0,1,0.057849664135514,0.628648637729481,0.191417926161352,6848
"19","nonsyn","common",15,0.05,0.01,0.001,6,6,0.5,0.5,1,0,1,-0.00170584007187781,0.522712822992851,-0.130146378313914,1113
"20","nonsyn","common",15,0.05,0.01,0.001,6,6,0.75,0.75,0.5,0,1,0.0771117096018735,0.637633591421457,0.303945424617215,427
"21","nonsyn","common",15,0.05,0.01,0.001,6,6,1,1,0.5,0,1,0.0595254601226994,0.662489434198513,0.204273099323852,326
"22","nonsyn","common",15,0.05,0.01,0.001,6,6.5,0.5,0.5,0.5,0,1,0.0903591224018476,0.620680701914474,0.361175015076657,433
"23","nonsyn","common",15,0.05,0.01,0.001,6,7,0.5,0.5,0.5,0,1,0.125416666666667,0.707543748748058,0.547799893883653,30
"24","nonsyn","common",15,0.05,0.01,0.001,6.5,6,0.5,0.5,0.5,0,1,0.0453579232342678,0.669327809054788,0.146327517769393,8311
"25","nonsyn","common",15,0.05,0.01,0.001,7,6,0.5,0.5,0.5,0,1,0.0468853833980722,0.71621121992755,0.168199925236352,6951
"26","nonsyn","common",15,0.05,0.01,0.005,6,5.5,0.5,0.5,0.5,0,1,0.0253123137731833,0.6377794374505,0.0653094029081919,6578
"27","nonsyn","common",15,0.05,0.01,0.005,6,6,0.5,0.5,0.5,0,1,0.0145353666895134,0.646612147280162,0.028985611740271,1459
"28","nonsyn","common",15,0.05,0.01,0.005,6,6.5,0.5,0.5,0.5,0,1,0.0942945454545455,0.703474850122207,0.457338360564167,55
"29","nonsyn","common",15,0.05,0.01,0.005,6,7,0.5,0.5,0.5,0,1,0.0616,0.10968660968661,1,1
"30","nonsyn","common",15,0.05,0.01,0.01,6,6.5,0.5,0.5,0.5,0,1,0.0407836734693878,0.730026493044362,0.117866581864181,49
"31","nonsyn","common",15,0.05,0.01,0.01,6,7,0.5,0.5,0.5,0,1,0.1875,1,1,1
"32","nonsyn","common",15,0.05,1,0.001,6,6,0.5,0.5,0.5,0,1,0.0265881900608286,0.545007857986366,0.01360551257271,8713
"33","nonsyn","common",15,0.05,1,0.001,6,6,0.5,0.5,0.75,0,1,0.0363785227756492,0.568343339485081,0.0606817329921421,9396
"34","nonsyn","common",15,0.05,1,0.001,6,6,0.5,0.5,1,0,1,0.0232275650665124,0.592654457768466,-0.0146919215590225,8645
"35","nonsyn","common",15,0.05,5,0.001,6,6,0.5,0.5,0.5,0,1,0.00664455155071249,0.522292704812289,-0.106821993341285,7158
"36","nonsyn","common",15,0.05,5,0.001,6,6,0.5,0.5,0.75,0,1,0.0151108968177435,0.518276179684421,-0.0546799644678106,4148
"37","nonsyn","common",15,0.05,5,0.001,6,6,0.5,0.5,1,0,1,-0.002220670995671,0.545257564099151,-0.150263839007913,3696
"38","nonsyn","common",15,0.1,0.01,0.001,6,6,0.5,0.5,0.5,0,1,0.0593314514993665,0.623816073597999,0.198178892503831,7103
"39","nonsyn","common",15,0.2,0.01,0.001,6,6,0.5,0.5,0.5,0,1,0.070110651147469,0.668822359661949,0.254181845576141,9107
"40","nonsyn","common",15,0.5,0.01,0.001,6,6,0.5,0.5,0.5,0,1,0.0835860848512797,0.709401716195242,0.32630633868967,8674
"41","nonsyn","common",50,0,0.01,0.001,6,6,0.5,0.5,0.5,0,1,-0.0258167381974249,0.467762577822627,-0.291056130360764,233
"42","nonsyn","common",50,0.01,0.01,0.001,6,6,0.5,0.5,0.5,0,1,0.0120669444836841,0.506898798630485,-0.0583983822452018,7079
"43","nonsyn","common",50,0.05,0.01,0,6,5,0.5,0.5,0.5,0,1,0.00294904115099299,0.481876838945254,0.00103752194749881,213798
"44","nonsyn","common",50,0.05,0.01,0,6,6.5,0.5,0.5,0.5,0,1,0.00908277789442741,0.624372869460936,0.00707992384762957,238130
"45","nonsyn","common",50,0.05,0.01,0,6,7,0.5,0.5,0.5,0,1,0.00945809999188377,0.625130065401464,0.0084803490986013,24642
"46","nonsyn","common",50,0.05,0.01,1e-04,6,5,0.5,0.5,0.5,0,1,0.00831679100351319,0.498551687138557,0.00531356121424108,352671
"47","nonsyn","common",50,0.05,0.01,1e-04,6,6,0.5,0.5,0.5,0,1,0.00948407603101073,0.588254843830579,-0.0113288358671155,248688
"48","nonsyn","common",50,0.05,0.01,1e-04,6,6.5,0.5,0.5,0.5,0,1,0.00750004779188571,0.594054305652189,-0.0314279014935887,77419
"49","nonsyn","common",50,0.05,0.01,1e-04,6,7,0.5,0.5,0.5,0,1,0.00527768125626462,0.59673411816446,-0.047514262747106,8979
"50","nonsyn","common",50,0.05,0.01,5e-04,6,5.5,0.5,0.5,0.5,0,1,0.0184463214480312,0.582380830591006,0.0227057349258248,150494
"51","nonsyn","common",50,0.05,0.01,5e-04,6,6,0.5,0.5,0.5,0,1,0.0229830631967016,0.561865026153932,0.014622367037704,45841
"52","nonsyn","common",50,0.05,0.01,5e-04,6,6.5,0.5,0.5,0.5,0,1,0.0435253646677472,0.550627238507872,0.0715066176043334,3702
"53","nonsyn","common",50,0.05,0.01,5e-04,6,7,0.5,0.5,0.5,0,1,0.0700384615384616,0.546140752320807,0.148073203404115,247
"54","nonsyn","common",50,0.05,0.01,0.001,5,6,0.5,0.5,0.5,0,1,0.0101476651406148,0.2209833639356,0.00924714503368319,7645
"55","nonsyn","common",50,0.05,0.01,0.001,6,6,0,0,0.5,0,1,0.00178174117362323,0.327538863992289,-0.130454344201253,297489
"56","nonsyn","common",50,0.05,0.01,0.001,6,6,0.25,0.25,0.5,0,1,0.0196816746235769,0.531246827160293,-0.0222817083115055,5446
"57","nonsyn","common",50,0.05,0.01,0.001,6,6,0.5,0.5,0.5,0,1,0.0459306634619549,0.565461127970847,0.123438970299503,46182
"58","nonsyn","common",50,0.05,0.01,0.001,6,6,0.5,0.5,0.75,0,1,0.0588271295922487,0.613589235927041,0.199394076439289,9908
"59","nonsyn","common",50,0.05,0.01,0.001,6,6,0.5,0.5,1,0,1,0.00383520691785053,0.498476531118147,-0.105427214577167,1619
"60","nonsyn","common",50,0.05,0.01,0.001,6,6,0.75,0.75,0.5,0,1,0.0564472527472528,0.595938157781338,0.172078286470196,637
"61","nonsyn","common",50,0.05,0.01,0.001,6,6,1,1,0.5,0,1,0.0657198689956332,0.610446121553887,0.25915444578378,458
"62","nonsyn","common",50,0.05,0.01,0.001,6,6.5,0.5,0.5,0.5,0,1,0.0895813186813187,0.623589947646184,0.335214577049673,728
"63","nonsyn","common",50,0.05,0.01,0.001,6,7,0.5,0.5,0.5,0,1,0.14080625,0.683032757680084,0.582056781045752,48
"64","nonsyn","common",50,0.05,0.01,0.001,6.5,6,0.5,0.5,0.5,0,1,0.0471706074995906,0.664064032808745,0.155136637150136,12214
"65","nonsyn","common",50,0.05,0.01,0.001,7,6,0.5,0.5,0.5,0,1,0.0512829480041521,0.71346007284857,0.188666894896628,10597
"66","nonsyn","common",50,0.05,0.01,0.005,6,5.5,0.5,0.5,0.5,0,1,0.0285853354134165,0.617419586172135,0.0821758524395513,9615
"67","nonsyn","common",50,0.05,0.01,0.005,6,6,0.5,0.5,0.5,0,1,0.0145709815078236,0.609553144748925,0.0132883227172123,2109
"68","nonsyn","common",50,0.05,0.01,0.005,6,6.5,0.5,0.5,0.5,0,1,0.00435301204819275,0.506626027056658,0.00246815366674988,83
"69","nonsyn","common",50,0.05,0.01,0.005,6,7,0.5,0.5,0.5,0,1,NA,NA,NA,1
"70","nonsyn","common",50,0.05,0.01,0.01,6,6.5,0.5,0.5,0.5,0,1,0.00779230769230768,0.588189070108294,0.0168376166247858,65
"71","nonsyn","common",50,0.05,0.01,0.01,6,7,0.5,0.5,0.5,0,1,NA,NA,NA,0
"72","nonsyn","common",50,0.05,1,0.001,6,6,0.5,0.5,0.5,0,1,0.0269541969075418,0.51636553187962,0.0107254136302179,12676
"73","nonsyn","common",50,0.05,1,0.001,6,6,0.5,0.5,0.75,0,1,0.0335502460594822,0.545799485615568,0.0381438451385202,14021
"74","nonsyn","common",50,0.05,1,0.001,6,6,0.5,0.5,1,0,1,0.0223774089193561,0.569267460278324,-0.0168490493847922,12983
"75","nonsyn","common",50,0.05,5,0.001,6,6,0.5,0.5,0.5,0,1,0.0112511834319526,0.495354163342226,-0.0625137105813943,10140
"76","nonsyn","common",50,0.05,5,0.001,6,6,0.5,0.5,0.75,0,1,0.0159896269633508,0.495368631691393,-0.0626460405623497,6112
"77","nonsyn","common",50,0.05,5,0.001,6,6,0.5,0.5,1,0,1,0.00305323485415108,0.50530975517678,-0.121220108209702,5348
"78","nonsyn","common",50,0.1,0.01,0.001,6,6,0.5,0.5,0.5,0,1,0.055304844423169,0.603185474115496,0.171742837867645,10445
"79","nonsyn","common",50,0.2,0.01,0.001,6,6,0.5,0.5,0.5,0,1,0.0753303983075577,0.655497724854972,0.279312115020455,13708
"80","nonsyn","common",50,0.5,0.01,0.001,6,6,0.5,0.5,0.5,0,1,0.0845748521183054,0.690734968667151,0.32988342676748,12510
"81","nonsyn","common",100,0,0.01,0.001,6,6,0.5,0.5,0.5,0,1,-0.00230176991150443,0.413048237226699,-0.166557293429143,791
"82","nonsyn","common",100,0.01,0.01,0.001,6,6,0.5,0.5,0.5,0,1,0.0142427030596522,0.439071557822544,-0.0499319415448449,22715
"83","nonsyn","common",100,0.05,0.01,0,6,5,0.5,0.5,0.5,0,1,0.00264830101231133,0.385732002031743,0.000807625768465536,673607
"84","nonsyn","common",100,0.05,0.01,0,6,6.5,0.5,0.5,0.5,0,1,0.0087316489109338,0.483825980403527,0.0110334289002509,695550
"85","nonsyn","common",100,0.05,0.01,0,6,7,0.5,0.5,0.5,0,1,0.00806425956691916,0.485265890491152,0.0055690896312048,71026
"86","nonsyn","common",100,0.05,0.01,1e-04,6,5,0.5,0.5,0.5,0,1,0.00790239907273171,0.423046301950611,0.00507750364616134,1111221
"87","nonsyn","common",100,0.05,0.01,1e-04,6,6,0.5,0.5,0.5,0,1,0.0116460252861684,0.475754329556581,0.0032003028843718,748947
"88","nonsyn","common",100,0.05,0.01,1e-04,6,6.5,0.5,0.5,0.5,0,1,0.0109727488823934,0.47773673234908,-0.00780470401239894,232640
"89","nonsyn","common",100,0.05,0.01,1e-04,6,7,0.5,0.5,0.5,0,1,0.0113158203991131,0.478219785319747,-0.00773093718566566,27060
"90","nonsyn","common",100,0.05,0.01,5e-04,6,5.5,0.5,0.5,0.5,0,1,0.0201247371026792,0.517150964428438,0.0331622404530888,470621
"91","nonsyn","common",100,0.05,0.01,5e-04,6,6,0.5,0.5,0.5,0,1,0.0270081924469162,0.498978318288766,0.0385780465046361,144206
"92","nonsyn","common",100,0.05,0.01,5e-04,6,6.5,0.5,0.5,0.5,0,1,0.0497664825197889,0.504116316895915,0.104159614946178,12128
"93","nonsyn","common",100,0.05,0.01,5e-04,6,7,0.5,0.5,0.5,0,1,0.0669437639198218,0.538026396328484,0.147669736139172,898
"94","nonsyn","common",100,0.05,0.01,0.001,5,6,0.5,0.5,0.5,0,1,0.00756127534309051,0.121608699047037,0.00746883489096994,24119
"95","nonsyn","common",100,0.05,0.01,0.001,6,6,0,0,0.5,0,1,0.00327597764551211,0.229974728649863,-0.103128956464306,894496
"96","nonsyn","common",100,0.05,0.01,0.001,6,6,0.25,0.25,0.5,0,1,0.0246478010348072,0.461836219836098,-0.00118458777018364,17008
"97","nonsyn","common",100,0.05,0.01,0.001,6,6,0.5,0.5,0.5,0,1,0.0487105258536849,0.525043562541908,0.141893870341247,148064
"98","nonsyn","common",100,0.05,0.01,0.001,6,6,0.5,0.5,0.75,0,1,0.0602120113650556,0.576433821153626,0.208517227312863,32028
"99","nonsyn","common",100,0.05,0.01,0.001,6,6,0.5,0.5,1,0,1,-0.0015104576436222,0.409477650433549,-0.129343437431936,5135
"100","nonsyn","common",100,0.05,0.01,0.001,6,6,0.75,0.75,0.5,0,1,0.0633154294032023,0.57562028197727,0.236329634636304,2061
"101","nonsyn","common",100,0.05,0.01,0.001,6,6,1,1,0.5,0,1,0.0748825517241379,0.600696115330038,0.283253826429585,1450
"102","nonsyn","common",100,0.05,0.01,0.001,6,6.5,0.5,0.5,0.5,0,1,0.0824925339366516,0.570268889873068,0.310166504661094,2210
"103","nonsyn","common",100,0.05,0.01,0.001,6,7,0.5,0.5,0.5,0,1,0.104822222222222,0.651099321841146,0.380312670858126,153
"104","nonsyn","common",100,0.05,0.01,0.001,6.5,6,0.5,0.5,0.5,0,1,0.0488135434010089,0.648748234615729,0.159399463383628,40241
"105","nonsyn","common",100,0.05,0.01,0.001,7,6,0.5,0.5,0.5,0,1,0.0505847243458443,0.712299784290203,0.18468616099714,34663
"106","nonsyn","common",100,0.05,0.01,0.005,6,5.5,0.5,0.5,0.5,0,1,0.0271891306425408,0.578097928209519,0.0731609181655865,31391
"107","nonsyn","common",100,0.05,0.01,0.005,6,6,0.5,0.5,0.5,0,1,0.0198882504548211,0.536084523664568,0.0535315043011246,6596
"108","nonsyn","common",100,0.05,0.01,0.005,6,6.5,0.5,0.5,0.5,0,1,0.0322501672240803,0.479544734815699,0.123478212156402,299
"109","nonsyn","common",100,0.05,0.01,0.005,6,7,0.5,0.5,0.5,0,1,0.09972,0.534846510549601,0.439323249849566,10
"110","nonsyn","common",100,0.05,0.01,0.01,6,6.5,0.5,0.5,0.5,0,1,0.0244476744186046,0.485116283315602,0.105731215416878,172
"111","nonsyn","common",100,0.05,0.01,0.01,6,7,0.5,0.5,0.5,0,1,-0.044525,0.538342970815727,-0.5,4
"112","nonsyn","common",100,0.05,1,0.001,6,6,0.5,0.5,0.5,0,1,0.0306532777521208,0.473701385385538,0.0379341443930556,41141
"113","nonsyn","common",100,0.05,1,0.001,6,6,0.5,0.5,0.75,0,1,0.0366699313134905,0.516369005390314,0.0602000421104462,44987
"114","nonsyn","common",100,0.05,1,0.001,6,6,0.5,0.5,1,0,1,0.0251985374988148,0.530866970520629,0.000760686388917076,42188
"115","nonsyn","common",100,0.05,5,0.001,6,6,0.5,0.5,0.5,0,1,0.0122965968906843,0.428784864396291,-0.0644933194510277,32676
"116","nonsyn","common",100,0.05,5,0.001,6,6,0.5,0.5,0.75,0,1,0.0189940973104886,0.44828392128846,-0.0392871226181641,19669
"117","nonsyn","common",100,0.05,5,0.001,6,6,0.5,0.5,1,0,1,0.00384104464232355,0.441143167772152,-0.114823431946784,16733
"118","nonsyn","common",100,0.1,0.01,0.001,6,6,0.5,0.5,0.5,0,1,0.0626958221825751,0.574808140125982,0.21613815266286,33630
"119","nonsyn","common",100,0.2,0.01,0.001,6,6,0.5,0.5,0.5,0,1,0.0757428342674139,0.621138128295774,0.280734844529782,43715
"120","nonsyn","common",100,0.5,0.01,0.001,6,6,0.5,0.5,0.5,0,1,0.0888588895728179,0.665922551716396,0.352103304903752,40615
"121","nonsyn","common",200,0,0.01,0.001,6,6,0.5,0.5,0.5,0,1,0.00348450039339103,0.304435543771512,-0.105258275088373,1271
"122","nonsyn","common",200,0.01,0.01,0.001,6,6,0.5,0.5,0.5,0,1,0.01626414022349,0.343189611001507,-0.0231649918221623,42418
"123","nonsyn","common",200,0.05,0.01,0,6,5,0.5,0.5,0.5,0,1,0.00224314688793802,0.273155168172285,0.00146014881579213,1268307
"124","nonsyn","common",200,0.05,0.01,0,6,6.5,0.5,0.5,0.5,0,1,0.00783356902293797,0.33246432528459,0.0123391560106758,1227179
"125","nonsyn","common",200,0.05,0.01,0,6,7,0.5,0.5,0.5,0,1,0.00771965001560287,0.333453972800078,0.010574914054413,124977
"126","nonsyn","common",200,0.05,0.01,1e-04,6,5,0.5,0.5,0.5,0,1,0.00770243057885886,0.323221891440379,0.00733274313335193,2056218
"127","nonsyn","common",200,0.05,0.01,1e-04,6,6,0.5,0.5,0.5,0,1,0.0124745682325492,0.346351701347492,0.0156507357678223,1346674
"128","nonsyn","common",200,0.05,0.01,1e-04,6,6.5,0.5,0.5,0.5,0,1,0.0130793362480033,0.34607942906732,0.0122522488913616,418801
"129","nonsyn","common",200,0.05,0.01,1e-04,6,7,0.5,0.5,0.5,0,1,0.0128886413567953,0.344368238923496,0.0102454358505014,48703
"130","nonsyn","common",200,0.05,0.01,5e-04,6,5.5,0.5,0.5,0.5,0,1,0.0212301643910336,0.421431365992064,0.0456824060769223,861665
"131","nonsyn","common",200,0.05,0.01,5e-04,6,6,0.5,0.5,0.5,0,1,0.0308349540328284,0.414808308346633,0.0664016877159641,268670
"132","nonsyn","common",200,0.05,0.01,5e-04,6,6.5,0.5,0.5,0.5,0,1,0.0548874183148906,0.447371292248527,0.149682080593697,22954
"133","nonsyn","common",200,0.05,0.01,5e-04,6,7,0.5,0.5,0.5,0,1,0.0784687247547605,0.499719175799786,0.246536017490744,1733
"134","nonsyn","common",200,0.05,0.01,0.001,5,6,0.5,0.5,0.5,0,1,0.00587340295872909,0.0707030428106645,0.0089248386427491,47588
"135","nonsyn","common",200,0.05,0.01,0.001,6,6,0,0,0.5,0,1,0.0033907046829581,0.14674582749116,-0.0761429595746163,1665742
"136","nonsyn","common",200,0.05,0.01,0.001,6,6,0.25,0.25,0.5,0,1,0.0292284198524055,0.376573964018132,0.0363503094174805,31573
"137","nonsyn","common",200,0.05,0.01,0.001,6,6,0.5,0.5,0.5,0,1,0.0500751497218943,0.462866800636976,0.159119487264967,281188
"138","nonsyn","common",200,0.05,0.01,0.001,6,6,0.5,0.5,0.75,0,1,0.0609804705727712,0.52144278188074,0.22147546932513,60862
"139","nonsyn","common",200,0.05,0.01,0.001,6,6,0.5,0.5,1,0,1,0.000638003557601756,0.295553843207644,-0.108790670710471,9557
"140","nonsyn","common",200,0.05,0.01,0.001,6,6,0.75,0.75,0.5,0,1,0.0725446516446516,0.537086735331165,0.281048119724858,3861
"141","nonsyn","common",200,0.05,0.01,0.001,6,6,1,1,0.5,0,1,0.0740733063328424,0.541077625930505,0.302589640421866,2716
"142","nonsyn","common",200,0.05,0.01,0.001,6,6.5,0.5,0.5,0.5,0,1,0.0886882217621348,0.534076536235482,0.343450850645888,4347
"143","nonsyn","common",200,0.05,0.01,0.001,6,7,0.5,0.5,0.5,0,1,0.132350549450549,0.652519057054463,0.588410254198878,273
"144","nonsyn","common",200,0.05,0.01,0.001,6.5,6,0.5,0.5,0.5,0,1,0.0506269124472024,0.61605610100873,0.170660664580102,76708
"145","nonsyn","common",200,0.05,0.01,0.001,7,6,0.5,0.5,0.5,0,1,0.052433871723532,0.69977960766453,0.193634198134257,68290
"146","nonsyn","common",200,0.05,0.01,0.005,6,5.5,0.5,0.5,0.5,0,1,0.026701897468912,0.514673335494532,0.0715452222495357,59026
"147","nonsyn","common",200,0.05,0.01,0.005,6,6,0.5,0.5,0.5,0,1,0.019856559009438,0.427057311130718,0.0628201099925131,11549
"148","nonsyn","common",200,0.05,0.01,0.005,6,6.5,0.5,0.5,0.5,0,1,0.0262765799256506,0.392994173626769,0.102502840572412,538
"149","nonsyn","common",200,0.05,0.01,0.005,6,7,0.5,0.5,0.5,0,1,0.0681705882352941,0.451093558673587,0.249431730111285,17
"150","nonsyn","common",200,0.05,0.01,0.01,6,6.5,0.5,0.5,0.5,0,1,0.01412,0.360065096746979,0.0423495568565469,300
"151","nonsyn","common",200,0.05,0.01,0.01,6,7,0.5,0.5,0.5,0,1,NA,NA,NA,8
"152","nonsyn","common",200,0.05,1,0.001,6,6,0.5,0.5,0.5,0,1,0.0317158563457598,0.406729890362688,0.0514438636934015,77603
"153","nonsyn","common",200,0.05,1,0.001,6,6,0.5,0.5,0.75,0,1,0.0383259117172332,0.462382563177326,0.0771881279054519,85498
"154","nonsyn","common",200,0.05,1,0.001,6,6,0.5,0.5,1,0,1,0.0237766748263976,0.459526079833116,0.00362520844248055,80068
"155","nonsyn","common",200,0.05,5,0.001,6,6,0.5,0.5,0.5,0,1,0.0138339637767707,0.345210690032944,-0.042339997005324,61121
"156","nonsyn","common",200,0.05,5,0.001,6,6,0.5,0.5,0.75,0,1,0.0219680435598949,0.381871694461217,-0.0131043162451253,37282
"157","nonsyn","common",200,0.05,5,0.001,6,6,0.5,0.5,1,0,1,0.00631406893004115,0.338760148521245,-0.0894129743354201,31104
"158","nonsyn","common",200,0.1,0.01,0.001,6,6,0.5,0.5,0.5,0,1,0.06487857332066,0.521255006774055,0.231093529852422,64177
"159","nonsyn","common",200,0.2,0.01,0.001,6,6,0.5,0.5,0.5,0,1,0.0795507183235517,0.572849179602547,0.306700714774022,83319
"160","nonsyn","common",200,0.5,0.01,0.001,6,6,0.5,0.5,0.5,0,1,0.0925113034663437,0.623334252145521,0.373885015277441,75959
"161","nonsyn","common",300,0,0.01,0.001,6,6,0.5,0.5,0.5,0,1,0.00114503510531595,0.23209738205479,-0.0983377444450636,997
"162","nonsyn","common",300,0.01,0.01,0.001,6,6,0.5,0.5,0.5,0,1,0.0173735622686409,0.271103428476391,-0.000124887678468954,30256
"163","nonsyn","common",300,0.05,0.01,0,6,5,0.5,0.5,0.5,0,1,0.00214685985453834,0.212270423969608,0.00255331706286674,919830
"164","nonsyn","common",300,0.05,0.01,0,6,6.5,0.5,0.5,0.5,0,1,0.00679534450501597,0.253867277783912,0.0109599949379968,868028
"165","nonsyn","common",300,0.05,0.01,0,6,7,0.5,0.5,0.5,0,1,0.00683924667220364,0.253928306315336,0.0103209129041118,89098
"166","nonsyn","common",300,0.05,0.01,1e-04,6,5,0.5,0.5,0.5,0,1,0.00766694507688331,0.25906915506603,0.0101683123216651,1458639
"167","nonsyn","common",300,0.05,0.01,1e-04,6,6,0.5,0.5,0.5,0,1,0.0119735115693512,0.273886766912688,0.0198637947225709,954764
"168","nonsyn","common",300,0.05,0.01,1e-04,6,6.5,0.5,0.5,0.5,0,1,0.0129503707824129,0.274698038387955,0.0205704199419645,298423
"169","nonsyn","common",300,0.05,0.01,1e-04,6,7,0.5,0.5,0.5,0,1,0.0133536909096121,0.273799074004897,0.0212931287448245,34883
"170","nonsyn","common",300,0.05,0.01,5e-04,6,5.5,0.5,0.5,0.5,0,1,0.0217212769708604,0.353528299155482,0.0540847584185191,606905
"171","nonsyn","common",300,0.05,0.01,5e-04,6,6,0.5,0.5,0.5,0,1,0.0326970780032502,0.357217882689427,0.0871920438300497,191992
"172","nonsyn","common",300,0.05,0.01,5e-04,6,6.5,0.5,0.5,0.5,0,1,0.0558155910165484,0.403876678423905,0.169933843054,16920
"173","nonsyn","common",300,0.05,0.01,5e-04,6,7,0.5,0.5,0.5,0,1,0.0737762025316456,0.4520179143776,0.216750547271765,1185
"174","nonsyn","common",300,0.05,0.01,0.001,5,6,0.5,0.5,0.5,0,1,0.00443453196347032,0.0477998223032671,0.00655737757614864,35040
"175","nonsyn","common",300,0.05,0.01,0.001,6,6,0,0,0.5,0,1,0.00287803923955474,0.107078472389868,-0.0630043031678839,1215814
"176","nonsyn","common",300,0.05,0.01,0.001,6,6,0.25,0.25,0.5,0,1,0.0324855879989285,0.323044997773547,0.0657437850355548,22398
"177","nonsyn","common",300,0.05,0.01,0.001,6,6,0.5,0.5,0.5,0,1,0.0509647402319015,0.416190861217402,0.171225956704901,202931
"178","nonsyn","common",300,0.05,0.01,0.001,6,6,0.5,0.5,0.75,0,1,0.0616041730014296,0.474423984419171,0.235353442027757,44069
"179","nonsyn","common",300,0.05,0.01,0.001,6,6,0.5,0.5,1,0,1,0.00409486752460257,0.221476499460283,-0.0705990731290428,6605
"180","nonsyn","common",300,0.05,0.01,0.001,6,6,0.75,0.75,0.5,0,1,0.0728629576964095,0.488363304399543,0.282135703515841,2813
"181","nonsyn","common",300,0.05,0.01,0.001,6,6,1,1,0.5,0,1,0.0780728658536586,0.509349669587187,0.32709813836972,1968
"182","nonsyn","common",300,0.05,0.01,0.001,6,6.5,0.5,0.5,0.5,0,1,0.0934003442879499,0.512236079547628,0.383549551345471,3195
"183","nonsyn","common",300,0.05,0.01,0.001,6,7,0.5,0.5,0.5,0,1,0.106862557077626,0.570220943553536,0.449720966699817,219
"184","nonsyn","common",300,0.05,0.01,0.001,6.5,6,0.5,0.5,0.5,0,1,0.0525018156197496,0.585425882607639,0.183779186973708,55353
"185","nonsyn","common",300,0.05,0.01,0.001,7,6,0.5,0.5,0.5,0,1,0.0528275183187052,0.686390509998497,0.197295424112122,49676
"186","nonsyn","common",300,0.05,0.01,0.005,6,5.5,0.5,0.5,0.5,0,1,0.0277424385905879,0.453962878288136,0.0823636142165422,41606
"187","nonsyn","common",300,0.05,0.01,0.005,6,6,0.5,0.5,0.5,0,1,0.0192884412881107,0.347816660567503,0.0591636110719597,8167
"188","nonsyn","common",300,0.05,0.01,0.005,6,6.5,0.5,0.5,0.5,0,1,0.0202177835051547,0.344811755729955,0.0277726628937541,388
"189","nonsyn","common",300,0.05,0.01,0.005,6,7,0.5,0.5,0.5,0,1,0.0787461538461536,0.531026093539853,0.364082057852961,13
"190","nonsyn","common",300,0.05,0.01,0.01,6,6.5,0.5,0.5,0.5,0,1,0.0319048034934498,0.31503286018842,0.144575182223111,229
"191","nonsyn","common",300,0.05,0.01,0.01,6,7,0.5,0.5,0.5,0,1,NA,NA,NA,7
"192","nonsyn","common",300,0.05,1,0.001,6,6,0.5,0.5,0.5,0,1,0.0324784499830512,0.359847992229122,0.0642969604072464,56051
"193","nonsyn","common",300,0.05,1,0.001,6,6,0.5,0.5,0.75,0,1,0.0389235175016603,0.418732753622145,0.0886724189781363,61737
"194","nonsyn","common",300,0.05,1,0.001,6,6,0.5,0.5,1,0,1,0.0237394258473466,0.399736298632567,0.0146502412448266,57267
"195","nonsyn","common",300,0.05,5,0.001,6,6,0.5,0.5,0.5,0,1,0.0148300586004826,0.283395432747216,-0.0258490648320115,43515
"196","nonsyn","common",300,0.05,5,0.001,6,6,0.5,0.5,0.75,0,1,0.0211969604750417,0.330639061724241,-0.00553758665412662,26945
"197","nonsyn","common",300,0.05,5,0.001,6,6,0.5,0.5,1,0,1,0.00788701656211923,0.266890442605143,-0.0646087560126446,22159
"198","nonsyn","common",300,0.1,0.01,0.001,6,6,0.5,0.5,0.5,0,1,0.0661942314721249,0.482023476639362,0.247725700924678,46511
"199","nonsyn","common",300,0.2,0.01,0.001,6,6,0.5,0.5,0.5,0,1,0.0805984830552268,0.537914704536597,0.318549771341168,59989
"200","nonsyn","common",300,0.5,0.01,0.001,6,6,0.5,0.5,0.5,0,1,0.0932615664944248,0.592472423525566,0.381101206737844,55155
"201","nonsyn","common",500,0,0.01,0.001,6,6,0.5,0.5,0.5,0,1,0.00206396812080537,0.15792995110396,-0.0732773464600738,2384
"202","nonsyn","common",500,0.01,0.01,0.001,6,6,0.5,0.5,0.5,0,1,0.0158212008847255,0.207664844478572,0.00558625728945261,76860
"203","nonsyn","common",500,0.05,0.01,0,6,5,0.5,0.5,0.5,0,1,0.00201167787170839,0.172021247486825,0.0027169044193867,2371254
"204","nonsyn","common",500,0.05,0.01,0,6,6.5,0.5,0.5,0.5,0,1,0.00625126583645166,0.202275842376919,0.0123259396588733,2222878
"205","nonsyn","common",500,0.05,0.01,0,6,7,0.5,0.5,0.5,0,1,0.00633241981430682,0.202294923023786,0.0119689319155871,227472
"206","nonsyn","common",500,0.05,0.01,1e-04,6,5,0.5,0.5,0.5,0,1,0.0072209102641505,0.207888802936588,0.0113375184840214,3706902
"207","nonsyn","common",500,0.05,0.01,1e-04,6,6,0.5,0.5,0.5,0,1,0.0115321609825812,0.223336568809756,0.0232453342789437,2439941
"208","nonsyn","common",500,0.05,0.01,1e-04,6,6.5,0.5,0.5,0.5,0,1,0.0122714492871221,0.224135211244102,0.0233920195057488,764086
"209","nonsyn","common",500,0.05,0.01,1e-04,6,7,0.5,0.5,0.5,0,1,0.0124537046345632,0.221676457727147,0.0224896729033703,89523
"210","nonsyn","common",500,0.05,0.01,5e-04,6,5.5,0.5,0.5,0.5,0,1,0.0212859630818252,0.294146821019702,0.0602516164557236,1527757
"211","nonsyn","common",500,0.05,0.01,5e-04,6,6,0.5,0.5,0.5,0,1,0.0326945642767403,0.307447062354112,0.0986210252061192,491103
"212","nonsyn","common",500,0.05,0.01,5e-04,6,6.5,0.5,0.5,0.5,0,1,0.0548838975022528,0.355447554614786,0.181832011749608,43279
"213","nonsyn","common",500,0.05,0.01,5e-04,6,7,0.5,0.5,0.5,0,1,0.0778134150274105,0.412499201777502,0.27813457433491,3101
"214","nonsyn","common",500,0.05,0.01,0.001,5,6,0.5,0.5,0.5,0,1,0.00358732842714088,0.033435591767713,0.00671489275488554,92672
"215","nonsyn","common",500,0.05,0.01,0.001,6,6,0,0,0.5,0,1,0.00236659279238191,0.0802524381256519,-0.0532900584075621,3179275
"216","nonsyn","common",500,0.05,0.01,0.001,6,6,0.25,0.25,0.5,0,1,0.0303257631236442,0.268235461550647,0.0694414263934745,57625
"217","nonsyn","common",500,0.05,0.01,0.001,6,6,0.5,0.5,0.5,0,1,0.0508382791159196,0.372171334835581,0.182208253618511,522034
"218","nonsyn","common",500,0.05,0.01,0.001,6,6,0.5,0.5,0.75,0,1,0.059982517414173,0.42351619043468,0.242228314188595,112552
"219","nonsyn","common",500,0.05,0.01,0.001,6,6,0.5,0.5,1,0,1,0.00300169440964143,0.152407880375136,-0.0639434088798904,16761
"220","nonsyn","common",500,0.05,0.01,0.001,6,6,0.75,0.75,0.5,0,1,0.0756710841694537,0.458025574792003,0.312155242027756,7176
"221","nonsyn","common",500,0.05,0.01,0.001,6,6,1,1,0.5,0,1,0.0717923749007149,0.4711106940046,0.29621617078994,5036
"222","nonsyn","common",500,0.05,0.01,0.001,6,6.5,0.5,0.5,0.5,0,1,0.0883955194241032,0.46760412525275,0.371758731343102,8057
"223","nonsyn","common",500,0.05,0.01,0.001,6,7,0.5,0.5,0.5,0,1,0.127350348432056,0.55937472360695,0.581568769479495,574
"224","nonsyn","common",500,0.05,0.01,0.001,6.5,6,0.5,0.5,0.5,0,1,0.0548687987740856,0.548849325028407,0.198973348300422,140956
"225","nonsyn","common",500,0.05,0.01,0.001,7,6,0.5,0.5,0.5,0,1,0.0545151234808655,0.667999431189558,0.206450465918098,128198
"226","nonsyn","common",500,0.05,0.01,0.005,6,5.5,0.5,0.5,0.5,0,1,0.0273104362646152,0.392010913387504,0.0858757014808186,105028
"227","nonsyn","common",500,0.05,0.01,0.005,6,6,0.5,0.5,0.5,0,1,0.0190611179270746,0.291854496547394,0.0673198399609752,20377
"228","nonsyn","common",500,0.05,0.01,0.005,6,6.5,0.5,0.5,0.5,0,1,0.034658221302999,0.305753215976042,0.154471524349254,967
"229","nonsyn","common",500,0.05,0.01,0.005,6,7,0.5,0.5,0.5,0,1,0.0757566666666667,0.434423138759807,0.347550165857374,30
"230","nonsyn","common",500,0.05,0.01,0.01,6,6.5,0.5,0.5,0.5,0,1,0.0173557659208262,0.232929049986496,0.0720013357774912,581
"231","nonsyn","common",500,0.05,0.01,0.01,6,7,0.5,0.5,0.5,0,1,0.03096875,0.356577527398812,0.147663032018943,16
"232","nonsyn","common",500,0.05,1,0.001,6,6,0.5,0.5,0.5,0,1,0.032884074037966,0.315260940162953,0.0774408351156961,143602
"233","nonsyn","common",500,0.05,1,0.001,6,6,0.5,0.5,0.75,0,1,0.0375577097847235,0.373305864863767,0.0908678987533367,159330
"234","nonsyn","common",500,0.05,1,0.001,6,6,0.5,0.5,1,0,1,0.0217547201201079,0.335706283131413,0.0192854231517385,147867
"235","nonsyn","common",500,0.05,5,0.001,6,6,0.5,0.5,0.5,0,1,0.0146669644053414,0.230400743374715,-0.0164383046405193,111955
"236","nonsyn","common",500,0.05,5,0.001,6,6,0.5,0.5,0.75,0,1,0.0217661662851016,0.285416539233617,0.00589680995982562,69014
"237","nonsyn","common",500,0.05,5,0.001,6,6,0.5,0.5,1,0,1,0.00578805412393957,0.193685844538846,-0.0587366881802096,56463
"238","nonsyn","common",500,0.1,0.01,0.001,6,6,0.5,0.5,0.5,0,1,0.06636106479919,0.443024245106092,0.255679639010103,118520
"239","nonsyn","common",500,0.2,0.01,0.001,6,6,0.5,0.5,0.5,0,1,0.0816283158206495,0.504972488234952,0.33048244592546,155316
"240","nonsyn","common",500,0.5,0.01,0.001,6,6,0.5,0.5,0.5,0,1,0.0947535395442027,0.565291825103487,0.3951822003903,141247
"241","nonsyn","common",750,0,0.01,0.001,6,6,0.5,0.5,0.5,0,1,0.00360443366816765,0.0993893691745164,-0.0440551681812073,2887
"242","nonsyn","common",750,0.01,0.01,0.001,6,6,0.5,0.5,0.5,0,1,0.0141645521895885,0.144780029225814,0.0168880959409011,90976
"243","nonsyn","common",750,0.05,0.01,0,6,5,0.5,0.5,0.5,0,1,0.00187316928107339,0.139419808638724,0.00308145905600814,2838120
"244","nonsyn","common",750,0.05,0.01,0,6,6.5,0.5,0.5,0.5,0,1,0.00557677318064278,0.161456367981372,0.0119975526160363,2663688
"245","nonsyn","common",750,0.05,0.01,0,6,7,0.5,0.5,0.5,0,1,0.00554323768388014,0.161413560125237,0.010760866842167,272732
"246","nonsyn","common",750,0.05,0.01,1e-04,6,5,0.5,0.5,0.5,0,1,0.00663468539552615,0.165331177396387,0.0123113763179726,4404753
"247","nonsyn","common",750,0.05,0.01,1e-04,6,6,0.5,0.5,0.5,0,1,0.0107864652606723,0.181166744983364,0.025252906778338,2916133
"248","nonsyn","common",750,0.05,0.01,1e-04,6,6.5,0.5,0.5,0.5,0,1,0.0118201527071813,0.182290973584955,0.0275190342930976,913644
"249","nonsyn","common",750,0.05,0.01,1e-04,6,7,0.5,0.5,0.5,0,1,0.012008862481007,0.179622640000471,0.0264178151175729,106618
"250","nonsyn","common",750,0.05,0.01,5e-04,6,5.5,0.5,0.5,0.5,0,1,0.0201507628496092,0.238444100493623,0.0626905509330708,1791572
"251","nonsyn","common",750,0.05,0.01,5e-04,6,6,0.5,0.5,0.5,0,1,0.0313103773245505,0.257793521942276,0.10419356979496,583715
"252","nonsyn","common",750,0.05,0.01,5e-04,6,6.5,0.5,0.5,0.5,0,1,0.0529395481094375,0.307343674648632,0.186285468508458,52048
"253","nonsyn","common",750,0.05,0.01,5e-04,6,7,0.5,0.5,0.5,0,1,0.0731709710479118,0.362990972031634,0.267271898155238,3903
"254","nonsyn","common",750,0.05,0.01,0.001,5,6,0.5,0.5,0.5,0,1,0.0019323110516934,0.0217808819373888,0.000156935634728406,112200
"255","nonsyn","common",750,0.05,0.01,0.001,6,6,0,0,0.5,0,1,0.00184969631346235,0.0581832986186359,-0.0448430304076347,3872414
"256","nonsyn","common",750,0.05,0.01,0.001,6,6,0.25,0.25,0.5,0,1,0.0294578132440583,0.219004589746186,0.0846829930895145,69299
"257","nonsyn","common",750,0.05,0.01,0.001,6,6,0.5,0.5,0.5,0,1,0.0494431351628048,0.320949008418305,0.190037477467517,625135
"258","nonsyn","common",750,0.05,0.01,0.001,6,6,0.5,0.5,0.75,0,1,0.0578375794982692,0.362052780529481,0.25022230902671,133179
"259","nonsyn","common",750,0.05,0.01,0.001,6,6,0.5,0.5,1,0,1,0.00192437689667181,0.0959892013772768,-0.0515727725355572,20101
"260","nonsyn","common",750,0.05,0.01,0.001,6,6,0.75,0.75,0.5,0,1,0.0681615560640732,0.398362711490297,0.288784221348849,8740
"261","nonsyn","common",750,0.05,0.01,0.001,6,6,1,1,0.5,0,1,0.0724820127430158,0.429050740722936,0.314786772106222,6121
"262","nonsyn","common",750,0.05,0.01,0.001,6,6.5,0.5,0.5,0.5,0,1,0.0831884814667198,0.415586641317299,0.36253650003148,10036
"263","nonsyn","common",750,0.05,0.01,0.001,6,7,0.5,0.5,0.5,0,1,0.123226236881559,0.512640677033466,0.576244174884035,667
"264","nonsyn","common",750,0.05,0.01,0.001,6.5,6,0.5,0.5,0.5,0,1,0.0559488143715473,0.502971077281658,0.211857801965548,165271
"265","nonsyn","common",750,0.05,0.01,0.001,7,6,0.5,0.5,0.5,0,1,0.0553060532831928,0.640045648513076,0.211015908808794,151042
"266","nonsyn","common",750,0.05,0.01,0.005,6,5.5,0.5,0.5,0.5,0,1,0.0269959453994768,0.320763660755683,0.0942723961105369,121171
"267","nonsyn","common",750,0.05,0.01,0.005,6,6,0.5,0.5,0.5,0,1,0.0195293053365424,0.239996216167133,0.0751993045939311,24098
"268","nonsyn","common",750,0.05,0.01,0.005,6,6.5,0.5,0.5,0.5,0,1,0.0327657545605307,0.279688239241091,0.148390381659263,1206
"269","nonsyn","common",750,0.05,0.01,0.005,6,7,0.5,0.5,0.5,0,1,0.0877727272727273,0.39325749498755,0.421837339839015,33
"270","nonsyn","common",750,0.05,0.01,0.01,6,6.5,0.5,0.5,0.5,0,1,0.0113455604075691,0.201830252735999,0.0327982892182258,687
"271","nonsyn","common",750,0.05,0.01,0.01,6,7,0.5,0.5,0.5,0,1,-0.036065,0.272674232039568,-0.303241073212165,20
"272","nonsyn","common",750,0.05,1,0.001,6,6,0.5,0.5,0.5,0,1,0.0317394225517426,0.26801687639608,0.0848763431842355,172102
"273","nonsyn","common",750,0.05,1,0.001,6,6,0.5,0.5,0.75,0,1,0.0361388752158102,0.32433560126721,0.0968889018235139,190561
"274","nonsyn","common",750,0.05,1,0.001,6,6,0.5,0.5,1,0,1,0.0186941184550928,0.256462693302796,0.0200641712887423,174716
"275","nonsyn","common",750,0.05,5,0.001,6,6,0.5,0.5,0.5,0,1,0.0139184097506958,0.181716299923021,-0.00648866731413587,133652
"276","nonsyn","common",750,0.05,5,0.001,6,6,0.5,0.5,0.75,0,1,0.019936018508398,0.238130929375226,0.00644739414962386,82341
"277","nonsyn","common",750,0.05,5,0.001,6,6,0.5,0.5,1,0,1,0.00546563137745602,0.128779876296617,-0.0414447754277072,67131
"278","nonsyn","common",750,0.1,0.01,0.001,6,6,0.5,0.5,0.5,0,1,0.0655469518814589,0.400534150340233,0.264229008727559,141858
"279","nonsyn","common",750,0.2,0.01,0.001,6,6,0.5,0.5,0.5,0,1,0.0802257407257521,0.469134555077711,0.332351296038576,185325
"280","nonsyn","common",750,0.5,0.01,0.001,6,6,0.5,0.5,0.5,0,1,0.0943121944919011,0.536003113230723,0.399154152346386,170331
"281","nonsyn","common",1000,0,0.01,0.001,6,6,0.5,0.5,0.5,0,1,0.00171284306826179,0.0667361015944895,-0.0444251650817402,2842
"282","nonsyn","common",1000,0.01,0.01,0.001,6,6,0.5,0.5,0.5,0,1,0.0121045502909017,0.104854911504463,0.0201158302842253,88346
"283","nonsyn","common",1000,0.05,0.01,0,6,5,0.5,0.5,0.5,0,1,0.00167339836314874,0.11829756307133,0.00247997429542483,2728287
"284","nonsyn","common",1000,0.05,0.01,0,6,6.5,0.5,0.5,0.5,0,1,0.00509947473253479,0.137612087829099,0.011915786570857,2566502
"285","nonsyn","common",1000,0.05,0.01,0,6,7,0.5,0.5,0.5,0,1,0.00529168263206207,0.137508654062957,0.0127084474119975,262547
"286","nonsyn","common",1000,0.05,0.01,1e-04,6,5,0.5,0.5,0.5,0,1,0.00619801345581288,0.140038654267451,0.012954635120882,4219589
"287","nonsyn","common",1000,0.05,0.01,1e-04,6,6,0.5,0.5,0.5,0,1,0.0102330230648142,0.154770148668586,0.0272469640360152,2805312
"288","nonsyn","common",1000,0.05,0.01,1e-04,6,6.5,0.5,0.5,0.5,0,1,0.0109069872434249,0.156181428146195,0.0273808169195921,876254
"289","nonsyn","common",1000,0.05,0.01,1e-04,6,7,0.5,0.5,0.5,0,1,0.0112491075268817,0.154479097630686,0.0285442655013583,102300
"290","nonsyn","common",1000,0.05,0.01,5e-04,6,5.5,0.5,0.5,0.5,0,1,0.0192897792757614,0.202233735852367,0.0646980620701009,1703030
"291","nonsyn","common",1000,0.05,0.01,5e-04,6,6,0.5,0.5,0.5,0,1,0.03005073147551,0.223811191863125,0.10725666140011,559759
"292","nonsyn","common",1000,0.05,0.01,5e-04,6,6.5,0.5,0.5,0.5,0,1,0.051605453161311,0.273683618463329,0.195542421060183,49916
"293","nonsyn","common",1000,0.05,0.01,5e-04,6,7,0.5,0.5,0.5,0,1,0.0705435213204952,0.319672422619321,0.274726548975757,3635
"294","nonsyn","common",1000,0.05,0.01,0.001,5,6,0.5,0.5,0.5,0,1,0.000907971317815349,0.0163458931913107,-0.00533591140905941,109894
"295","nonsyn","common",1000,0.05,0.01,0.001,6,6,0,0,0.5,0,1,0.00144696315099128,0.0459035209283394,-0.0402352310989118,3767754
"296","nonsyn","common",1000,0.05,0.01,0.001,6,6,0.25,0.25,0.5,0,1,0.0273554780461685,0.18194840476182,0.0875432139097493,67232
"297","nonsyn","common",1000,0.05,0.01,0.001,6,6,0.5,0.5,0.5,0,1,0.04738663578136,0.281068103577425,0.191585060254924,600933
"298","nonsyn","common",1000,0.05,0.01,0.001,6,6,0.5,0.5,0.75,0,1,0.0538423218764989,0.309991240192957,0.247467453876616,127173
"299","nonsyn","common",1000,0.05,0.01,0.001,6,6,0.5,0.5,1,0,1,0.00274275610914657,0.0660160669260068,-0.0350492094516801,18947
"300","nonsyn","common",1000,0.05,0.01,0.001,6,6,0.75,0.75,0.5,0,1,0.0670489960322232,0.363134027496131,0.296610784652483,8317
"301","nonsyn","common",1000,0.05,0.01,0.001,6,6,1,1,0.5,0,1,0.0728693179950699,0.394086024516707,0.32855377005033,6085
"302","nonsyn","common",1000,0.05,0.01,0.001,6,6.5,0.5,0.5,0.5,0,1,0.0793879877112135,0.367279826117501,0.359017461929805,9765
"303","nonsyn","common",1000,0.05,0.01,0.001,6,7,0.5,0.5,0.5,0,1,0.118806259314456,0.469812008791882,0.566699324532203,671
"304","nonsyn","common",1000,0.05,0.01,0.001,6.5,6,0.5,0.5,0.5,0,1,0.0569748259994617,0.464530782444044,0.224407283940846,156034
"305","nonsyn","common",1000,0.05,0.01,0.001,7,6,0.5,0.5,0.5,0,1,0.0574666766988864,0.615678476176706,0.224509291594129,142873
"306","nonsyn","common",1000,0.05,0.01,0.005,6,5.5,0.5,0.5,0.5,0,1,0.0249772608540956,0.268053757475947,0.0909393764593302,115233
"307","nonsyn","common",1000,0.05,0.01,0.005,6,6,0.5,0.5,0.5,0,1,0.017741135532749,0.202064392219862,0.0699230930704728,22703
"308","nonsyn","common",1000,0.05,0.01,0.005,6,6.5,0.5,0.5,0.5,0,1,0.0306286307053942,0.239964346586508,0.127314525736746,1205
"309","nonsyn","common",1000,0.05,0.01,0.005,6,7,0.5,0.5,0.5,0,1,0.0315361111111111,0.255020977122175,0.0659769970126847,36
"310","nonsyn","common",1000,0.05,0.01,0.01,6,6.5,0.5,0.5,0.5,0,1,0.0124433783783784,0.181421081796729,0.0301667584032812,740
"311","nonsyn","common",1000,0.05,0.01,0.01,6,7,0.5,0.5,0.5,0,1,-0.0211909090909091,0.234846243915101,-0.250912460324334,11
"312","nonsyn","common",1000,0.05,1,0.001,6,6,0.5,0.5,0.5,0,1,0.0303771714282294,0.233576881720792,0.0870939870567834,167102
"313","nonsyn","common",1000,0.05,1,0.001,6,6,0.5,0.5,0.75,0,1,0.0334212461867489,0.281983613741663,0.0925827605375875,184226
"314","nonsyn","common",1000,0.05,1,0.001,6,6,0.5,0.5,1,0,1,0.0157366795203953,0.196767514528481,0.0187923101569797,165970
"315","nonsyn","common",1000,0.05,5,0.001,6,6,0.5,0.5,0.5,0,1,0.0132596668250988,0.150305180902671,0.00121401467227173,128341
"316","nonsyn","common",1000,0.05,5,0.001,6,6,0.5,0.5,0.75,0,1,0.0195353966232489,0.205509657224037,0.0155285460033678,79307
"317","nonsyn","common",1000,0.05,5,0.001,6,6,0.5,0.5,1,0,1,0.00422250007819587,0.0886896263952964,-0.0343523111220273,63942
"318","nonsyn","common",1000,0.1,0.01,0.001,6,6,0.5,0.5,0.5,0,1,0.0641762669210169,0.368718722604499,0.266053389673821,136295
"319","nonsyn","common",1000,0.2,0.01,0.001,6,6,0.5,0.5,0.5,0,1,0.0793551086168017,0.440587470509824,0.335337270509685,177827
"320","nonsyn","common",1000,0.5,0.01,0.001,6,6,0.5,0.5,0.5,0,1,0.0939739472404571,0.513577995919456,0.403222506011426,164520
"321","nonsyn","common",1500,0,0.01,0.001,6,6,0.5,0.5,0.5,0,1,0.000689141104294479,0.0466939016632314,-0.0419247496472904,4890
"322","nonsyn","common",1500,0.01,0.01,0.001,6,6,0.5,0.5,0.5,0,1,0.00919136018565866,0.073466336995466,0.0135100114579875,152538
"323","nonsyn","common",1500,0.05,0.01,0,6,5,0.5,0.5,0.5,0,1,0.00153031911242454,0.100053838351616,0.00315358495830622,4705583
"324","nonsyn","common",1500,0.05,0.01,0,6,6.5,0.5,0.5,0.5,0,1,0.00483569736153801,0.117213521874076,0.0128685359492287,4387215
"325","nonsyn","common",1500,0.05,0.01,0,6,7,0.5,0.5,0.5,0,1,0.00505715853552444,0.116889624313792,0.013973638692954,448297
"326","nonsyn","common",1500,0.05,0.01,1e-04,6,5,0.5,0.5,0.5,0,1,0.00583726835082192,0.118793192866449,0.0142797492331873,7173725
"327","nonsyn","common",1500,0.05,0.01,1e-04,6,6,0.5,0.5,0.5,0,1,0.00941618001829783,0.131712279370631,0.0269237080230485,4791824
"328","nonsyn","common",1500,0.05,0.01,1e-04,6,6.5,0.5,0.5,0.5,0,1,0.010402662652143,0.133573206149684,0.0298957567569823,1501548
"329","nonsyn","common",1500,0.05,0.01,1e-04,6,7,0.5,0.5,0.5,0,1,0.0104396679934762,0.132046681858954,0.0288193214726248,175358
"330","nonsyn","common",1500,0.05,0.01,5e-04,6,5.5,0.5,0.5,0.5,0,1,0.0180527501888873,0.169609237420968,0.0666947958579601,2894583
"331","nonsyn","common",1500,0.05,0.01,5e-04,6,6,0.5,0.5,0.5,0,1,0.0280971507411454,0.190313137125109,0.10720321822795,958179
"332","nonsyn","common",1500,0.05,0.01,5e-04,6,6.5,0.5,0.5,0.5,0,1,0.0486471631411185,0.233801225702365,0.195786209368104,86275
"333","nonsyn","common",1500,0.05,0.01,5e-04,6,7,0.5,0.5,0.5,0,1,0.0668308878504673,0.28008618181367,0.279134159814383,6420
"334","nonsyn","common",1500,0.05,0.01,0.001,5,6,0.5,0.5,0.5,0,1,0.000486385932147373,0.0137127000202337,-0.00775636921605724,190619
"335","nonsyn","common",1500,0.05,0.01,0.001,6,6,0,0,0.5,0,1,0.00109535955776897,0.0366797029995855,-0.0364210989321928,6529076
"336","nonsyn","common",1500,0.05,0.01,0.001,6,6,0.25,0.25,0.5,0,1,0.0246183313778944,0.146211394359672,0.0869901857406919,115916
"337","nonsyn","common",1500,0.05,0.01,0.001,6,6,0.5,0.5,0.5,0,1,0.0441722770112262,0.239341306216134,0.189341254014918,1033561
"338","nonsyn","common",1500,0.05,0.01,0.001,6,6,0.5,0.5,0.75,0,1,0.0492676759642979,0.254144167508712,0.246971564923887,215001
"339","nonsyn","common",1500,0.05,0.01,0.001,6,6,0.5,0.5,1,0,1,0.00161499010202528,0.0459235986361251,-0.0309181275038394,32835
"340","nonsyn","common",1500,0.05,0.01,0.001,6,6,0.75,0.75,0.5,0,1,0.0654387345785374,0.326497185305304,0.295574991116683,14509
"341","nonsyn","common",1500,0.05,0.01,0.001,6,6,1,1,0.5,0,1,0.0700655056402137,0.35627966088492,0.313664891659563,10106
"342","nonsyn","common",1500,0.05,0.01,0.001,6,6.5,0.5,0.5,0.5,0,1,0.0745874389226552,0.319165338261784,0.349937212922119,16782
"343","nonsyn","common",1500,0.05,0.01,0.001,6,7,0.5,0.5,0.5,0,1,0.105623876404494,0.393858486951106,0.519023288383742,1068
"344","nonsyn","common",1500,0.05,0.01,0.001,6.5,6,0.5,0.5,0.5,0,1,0.0569079072088753,0.425275127632859,0.232571143857317,262482
"345","nonsyn","common",1500,0.05,0.01,0.001,7,6,0.5,0.5,0.5,0,1,0.0583996345873883,0.586188976899037,0.232947456573203,239729
"346","nonsyn","common",1500,0.05,0.01,0.005,6,5.5,0.5,0.5,0.5,0,1,0.0234386495731828,0.217587020929704,0.0921830798648885,192354
"347","nonsyn","common",1500,0.05,0.01,0.005,6,6,0.5,0.5,0.5,0,1,0.0173508645606207,0.169676434075838,0.0757247850812284,39442
"348","nonsyn","common",1500,0.05,0.01,0.005,6,6.5,0.5,0.5,0.5,0,1,0.0268119696969697,0.197342790579828,0.128908173989767,1980
"349","nonsyn","common",1500,0.05,0.01,0.005,6,7,0.5,0.5,0.5,0,1,0.0367542857142857,0.273363660386345,0.156811077263809,70
"350","nonsyn","common",1500,0.05,0.01,0.01,6,6.5,0.5,0.5,0.5,0,1,0.0114618025751073,0.148481010449562,0.0444607728213538,1165
"351","nonsyn","common",1500,0.05,0.01,0.01,6,7,0.5,0.5,0.5,0,1,0.00694210526315794,0.192112730998751,0.0516803775206414,19
"352","nonsyn","common",1500,0.05,1,0.001,6,6,0.5,0.5,0.5,0,1,0.0280758570930638,0.201379202664853,0.0843349287478287,286900
"353","nonsyn","common",1500,0.05,1,0.001,6,6,0.5,0.5,0.75,0,1,0.0308645848323045,0.240760100629976,0.0934210920188766,316884
"354","nonsyn","common",1500,0.05,1,0.001,6,6,0.5,0.5,1,0,1,0.0125237956945286,0.141235523326193,0.016554147664071,283732
"355","nonsyn","common",1500,0.05,5,0.001,6,6,0.5,0.5,0.5,0,1,0.0123875213043204,0.125848181703301,0.00560208991919587,221786
"356","nonsyn","common",1500,0.05,5,0.001,6,6,0.5,0.5,0.75,0,1,0.0176470109151361,0.174998625747948,0.0151284578550749,137149
"357","nonsyn","common",1500,0.05,5,0.001,6,6,0.5,0.5,1,0,1,0.00341510230771326,0.0615985337018729,-0.0267974560137278,110109
"358","nonsyn","common",1500,0.1,0.01,0.001,6,6,0.5,0.5,0.5,0,1,0.0621734081449826,0.333707939405098,0.26739715129273,233297
"359","nonsyn","common",1500,0.2,0.01,0.001,6,6,0.5,0.5,0.5,0,1,0.077897655740552,0.412117846191168,0.336547754987237,305171
"360","nonsyn","common",1500,0.5,0.01,0.001,6,6,0.5,0.5,0.5,0,1,0.0924835513666621,0.490084919479182,0.402972528567515,281379
"361","nonsyn","common",2000,0,0.01,0.001,6,6,0.5,0.5,0.5,0,1,0.000862539808917198,0.0345403272391515,-0.0301567820292187,5024
"362","nonsyn","common",2000,0.01,0.01,0.001,6,6,0.5,0.5,0.5,0,1,0.00662014587682346,0.0502067000298226,0.0074307594236792,159998
"363","nonsyn","common",2000,0.05,0.01,0,6,5,0.5,0.5,0.5,0,1,0.0014665958800155,0.0839720587904217,0.00369757276790257,4865795
"364","nonsyn","common",2000,0.05,0.01,0,6,6.5,0.5,0.5,0.5,0,1,0.00447696166784445,0.09759005506233,0.013809834781727,4533948
"365","nonsyn","common",2000,0.05,0.01,0,6,7,0.5,0.5,0.5,0,1,0.0045864572136533,0.097492603457581,0.0142396712199716,463302
"366","nonsyn","common",2000,0.05,0.01,1e-04,6,5,0.5,0.5,0.5,0,1,0.00546173682754121,0.0984452320412891,0.0161587733773344,7429972
"367","nonsyn","common",2000,0.05,0.01,1e-04,6,6,0.5,0.5,0.5,0,1,0.00874360595985378,0.10937585406051,0.0284317528983331,4961464
"368","nonsyn","common",2000,0.05,0.01,1e-04,6,6.5,0.5,0.5,0.5,0,1,0.00957174642390712,0.110939076966628,0.0309859983382393,1555888
"369","nonsyn","common",2000,0.05,0.01,1e-04,6,7,0.5,0.5,0.5,0,1,0.00971236449306402,0.110459988891093,0.0302500337323941,182094
"370","nonsyn","common",2000,0.05,0.01,5e-04,6,5.5,0.5,0.5,0.5,0,1,0.0165829055514512,0.139181069651196,0.0667317108938819,2987309
"371","nonsyn","common",2000,0.05,0.01,5e-04,6,6,0.5,0.5,0.5,0,1,0.0260546425435626,0.157643979274976,0.108104461830705,996555
"372","nonsyn","common",2000,0.05,0.01,5e-04,6,6.5,0.5,0.5,0.5,0,1,0.0444648409580254,0.194139904000454,0.19384443626494,90102
"373","nonsyn","common",2000,0.05,0.01,5e-04,6,7,0.5,0.5,0.5,0,1,0.0620447077874282,0.226712647713743,0.281217785496209,6793
"374","nonsyn","common",2000,0.05,0.01,0.001,5,6,0.5,0.5,0.5,0,1,0.000194090739589807,0.0121492360334424,-0.00949092539408661,201125
"375","nonsyn","common",2000,0.05,0.01,0.001,6,6,0,0,0.5,0,1,0.000781855620063121,0.0296055036541256,-0.0333754385993157,6852254
"376","nonsyn","common",2000,0.05,0.01,0.001,6,6,0.25,0.25,0.5,0,1,0.0214078465303701,0.114075677305968,0.0839728005636775,121353
"377","nonsyn","common",2000,0.05,0.01,0.001,6,6,0.5,0.5,0.5,0,1,0.0404782686235202,0.197419857480854,0.185067245562849,1075468
"378","nonsyn","common",2000,0.05,0.01,0.001,6,6,0.5,0.5,0.75,0,1,0.0439690156609731,0.197127442336579,0.244475398386054,219782
"379","nonsyn","common",2000,0.05,0.01,0.001,6,6,0.5,0.5,1,0,1,0.000572762015055008,0.0333910967897671,-0.0332475302261211,34540
"380","nonsyn","common",2000,0.05,0.01,0.001,6,6,0.75,0.75,0.5,0,1,0.0606819851735223,0.281409281565011,0.285104777488983,15243
"381","nonsyn","common",2000,0.05,0.01,0.001,6,6,1,1,0.5,0,1,0.0668530066815145,0.313216213502341,0.314254533258539,10776
"382","nonsyn","common",2000,0.05,0.01,0.001,6,6.5,0.5,0.5,0.5,0,1,0.0678980375426621,0.26298727684596,0.338715958098773,17580
"383","nonsyn","common",2000,0.05,0.01,0.001,6,7,0.5,0.5,0.5,0,1,0.0962954918032787,0.323810358692589,0.483743051354308,1220
"384","nonsyn","common",2000,0.05,0.01,0.001,6.5,6,0.5,0.5,0.5,0,1,0.0559299291948089,0.383606439791386,0.236805028094631,269613
"385","nonsyn","common",2000,0.05,0.01,0.001,7,6,0.5,0.5,0.5,0,1,0.0597265630888208,0.554595987253511,0.243188230176603,244132
"386","nonsyn","common",2000,0.05,0.01,0.005,6,5.5,0.5,0.5,0.5,0,1,0.0207653326037281,0.169878604618557,0.0872768006548869,197367
"387","nonsyn","common",2000,0.05,0.01,0.005,6,6,0.5,0.5,0.5,0,1,0.0147038868310752,0.138051227377832,0.064762466169086,41036
"388","nonsyn","common",2000,0.05,0.01,0.005,6,6.5,0.5,0.5,0.5,0,1,0.0255602466793169,0.165634917164916,0.122578167007184,2108
"389","nonsyn","common",2000,0.05,0.01,0.005,6,7,0.5,0.5,0.5,0,1,0.0443621621621622,0.227973104041325,0.23482451332153,74
"390","nonsyn","common",2000,0.05,0.01,0.01,6,6.5,0.5,0.5,0.5,0,1,0.00706907790143084,0.113710476168529,0.0267433816868834,1258
"391","nonsyn","common",2000,0.05,0.01,0.01,6,7,0.5,0.5,0.5,0,1,-0.01123,0.089601612090972,-0.13921364929043,20
"392","nonsyn","common",2000,0.05,1,0.001,6,6,0.5,0.5,0.5,0,1,0.025685037250485,0.168585879470167,0.082330712006515,300533
"393","nonsyn","common",2000,0.05,1,0.001,6,6,0.5,0.5,0.75,0,1,0.0274268925638389,0.197467382014657,0.0885600660557726,329619
"394","nonsyn","common",2000,0.05,1,0.001,6,6,0.5,0.5,1,0,1,0.0088902774917981,0.0938906245238294,0.0104013954487486,291396
"395","nonsyn","common",2000,0.05,5,0.001,6,6,0.5,0.5,0.5,0,1,0.0109548629139902,0.103041374796105,0.0047806755927106,231497
"396","nonsyn","common",2000,0.05,5,0.001,6,6,0.5,0.5,0.75,0,1,0.0156868441879522,0.145010886264541,0.0128730174099109,142781
"397","nonsyn","common",2000,0.05,5,0.001,6,6,0.5,0.5,1,0,1,0.00219086560662165,0.0413948752937055,-0.0248826801937478,114775
"398","nonsyn","common",2000,0.1,0.01,0.001,6,6,0.5,0.5,0.5,0,1,0.0592736144748192,0.294431135721667,0.266734669340692,241136
"399","nonsyn","common",2000,0.2,0.01,0.001,6,6,0.5,0.5,0.5,0,1,0.0755656828404753,0.380059222473413,0.33556364839512,317468
"400","nonsyn","common",2000,0.5,0.01,0.001,6,6,0.5,0.5,0.5,0,1,0.0910800777242555,0.467665485225976,0.401899932498139,294374
"401","nonsyn","common",2500,0,0.01,0.001,6,6,0.5,0.5,0.5,0,1,-0.00156157786885246,0.0267665125385449,-0.0510272289149937,976
"402","nonsyn","common",2500,0.01,0.01,0.001,6,6,0.5,0.5,0.5,0,1,0.00520542024678597,0.0404815419179091,0.00378826360775578,30958
"403","nonsyn","common",2500,0.05,0.01,0,6,5,0.5,0.5,0.5,0,1,0.00135750719071321,0.0759356701803025,0.00340285614987628,928976
"404","nonsyn","common",2500,0.05,0.01,0,6,6.5,0.5,0.5,0.5,0,1,0.00418674371121115,0.0876552291623167,0.0137801139860031,865906
"405","nonsyn","common",2500,0.05,0.01,0,6,7,0.5,0.5,0.5,0,1,0.0043724320779676,0.0877283352433267,0.0151788873483929,88447
"406","nonsyn","common",2500,0.05,0.01,1e-04,6,5,0.5,0.5,0.5,0,1,0.00522368299726826,0.087746773015435,0.0168499153329639,1420707
"407","nonsyn","common",2500,0.05,0.01,1e-04,6,6,0.5,0.5,0.5,0,1,0.00825393174282778,0.0980016734517766,0.0287374348529231,946743
"408","nonsyn","common",2500,0.05,0.01,1e-04,6,6.5,0.5,0.5,0.5,0,1,0.00888830959311119,0.0996385366018145,0.0296111692034928,297526
"409","nonsyn","common",2500,0.05,0.01,1e-04,6,7,0.5,0.5,0.5,0,1,0.00973684830379456,0.0985068426930095,0.0349081243084606,34813
"410","nonsyn","common",2500,0.05,0.01,5e-04,6,5.5,0.5,0.5,0.5,0,1,0.0154908230618391,0.123870741047447,0.065036467637494,571160
"411","nonsyn","common",2500,0.05,0.01,5e-04,6,6,0.5,0.5,0.5,0,1,0.0244461581064841,0.140564772053158,0.106772958438066,191390
"412","nonsyn","common",2500,0.05,0.01,5e-04,6,6.5,0.5,0.5,0.5,0,1,0.0427312521579008,0.175134946540547,0.192596732284461,17378
"413","nonsyn","common",2500,0.05,0.01,5e-04,6,7,0.5,0.5,0.5,0,1,0.0561058353317346,0.200865710936724,0.254460468197305,1251
"414","nonsyn","common",2500,0.05,0.01,0.001,5,6,0.5,0.5,0.5,0,1,3.87126366485743e-05,0.0117713825949267,-0.011029904130142,39243
"415","nonsyn","common",2500,0.05,0.01,0.001,6,6,0,0,0.5,0,1,0.000626018998711631,0.026714231550087,-0.0323201040128454,1318721
"416","nonsyn","common",2500,0.05,0.01,0.001,6,6,0.25,0.25,0.5,0,1,0.0193542970604739,0.0978631782017157,0.0800580507542,23167
"417","nonsyn","common",2500,0.05,0.01,0.001,6,6,0.5,0.5,0.5,0,1,0.0385806569079027,0.175382915016091,0.184568829799197,207335
"418","nonsyn","common",2500,0.05,0.01,0.001,6,6,0.5,0.5,0.75,0,1,0.0410256834772651,0.167921981669222,0.244486102324037,41918
"419","nonsyn","common",2500,0.05,0.01,0.001,6,6,0.5,0.5,1,0,1,0.00123802901151488,0.0283586447962393,-0.0253282154172669,6687
"420","nonsyn","common",2500,0.05,0.01,0.001,6,6,0.75,0.75,0.5,0,1,0.0590142363510712,0.251368649049346,0.288794950967878,2894
"421","nonsyn","common",2500,0.05,0.01,0.001,6,6,1,1,0.5,0,1,0.0618036800785083,0.286087891319226,0.291343160928952,2038
"422","nonsyn","common",2500,0.05,0.01,0.001,6,6.5,0.5,0.5,0.5,0,1,0.0653619396157365,0.233185940838895,0.333285844859108,3279
"423","nonsyn","common",2500,0.05,0.01,0.001,6,7,0.5,0.5,0.5,0,1,0.0973459821428571,0.300602140444984,0.529989524350718,224
"424","nonsyn","common",2500,0.05,0.01,0.001,6.5,6,0.5,0.5,0.5,0,1,0.0548089811732181,0.360330902897859,0.236717526637236,51363
"425","nonsyn","common",2500,0.05,0.01,0.001,7,6,0.5,0.5,0.5,0,1,0.0602089650555052,0.535182726093617,0.249926478309406,46302
"426","nonsyn","common",2500,0.05,0.01,0.005,6,5.5,0.5,0.5,0.5,0,1,0.0183695367746378,0.146222910470548,0.0792548850073641,37757
"427","nonsyn","common",2500,0.05,0.01,0.005,6,6,0.5,0.5,0.5,0,1,0.0130835878850634,0.119741792662568,0.0567539014169225,7726
"428","nonsyn","common",2500,0.05,0.01,0.005,6,6.5,0.5,0.5,0.5,0,1,0.0263592991913747,0.146457089070197,0.110907954181761,371
"429","nonsyn","common",2500,0.05,0.01,0.005,6,7,0.5,0.5,0.5,0,1,0.0332727272727273,0.138117411473731,0.119927773465454,11
"430","nonsyn","common",2500,0.05,0.01,0.01,6,6.5,0.5,0.5,0.5,0,1,0.00774803493449782,0.0991772259668225,0.045939982911152,229
"431","nonsyn","common",2500,0.05,0.01,0.01,6,7,0.5,0.5,0.5,0,1,0.106633333333333,0.226478958607118,0.751292228468126,3
"432","nonsyn","common",2500,0.05,1,0.001,6,6,0.5,0.5,0.5,0,1,0.024656530224525,0.151735926902183,0.0828256735557614,57900
"433","nonsyn","common",2500,0.05,1,0.001,6,6,0.5,0.5,0.75,0,1,0.0252878179637695,0.17447596866691,0.0844873693551894,63372
"434","nonsyn","common",2500,0.05,1,0.001,6,6,0.5,0.5,1,0,1,0.00670915684172919,0.073353338589753,0.00425034954180068,55980
"435","nonsyn","common",2500,0.05,5,0.001,6,6,0.5,0.5,0.5,0,1,0.0103480043898943,0.0939272700691403,0.00501523522529667,44648
"436","nonsyn","common",2500,0.05,5,0.001,6,6,0.5,0.5,0.75,0,1,0.0145805859626529,0.130162640300688,0.0119473142994815,27954
"437","nonsyn","common",2500,0.05,5,0.001,6,6,0.5,0.5,1,0,1,0.00169768783521882,0.0337858470967847,-0.0244435847743366,22187
"438","nonsyn","common",2500,0.1,0.01,0.001,6,6,0.5,0.5,0.5,0,1,0.0569776564758679,0.273687293887622,0.260663621165097,46349
"439","nonsyn","common",2500,0.2,0.01,0.001,6,6,0.5,0.5,0.5,0,1,0.0748488434766794,0.363259079656795,0.340029919855465,60483
"440","nonsyn","common",2500,0.5,0.01,0.001,6,6,0.5,0.5,0.5,0,1,0.0902681880709675,0.455297662898181,0.40091063547548,56702
"441","nonsyn","common",3000,0,0.01,0.001,6,6,0.5,0.5,0.5,0,1,0.000533721180780004,0.0253050677126966,-0.0316349016468563,4641
"442","nonsyn","common",3000,0.01,0.01,0.001,6,6,0.5,0.5,0.5,0,1,0.00420995837357221,0.0354447785028168,-0.00171177914277776,150145
"443","nonsyn","common",3000,0.05,0.01,0,6,5,0.5,0.5,0.5,0,1,0.00131038880256519,0.0684136632849252,0.00357726129233392,4451591
"444","nonsyn","common",3000,0.05,0.01,0,6,6.5,0.5,0.5,0.5,0,1,0.00398470132863635,0.0794049159326752,0.0137472411618311,4138830
"445","nonsyn","common",3000,0.05,0.01,0,6,7,0.5,0.5,0.5,0,1,0.00415614334834433,0.0791316359127393,0.0147431257107766,422579
"446","nonsyn","common",3000,0.05,0.01,1e-04,6,5,0.5,0.5,0.5,0,1,0.0049146116068939,0.0797508851307148,0.0166595457606143,6796323
"447","nonsyn","common",3000,0.05,0.01,1e-04,6,6,0.5,0.5,0.5,0,1,0.00795568555906415,0.0886914988530964,0.0296092132336191,4529194
"448","nonsyn","common",3000,0.05,0.01,1e-04,6,6.5,0.5,0.5,0.5,0,1,0.00889604291757546,0.0905182650432659,0.0332870144094197,1424964
"449","nonsyn","common",3000,0.05,0.01,1e-04,6,7,0.5,0.5,0.5,0,1,0.00876820512198965,0.0893462185246223,0.0323986405666722,165014
"450","nonsyn","common",3000,0.05,0.01,5e-04,6,5.5,0.5,0.5,0.5,0,1,0.0148070673850984,0.111382323771719,0.0650600170459293,2723525
"451","nonsyn","common",3000,0.05,0.01,5e-04,6,6,0.5,0.5,0.5,0,1,0.0234010776123945,0.126168280964402,0.106064241909159,913501
"452","nonsyn","common",3000,0.05,0.01,5e-04,6,6.5,0.5,0.5,0.5,0,1,0.0408230052226897,0.157357108494674,0.19206823365531,82716
"453","nonsyn","common",3000,0.05,0.01,5e-04,6,7,0.5,0.5,0.5,0,1,0.0575125568551007,0.189187330208395,0.280205367729888,6156
"454","nonsyn","common",3000,0.05,0.01,0.001,5,6,0.5,0.5,0.5,0,1,6.4974011034659e-05,0.0114859243823728,-0.010175931775253,187772
"455","nonsyn","common",3000,0.05,0.01,0.001,6,6,0,0,0.5,0,1,0.000551152665974671,0.0246957257314423,-0.0310530276045601,6327592
"456","nonsyn","common",3000,0.05,0.01,0.001,6,6,0.25,0.25,0.5,0,1,0.0179349660155587,0.0857587138870847,0.077688730671215,111963
"457","nonsyn","common",3000,0.05,0.01,0.001,6,6,0.5,0.5,0.5,0,1,0.0361318445492646,0.156677596578737,0.177824558248254,988995
"458","nonsyn","common",3000,0.05,0.01,0.001,6,6,0.5,0.5,0.75,0,1,0.0380624638299168,0.144712001673911,0.238048825821826,196986
"459","nonsyn","common",3000,0.05,0.01,0.001,6,6,0.5,0.5,1,0,1,0.000799931734260092,0.0258445387546279,-0.0253899452195863,32227
"460","nonsyn","common",3000,0.05,0.01,0.001,6,6,0.75,0.75,0.5,0,1,0.0546096946509781,0.230604899625415,0.273009971808984,13853
"461","nonsyn","common",3000,0.05,0.01,0.001,6,6,1,1,0.5,0,1,0.0589807300163132,0.262173282000751,0.291296904481348,9808
"462","nonsyn","common",3000,0.05,0.01,0.001,6,6.5,0.5,0.5,0.5,0,1,0.0616367204400766,0.210898370208444,0.325263931954818,16179
"463","nonsyn","common",3000,0.05,0.01,0.001,6,7,0.5,0.5,0.5,0,1,0.0871330889092576,0.257391221727417,0.47069123421454,1091
"464","nonsyn","common",3000,0.05,0.01,0.001,6.5,6,0.5,0.5,0.5,0,1,0.0543064855322116,0.342876184099881,0.239990635392427,245269
"465","nonsyn","common",3000,0.05,0.01,0.001,7,6,0.5,0.5,0.5,0,1,0.0602857665456448,0.519396679074729,0.250420098678703,217867
"466","nonsyn","common",3000,0.05,0.01,0.005,6,5.5,0.5,0.5,0.5,0,1,0.0176232157686618,0.129261101508969,0.0780245289867684,181829
"467","nonsyn","common",3000,0.05,0.01,0.005,6,6,0.5,0.5,0.5,0,1,0.0129813538216982,0.108288021271071,0.0625858295316713,37745
"468","nonsyn","common",3000,0.05,0.01,0.005,6,6.5,0.5,0.5,0.5,0,1,0.0187191425722831,0.134294571594597,0.0861173622018288,2006
"469","nonsyn","common",3000,0.05,0.01,0.005,6,7,0.5,0.5,0.5,0,1,0.0503086206896552,0.194912439800979,0.289249489957611,58
"470","nonsyn","common",3000,0.05,0.01,0.01,6,6.5,0.5,0.5,0.5,0,1,0.00626335350043215,0.0920151950595598,0.0176170680919648,1157
"471","nonsyn","common",3000,0.05,0.01,0.01,6,7,0.5,0.5,0.5,0,1,0.0345916666666667,0.110870308158539,0.267509723989726,24
"472","nonsyn","common",3000,0.05,1,0.001,6,6,0.5,0.5,0.5,0,1,0.0227274254328977,0.138035591952787,0.0756873515917956,277837
"473","nonsyn","common",3000,0.05,1,0.001,6,6,0.5,0.5,0.75,0,1,0.0235808474766775,0.154877005863536,0.0823165813756888,302498
"474","nonsyn","common",3000,0.05,1,0.001,6,6,0.5,0.5,1,0,1,0.0055638714315443,0.0594382978673657,0.00344207625630812,264295
"475","nonsyn","common",3000,0.05,5,0.001,6,6,0.5,0.5,0.5,0,1,0.00963882006719963,0.085399570875437,0.00345462297307699,215775
"476","nonsyn","common",3000,0.05,5,0.001,6,6,0.5,0.5,0.75,0,1,0.0133467578426018,0.11767942427804,0.00926527101224411,133661
"477","nonsyn","common",3000,0.05,5,0.001,6,6,0.5,0.5,1,0,1,0.00135328373357668,0.0295380145111771,-0.0228283115741496,107393
"478","nonsyn","common",3000,0.1,0.01,0.001,6,6,0.5,0.5,0.5,0,1,0.055755829306991,0.254460374894653,0.264127829130354,223114
"479","nonsyn","common",3000,0.2,0.01,0.001,6,6,0.5,0.5,0.5,0,1,0.0730782932948179,0.346756666395898,0.334610707684937,292177
"480","nonsyn","common",3000,0.5,0.01,0.001,6,6,0.5,0.5,0.5,0,1,0.0886522293650647,0.441738142300044,0.397686229125291,271445
"481","nonsyn","common",3500,0,0.01,0.001,6,6,0.5,0.5,0.5,0,1,0.000750374744492392,0.0212479830644907,-0.0224891493607889,4403
"482","nonsyn","common",3500,0.01,0.01,0.001,6,6,0.5,0.5,0.5,0,1,0.00329765414172894,0.0282763198268308,-0.00377527732733414,141185
"483","nonsyn","common",3500,0.05,0.01,0,6,5,0.5,0.5,0.5,0,1,0.00120409939314561,0.057267189478161,0.00368458737847698,4110706
"484","nonsyn","common",3500,0.05,0.01,0,6,6.5,0.5,0.5,0.5,0,1,0.00375804421548591,0.0676144107917363,0.0145188947261692,3832232
"485","nonsyn","common",3500,0.05,0.01,0,6,7,0.5,0.5,0.5,0,1,0.00381052698922888,0.0678714279826334,0.0145758531697073,390767
"486","nonsyn","common",3500,0.05,0.01,1e-04,6,5,0.5,0.5,0.5,0,1,0.00449536125996129,0.0676985760873628,0.0167668482045669,6300892
"487","nonsyn","common",3500,0.05,0.01,1e-04,6,6,0.5,0.5,0.5,0,1,0.00739753987017417,0.0753377709581151,0.0305042779811789,4197624
"488","nonsyn","common",3500,0.05,0.01,1e-04,6,6.5,0.5,0.5,0.5,0,1,0.00809870874188124,0.0767737797118525,0.0328132986462444,1317165
"489","nonsyn","common",3500,0.05,0.01,1e-04,6,7,0.5,0.5,0.5,0,1,0.00856031546237659,0.0760265399517226,0.0358345251806501,152538
"490","nonsyn","common",3500,0.05,0.01,5e-04,6,5.5,0.5,0.5,0.5,0,1,0.0134979976536675,0.0930404513775728,0.0634580607595611,2523939
"491","nonsyn","common",3500,0.05,0.01,5e-04,6,6,0.5,0.5,0.5,0,1,0.0215143321513352,0.106599492767168,0.104068916775439,846307
"492","nonsyn","common",3500,0.05,0.01,5e-04,6,6.5,0.5,0.5,0.5,0,1,0.0371106226915674,0.130713230995168,0.184361249248351,76892
"493","nonsyn","common",3500,0.05,0.01,5e-04,6,7,0.5,0.5,0.5,0,1,0.0513111247803163,0.15365327967004,0.266905279061023,5690
"494","nonsyn","common",3500,0.05,0.01,0.001,5,6,0.5,0.5,0.5,0,1,9.75245230991773e-05,0.0112196390294012,-0.00991387727197957,176976
"495","nonsyn","common",3500,0.05,0.01,0.001,6,6,0,0,0.5,0,1,0.000466181861546637,0.0220730045215518,-0.0294337565408697,5903403
"496","nonsyn","common",3500,0.05,0.01,0.001,6,6,0.25,0.25,0.5,0,1,0.0156369832295161,0.0685852673083353,0.072051660504974,104350
"497","nonsyn","common",3500,0.05,0.01,0.001,6,6,0.5,0.5,0.5,0,1,0.0329486014941047,0.130640368406438,0.170835397801711,918945
"498","nonsyn","common",3500,0.05,0.01,0.001,6,6,0.5,0.5,0.75,0,1,0.0327327461640557,0.111066614245358,0.224432478235308,180073
"499","nonsyn","common",3500,0.05,0.01,0.001,6,6,0.5,0.5,1,0,1,0.000405046129426937,0.0219696280146697,-0.0252197578106818,30241
"500","nonsyn","common",3500,0.05,0.01,0.001,6,6,0.75,0.75,0.5,0,1,0.0517721509433962,0.200004380824751,0.271142296582507,13250
"501","nonsyn","common",3500,0.05,0.01,0.001,6,6,1,1,0.5,0,1,0.0564162704701532,0.231256289337817,0.29119496764127,9465
"502","nonsyn","common",3500,0.05,0.01,0.001,6,6.5,0.5,0.5,0.5,0,1,0.0554204758086073,0.172611427566282,0.303441486147817,14964
"503","nonsyn","common",3500,0.05,0.01,0.001,6,7,0.5,0.5,0.5,0,1,0.0822006743737958,0.217979165872751,0.463823353691508,1038
"504","nonsyn","common",3500,0.05,0.01,0.001,6.5,6,0.5,0.5,0.5,0,1,0.0533010504303419,0.314649213950857,0.243412058870302,227145
"505","nonsyn","common",3500,0.05,0.01,0.001,7,6,0.5,0.5,0.5,0,1,0.0607686378425854,0.495123683159418,0.258202549694653,200388
"506","nonsyn","common",3500,0.05,0.01,0.005,6,5.5,0.5,0.5,0.5,0,1,0.015357966254165,0.104894274299329,0.0709512093345941,168969
"507","nonsyn","common",3500,0.05,0.01,0.005,6,6,0.5,0.5,0.5,0,1,0.0121456917405829,0.0907115046715926,0.0596671131610675,34724
"508","nonsyn","common",3500,0.05,0.01,0.005,6,6.5,0.5,0.5,0.5,0,1,0.0160646869983949,0.103775531697729,0.0792640226761435,1869
"509","nonsyn","common",3500,0.05,0.01,0.005,6,7,0.5,0.5,0.5,0,1,0.0293680555555556,0.143153226584448,0.135493817716963,72
"510","nonsyn","common",3500,0.05,0.01,0.01,6,6.5,0.5,0.5,0.5,0,1,0.00733323643410853,0.0804832254068475,0.0322830518953923,1032
"511","nonsyn","common",3500,0.05,0.01,0.01,6,7,0.5,0.5,0.5,0,1,0.01442,0.109283062806045,0.0462805739440062,25
"512","nonsyn","common",3500,0.05,1,0.001,6,6,0.5,0.5,0.5,0,1,0.020789848649939,0.11791638211607,0.070740227229157,259729
"513","nonsyn","common",3500,0.05,1,0.001,6,6,0.5,0.5,0.75,0,1,0.020641763295608,0.127652821152972,0.0757592905619375,280713
"514","nonsyn","common",3500,0.05,1,0.001,6,6,0.5,0.5,1,0,1,0.00401312843769127,0.042943497182072,0.000692156733934922,243441
"515","nonsyn","common",3500,0.05,5,0.001,6,6,0.5,0.5,0.5,0,1,0.0084950513455653,0.0744027625787897,0.000304598827763797,202257
"516","nonsyn","common",3500,0.05,5,0.001,6,6,0.5,0.5,0.75,0,1,0.0120684899377211,0.100194999590283,0.0077732434923828,124922
"517","nonsyn","common",3500,0.05,5,0.001,6,6,0.5,0.5,1,0,1,0.00091108984496983,0.0241611755292697,-0.0218424781932018,99271
"518","nonsyn","common",3500,0.1,0.01,0.001,6,6,0.5,0.5,0.5,0,1,0.0526508384596755,0.226509563517641,0.25903977798181,206450
"519","nonsyn","common",3500,0.2,0.01,0.001,6,6,0.5,0.5,0.5,0,1,0.0707586352389157,0.321196944478803,0.330722240819455,272795
"520","nonsyn","common",3500,0.5,0.01,0.001,6,6,0.5,0.5,0.5,0,1,0.087166628507818,0.424041411913206,0.395376539902838,253327
"521","nonsyn","common",4000,0,0.01,0.001,6,6,0.5,0.5,0.5,0,1,0.000916289592760181,0.0208063543775626,-0.0199777484190636,4199
"522","nonsyn","common",4000,0.01,0.01,0.001,6,6,0.5,0.5,0.5,0,1,0.00251790754553603,0.0238344223482018,-0.00655200185409181,131654
"523","nonsyn","common",4000,0.05,0.01,0,6,5,0.5,0.5,0.5,0,1,0.00115462329639754,0.0491433743995509,0.00386902785820927,3806786
"524","nonsyn","common",4000,0.05,0.01,0,6,6.5,0.5,0.5,0.5,0,1,0.00337403485726694,0.0577514161424283,0.0140074886552161,3541471
"525","nonsyn","common",4000,0.05,0.01,0,6,7,0.5,0.5,0.5,0,1,0.00342040166496697,0.0575326496409449,0.014093605086184,360848
"526","nonsyn","common",4000,0.05,0.01,1e-04,6,5,0.5,0.5,0.5,0,1,0.00417764675411368,0.0578219977805239,0.0172379411431044,5818457
"527","nonsyn","common",4000,0.05,0.01,1e-04,6,6,0.5,0.5,0.5,0,1,0.00664694369818297,0.0640763068284437,0.0290636698821895,3877104
"528","nonsyn","common",4000,0.05,0.01,1e-04,6,6.5,0.5,0.5,0.5,0,1,0.00742423462142561,0.0654129953536864,0.0322023673390699,1221781
"529","nonsyn","common",4000,0.05,0.01,1e-04,6,7,0.5,0.5,0.5,0,1,0.0078133097762073,0.0647242253096529,0.0352909440716303,140934
"530","nonsyn","common",4000,0.05,0.01,5e-04,6,5.5,0.5,0.5,0.5,0,1,0.012250070242815,0.0780774061331907,0.0606335943854448,2336182
"531","nonsyn","common",4000,0.05,0.01,5e-04,6,6,0.5,0.5,0.5,0,1,0.0194256484847553,0.0895928288835506,0.0980158753444142,780666
"532","nonsyn","common",4000,0.05,0.01,5e-04,6,6.5,0.5,0.5,0.5,0,1,0.0335259040309268,0.10945868763828,0.174325596803437,70877
"533","nonsyn","common",4000,0.05,0.01,5e-04,6,7,0.5,0.5,0.5,0,1,0.0466487726586103,0.127894567920466,0.246536663503259,5296
"534","nonsyn","common",4000,0.05,0.01,0.001,5,6,0.5,0.5,0.5,0,1,8.23623136123135e-05,0.0110940686334732,-0.00947683491606997,166320
"535","nonsyn","common",4000,0.05,0.01,0.001,6,6,0,0,0.5,0,1,0.000370758286119357,0.0201668065297736,-0.0281692852935591,5457953
"536","nonsyn","common",4000,0.05,0.01,0.001,6,6,0.25,0.25,0.5,0,1,0.0136028008618036,0.0562577919442447,0.0646097436353063,97470
"537","nonsyn","common",4000,0.05,0.01,0.001,6,6,0.5,0.5,0.5,0,1,0.029764311603787,0.108695386428775,0.160711186772137,850593
"538","nonsyn","common",4000,0.05,0.01,0.001,6,6,0.5,0.5,0.75,0,1,0.0284446600234111,0.0851841029865632,0.210429871694634,164879
"539","nonsyn","common",4000,0.05,0.01,0.001,6,6,0.5,0.5,1,0,1,0.000393130831137383,0.0200663733519595,-0.0244865791789361,28082
"540","nonsyn","common",4000,0.05,0.01,0.001,6,6,0.75,0.75,0.5,0,1,0.047113882390901,0.170741279409917,0.25380420858892,12397
"541","nonsyn","common",4000,0.05,0.01,0.001,6,6,1,1,0.5,0,1,0.0528778054017403,0.205942432513686,0.279883113984102,8849
"542","nonsyn","common",4000,0.05,0.01,0.001,6,6.5,0.5,0.5,0.5,0,1,0.0508372513692707,0.147173551175076,0.288778809788739,13876
"543","nonsyn","common",4000,0.05,0.01,0.001,6,7,0.5,0.5,0.5,0,1,0.0742686983471074,0.177748178839047,0.434004171543757,968
"544","nonsyn","common",4000,0.05,0.01,0.001,6.5,6,0.5,0.5,0.5,0,1,0.0508103199667468,0.287754268756799,0.237508931829565,209303
"545","nonsyn","common",4000,0.05,0.01,0.001,7,6,0.5,0.5,0.5,0,1,0.0599588796153742,0.474291780664013,0.256722960039422,185115
"546","nonsyn","common",4000,0.05,0.01,0.005,6,5.5,0.5,0.5,0.5,0,1,0.0133992730287281,0.0866233943678677,0.0637124484440603,156815
"547","nonsyn","common",4000,0.05,0.01,0.005,6,6,0.5,0.5,0.5,0,1,0.0109758050158087,0.0763023665192544,0.0575774900798534,32577
"548","nonsyn","common",4000,0.05,0.01,0.005,6,6.5,0.5,0.5,0.5,0,1,0.019201511627907,0.0919994389942266,0.109595040272887,1720
"549","nonsyn","common",4000,0.05,0.01,0.005,6,7,0.5,0.5,0.5,0,1,0.0279672131147541,0.106615059854507,0.157314512018052,61
"550","nonsyn","common",4000,0.05,0.01,0.01,6,6.5,0.5,0.5,0.5,0,1,0.00588495197438634,0.0646821461916272,0.0326615746366159,937
"551","nonsyn","common",4000,0.05,0.01,0.01,6,7,0.5,0.5,0.5,0,1,0.043425,0.0952012522683848,0.252566315671845,20
"552","nonsyn","common",4000,0.05,1,0.001,6,6,0.5,0.5,0.5,0,1,0.0187416064771668,0.101050830581055,0.0659390525774489,240352
"553","nonsyn","common",4000,0.05,1,0.001,6,6,0.5,0.5,0.75,0,1,0.0179127914982326,0.105955524979422,0.0673835612019768,259993
"554","nonsyn","common",4000,0.05,1,0.001,6,6,0.5,0.5,1,0,1,0.00266083766117479,0.0327512377175272,-0.00407350457646278,223360
"555","nonsyn","common",4000,0.05,5,0.001,6,6,0.5,0.5,0.5,0,1,0.00774335382996476,0.0657206452279391,-0.000441381515527108,188161
"556","nonsyn","common",4000,0.05,5,0.001,6,6,0.5,0.5,0.75,0,1,0.0105812563982441,0.0858140701456959,0.00409388695510707,115266
"557","nonsyn","common",4000,0.05,5,0.001,6,6,0.5,0.5,1,0,1,0.00049461861667744,0.0210356349041585,-0.0226427590386951,92820
"558","nonsyn","common",4000,0.1,0.01,0.001,6,6,0.5,0.5,0.5,0,1,0.0499906877217551,0.201688988607917,0.253408489111117,191371
"559","nonsyn","common",4000,0.2,0.01,0.001,6,6,0.5,0.5,0.5,0,1,0.0681689073100793,0.298461209269725,0.325483863533919,252487
"560","nonsyn","common",4000,0.5,0.01,0.001,6,6,0.5,0.5,0.5,0,1,0.0859894681534489,0.408087353842756,0.393717859925888,235049
"561","nonsyn","common",4500,0,0.01,0.001,6,6,0.5,0.5,0.5,0,1,0.000731673842841765,0.0181185482590296,-0.0188906898632193,3716
"562","nonsyn","common",4500,0.01,0.01,0.001,6,6,0.5,0.5,0.5,0,1,0.00199957252613945,0.0210651107485507,-0.00796768870913524,121177
"563","nonsyn","common",4500,0.05,0.01,0,6,5,0.5,0.5,0.5,0,1,0.00101302812544132,0.0427081265959514,0.00366628357806737,3547571
"564","nonsyn","common",4500,0.05,0.01,0,6,6.5,0.5,0.5,0.5,0,1,0.00302835576929242,0.0495843604341681,0.0132677200946032,3275471
"565","nonsyn","common",4500,0.05,0.01,0,6,7,0.5,0.5,0.5,0,1,0.00319051683404011,0.0496188228233719,0.0145283635402262,334382
"566","nonsyn","common",4500,0.05,0.01,1e-04,6,5,0.5,0.5,0.5,0,1,0.00371723641109733,0.0497127840043151,0.0160400403615195,5346403
"567","nonsyn","common",4500,0.05,0.01,1e-04,6,6,0.5,0.5,0.5,0,1,0.00604322275838297,0.0546824425660116,0.0277805974374671,3606091
"568","nonsyn","common",4500,0.05,0.01,1e-04,6,6.5,0.5,0.5,0.5,0,1,0.00678293305441558,0.0557060795030762,0.0309644089629783,1127214
"569","nonsyn","common",4500,0.05,0.01,1e-04,6,7,0.5,0.5,0.5,0,1,0.00670484611097113,0.0548385719954516,0.0300916948215904,130971
"570","nonsyn","common",4500,0.05,0.01,5e-04,6,5.5,0.5,0.5,0.5,0,1,0.0109555142666511,0.0661268369459997,0.056036265868025,2168729
"571","nonsyn","common",4500,0.05,0.01,5e-04,6,6,0.5,0.5,0.5,0,1,0.0175462721057202,0.0755288373801752,0.0920935129303818,723116
"572","nonsyn","common",4500,0.05,0.01,5e-04,6,6.5,0.5,0.5,0.5,0,1,0.0299180536524466,0.0915795128363422,0.160705401076726,65682
"573","nonsyn","common",4500,0.05,0.01,5e-04,6,7,0.5,0.5,0.5,0,1,0.0399601038421599,0.10560581770082,0.215580118773081,4815
"574","nonsyn","common",4500,0.05,0.01,0.001,5,6,0.5,0.5,0.5,0,1,4.19237914004802e-05,0.0108878480134772,-0.00976526296434768,154497
"575","nonsyn","common",4500,0.05,0.01,0.001,6,6,0,0,0.5,0,1,0.000301618905568001,0.0188874922477953,-0.0273075382883298,5008260
"576","nonsyn","common",4500,0.05,0.01,0.001,6,6,0.25,0.25,0.5,0,1,0.011543988325121,0.0465400794725966,0.0561321886599644,90108
"577","nonsyn","common",4500,0.05,0.01,0.001,6,6,0.5,0.5,0.5,0,1,0.0265391645831691,0.0910967029253005,0.14737505022302,786338
"578","nonsyn","common",4500,0.05,0.01,0.001,6,6,0.5,0.5,0.75,0,1,0.024460652473986,0.0663886163576816,0.192753123451204,150688
"579","nonsyn","common",4500,0.05,0.01,0.001,6,6,0.5,0.5,1,0,1,0.000571021782024993,0.0181848205201607,-0.0205716886990314,25847
"580","nonsyn","common",4500,0.05,0.01,0.001,6,6,0.75,0.75,0.5,0,1,0.0427817051049495,0.148012317477977,0.239419680889526,11577
"581","nonsyn","common",4500,0.05,0.01,0.001,6,6,1,1,0.5,0,1,0.0486886206099815,0.178598506835843,0.266440477345926,8656
"582","nonsyn","common",4500,0.05,0.01,0.001,6,6.5,0.5,0.5,0.5,0,1,0.0447416281932902,0.121207439428545,0.262614641014947,12996
"583","nonsyn","common",4500,0.05,0.01,0.001,6,7,0.5,0.5,0.5,0,1,0.0615047830923248,0.144680241964083,0.369246523100864,899
"584","nonsyn","common",4500,0.05,0.01,0.001,6.5,6,0.5,0.5,0.5,0,1,0.0494716949082536,0.265115669695421,0.236369221350688,193686
"585","nonsyn","common",4500,0.05,0.01,0.001,7,6,0.5,0.5,0.5,0,1,0.0594767523740898,0.454597227678679,0.257754538435104,170697
"586","nonsyn","common",4500,0.05,0.01,0.005,6,5.5,0.5,0.5,0.5,0,1,0.0116377006067383,0.0718470461070027,0.0566798877132974,144873
"587","nonsyn","common",4500,0.05,0.01,0.005,6,6,0.5,0.5,0.5,0,1,0.00886689108516848,0.0640889671664438,0.0463670039395821,30152
"588","nonsyn","common",4500,0.05,0.01,0.005,6,6.5,0.5,0.5,0.5,0,1,0.0173614163614164,0.0774505023290658,0.103761444910897,1638
"589","nonsyn","common",4500,0.05,0.01,0.005,6,7,0.5,0.5,0.5,0,1,0.0387291666666667,0.129734421628615,0.246041930997937,48
"590","nonsyn","common",4500,0.05,0.01,0.01,6,6.5,0.5,0.5,0.5,0,1,0.00721897727272727,0.0546770856230294,0.0387190966146474,880
"591","nonsyn","common",4500,0.05,0.01,0.01,6,7,0.5,0.5,0.5,0,1,0.0335333333333333,0.0755058956890734,0.244706904701244,21
"592","nonsyn","common",4500,0.05,1,0.001,6,6,0.5,0.5,0.5,0,1,0.0168797218573046,0.0870448297557088,0.05931427034372,220750
"593","nonsyn","common",4500,0.05,1,0.001,6,6,0.5,0.5,0.75,0,1,0.0157561502021566,0.087864669548111,0.0608837448300629,239171
"594","nonsyn","common",4500,0.05,1,0.001,6,6,0.5,0.5,1,0,1,0.00177337042691879,0.0262699960344279,-0.00590925986835954,204348
"595","nonsyn","common",4500,0.05,5,0.001,6,6,0.5,0.5,0.5,0,1,0.00684149695236444,0.0578595135580868,-0.00351562806079133,173085
"596","nonsyn","common",4500,0.05,5,0.001,6,6,0.5,0.5,0.75,0,1,0.00948917831904977,0.0732862059728032,0.00329288077943308,106416
"597","nonsyn","common",4500,0.05,5,0.001,6,6,0.5,0.5,1,0,1,0.00041545951386207,0.0189964774903452,-0.0217435138733769,85449
"598","nonsyn","common",4500,0.1,0.01,0.001,6,6,0.5,0.5,0.5,0,1,0.046255326197614,0.178462985789609,0.239072256395384,177791
"599","nonsyn","common",4500,0.2,0.01,0.001,6,6,0.5,0.5,0.5,0,1,0.0658330639057783,0.27809168058383,0.318404398161782,235190
"600","nonsyn","common",4500,0.5,0.01,0.001,6,6,0.5,0.5,0.5,0,1,0.0836465219246528,0.39162008954347,0.386050849933907,217951
"601","nonsyn","common",5000,0,0.01,0.001,6,6,0.5,0.5,0.5,0,1,-0.00021766241299304,0.0169998418566311,-0.0231171862037185,3448
"602","nonsyn","common",5000,0.01,0.01,0.001,6,6,0.5,0.5,0.5,0,1,0.00135041070940716,0.0190258038152895,-0.0116192170784928,109810
"603","nonsyn","common",5000,0.05,0.01,0,6,5,0.5,0.5,0.5,0,1,0.00087305368650673,0.0376399843882602,0.00291317216305334,3286431
"604","nonsyn","common",5000,0.05,0.01,0,6,6.5,0.5,0.5,0.5,0,1,0.0027812205008151,0.0427145661878928,0.0124004857129175,3045635
"605","nonsyn","common",5000,0.05,0.01,0,6,7,0.5,0.5,0.5,0,1,0.00282419574038792,0.0425168537688534,0.0128101388138116,311249
"606","nonsyn","common",5000,0.05,0.01,1e-04,6,5,0.5,0.5,0.5,0,1,0.00330497712347189,0.042860223144064,0.014102590964202,4953986
"607","nonsyn","common",5000,0.05,0.01,1e-04,6,6,0.5,0.5,0.5,0,1,0.00531254009199143,0.0467527785796677,0.0246900333103337,3338572
"608","nonsyn","common",5000,0.05,0.01,1e-04,6,6.5,0.5,0.5,0.5,0,1,0.00603400241990395,0.047626604215367,0.0279888966018016,1047149
"609","nonsyn","common",5000,0.05,0.01,1e-04,6,7,0.5,0.5,0.5,0,1,0.00613650070936026,0.0471545810958579,0.0279591205373544,121236
"610","nonsyn","common",5000,0.05,0.01,5e-04,6,5.5,0.5,0.5,0.5,0,1,0.00971977075675538,0.0561537214082549,0.0501176939336049,2002589
"611","nonsyn","common",5000,0.05,0.01,5e-04,6,6,0.5,0.5,0.5,0,1,0.0156258672222397,0.0637961534854709,0.0826300037537215,668139
"612","nonsyn","common",5000,0.05,0.01,5e-04,6,6.5,0.5,0.5,0.5,0,1,0.0266525941614948,0.0768601481529107,0.14450724459144,60906
"613","nonsyn","common",5000,0.05,0.01,5e-04,6,7,0.5,0.5,0.5,0,1,0.0371606634016029,0.0901544203862192,0.206390947624359,4492
"614","nonsyn","common",5000,0.05,0.01,0.001,5,6,0.5,0.5,0.5,0,1,-3.03441501490966e-05,0.0107576270635823,-0.0104709627177677,142525
"615","nonsyn","common",5000,0.05,0.01,0.001,6,6,0,0,0.5,0,1,0.000258768259374923,0.0177148762138294,-0.0267111517747317,4575184
"616","nonsyn","common",5000,0.05,0.01,0.001,6,6,0.25,0.25,0.5,0,1,0.0100507932841355,0.0392588039217696,0.0478945509325202,82253
"617","nonsyn","common",5000,0.05,0.01,0.001,6,6,0.5,0.5,0.5,0,1,0.0235597547749801,0.0763012867055268,0.131645587692571,723825
"618","nonsyn","common",5000,0.05,0.01,0.001,6,6,0.5,0.5,0.75,0,1,0.0204601508062555,0.0521249298444027,0.163720277074705,139782
"619","nonsyn","common",5000,0.05,0.01,0.001,6,6,0.5,0.5,1,0,1,0.0001610205976701,0.0172561245939799,-0.0222886355990239,23692
"620","nonsyn","common",5000,0.05,0.01,0.001,6,6,0.75,0.75,0.5,0,1,0.0385247548345706,0.125518676261366,0.219838017463978,10911
"621","nonsyn","common",5000,0.05,0.01,0.001,6,6,1,1,0.5,0,1,0.0427976464697046,0.154037023488034,0.235595824026217,7988
"622","nonsyn","common",5000,0.05,0.01,0.001,6,6.5,0.5,0.5,0.5,0,1,0.0396971637931035,0.100769816091919,0.234351133108707,11600
"623","nonsyn","common",5000,0.05,0.01,0.001,6,7,0.5,0.5,0.5,0,1,0.0576131736526946,0.130319785117163,0.353099489876402,835
"624","nonsyn","common",5000,0.05,0.01,0.001,6.5,6,0.5,0.5,0.5,0,1,0.0473431608122695,0.244867375488241,0.229791521595782,177872
"625","nonsyn","common",5000,0.05,0.01,0.001,7,6,0.5,0.5,0.5,0,1,0.059002585120609,0.437257280204293,0.257613948383342,155544
"626","nonsyn","common",5000,0.05,0.01,0.005,6,5.5,0.5,0.5,0.5,0,1,0.0101210156672069,0.0605428455628583,0.0489049451911823,133272
"627","nonsyn","common",5000,0.05,0.01,0.005,6,6,0.5,0.5,0.5,0,1,0.00829145147559591,0.0549149582522026,0.044356148098957,28192
"628","nonsyn","common",5000,0.05,0.01,0.005,6,6.5,0.5,0.5,0.5,0,1,0.0127619013062409,0.0613775600729438,0.0672511292956529,1378
"629","nonsyn","common",5000,0.05,0.01,0.005,6,7,0.5,0.5,0.5,0,1,0.0274127659574468,0.124440288087047,0.15555800693734,47
"630","nonsyn","common",5000,0.05,0.01,0.01,6,6.5,0.5,0.5,0.5,0,1,0.0050786783042394,0.0463234029618038,0.0285260028184124,802
"631","nonsyn","common",5000,0.05,0.01,0.01,6,7,0.5,0.5,0.5,0,1,0.0168,0.0560881047027946,0.0990517086361744,17
"632","nonsyn","common",5000,0.05,1,0.001,6,6,0.5,0.5,0.5,0,1,0.015185767438643,0.0751534060042389,0.0528804219209727,202381
"633","nonsyn","common",5000,0.05,1,0.001,6,6,0.5,0.5,0.75,0,1,0.0135861840062821,0.0737586810056445,0.0513101722455891,219036
"634","nonsyn","common",5000,0.05,1,0.001,6,6,0.5,0.5,1,0,1,0.00115802614336964,0.0221846266737645,-0.00886440357228056,186204
"635","nonsyn","common",5000,0.05,5,0.001,6,6,0.5,0.5,0.5,0,1,0.00640662826576292,0.0515678748699764,-0.002482752453433,158156
"636","nonsyn","common",5000,0.05,5,0.001,6,6,0.5,0.5,0.75,0,1,0.00815396194617537,0.0634022077252809,-0.00186355734792939,96127
"637","nonsyn","common",5000,0.05,5,0.001,6,6,0.5,0.5,1,0,1,0.000335925415422314,0.0177619704700358,-0.0216443975395083,78354
"638","nonsyn","common",5000,0.1,0.01,0.001,6,6,0.5,0.5,0.5,0,1,0.0435131461453302,0.157964263450724,0.229129332489373,164398
"639","nonsyn","common",5000,0.2,0.01,0.001,6,6,0.5,0.5,0.5,0,1,0.0630409819727122,0.256841731783947,0.309541897660081,216727
"640","nonsyn","common",5000,0.5,0.01,0.001,6,6,0.5,0.5,0.5,0,1,0.0820908948445376,0.37438706325761,0.382071828842152,200370
"641","nonsyn","common",7500,0,0.01,0.001,6,6,0.5,0.5,0.5,0,1,0.000270768229166666,0.0157607942222769,-0.0204063430887014,3072
"642","nonsyn","common",7500,0.01,0.01,0.001,6,6,0.5,0.5,0.5,0,1,0.00113542522889115,0.0178373605890786,-0.0136392846729737,98300
"643","nonsyn","common",7500,0.05,0.01,0,6,5,0.5,0.5,0.5,0,1,0.00076048231874565,0.0325568053952476,0.00234627611373353,3053375
"644","nonsyn","common",7500,0.05,0.01,0,6,6.5,0.5,0.5,0.5,0,1,0.00233281150506639,0.0369160240307637,0.00958701612997453,2855090
"645","nonsyn","common",7500,0.05,0.01,0,6,7,0.5,0.5,0.5,0,1,0.00251512829742377,0.0368193971707259,0.0109648674770346,291705
"646","nonsyn","common",7500,0.05,0.01,1e-04,6,5,0.5,0.5,0.5,0,1,0.00293198917902052,0.0376991964065406,0.0118040688163182,4684234
"647","nonsyn","common",7500,0.05,0.01,1e-04,6,6,0.5,0.5,0.5,0,1,0.00463756321920101,0.0402914585616296,0.0205593744861227,3121085
"648","nonsyn","common",7500,0.05,0.01,1e-04,6,6.5,0.5,0.5,0.5,0,1,0.00513715049881691,0.0408040336718004,0.0225548876759731,979217
"649","nonsyn","common",7500,0.05,0.01,1e-04,6,7,0.5,0.5,0.5,0,1,0.00506402433686422,0.0407308582466762,0.0222442225470285,114230
"650","nonsyn","common",7500,0.05,0.01,5e-04,6,5.5,0.5,0.5,0.5,0,1,0.00847975868793278,0.047725242765479,0.043014718692475,1861490
"651","nonsyn","common",7500,0.05,0.01,5e-04,6,6,0.5,0.5,0.5,0,1,0.0136715096850177,0.0543202745385454,0.0705223751156574,621527
"652","nonsyn","common",7500,0.05,0.01,5e-04,6,6.5,0.5,0.5,0.5,0,1,0.0236650855964865,0.0648133296296848,0.126882616986119,55785
"653","nonsyn","common",7500,0.05,0.01,5e-04,6,7,0.5,0.5,0.5,0,1,0.0336812154696133,0.0754518215962857,0.185659624970537,4163
"654","nonsyn","common",7500,0.05,0.01,0.001,5,6,0.5,0.5,0.5,0,1,-1.72020206834104e-05,0.0106753293138042,-0.0103587108470712,125898
"655","nonsyn","common",7500,0.05,0.01,0.001,6,6,0,0,0.5,0,1,0.000196800906329032,0.0169056007151676,-0.0276957055237027,4164492
"656","nonsyn","common",7500,0.05,0.01,0.001,6,6,0.25,0.25,0.5,0,1,0.00777955396214478,0.0329759382232003,0.0322316168750293,75868
"657","nonsyn","common",7500,0.05,0.01,0.001,6,6,0.5,0.5,0.5,0,1,0.0205171161570743,0.0641974762435405,0.112635309108019,667200
"658","nonsyn","common",7500,0.05,0.01,0.001,6,6,0.5,0.5,0.75,0,1,0.0168225644324114,0.0419600450197271,0.129077490867037,133706
"659","nonsyn","common",7500,0.05,0.01,0.001,6,6,0.5,0.5,1,0,1,0.000378043838644318,0.0167443982227714,-0.0208818529841174,21716
"660","nonsyn","common",7500,0.05,0.01,0.001,6,6,0.75,0.75,0.5,0,1,0.0356172436942553,0.109098739938803,0.202261196109564,10427
"661","nonsyn","common",7500,0.05,0.01,0.001,6,6,1,1,0.5,0,1,0.0390399405485745,0.138245728230328,0.216212152846179,7401
"662","nonsyn","common",7500,0.05,0.01,0.001,6,6.5,0.5,0.5,0.5,0,1,0.0351800384756321,0.0855101577581174,0.205508516121475,10916
"663","nonsyn","common",7500,0.05,0.01,0.001,6,7,0.5,0.5,0.5,0,1,0.0501514784946237,0.101680455136737,0.302289303167581,744
"664","nonsyn","common",7500,0.05,0.01,0.001,6.5,6,0.5,0.5,0.5,0,1,0.0450504993704387,0.225339917575601,0.218725682885278,163606
"665","nonsyn","common",7500,0.05,0.01,0.001,7,6,0.5,0.5,0.5,0,1,0.0590649160500854,0.421966404042531,0.260695531599572,140560
"666","nonsyn","common",7500,0.05,0.01,0.005,6,5.5,0.5,0.5,0.5,0,1,0.00920865791321673,0.0519017590359781,0.045859649978549,122466
"667","nonsyn","common",7500,0.05,0.01,0.005,6,6,0.5,0.5,0.5,0,1,0.00704315955280648,0.0459793833887124,0.0357108318196407,26029
"668","nonsyn","common",7500,0.05,0.01,0.005,6,6.5,0.5,0.5,0.5,0,1,0.00978479576399395,0.0525711174138863,0.0502573711227507,1322
"669","nonsyn","common",7500,0.05,0.01,0.005,6,7,0.5,0.5,0.5,0,1,0.017831914893617,0.0681594026382186,0.106128445556784,47
"670","nonsyn","common",7500,0.05,0.01,0.01,6,6.5,0.5,0.5,0.5,0,1,0.00299292649098474,0.0386859206435137,0.00511014538013671,721
"671","nonsyn","common",7500,0.05,0.01,0.01,6,7,0.5,0.5,0.5,0,1,8.82352941176453e-05,0.0691573271760226,-0.0544736981917469,17
"672","nonsyn","common",7500,0.05,1,0.001,6,6,0.5,0.5,0.5,0,1,0.0136955723754731,0.065221233407909,0.0470256131772637,182852
"673","nonsyn","common",7500,0.05,1,0.001,6,6,0.5,0.5,0.75,0,1,0.0117152280101793,0.061701450724197,0.0406113406163698,200013
"674","nonsyn","common",7500,0.05,1,0.001,6,6,0.5,0.5,1,0,1,0.000890986227824463,0.0194091950618657,-0.00973597191340844,171360
"675","nonsyn","common",7500,0.05,5,0.001,6,6,0.5,0.5,0.5,0,1,0.00572223849431022,0.0462995106664838,-0.00574301037646603,142712
"676","nonsyn","common",7500,0.05,5,0.001,6,6,0.5,0.5,0.75,0,1,0.00734667041852345,0.0550552915565692,-0.002589770351524,87068
"677","nonsyn","common",7500,0.05,5,0.001,6,6,0.5,0.5,1,0,1,0.000188518093944154,0.0162867388665431,-0.0221139724413642,70659
"678","nonsyn","common",7500,0.1,0.01,0.001,6,6,0.5,0.5,0.5,0,1,0.0399797577946215,0.14004630128525,0.210364879619659,151194
"679","nonsyn","common",7500,0.2,0.01,0.001,6,6,0.5,0.5,0.5,0,1,0.060353844349861,0.237299324498293,0.298381120091227,200411
"680","nonsyn","common",7500,0.5,0.01,0.001,6,6,0.5,0.5,0.5,0,1,0.0808705056058179,0.361054562334733,0.377149789059006,184808
"681","nonsyn","common",10000,0,0.01,0.001,6,6,0.5,0.5,0.5,0,1,-1.7675895877926e-05,0.0141541638389285,-0.022314467992037,14483
"682","nonsyn","common",10000,0.01,0.01,0.001,6,6,0.5,0.5,0.5,0,1,0.00039090276661637,0.0152874683519818,-0.0211858987341255,416863
"683","nonsyn","common",10000,0.05,0.01,0,6,5,0.5,0.5,0.5,0,1,0.000461084691083753,0.0225191018475953,-7.72874820627769e-06,16458474
"684","nonsyn","common",10000,0.05,0.01,0,6,6.5,0.5,0.5,0.5,0,1,0.00129671161809127,0.02479520456325,0.00202766888180786,15498656
"685","nonsyn","common",10000,0.05,0.01,0,6,7,0.5,0.5,0.5,0,1,0.0013195788509611,0.0246852967309781,0.00195913566736407,1589746
"686","nonsyn","common",10000,0.05,0.01,1e-04,6,5,0.5,0.5,0.5,0,1,0.00155969124620657,0.0250838278765958,0.00158459786272611,25970855
"687","nonsyn","common",10000,0.05,0.01,1e-04,6,6,0.5,0.5,0.5,0,1,0.00258714206372033,0.0262397422835409,0.00556185850544077,16879855
"688","nonsyn","common",10000,0.05,0.01,1e-04,6,6.5,0.5,0.5,0.5,0,1,0.00283184792108476,0.026626617751313,0.00571248948694225,5282731
"689","nonsyn","common",10000,0.05,0.01,1e-04,6,7,0.5,0.5,0.5,0,1,0.00291738234010697,0.0264926078619465,0.00596930953815423,616459
"690","nonsyn","common",10000,0.05,0.01,5e-04,6,5.5,0.5,0.5,0.5,0,1,0.00486107212638783,0.0301671370337652,0.0168719068647549,9904877
"691","nonsyn","common",10000,0.05,0.01,5e-04,6,6,0.5,0.5,0.5,0,1,0.00802900776014275,0.0338917159458907,0.0297844145480609,3202905
"692","nonsyn","common",10000,0.05,0.01,5e-04,6,6.5,0.5,0.5,0.5,0,1,0.0138938769780772,0.0393250738745473,0.0567963610049139,281397
"693","nonsyn","common",10000,0.05,0.01,5e-04,6,7,0.5,0.5,0.5,0,1,0.0200452631062242,0.0446718370418013,0.0898253784318218,20372
"694","nonsyn","common",10000,0.05,0.01,0.001,5,6,0.5,0.5,0.5,0,1,4.02926478531645e-05,0.0105792392070269,-0.00987860828787695,559102
"695","nonsyn","common",10000,0.05,0.01,0.001,6,6,0,0,0.5,0,1,8.03005020424496e-05,0.0150398857407208,-0.0304693799076522,18661171
"696","nonsyn","common",10000,0.05,0.01,0.001,6,6,0.25,0.25,0.5,0,1,0.0038953200720953,0.0225345263384186,-0.00162919972689609,335112
"697","nonsyn","common",10000,0.05,0.01,0.001,6,6,0.5,0.5,0.5,0,1,0.0123517355837735,0.0395628317641507,0.0546709021492089,3239544
"698","nonsyn","common",10000,0.05,0.01,0.001,6,6,0.5,0.5,0.75,0,1,0.00876167703669395,0.0267609168041448,0.0475952986154946,760043
"699","nonsyn","common",10000,0.05,0.01,0.001,6,6,0.5,0.5,1,0,1,0.000187641151798677,0.0147634838960587,-0.0212114785866043,99184
"700","nonsyn","common",10000,0.05,0.01,0.001,6,6,0.75,0.75,0.5,0,1,0.0212706464303173,0.0637371378302615,0.107969207199653,42959
"701","nonsyn","common",10000,0.05,0.01,0.001,6,6,1,1,0.5,0,1,0.0244170527670528,0.0810539926394698,0.123998934907294,29526
"702","nonsyn","common",10000,0.05,0.01,0.001,6,6.5,0.5,0.5,0.5,0,1,0.0225537441827669,0.0515710727592572,0.117555163545719,49637
"703","nonsyn","common",10000,0.05,0.01,0.001,6,7,0.5,0.5,0.5,0,1,0.0328045955303746,0.06222923938226,0.179002938540549,3177
"704","nonsyn","common",10000,0.05,0.01,0.001,6.5,6,0.5,0.5,0.5,0,1,0.0373888084006225,0.168473130950715,0.179324396315844,816130
"705","nonsyn","common",10000,0.05,0.01,0.001,7,6,0.5,0.5,0.5,0,1,0.0554683509565412,0.368167344649505,0.246848119317497,679218
"706","nonsyn","common",10000,0.05,0.01,0.005,6,5.5,0.5,0.5,0.5,0,1,0.0049935644295224,0.0329420237611691,0.0178760326620754,602837
"707","nonsyn","common",10000,0.05,0.01,0.005,6,6,0.5,0.5,0.5,0,1,0.00329992311207503,0.0285410288587696,0.0109316773265364,137863
"708","nonsyn","common",10000,0.05,0.01,0.005,6,6.5,0.5,0.5,0.5,0,1,0.00516584935897436,0.032261197578046,0.0189549810877274,6240
"709","nonsyn","common",10000,0.05,0.01,0.005,6,7,0.5,0.5,0.5,0,1,0.00711144578313253,0.0385537698558224,0.00774623315360609,166
"710","nonsyn","common",10000,0.05,0.01,0.01,6,6.5,0.5,0.5,0.5,0,1,0.00338506017791732,0.025752002626434,0.0149382061465439,3822
"711","nonsyn","common",10000,0.05,0.01,0.01,6,7,0.5,0.5,0.5,0,1,0.00180192307692308,0.0260213723296631,-0.012148809957394,52
"712","nonsyn","common",10000,0.05,1,0.001,6,6,0.5,0.5,0.5,0,1,0.00873617094365686,0.0413192135466372,0.0210536144730157,823827
"713","nonsyn","common",10000,0.05,1,0.001,6,6,0.5,0.5,0.75,0,1,0.00743325832660748,0.037412347406802,0.0148615359940659,929250
"714","nonsyn","common",10000,0.05,1,0.001,6,6,0.5,0.5,1,0,1,0.000281348504588062,0.0151446154978535,-0.015487451345088,850468
"715","nonsyn","common",10000,0.05,5,0.001,6,6,0.5,0.5,0.5,0,1,0.00371216966177509,0.0316636260576504,-0.0107086602889679,637150
"716","nonsyn","common",10000,0.05,5,0.001,6,6,0.5,0.5,0.75,0,1,0.00474156107898106,0.0353701155478725,-0.00951310562107581,385067
"717","nonsyn","common",10000,0.05,5,0.001,6,6,0.5,0.5,1,0,1,-6.86381652484463e-06,0.0145664859889607,-0.022448985692864,321177
"718","nonsyn","common",10000,0.1,0.01,0.001,6,6,0.5,0.5,0.5,0,1,0.0290510611478471,0.0927075875152861,0.143095399562442,767942
"719","nonsyn","common",10000,0.2,0.01,0.001,6,6,0.5,0.5,0.5,0,1,0.0492881212809119,0.177632234342048,0.238670934666471,1006127
"720","nonsyn","common",10000,0.5,0.01,0.001,6,6,0.5,0.5,0.5,0,1,0.0733717142872851,0.308376547785279,0.341132605686153,909445
"721","nonsyn","int",15,0,0.01,0.001,6,6,0.5,0.5,0.5,0,1,0.00496819923371648,0.166588991861461,-0.583789043795501,1566
"722","nonsyn","int",15,0.01,0.01,0.001,6,6,0.5,0.5,0.5,0,1,0.00398160848431286,0.155914712504252,-0.597783040256758,33945
"723","nonsyn","int",15,0.05,0.01,0,6,5,0.5,0.5,0.5,0,1,0.00332807946141974,0.344750435552922,-0.094624520929912,105611
"724","nonsyn","int",15,0.05,0.01,0,6,6.5,0.5,0.5,0.5,0,1,0.00713112146140818,0.470028107612713,-0.154362688469389,165320
"725","nonsyn","int",15,0.05,0.01,0,6,7,0.5,0.5,0.5,0,1,0.00666285896617741,0.472109419420595,-0.155840918183219,17237
"726","nonsyn","int",15,0.05,0.01,1e-04,6,5,0.5,0.5,0.5,0,1,0.00492226704931442,0.275177582725768,-0.203751535799287,288516
"727","nonsyn","int",15,0.05,0.01,1e-04,6,6,0.5,0.5,0.5,0,1,0.00766213544113401,0.371130747954196,-0.250202248695812,232027
"728","nonsyn","int",15,0.05,0.01,1e-04,6,6.5,0.5,0.5,0.5,0,1,0.00849552840033523,0.37742207690442,-0.262629081465793,73978
"729","nonsyn","int",15,0.05,0.01,1e-04,6,7,0.5,0.5,0.5,0,1,0.00975297688536073,0.382520763971307,-0.266159028007902,8566
"730","nonsyn","int",15,0.05,0.01,5e-04,6,5.5,0.5,0.5,0.5,0,1,0.00647948095201496,0.278927251324831,-0.338635935071746,195165
"731","nonsyn","int",15,0.05,0.01,5e-04,6,6,0.5,0.5,0.5,0,1,0.00702034758711943,0.241358852070629,-0.435676963693905,78599
"732","nonsyn","int",15,0.05,0.01,5e-04,6,6.5,0.5,0.5,0.5,0,1,0.0078425002488305,0.199189744758701,-0.529203837717908,10047
"733","nonsyn","int",15,0.05,0.01,5e-04,6,7,0.5,0.5,0.5,0,1,0.0063311974789916,0.184065149243535,-0.589809978130421,952
"734","nonsyn","int",15,0.05,0.01,0.001,5,6,0.5,0.5,0.5,0,1,0.00226896205329114,0.119512707447875,-0.60043459391019,39819
"735","nonsyn","int",15,0.05,0.01,0.001,6,6,0,0,0.5,0,1,0.0112484290091585,0.237605875864568,-0.424413637806316,354426
"736","nonsyn","int",15,0.05,0.01,0.001,6,6,0.25,0.25,0.5,0,1,0.00584722731987553,0.201685379373752,-0.525854248932732,12533
"737","nonsyn","int",15,0.05,0.01,0.001,6,6,0.5,0.5,0.5,0,1,0.00655054230361143,0.200769790501746,-0.501028724855007,101788
"738","nonsyn","int",15,0.05,0.01,0.001,6,6,0.5,0.5,0.75,0,1,0.00814705058540138,0.244891984600599,-0.426980895396087,17851
"739","nonsyn","int",15,0.05,0.01,0.001,6,6,0.5,0.5,1,0,1,0.00327424596134093,0.145102180919964,-0.617462417381114,10709
"740","nonsyn","int",15,0.05,0.01,0.001,6,6,0.75,0.75,0.5,0,1,0.00560323846908734,0.216428063066504,-0.465968470118965,1019
"741","nonsyn","int",15,0.05,0.01,0.001,6,6,1,1,0.5,0,1,0.00502966804979253,0.2470764035627,-0.382337029617284,482
"742","nonsyn","int",15,0.05,0.01,0.001,6,6.5,0.5,0.5,0.5,0,1,0.00561953509164059,0.174856222253702,-0.581139484374126,2237
"743","nonsyn","int",15,0.05,0.01,0.001,6,7,0.5,0.5,0.5,0,1,0.0046984126984127,0.137391028612435,-0.693121693121693,189
"744","nonsyn","int",15,0.05,0.01,0.001,6.5,6,0.5,0.5,0.5,0,1,0.00695257977354606,0.285123347836293,-0.362892203521611,15544
"745","nonsyn","int",15,0.05,0.01,0.001,7,6,0.5,0.5,0.5,0,1,0.00636763527907968,0.337770710341951,-0.280550656146322,11735
"746","nonsyn","int",15,0.05,0.01,0.005,6,5.5,0.5,0.5,0.5,0,1,0.00586142128784541,0.23739791712737,-0.415942832372535,15887
"747","nonsyn","int",15,0.05,0.01,0.005,6,6,0.5,0.5,0.5,0,1,0.00505792714212417,0.303572500754181,-0.341136166688032,1949
"748","nonsyn","int",15,0.05,0.01,0.005,6,6.5,0.5,0.5,0.5,0,1,0.00210860215053763,0.28937457451008,-0.417514825089506,93
"749","nonsyn","int",15,0.05,0.01,0.005,6,7,0.5,0.5,0.5,0,1,0.0221,0.339795468993111,-0.333333333333333,3
"750","nonsyn","int",15,0.05,0.01,0.01,6,6.5,0.5,0.5,0.5,0,1,0.00878823529411765,0.374748197400495,-0.193999949916109,51
"751","nonsyn","int",15,0.05,0.01,0.01,6,7,0.5,0.5,0.5,0,1,-0.009,0.010989010989011,-1,1
"752","nonsyn","int",15,0.05,1,0.001,6,6,0.5,0.5,0.5,0,1,0.00618070031420726,0.187004634045517,-0.537774195962101,35327
"753","nonsyn","int",15,0.05,1,0.001,6,6,0.5,0.5,0.75,0,1,0.00846649659244142,0.220612635055699,-0.473444282266802,27439
"754","nonsyn","int",15,0.05,1,0.001,6,6,0.5,0.5,1,0,1,0.00862518936466223,0.240190891527627,-0.452960586165083,25876
"755","nonsyn","int",15,0.05,5,0.001,6,6,0.5,0.5,0.5,0,1,0.00434208146598944,0.159889229722043,-0.597408727896585,50205
"756","nonsyn","int",15,0.05,5,0.001,6,6,0.5,0.5,0.75,0,1,0.00587806266487712,0.183608348448484,-0.558009322641816,21607
"757","nonsyn","int",15,0.05,5,0.001,6,6,0.5,0.5,1,0,1,0.00415406110920918,0.159606700866008,-0.591791348096358,23368
"758","nonsyn","int",15,0.1,0.01,0.001,6,6,0.5,0.5,0.5,0,1,0.00795770674553521,0.229233551780424,-0.435545768723399,17582
"759","nonsyn","int",15,0.2,0.01,0.001,6,6,0.5,0.5,0.5,0,1,0.00877326712909826,0.255963003109252,-0.387015501862436,20039
"760","nonsyn","int",15,0.5,0.01,0.001,6,6,0.5,0.5,0.5,0,1,0.00898549378994332,0.284213623231423,-0.324155761219743,16586
"761","nonsyn","int",50,0,0.01,0.001,6,6,0.5,0.5,0.5,0,1,0.00219705271897053,0.127475154098406,-0.631765761577269,2409
"762","nonsyn","int",50,0.01,0.01,0.001,6,6,0.5,0.5,0.5,0,1,0.00357419719407638,0.146382714886264,-0.604932009503626,51320
"763","nonsyn","int",50,0.05,0.01,0,6,5,0.5,0.5,0.5,0,1,0.00314392108151449,0.295336285692249,-0.0944242281116962,152157
"764","nonsyn","int",50,0.05,0.01,0,6,6.5,0.5,0.5,0.5,0,1,0.00685779211356051,0.393502239010809,-0.167836267640001,227403
"765","nonsyn","int",50,0.05,0.01,0,6,7,0.5,0.5,0.5,0,1,0.00677611427613941,0.397134434009422,-0.173163702869563,23872
"766","nonsyn","int",50,0.05,0.01,1e-04,6,5,0.5,0.5,0.5,0,1,0.00479834574789472,0.247369620980846,-0.206182951413907,423696
"767","nonsyn","int",50,0.05,0.01,1e-04,6,6,0.5,0.5,0.5,0,1,0.00761221085118728,0.318995232611519,-0.261751079024754,329199
"768","nonsyn","int",50,0.05,0.01,1e-04,6,6.5,0.5,0.5,0.5,0,1,0.00859619150730081,0.323854547971721,-0.275244024338285,104372
"769","nonsyn","int",50,0.05,0.01,1e-04,6,7,0.5,0.5,0.5,0,1,0.00830695752768138,0.323384387447851,-0.287631032794,12102
"770","nonsyn","int",50,0.05,0.01,5e-04,6,5.5,0.5,0.5,0.5,0,1,0.00639976403092345,0.258793643128583,-0.341058461179907,286902
"771","nonsyn","int",50,0.05,0.01,5e-04,6,6,0.5,0.5,0.5,0,1,0.00683227479778998,0.226009339032354,-0.440030707485021,115474
"772","nonsyn","int",50,0.05,0.01,5e-04,6,6.5,0.5,0.5,0.5,0,1,0.0071905883151252,0.187388537920477,-0.536555678122979,14737
"773","nonsyn","int",50,0.05,0.01,5e-04,6,7,0.5,0.5,0.5,0,1,0.00728596008258775,0.177017306736811,-0.572623736894307,1453
"774","nonsyn","int",50,0.05,0.01,0.001,5,6,0.5,0.5,0.5,0,1,0.0012577178119087,0.0883784274874482,-0.598656914188289,58663
"775","nonsyn","int",50,0.05,0.01,0.001,6,6,0,0,0.5,0,1,0.00888491221971145,0.191553945922114,-0.462177705096279,512017
"776","nonsyn","int",50,0.05,0.01,0.001,6,6,0.25,0.25,0.5,0,1,0.00661444636678201,0.189491220480122,-0.518594552120791,18496
"777","nonsyn","int",50,0.05,0.01,0.001,6,6,0.5,0.5,0.5,0,1,0.00661954419297633,0.192486531432022,-0.499375438587945,151687
"778","nonsyn","int",50,0.05,0.01,0.001,6,6,0.5,0.5,0.75,0,1,0.0080960489999622,0.23206780811128,-0.429616984548409,26449
"779","nonsyn","int",50,0.05,0.01,0.001,6,6,0.5,0.5,1,0,1,0.00303819092251397,0.140633543875048,-0.623645816953639,15577
"780","nonsyn","int",50,0.05,0.01,0.001,6,6,0.75,0.75,0.5,0,1,0.0057497005988024,0.2085510101301,-0.448905942874486,1503
"781","nonsyn","int",50,0.05,0.01,0.001,6,6,1,1,0.5,0,1,0.00895258964143425,0.242619162794859,-0.348578056707626,753
"782","nonsyn","int",50,0.05,0.01,0.001,6,6.5,0.5,0.5,0.5,0,1,0.00671744292237443,0.170893422911884,-0.557707847120305,3285
"783","nonsyn","int",50,0.05,0.01,0.001,6,7,0.5,0.5,0.5,0,1,0.00693061224489796,0.176252612804337,-0.617003317982961,294
"784","nonsyn","int",50,0.05,0.01,0.001,6.5,6,0.5,0.5,0.5,0,1,0.00741929096411587,0.28665543130019,-0.356873243723452,23130
"785","nonsyn","int",50,0.05,0.01,0.001,7,6,0.5,0.5,0.5,0,1,0.00717333750142094,0.332127240537721,-0.29035763868365,17594
"786","nonsyn","int",50,0.05,0.01,0.005,6,5.5,0.5,0.5,0.5,0,1,0.00624940582293523,0.232090775626693,-0.411080746651939,23562
"787","nonsyn","int",50,0.05,0.01,0.005,6,6,0.5,0.5,0.5,0,1,0.00642449286250939,0.292958777257603,-0.31529470763057,2662
"788","nonsyn","int",50,0.05,0.01,0.005,6,6.5,0.5,0.5,0.5,0,1,-0.00114296296296296,0.253709471094005,-0.412396137752141,135
"789","nonsyn","int",50,0.05,0.01,0.005,6,7,0.5,0.5,0.5,0,1,0.0206857142857143,0.202554546214661,-0.142857142857143,7
"790","nonsyn","int",50,0.05,0.01,0.01,6,6.5,0.5,0.5,0.5,0,1,0.00913947368421053,0.294057318289728,-0.275254951413155,76
"791","nonsyn","int",50,0.05,0.01,0.01,6,7,0.5,0.5,0.5,0,1,-0.00373333333333334,0.010407958458224,-0.333333333333334,3
"792","nonsyn","int",50,0.05,1,0.001,6,6,0.5,0.5,0.5,0,1,0.00596036070828586,0.178595687679314,-0.540479792773986,51787
"793","nonsyn","int",50,0.05,1,0.001,6,6,0.5,0.5,0.75,0,1,0.00824058068035307,0.212878283992998,-0.478805682841903,40332
"794","nonsyn","int",50,0.05,1,0.001,6,6,0.5,0.5,1,0,1,0.00840087911514582,0.229954765127095,-0.455509134126345,38334
"795","nonsyn","int",50,0.05,5,0.001,6,6,0.5,0.5,0.5,0,1,0.00443178120201503,0.155510354690012,-0.595116087707551,74242
"796","nonsyn","int",50,0.05,5,0.001,6,6,0.5,0.5,0.75,0,1,0.00576003701728519,0.17265381452939,-0.564950648036468,31877
"797","nonsyn","int",50,0.05,5,0.001,6,6,0.5,0.5,1,0,1,0.00383156877788197,0.155556114459719,-0.593376461439062,35193
"798","nonsyn","int",50,0.1,0.01,0.001,6,6,0.5,0.5,0.5,0,1,0.00807332626878099,0.22177233367616,-0.429947539847869,26423
"799","nonsyn","int",50,0.2,0.01,0.001,6,6,0.5,0.5,0.5,0,1,0.00820100351063125,0.24359925285786,-0.388697681389716,30194
"800","nonsyn","int",50,0.5,0.01,0.001,6,6,0.5,0.5,0.5,0,1,0.00922821200666585,0.267498991106054,-0.330767776153461,24603
"801","nonsyn","int",100,0,0.01,0.001,6,6,0.5,0.5,0.5,0,1,0.00290634276290752,0.126889476921718,-0.623055248167159,7883
"802","nonsyn","int",100,0.01,0.01,0.001,6,6,0.5,0.5,0.5,0,1,0.00343994510412316,0.135668063695663,-0.602151238873576,167590
"803","nonsyn","int",100,0.05,0.01,0,6,5,0.5,0.5,0.5,0,1,0.0026793895769883,0.216114690559675,-0.0971531621224946,477079
"804","nonsyn","int",100,0.05,0.01,0,6,6.5,0.5,0.5,0.5,0,1,0.00578219055055459,0.278537888357139,-0.193673307128622,673648
"805","nonsyn","int",100,0.05,0.01,0,6,7,0.5,0.5,0.5,0,1,0.00619334457926968,0.279198198118185,-0.194792052779018,70544
"806","nonsyn","int",100,0.05,0.01,1e-04,6,5,0.5,0.5,0.5,0,1,0.00441443649907713,0.196927795782493,-0.212571723292353,1357185
"807","nonsyn","int",100,0.05,0.01,1e-04,6,6,0.5,0.5,0.5,0,1,0.00710563820113742,0.241238095295476,-0.276576524174046,1020556
"808","nonsyn","int",100,0.05,0.01,1e-04,6,6.5,0.5,0.5,0.5,0,1,0.00777591125541796,0.243064180250196,-0.294718223648499,322769
"809","nonsyn","int",100,0.05,0.01,1e-04,6,7,0.5,0.5,0.5,0,1,0.00841052872203098,0.243682212393095,-0.302340732687669,37184
"810","nonsyn","int",100,0.05,0.01,5e-04,6,5.5,0.5,0.5,0.5,0,1,0.00615940544754528,0.218114011711792,-0.349179681753302,919717
"811","nonsyn","int",100,0.05,0.01,5e-04,6,6,0.5,0.5,0.5,0,1,0.0068464957049489,0.192466351715061,-0.440722331478528,372871
"812","nonsyn","int",100,0.05,0.01,5e-04,6,6.5,0.5,0.5,0.5,0,1,0.00711190603310197,0.171448271705227,-0.528716892310054,48698
"813","nonsyn","int",100,0.05,0.01,5e-04,6,7,0.5,0.5,0.5,0,1,0.00580344972654607,0.155822573249291,-0.591782892943475,4754
"814","nonsyn","int",100,0.05,0.01,0.001,5,6,0.5,0.5,0.5,0,1,0.0008576709429624,0.0627955541444442,-0.55949934829701,191365
"815","nonsyn","int",100,0.05,0.01,0.001,6,6,0,0,0.5,0,1,0.00542578030751684,0.138689465455362,-0.501878422611807,1641276
"816","nonsyn","int",100,0.05,0.01,0.001,6,6,0.25,0.25,0.5,0,1,0.00604574836666007,0.166295122679015,-0.525759496455763,60612
"817","nonsyn","int",100,0.05,0.01,0.001,6,6,0.5,0.5,0.5,0,1,0.00621576386022491,0.172880588754639,-0.503950425369853,496655
"818","nonsyn","int",100,0.05,0.01,0.001,6,6,0.5,0.5,0.75,0,1,0.00793425042628693,0.209404080704886,-0.431613718774125,86796
"819","nonsyn","int",100,0.05,0.01,0.001,6,6,0.5,0.5,1,0,1,0.00264487446087492,0.124309817215141,-0.624319323430288,51936
"820","nonsyn","int",100,0.05,0.01,0.001,6,6,0.75,0.75,0.5,0,1,0.00698699320847911,0.190155538157182,-0.453921986340267,4859
"821","nonsyn","int",100,0.05,0.01,0.001,6,6,1,1,0.5,0,1,0.00809645621181263,0.212440007514281,-0.404157904174589,2455
"822","nonsyn","int",100,0.05,0.01,0.001,6,6.5,0.5,0.5,0.5,0,1,0.006254,0.159402746073053,-0.566242268263232,10850
"823","nonsyn","int",100,0.05,0.01,0.001,6,7,0.5,0.5,0.5,0,1,0.00567835990888383,0.146404008641229,-0.635449428314697,878
"824","nonsyn","int",100,0.05,0.01,0.001,6.5,6,0.5,0.5,0.5,0,1,0.00722949835850295,0.26585637795976,-0.365100705181971,76150
"825","nonsyn","int",100,0.05,0.01,0.001,7,6,0.5,0.5,0.5,0,1,0.0066911970368319,0.329713281477997,-0.288813755173181,57776
"826","nonsyn","int",100,0.05,0.01,0.005,6,5.5,0.5,0.5,0.5,0,1,0.00561045865633075,0.210811627301309,-0.424443616973631,77400
"827","nonsyn","int",100,0.05,0.01,0.005,6,6,0.5,0.5,0.5,0,1,0.00584287845747733,0.236613264646755,-0.337580830354423,8713
"828","nonsyn","int",100,0.05,0.01,0.005,6,6.5,0.5,0.5,0.5,0,1,0.0070413965087282,0.201980347266629,-0.364777556582371,401
"829","nonsyn","int",100,0.05,0.01,0.005,6,7,0.5,0.5,0.5,0,1,-0.00298571428571429,0.0485911729098504,-0.857142857142857,14
"830","nonsyn","int",100,0.05,0.01,0.01,6,6.5,0.5,0.5,0.5,0,1,0.00648953974895397,0.181178083530625,-0.325451761766525,239
"831","nonsyn","int",100,0.05,0.01,0.01,6,7,0.5,0.5,0.5,0,1,0.0123714285714286,0.144104118627807,-0.428571428571429,7
"832","nonsyn","int",100,0.05,1,0.001,6,6,0.5,0.5,0.5,0,1,0.00567576500038375,0.16342757054237,-0.541991417804088,169379
"833","nonsyn","int",100,0.05,1,0.001,6,6,0.5,0.5,0.75,0,1,0.00810623124662914,0.19578819052336,-0.478483816290191,131643
"834","nonsyn","int",100,0.05,1,0.001,6,6,0.5,0.5,1,0,1,0.00797606446937784,0.210531837164054,-0.461771559414417,125579
"835","nonsyn","int",100,0.05,5,0.001,6,6,0.5,0.5,0.5,0,1,0.00411888946100138,0.144142525489411,-0.595315809316152,242765
"836","nonsyn","int",100,0.05,5,0.001,6,6,0.5,0.5,0.75,0,1,0.00561268531746407,0.164069703257762,-0.560475411893336,105697
"837","nonsyn","int",100,0.05,5,0.001,6,6,0.5,0.5,1,0,1,0.00370888686210641,0.14200656603964,-0.590011968702753,115125
"838","nonsyn","int",100,0.1,0.01,0.001,6,6,0.5,0.5,0.5,0,1,0.00744744208551164,0.195855176281738,-0.44319735961572,84737
"839","nonsyn","int",100,0.2,0.01,0.001,6,6,0.5,0.5,0.5,0,1,0.00867772070957096,0.215882262296339,-0.37748918326549,96960
"840","nonsyn","int",100,0.5,0.01,0.001,6,6,0.5,0.5,0.5,0,1,0.00895828037572474,0.236975659223061,-0.331024940515576,78994
"841","nonsyn","int",200,0,0.01,0.001,6,6,0.5,0.5,0.5,0,1,0.00191301651543834,0.104034615794769,-0.622149571223296,15319
"842","nonsyn","int",200,0.01,0.01,0.001,6,6,0.5,0.5,0.5,0,1,0.00269987636109904,0.113085365981543,-0.600806216002966,326758
"843","nonsyn","int",200,0.05,0.01,0,6,5,0.5,0.5,0.5,0,1,0.00208520209756265,0.136859334975598,-0.0964314477414766,900283
"844","nonsyn","int",200,0.05,0.01,0,6,6.5,0.5,0.5,0.5,0,1,0.00453449089873231,0.169238182826395,-0.204446959680946,1223401
"845","nonsyn","int",200,0.05,0.01,0,6,7,0.5,0.5,0.5,0,1,0.00446551821652449,0.169267145428931,-0.211262058762618,127302
"846","nonsyn","int",200,0.05,0.01,1e-04,6,5,0.5,0.5,0.5,0,1,0.00375504964747799,0.137517523424529,-0.215893388563869,2588349
"847","nonsyn","int",200,0.05,0.01,1e-04,6,6,0.5,0.5,0.5,0,1,0.00567451634885981,0.158921407425959,-0.287782818253053,1901784
"848","nonsyn","int",200,0.05,0.01,1e-04,6,6.5,0.5,0.5,0.5,0,1,0.00621710499137121,0.159661655041026,-0.305559401986178,600316
"849","nonsyn","int",200,0.05,0.01,1e-04,6,7,0.5,0.5,0.5,0,1,0.00627658330580174,0.160078211185007,-0.319806671852315,69617
"850","nonsyn","int",200,0.05,0.01,5e-04,6,5.5,0.5,0.5,0.5,0,1,0.00546737499054218,0.164987848220519,-0.355427514500842,1744588
"851","nonsyn","int",200,0.05,0.01,5e-04,6,6,0.5,0.5,0.5,0,1,0.00603178877183848,0.149712353124328,-0.440088317338639,714507
"852","nonsyn","int",200,0.05,0.01,5e-04,6,6.5,0.5,0.5,0.5,0,1,0.00608475388366571,0.138096256952887,-0.52392373640625,93919
"853","nonsyn","int",200,0.05,0.01,5e-04,6,7,0.5,0.5,0.5,0,1,0.0063121425522834,0.136986666964405,-0.562146243944562,9372
"854","nonsyn","int",200,0.05,0.01,0.001,5,6,0.5,0.5,0.5,0,1,0.00039431160064898,0.039838615600616,-0.504934748007876,376591
"855","nonsyn","int",200,0.05,0.01,0.001,6,6,0,0,0.5,0,1,0.00260801255421497,0.0928661469708765,-0.515538944777288,3170250
"856","nonsyn","int",200,0.05,0.01,0.001,6,6,0.25,0.25,0.5,0,1,0.00486608406410644,0.131533238645355,-0.52406919509381,115745
"857","nonsyn","int",200,0.05,0.01,0.001,6,6,0.5,0.5,0.5,0,1,0.00552794765273151,0.144229013633127,-0.503297241483169,961884
"858","nonsyn","int",200,0.05,0.01,0.001,6,6,0.5,0.5,0.75,0,1,0.00740574639308049,0.17740047788976,-0.430480120054538,166139
"859","nonsyn","int",200,0.05,0.01,0.001,6,6,0.5,0.5,1,0,1,0.00204162602109604,0.104859075179097,-0.618177550335328,100872
"860","nonsyn","int",200,0.05,0.01,0.001,6,6,0.75,0.75,0.5,0,1,0.0058626715659786,0.151621238024781,-0.471362161200314,9253
"861","nonsyn","int",200,0.05,0.01,0.001,6,6,1,1,0.5,0,1,0.00662169164882227,0.172796885160699,-0.421126173270653,4670
"862","nonsyn","int",200,0.05,0.01,0.001,6,6.5,0.5,0.5,0.5,0,1,0.0058444918002409,0.139702459242994,-0.560741253656081,21586
"863","nonsyn","int",200,0.05,0.01,0.001,6,7,0.5,0.5,0.5,0,1,0.00655008655510675,0.147411298969447,-0.581261728208572,1733
"864","nonsyn","int",200,0.05,0.01,0.001,6.5,6,0.5,0.5,0.5,0,1,0.00757638189926762,0.244246362264036,-0.356991948215706,146646
"865","nonsyn","int",200,0.05,0.01,0.001,7,6,0.5,0.5,0.5,0,1,0.00739391503715807,0.316899488133684,-0.28354718943649,113838
"866","nonsyn","int",200,0.05,0.01,0.005,6,5.5,0.5,0.5,0.5,0,1,0.00517510786346465,0.183367790687601,-0.431046098731205,149031
"867","nonsyn","int",200,0.05,0.01,0.005,6,6,0.5,0.5,0.5,0,1,0.00440509037255625,0.176576405728832,-0.368027272593558,16266
"868","nonsyn","int",200,0.05,0.01,0.005,6,6.5,0.5,0.5,0.5,0,1,0.00815461538461537,0.150086690874081,-0.332657462881767,780
"869","nonsyn","int",200,0.05,0.01,0.005,6,7,0.5,0.5,0.5,0,1,0.00538157894736842,0.152975225205275,-0.426375259805375,38
"870","nonsyn","int",200,0.05,0.01,0.01,6,6.5,0.5,0.5,0.5,0,1,0.00564871794871795,0.152042057902191,-0.315581325747702,429
"871","nonsyn","int",200,0.05,0.01,0.01,6,7,0.5,0.5,0.5,0,1,-0.00256363636363636,0.148300056015198,-0.272727272727273,11
"872","nonsyn","int",200,0.05,1,0.001,6,6,0.5,0.5,0.5,0,1,0.00492490641573788,0.138854460161521,-0.545531029564257,330718
"873","nonsyn","int",200,0.05,1,0.001,6,6,0.5,0.5,0.75,0,1,0.00754042853391548,0.170447233026429,-0.477930887327143,255149
"874","nonsyn","int",200,0.05,1,0.001,6,6,0.5,0.5,1,0,1,0.00719278242247024,0.180969401058581,-0.464441488728532,242810
"875","nonsyn","int",200,0.05,5,0.001,6,6,0.5,0.5,0.5,0,1,0.00356499976895319,0.126062597897732,-0.596592377969677,476094
"876","nonsyn","int",200,0.05,5,0.001,6,6,0.5,0.5,0.75,0,1,0.00501950692863723,0.144642707031279,-0.56220602554383,205163
"877","nonsyn","int",200,0.05,5,0.001,6,6,0.5,0.5,1,0,1,0.00299496305468085,0.117969376983237,-0.589829808763425,224521
"878","nonsyn","int",200,0.1,0.01,0.001,6,6,0.5,0.5,0.5,0,1,0.00694973640977858,0.160554240792639,-0.43396755447603,163132
"879","nonsyn","int",200,0.2,0.01,0.001,6,6,0.5,0.5,0.5,0,1,0.00789730616094442,0.173914987081642,-0.37743984065455,186611
"880","nonsyn","int",200,0.5,0.01,0.001,6,6,0.5,0.5,0.5,0,1,0.00858816560982728,0.18770895445583,-0.321885189413687,150764
"881","nonsyn","int",300,0,0.01,0.001,6,6,0.5,0.5,0.5,0,1,0.00166402603036877,0.0877801794732579,-0.609614224106897,11525
"882","nonsyn","int",300,0.01,0.01,0.001,6,6,0.5,0.5,0.5,0,1,0.00228478228152905,0.0968305249258828,-0.592758205725078,239208
"883","nonsyn","int",300,0.05,0.01,0,6,5,0.5,0.5,0.5,0,1,0.00176882291751961,0.0999938433979813,-0.0937655615447101,659478
"884","nonsyn","int",300,0.05,0.01,0,6,6.5,0.5,0.5,0.5,0,1,0.00367777120472352,0.118295448053943,-0.20303319609516,880700
"885","nonsyn","int",300,0.05,0.01,0,6,7,0.5,0.5,0.5,0,1,0.00371932808683853,0.11894418520353,-0.204093512878652,92125
"886","nonsyn","int",300,0.05,0.01,1e-04,6,5,0.5,0.5,0.5,0,1,0.00336129716443871,0.103372436512729,-0.21410445644648,1878852
"887","nonsyn","int",300,0.05,0.01,1e-04,6,6,0.5,0.5,0.5,0,1,0.00469455505578018,0.116327998087873,-0.284598170714892,1372172
"888","nonsyn","int",300,0.05,0.01,1e-04,6,6.5,0.5,0.5,0.5,0,1,0.00504263665075962,0.11676814415196,-0.303420818561866,433770
"889","nonsyn","int",300,0.05,0.01,1e-04,6,7,0.5,0.5,0.5,0,1,0.00553927880248035,0.117071332725839,-0.30768410140409,50638
"890","nonsyn","int",300,0.05,0.01,5e-04,6,5.5,0.5,0.5,0.5,0,1,0.00478433332301147,0.13037228750827,-0.354309227661625,1259463
"891","nonsyn","int",300,0.05,0.01,5e-04,6,6,0.5,0.5,0.5,0,1,0.00514174843165734,0.120083393547641,-0.43618639255813,517744
"892","nonsyn","int",300,0.05,0.01,5e-04,6,6.5,0.5,0.5,0.5,0,1,0.0054369347985348,0.115775817627188,-0.511066024826595,68250
"893","nonsyn","int",300,0.05,0.01,5e-04,6,7,0.5,0.5,0.5,0,1,0.00564756329577053,0.117754449022628,-0.54089742794387,6833
"894","nonsyn","int",300,0.05,0.01,0.001,5,6,0.5,0.5,0.5,0,1,0.000316407464448155,0.0295569675033862,-0.461720598792882,277904
"895","nonsyn","int",300,0.05,0.01,0.001,6,6,0,0,0.5,0,1,0.00152300886513556,0.0709807499203468,-0.504974727960648,2329124
"896","nonsyn","int",300,0.05,0.01,0.001,6,6,0.25,0.25,0.5,0,1,0.00409194223843655,0.108047556026854,-0.522353771850443,85247
"897","nonsyn","int",300,0.05,0.01,0.001,6,6,0.5,0.5,0.5,0,1,0.00492899425283249,0.123767048964074,-0.498213611156776,699649
"898","nonsyn","int",300,0.05,0.01,0.001,6,6,0.5,0.5,0.75,0,1,0.00666718403731022,0.151179781653502,-0.432551570125261,120932
"899","nonsyn","int",300,0.05,0.01,0.001,6,6,0.5,0.5,1,0,1,0.00163191717626864,0.090513007715345,-0.611010918261057,74568
"900","nonsyn","int",300,0.05,0.01,0.001,6,6,0.75,0.75,0.5,0,1,0.00559562427071179,0.13472048701585,-0.46414759696355,6856
"901","nonsyn","int",300,0.05,0.01,0.001,6,6,1,1,0.5,0,1,0.00630199034981905,0.144221410849949,-0.409294390160721,3316
"902","nonsyn","int",300,0.05,0.01,0.001,6,6.5,0.5,0.5,0.5,0,1,0.0047960171883017,0.119010324738683,-0.567228608955171,15592
"903","nonsyn","int",300,0.05,0.01,0.001,6,7,0.5,0.5,0.5,0,1,0.00497192307692308,0.127128956427332,-0.607854673093934,1300
"904","nonsyn","int",300,0.05,0.01,0.001,6.5,6,0.5,0.5,0.5,0,1,0.00716202489099685,0.217066474407366,-0.365145387467075,107107
"905","nonsyn","int",300,0.05,0.01,0.001,7,6,0.5,0.5,0.5,0,1,0.0075848813912961,0.304595508536741,-0.278191462405713,84353
"906","nonsyn","int",300,0.05,0.01,0.005,6,5.5,0.5,0.5,0.5,0,1,0.00473719301479059,0.159393729963093,-0.435951548044397,108515
"907","nonsyn","int",300,0.05,0.01,0.005,6,6,0.5,0.5,0.5,0,1,0.00440894601542416,0.14741795957381,-0.353038405048661,11670
"908","nonsyn","int",300,0.05,0.01,0.005,6,6.5,0.5,0.5,0.5,0,1,0.00325432525951557,0.12661961403112,-0.391219940329436,578
"909","nonsyn","int",300,0.05,0.01,0.005,6,7,0.5,0.5,0.5,0,1,0.01372,0.190017770784156,-0.404484570431415,35
"910","nonsyn","int",300,0.05,0.01,0.01,6,6.5,0.5,0.5,0.5,0,1,0.0016035143769968,0.114520589128655,-0.366348748357521,313
"911","nonsyn","int",300,0.05,0.01,0.01,6,7,0.5,0.5,0.5,0,1,-0.00918461538461539,0.112708582715528,-0.859756512276406,13
"912","nonsyn","int",300,0.05,1,0.001,6,6,0.5,0.5,0.5,0,1,0.00443110111783152,0.122323386358591,-0.539903142738643,241718
"913","nonsyn","int",300,0.05,1,0.001,6,6,0.5,0.5,0.75,0,1,0.00689327659802947,0.151337538422573,-0.477065831227355,186245
"914","nonsyn","int",300,0.05,1,0.001,6,6,0.5,0.5,1,0,1,0.00624823545457645,0.156522877069085,-0.465969284415333,175966
"915","nonsyn","int",300,0.05,5,0.001,6,6,0.5,0.5,0.5,0,1,0.00306162398796835,0.111665721488966,-0.592460978232623,350409
"916","nonsyn","int",300,0.05,5,0.001,6,6,0.5,0.5,0.75,0,1,0.00454697175944063,0.130476898724928,-0.560265125277705,150599
"917","nonsyn","int",300,0.05,5,0.001,6,6,0.5,0.5,1,0,1,0.00238398189161816,0.100079322801066,-0.584343658774904,163902
"918","nonsyn","int",300,0.1,0.01,0.001,6,6,0.5,0.5,0.5,0,1,0.00649959006128208,0.136413589059112,-0.423812369955551,119774
"919","nonsyn","int",300,0.2,0.01,0.001,6,6,0.5,0.5,0.5,0,1,0.00737780375387484,0.145391295147527,-0.365412187284382,135167
"920","nonsyn","int",300,0.5,0.01,0.001,6,6,0.5,0.5,0.5,0,1,0.00824760668579497,0.15620711719039,-0.307140976670493,109785
"921","nonsyn","int",500,0,0.01,0.001,6,6,0.5,0.5,0.5,0,1,0.00132244117345719,0.0752041374458163,-0.590997645774838,29281
"922","nonsyn","int",500,0.01,0.01,0.001,6,6,0.5,0.5,0.5,0,1,0.00168364799855502,0.080180532928211,-0.582050275374161,620077
"923","nonsyn","int",500,0.05,0.01,0,6,5,0.5,0.5,0.5,0,1,0.00156699550270909,0.0746522260686778,-0.0901280248423379,1726595
"924","nonsyn","int",500,0.05,0.01,0,6,6.5,0.5,0.5,0.5,0,1,0.00297537611974665,0.0868206420519778,-0.193625800957811,2275738
"925","nonsyn","int",500,0.05,0.01,0,6,7,0.5,0.5,0.5,0,1,0.00306055385680981,0.0864619911668647,-0.195139920125496,236776
"926","nonsyn","int",500,0.05,0.01,1e-04,6,5,0.5,0.5,0.5,0,1,0.00290674393908212,0.078466350106087,-0.208631151237941,4859000
"927","nonsyn","int",500,0.05,0.01,1e-04,6,6,0.5,0.5,0.5,0,1,0.00389392293915859,0.0875954052815805,-0.272605260394671,3545069
"928","nonsyn","int",500,0.05,0.01,1e-04,6,6.5,0.5,0.5,0.5,0,1,0.00422873635895484,0.0877968147086253,-0.288552437560009,1116575
"929","nonsyn","int",500,0.05,0.01,1e-04,6,7,0.5,0.5,0.5,0,1,0.00432543907561409,0.0872843387354072,-0.301676898271954,129989
"930","nonsyn","int",500,0.05,0.01,5e-04,6,5.5,0.5,0.5,0.5,0,1,0.00398211329093758,0.101888678083553,-0.349207254037932,3220134
"931","nonsyn","int",500,0.05,0.01,5e-04,6,6,0.5,0.5,0.5,0,1,0.00437135813603795,0.0964534299266991,-0.423236437063606,1332731
"932","nonsyn","int",500,0.05,0.01,5e-04,6,6.5,0.5,0.5,0.5,0,1,0.00465272305317869,0.093870805758638,-0.493728134463034,176236
"933","nonsyn","int",500,0.05,0.01,5e-04,6,7,0.5,0.5,0.5,0,1,0.00473705723635111,0.0956089394763668,-0.535694153332275,17419
"934","nonsyn","int",500,0.05,0.01,0.001,5,6,0.5,0.5,0.5,0,1,0.000148241091308671,0.0225414627503532,-0.431688487158206,727127
"935","nonsyn","int",500,0.05,0.01,0.001,6,6,0,0,0.5,0,1,0.000942163902033159,0.0554269119792836,-0.481967023110155,6091163
"936","nonsyn","int",500,0.05,0.01,0.001,6,6,0.25,0.25,0.5,0,1,0.00328975836126494,0.0888479147469363,-0.510269869025492,219584
"937","nonsyn","int",500,0.05,0.01,0.001,6,6,0.5,0.5,0.5,0,1,0.00428516549181151,0.103293248740822,-0.487389053650763,1803201
"938","nonsyn","int",500,0.05,0.01,0.001,6,6,0.5,0.5,0.75,0,1,0.00611469086396975,0.130058513701555,-0.421172545323926,307858
"939","nonsyn","int",500,0.05,0.01,0.001,6,6,0.5,0.5,1,0,1,0.0010507079499467,0.0736566885987397,-0.60194980851033,193234
"940","nonsyn","int",500,0.05,0.01,0.001,6,6,0.75,0.75,0.5,0,1,0.00470466917207607,0.112799618013198,-0.450972972846084,17562
"941","nonsyn","int",500,0.05,0.01,0.001,6,6,1,1,0.5,0,1,0.00571315460638419,0.120798532334764,-0.406307769942552,8803
"942","nonsyn","int",500,0.05,0.01,0.001,6,6.5,0.5,0.5,0.5,0,1,0.0043455292266973,0.104286567773942,-0.549073326521908,40049
"943","nonsyn","int",500,0.05,0.01,0.001,6,7,0.5,0.5,0.5,0,1,0.00481882819652121,0.108734865099945,-0.583049335497936,3277
"944","nonsyn","int",500,0.05,0.01,0.001,6.5,6,0.5,0.5,0.5,0,1,0.00678040507216992,0.190822967638732,-0.365865575201473,273729
"945","nonsyn","int",500,0.05,0.01,0.001,7,6,0.5,0.5,0.5,0,1,0.00738205054778576,0.285454764452855,-0.283895121634593,216508
"946","nonsyn","int",500,0.05,0.01,0.005,6,5.5,0.5,0.5,0.5,0,1,0.00416070580177712,0.135580613415123,-0.438172142796331,277415
"947","nonsyn","int",500,0.05,0.01,0.005,6,6,0.5,0.5,0.5,0,1,0.00382762796001878,0.114579728299479,-0.358880405088929,29814
"948","nonsyn","int",500,0.05,0.01,0.005,6,6.5,0.5,0.5,0.5,0,1,0.00544801641586867,0.121251817607294,-0.373025970824654,1462
"949","nonsyn","int",500,0.05,0.01,0.005,6,7,0.5,0.5,0.5,0,1,0.00575964912280702,0.130149007423815,-0.349113043316693,57
"950","nonsyn","int",500,0.05,0.01,0.01,6,6.5,0.5,0.5,0.5,0,1,0.00304198757763975,0.0880769761410846,-0.325214486992778,805
"951","nonsyn","int",500,0.05,0.01,0.01,6,7,0.5,0.5,0.5,0,1,0.00256666666666667,0.0572530906464397,-0.414863561475964,21
"952","nonsyn","int",500,0.05,1,0.001,6,6,0.5,0.5,0.5,0,1,0.00395519458685718,0.106087588947504,-0.527298675483769,624554
"953","nonsyn","int",500,0.05,1,0.001,6,6,0.5,0.5,0.75,0,1,0.00619063747988004,0.132027093224265,-0.471186350029032,476517
"954","nonsyn","int",500,0.05,1,0.001,6,6,0.5,0.5,1,0,1,0.00535117899774074,0.131380567837254,-0.462763003775078,449704
"955","nonsyn","int",500,0.05,5,0.001,6,6,0.5,0.5,0.5,0,1,0.0025678183610858,0.0973067178354476,-0.583401236277369,908748
"956","nonsyn","int",500,0.05,5,0.001,6,6,0.5,0.5,0.75,0,1,0.00379451192105878,0.114001769303703,-0.557280679898496,389353
"957","nonsyn","int",500,0.05,5,0.001,6,6,0.5,0.5,1,0,1,0.00181069215322794,0.0818994834238932,-0.572179314261505,427781
"958","nonsyn","int",500,0.1,0.01,0.001,6,6,0.5,0.5,0.5,0,1,0.00569783594198148,0.111276298975517,-0.412660953551657,305075
"959","nonsyn","int",500,0.2,0.01,0.001,6,6,0.5,0.5,0.5,0,1,0.00668530811666342,0.11819149703078,-0.351826926440925,348764
"960","nonsyn","int",500,0.5,0.01,0.001,6,6,0.5,0.5,0.5,0,1,0.00756724669171995,0.124480745479956,-0.287327429834884,280735
"961","nonsyn","int",750,0,0.01,0.001,6,6,0.5,0.5,0.5,0,1,0.000772961097117268,0.0581105141445957,-0.567768028225875,35730
"962","nonsyn","int",750,0.01,0.01,0.001,6,6,0.5,0.5,0.5,0,1,0.00111060622705715,0.0632468807294066,-0.561638537433976,746420
"963","nonsyn","int",750,0.05,0.01,0,6,5,0.5,0.5,0.5,0,1,0.00142390181499668,0.0546468324270991,-0.0845945749469531,2080114
"964","nonsyn","int",750,0.05,0.01,0,6,6.5,0.5,0.5,0.5,0,1,0.002504823158626,0.0631146750496886,-0.176939260193798,2743617
"965","nonsyn","int",750,0.05,0.01,0,6,7,0.5,0.5,0.5,0,1,0.00244021135059375,0.0628823481225733,-0.182398174277961,286822
"966","nonsyn","int",750,0.05,0.01,1e-04,6,5,0.5,0.5,0.5,0,1,0.00247670894630318,0.0584273198414769,-0.198613294572558,5850886
"967","nonsyn","int",750,0.05,0.01,1e-04,6,6,0.5,0.5,0.5,0,1,0.00324510543505812,0.0643987456789649,-0.254306683795694,4268694
"968","nonsyn","int",750,0.05,0.01,1e-04,6,6.5,0.5,0.5,0.5,0,1,0.00352857910784666,0.0646115485003368,-0.268675530324658,1344993
"969","nonsyn","int",750,0.05,0.01,1e-04,6,7,0.5,0.5,0.5,0,1,0.00367412499679955,0.0644121886781785,-0.277607212727832,156228
"970","nonsyn","int",750,0.05,0.01,5e-04,6,5.5,0.5,0.5,0.5,0,1,0.00320282565422149,0.0765009159971602,-0.33526109019826,3831042
"971","nonsyn","int",750,0.05,0.01,5e-04,6,6,0.5,0.5,0.5,0,1,0.00357570635630929,0.073593913404991,-0.402494928689063,1587761
"972","nonsyn","int",750,0.05,0.01,5e-04,6,6.5,0.5,0.5,0.5,0,1,0.00389584148936674,0.0736776534568521,-0.468486590061304,210989
"973","nonsyn","int",750,0.05,0.01,5e-04,6,7,0.5,0.5,0.5,0,1,0.00410469824663373,0.0754099172701287,-0.499793384594964,20646
"974","nonsyn","int",750,0.05,0.01,0.001,5,6,0.5,0.5,0.5,0,1,8.84938359430844e-05,0.0177031602460703,-0.400646710136437,882779
"975","nonsyn","int",750,0.05,0.01,0.001,6,6,0,0,0.5,0,1,0.000566991601507579,0.0427353226490768,-0.451913390446448,7407639
"976","nonsyn","int",750,0.05,0.01,0.001,6,6,0.25,0.25,0.5,0,1,0.00248186528893115,0.0685978489181694,-0.487674112313735,261879
"977","nonsyn","int",750,0.05,0.01,0.001,6,6,0.5,0.5,0.5,0,1,0.00356243015154276,0.0824683936687478,-0.469629131340246,2139990
"978","nonsyn","int",750,0.05,0.01,0.001,6,6,0.5,0.5,0.75,0,1,0.00511591962564157,0.105864271156068,-0.409249344479587,362006
"979","nonsyn","int",750,0.05,0.01,0.001,6,6,0.5,0.5,1,0,1,0.000613563377081091,0.0574740722025318,-0.577691095406087,233231
"980","nonsyn","int",750,0.05,0.01,0.001,6,6,0.75,0.75,0.5,0,1,0.00457808507584095,0.0906009196095468,-0.424018403899268,20899
"981","nonsyn","int",750,0.05,0.01,0.001,6,6,1,1,0.5,0,1,0.00406776932951516,0.0947684018047263,-0.407372521308122,10127
"982","nonsyn","int",750,0.05,0.01,0.001,6,6.5,0.5,0.5,0.5,0,1,0.00373259143807149,0.087317496267767,-0.530789381602503,48120
"983","nonsyn","int",750,0.05,0.01,0.001,6,7,0.5,0.5,0.5,0,1,0.00418071500503525,0.0897095819195775,-0.569257098250086,3972
"984","nonsyn","int",750,0.05,0.01,0.001,6.5,6,0.5,0.5,0.5,0,1,0.00645839714076902,0.15911267567592,-0.362686729090381,324283
"985","nonsyn","int",750,0.05,0.01,0.001,7,6,0.5,0.5,0.5,0,1,0.0072598928632472,0.258339878732788,-0.286768365697211,257428
"986","nonsyn","int",750,0.05,0.01,0.005,6,5.5,0.5,0.5,0.5,0,1,0.00342303055376789,0.109758394637792,-0.438773060313913,326310
"987","nonsyn","int",750,0.05,0.01,0.005,6,6,0.5,0.5,0.5,0,1,0.00300470171890799,0.0910624544729071,-0.361385242198799,35604
"988","nonsyn","int",750,0.05,0.01,0.005,6,6.5,0.5,0.5,0.5,0,1,0.00509362880886426,0.1054559376208,-0.342259281454916,1805
"989","nonsyn","int",750,0.05,0.01,0.005,6,7,0.5,0.5,0.5,0,1,0.0186915492957747,0.265394962264905,-0.260349224004067,71
"990","nonsyn","int",750,0.05,0.01,0.01,6,6.5,0.5,0.5,0.5,0,1,0.00194856535600425,0.0718412601069751,-0.299331869643957,941
"991","nonsyn","int",750,0.05,0.01,0.01,6,7,0.5,0.5,0.5,0,1,0.00339599999999999,0.0745085923452382,-0.218273574052988,25
"992","nonsyn","int",750,0.05,1,0.001,6,6,0.5,0.5,0.5,0,1,0.0032742801523125,0.0878238035516804,-0.510811441805964,747936
"993","nonsyn","int",750,0.05,1,0.001,6,6,0.5,0.5,0.75,0,1,0.00532534572138882,0.111277909528529,-0.462156425271661,566352
"994","nonsyn","int",750,0.05,1,0.001,6,6,0.5,0.5,1,0,1,0.00423782330364991,0.103362432162288,-0.451019861887999,531273
"995","nonsyn","int",750,0.05,5,0.001,6,6,0.5,0.5,0.5,0,1,0.00205046473427925,0.0822621508979288,-0.568167535042496,1096433
"996","nonsyn","int",750,0.05,5,0.001,6,6,0.5,0.5,0.75,0,1,0.00325573024808956,0.0985848977199477,-0.544969705686878,467170
"997","nonsyn","int",750,0.05,5,0.001,6,6,0.5,0.5,1,0,1,0.00118259443628756,0.0638635779551098,-0.554004338662422,512859
"998","nonsyn","int",750,0.1,0.01,0.001,6,6,0.5,0.5,0.5,0,1,0.00507548619289228,0.0880937953143679,-0.388322999751223,363436
"999","nonsyn","int",750,0.2,0.01,0.001,6,6,0.5,0.5,0.5,0,1,0.00603301141309721,0.0928859200325324,-0.32600195594792,414699
"1000","nonsyn","int",750,0.5,0.01,0.001,6,6,0.5,0.5,0.5,0,1,0.00696731728411151,0.0972506817518807,-0.258648014645435,337628
"1001","nonsyn","int",1000,0,0.01,0.001,6,6,0.5,0.5,0.5,0,1,0.000404997200860367,0.0469506953710419,-0.552818049039529,33939
"1002","nonsyn","int",1000,0.01,0.01,0.001,6,6,0.5,0.5,0.5,0,1,0.000756117495625253,0.0517662040483915,-0.541581665663466,713184
"1003","nonsyn","int",1000,0.05,0.01,0,6,5,0.5,0.5,0.5,0,1,0.00126319267737535,0.0438039882174388,-0.080323692864161,2026268
"1004","nonsyn","int",1000,0.05,0.01,0,6,6.5,0.5,0.5,0.5,0,1,0.00221439083439626,0.0502591882183296,-0.164423060243199,2653835
"1005","nonsyn","int",1000,0.05,0.01,0,6,7,0.5,0.5,0.5,0,1,0.00223588616933559,0.0503854210401296,-0.166487127453627,276516
"1006","nonsyn","int",1000,0.05,0.01,1e-04,6,5,0.5,0.5,0.5,0,1,0.00220946946304362,0.0474459221692792,-0.188731647664261,5660944
"1007","nonsyn","int",1000,0.05,0.01,1e-04,6,6,0.5,0.5,0.5,0,1,0.00285876130952006,0.0515103743117252,-0.237563551900606,4122854
"1008","nonsyn","int",1000,0.05,0.01,1e-04,6,6.5,0.5,0.5,0.5,0,1,0.00307232829440197,0.0516588429309058,-0.250832492645221,1298225
"1009","nonsyn","int",1000,0.05,0.01,1e-04,6,7,0.5,0.5,0.5,0,1,0.00323824189204391,0.0517922074605108,-0.258328811098104,151117
"1010","nonsyn","int",1000,0.05,0.01,5e-04,6,5.5,0.5,0.5,0.5,0,1,0.00272169007735405,0.0611678410160479,-0.32006644434685,3664708
"1011","nonsyn","int",1000,0.05,0.01,5e-04,6,6,0.5,0.5,0.5,0,1,0.00309330977388191,0.0597259232111148,-0.382802165117704,1519560
"1012","nonsyn","int",1000,0.05,0.01,5e-04,6,6.5,0.5,0.5,0.5,0,1,0.00348192709496514,0.060569128787418,-0.443608320727266,201495
"1013","nonsyn","int",1000,0.05,0.01,5e-04,6,7,0.5,0.5,0.5,0,1,0.00335367684349326,0.060412136609392,-0.487256325616294,19718
"1014","nonsyn","int",1000,0.05,0.01,0.001,5,6,0.5,0.5,0.5,0,1,1.77261987817248e-05,0.0151583090072148,-0.384269673994179,852845
"1015","nonsyn","int",1000,0.05,0.01,0.001,6,6,0,0,0.5,0,1,0.000385211971390876,0.0350800951951272,-0.426857425976386,7200500
"1016","nonsyn","int",1000,0.05,0.01,0.001,6,6,0.25,0.25,0.5,0,1,0.00199356187557854,0.0560019670056667,-0.467693364214244,250632
"1017","nonsyn","int",1000,0.05,0.01,0.001,6,6,0.5,0.5,0.5,0,1,0.00304568036764836,0.0680024511305963,-0.450996928129631,2034988
"1018","nonsyn","int",1000,0.05,0.01,0.001,6,6,0.5,0.5,0.75,0,1,0.00444107284721446,0.0887053661855105,-0.393680179273518,339862
"1019","nonsyn","int",1000,0.05,0.01,0.001,6,6,0.5,0.5,1,0,1,0.000442883967281794,0.0474989039496791,-0.553020327628696,225807
"1020","nonsyn","int",1000,0.05,0.01,0.001,6,6,0.75,0.75,0.5,0,1,0.00378932892730046,0.0780955030983418,-0.417987030780681,19670
"1021","nonsyn","int",1000,0.05,0.01,0.001,6,6,1,1,0.5,0,1,0.0043600310237849,0.0833148592047579,-0.37242861884445,9670
"1022","nonsyn","int",1000,0.05,0.01,0.001,6,6.5,0.5,0.5,0.5,0,1,0.00307735289561619,0.072613867546389,-0.514168890113606,45189
"1023","nonsyn","int",1000,0.05,0.01,0.001,6,7,0.5,0.5,0.5,0,1,0.00426859863945578,0.0860394257225953,-0.528019260176089,3675
"1024","nonsyn","int",1000,0.05,0.01,0.001,6.5,6,0.5,0.5,0.5,0,1,0.00588109174827081,0.135486469281515,-0.356210624458722,308093
"1025","nonsyn","int",1000,0.05,0.01,0.001,7,6,0.5,0.5,0.5,0,1,0.00699778437839277,0.231712334912353,-0.290993511046711,244085
"1026","nonsyn","int",1000,0.05,0.01,0.005,6,5.5,0.5,0.5,0.5,0,1,0.00282863383369334,0.0905028461210976,-0.433507987897316,310643
"1027","nonsyn","int",1000,0.05,0.01,0.005,6,6,0.5,0.5,0.5,0,1,0.0024322025898941,0.0759506835378471,-0.348008898970313,33901
"1028","nonsyn","int",1000,0.05,0.01,0.005,6,6.5,0.5,0.5,0.5,0,1,0.0037928611898017,0.0870139571986409,-0.342093306454203,1765
"1029","nonsyn","int",1000,0.05,0.01,0.005,6,7,0.5,0.5,0.5,0,1,0.00754067796610169,0.140328945840125,-0.389024146069541,59
"1030","nonsyn","int",1000,0.05,0.01,0.01,6,6.5,0.5,0.5,0.5,0,1,0.00290044543429844,0.0615615448612783,-0.249911704386642,898
"1031","nonsyn","int",1000,0.05,0.01,0.01,6,7,0.5,0.5,0.5,0,1,0.00672758620689656,0.142415747831675,-0.283714600000018,29
"1032","nonsyn","int",1000,0.05,1,0.001,6,6,0.5,0.5,0.5,0,1,0.00280881087212221,0.0751965113476625,-0.495466114674873,715003
"1033","nonsyn","int",1000,0.05,1,0.001,6,6,0.5,0.5,0.75,0,1,0.00477208032375199,0.0966777054793581,-0.447852393551046,533989
"1034","nonsyn","int",1000,0.05,1,0.001,6,6,0.5,0.5,1,0,1,0.00333807105991592,0.0822807864144623,-0.436222184452827,501436
"1035","nonsyn","int",1000,0.05,5,0.001,6,6,0.5,0.5,0.5,0,1,0.0016953306599928,0.0712789350500555,-0.552812222363979,1054860
"1036","nonsyn","int",1000,0.05,5,0.001,6,6,0.5,0.5,0.75,0,1,0.00286325856372805,0.0870426006970659,-0.530246442125413,448578
"1037","nonsyn","int",1000,0.05,5,0.001,6,6,0.5,0.5,1,0,1,0.000806847290440923,0.0510302127520871,-0.532348624786753,493918
"1038","nonsyn","int",1000,0.1,0.01,0.001,6,6,0.5,0.5,0.5,0,1,0.00453198533444961,0.0728702012206313,-0.367806260930032,346390
"1039","nonsyn","int",1000,0.2,0.01,0.001,6,6,0.5,0.5,0.5,0,1,0.00563229696774259,0.0764096771309861,-0.301636406230743,396932
"1040","nonsyn","int",1000,0.5,0.01,0.001,6,6,0.5,0.5,0.5,0,1,0.00646653884365048,0.0793740950888072,-0.233872552473481,323103
"1041","nonsyn","int",1500,0,0.01,0.001,6,6,0.5,0.5,0.5,0,1,0.000349596111835532,0.0385405483963479,-0.51966288171061,59051
"1042","nonsyn","int",1500,0.01,0.01,0.001,6,6,0.5,0.5,0.5,0,1,0.000511278457548469,0.0418003164800095,-0.515699790336287,1216505
"1043","nonsyn","int",1500,0.05,0.01,0,6,5,0.5,0.5,0.5,0,1,0.00112052362343715,0.0359283858967113,-0.0748159840401953,3520889
"1044","nonsyn","int",1500,0.05,0.01,0,6,6.5,0.5,0.5,0.5,0,1,0.00197290689153236,0.0410143598571394,-0.152176993210957,4587746
"1045","nonsyn","int",1500,0.05,0.01,0,6,7,0.5,0.5,0.5,0,1,0.00203198166682726,0.0412088772327149,-0.154802007327342,477386
"1046","nonsyn","int",1500,0.05,0.01,1e-04,6,5,0.5,0.5,0.5,0,1,0.00193955515924718,0.0386328895951021,-0.178264045728032,9739890
"1047","nonsyn","int",1500,0.05,0.01,1e-04,6,6,0.5,0.5,0.5,0,1,0.00251868851500758,0.0420118472519213,-0.221977442892631,7082521
"1048","nonsyn","int",1500,0.05,0.01,1e-04,6,6.5,0.5,0.5,0.5,0,1,0.00275334099199925,0.042041142087162,-0.235105472724123,2227542
"1049","nonsyn","int",1500,0.05,0.01,1e-04,6,7,0.5,0.5,0.5,0,1,0.00291565429205723,0.0420405256459121,-0.243247507892791,259456
"1050","nonsyn","int",1500,0.05,0.01,5e-04,6,5.5,0.5,0.5,0.5,0,1,0.00228381856651739,0.0489885524127174,-0.303403483817312,6216427
"1051","nonsyn","int",1500,0.05,0.01,5e-04,6,6,0.5,0.5,0.5,0,1,0.00262025813515863,0.0481735161771741,-0.362393067164959,2573613
"1052","nonsyn","int",1500,0.05,0.01,5e-04,6,6.5,0.5,0.5,0.5,0,1,0.00303130206436301,0.0494492445889885,-0.420981311157543,340444
"1053","nonsyn","int",1500,0.05,0.01,5e-04,6,7,0.5,0.5,0.5,0,1,0.00320832235265932,0.051611653299172,-0.450558623716723,33392
"1054","nonsyn","int",1500,0.05,0.01,0.001,5,6,0.5,0.5,0.5,0,1,3.23911217069193e-05,0.013531764111164,-0.369159329364448,1466408
"1055","nonsyn","int",1500,0.05,0.01,0.001,6,6,0,0,0.5,0,1,0.000231098286684292,0.0292041722421449,-0.404101313967758,12395789
"1056","nonsyn","int",1500,0.05,0.01,0.001,6,6,0.25,0.25,0.5,0,1,0.00157704700239468,0.0451433095558784,-0.448929768484274,423021
"1057","nonsyn","int",1500,0.05,0.01,0.001,6,6,0.5,0.5,0.5,0,1,0.00248022899339655,0.0551854041919078,-0.432699132926635,3431540
"1058","nonsyn","int",1500,0.05,0.01,0.001,6,6,0.5,0.5,0.75,0,1,0.003602429338981,0.0726863864628801,-0.381023146944955,562828
"1059","nonsyn","int",1500,0.05,0.01,0.001,6,6,0.5,0.5,1,0,1,0.000316891302942127,0.038896016236082,-0.524967094182506,386625
"1060","nonsyn","int",1500,0.05,0.01,0.001,6,6,0.75,0.75,0.5,0,1,0.00301696297845639,0.0620596075449474,-0.399733032623287,33467
"1061","nonsyn","int",1500,0.05,0.01,0.001,6,6,1,1,0.5,0,1,0.00361451757264753,0.0682063811199724,-0.364590300570971,16759
"1062","nonsyn","int",1500,0.05,0.01,0.001,6,6.5,0.5,0.5,0.5,0,1,0.00257246662580938,0.0599132543789959,-0.495543464099132,75058
"1063","nonsyn","int",1500,0.05,0.01,0.001,6,7,0.5,0.5,0.5,0,1,0.00282726116674615,0.0637250892249472,-0.529986003677375,6291
"1064","nonsyn","int",1500,0.05,0.01,0.001,6.5,6,0.5,0.5,0.5,0,1,0.00529843476661372,0.11274706348859,-0.348641251331244,521903
"1065","nonsyn","int",1500,0.05,0.01,0.001,7,6,0.5,0.5,0.5,0,1,0.00685823221932229,0.207265322997633,-0.289816375703227,412653
"1066","nonsyn","int",1500,0.05,0.01,0.005,6,5.5,0.5,0.5,0.5,0,1,0.00218579046772581,0.0739324469766154,-0.425526316905598,522058
"1067","nonsyn","int",1500,0.05,0.01,0.005,6,6,0.5,0.5,0.5,0,1,0.00176036820521769,0.0613414388803905,-0.344041458670642,57305
"1068","nonsyn","int",1500,0.05,0.01,0.005,6,6.5,0.5,0.5,0.5,0,1,0.00306407497396737,0.074448494918684,-0.335194955455394,2881
"1069","nonsyn","int",1500,0.05,0.01,0.005,6,7,0.5,0.5,0.5,0,1,0.00725702479338843,0.119424857170596,-0.33788878101647,121
"1070","nonsyn","int",1500,0.05,0.01,0.01,6,6.5,0.5,0.5,0.5,0,1,0.0010703125,0.0503811285025234,-0.30728866096325,1536
"1071","nonsyn","int",1500,0.05,0.01,0.01,6,7,0.5,0.5,0.5,0,1,NA,NA,NA,40
"1072","nonsyn","int",1500,0.05,1,0.001,6,6,0.5,0.5,0.5,0,1,0.00238469096273974,0.0634502775098438,-0.476705556489701,1210566
"1073","nonsyn","int",1500,0.05,1,0.001,6,6,0.5,0.5,0.75,0,1,0.00412267718853717,0.0824002897296806,-0.432356061141575,896672
"1074","nonsyn","int",1500,0.05,1,0.001,6,6,0.5,0.5,1,0,1,0.00247931219625865,0.0633116299305728,-0.419266343809687,832534
"1075","nonsyn","int",1500,0.05,5,0.001,6,6,0.5,0.5,0.5,0,1,0.00138896450486348,0.0615480532714024,-0.533654849640521,1807966
"1076","nonsyn","int",1500,0.05,5,0.001,6,6,0.5,0.5,0.75,0,1,0.00242448268952991,0.0754693408093966,-0.514678053446277,763613
"1077","nonsyn","int",1500,0.05,5,0.001,6,6,0.5,0.5,1,0,1,0.000498260853111507,0.0408994485625837,-0.508011273296448,845587
"1078","nonsyn","int",1500,0.1,0.01,0.001,6,6,0.5,0.5,0.5,0,1,0.00400821563465331,0.0596959219791279,-0.350009831982156,587234
"1079","nonsyn","int",1500,0.2,0.01,0.001,6,6,0.5,0.5,0.5,0,1,0.00511532062591597,0.0623774883940208,-0.279466275199788,676193
"1080","nonsyn","int",1500,0.5,0.01,0.001,6,6,0.5,0.5,0.5,0,1,0.0060743549214486,0.0653902568472366,-0.208345735735649,551677
"1081","nonsyn","int",2000,0,0.01,0.001,6,6,0.5,0.5,0.5,0,1,0.000177088146292259,0.0309837636907186,-0.49519931660297,61466
"1082","nonsyn","int",2000,0.01,0.01,0.001,6,6,0.5,0.5,0.5,0,1,0.000288880146048089,0.0334545087692072,-0.489765562753814,1250547
"1083","nonsyn","int",2000,0.05,0.01,0,6,5,0.5,0.5,0.5,0,1,0.00101332870335308,0.0304430794618747,-0.0702865734940087,3723558
"1084","nonsyn","int",2000,0.05,0.01,0,6,6.5,0.5,0.5,0.5,0,1,0.00172683709879577,0.0336077170490596,-0.143689285245418,4814194
"1085","nonsyn","int",2000,0.05,0.01,0,6,7,0.5,0.5,0.5,0,1,0.00172007446200306,0.0336860150752094,-0.144546719623138,502001
"1086","nonsyn","int",2000,0.05,0.01,1e-04,6,5,0.5,0.5,0.5,0,1,0.00169837659917327,0.0320899021398834,-0.169912154261379,10181589
"1087","nonsyn","int",2000,0.05,0.01,1e-04,6,6,0.5,0.5,0.5,0,1,0.00220909701139791,0.0341480319168362,-0.20899569412383,7387668
"1088","nonsyn","int",2000,0.05,0.01,1e-04,6,6.5,0.5,0.5,0.5,0,1,0.00242155859396263,0.0342162881382328,-0.220201658156599,2333167
"1089","nonsyn","int",2000,0.05,0.01,1e-04,6,7,0.5,0.5,0.5,0,1,0.00254713623090083,0.0343024566076857,-0.227018859614857,271216
"1090","nonsyn","int",2000,0.05,0.01,5e-04,6,5.5,0.5,0.5,0.5,0,1,0.00185738976563786,0.0388767382509392,-0.287570783815424,6402314
"1091","nonsyn","int",2000,0.05,0.01,5e-04,6,6,0.5,0.5,0.5,0,1,0.00221593771322483,0.0385583364084359,-0.342070415615986,2646854
"1092","nonsyn","int",2000,0.05,0.01,5e-04,6,6.5,0.5,0.5,0.5,0,1,0.00245858183222926,0.0392959372693859,-0.403548752276126,349465
"1093","nonsyn","int",2000,0.05,0.01,5e-04,6,7,0.5,0.5,0.5,0,1,0.00252559019057468,0.0400373145103304,-0.435615703348841,33845
"1094","nonsyn","int",2000,0.05,0.01,0.001,5,6,0.5,0.5,0.5,0,1,8.68646740434123e-06,0.0124217063015373,-0.358981894530509,1529943
"1095","nonsyn","int",2000,0.05,0.01,0.001,6,6,0,0,0.5,0,1,0.000141955333774028,0.0245674736950897,-0.382399472020508,12955292
"1096","nonsyn","int",2000,0.05,0.01,0.001,6,6,0.25,0.25,0.5,0,1,0.00122785132067329,0.0365271550557007,-0.426942982466907,435649
"1097","nonsyn","int",2000,0.05,0.01,0.001,6,6,0.5,0.5,0.5,0,1,0.00195032432859572,0.0438523221830041,-0.413559851444261,3492754
"1098","nonsyn","int",2000,0.05,0.01,0.001,6,6,0.5,0.5,0.75,0,1,0.00270693074054342,0.0573950037784997,-0.364336352156268,563100
"1099","nonsyn","int",2000,0.05,0.01,0.001,6,6,0.5,0.5,1,0,1,0.000218934444611476,0.0316670624016012,-0.497206184204711,405779
"1100","nonsyn","int",2000,0.05,0.01,0.001,6,6,0.75,0.75,0.5,0,1,0.00240108560610542,0.0486408814549276,-0.381906397466064,33806
"1101","nonsyn","int",2000,0.05,0.01,0.001,6,6,1,1,0.5,0,1,0.00299939883302882,0.0540340627375085,-0.347552195891861,16967
"1102","nonsyn","int",2000,0.05,0.01,0.001,6,6.5,0.5,0.5,0.5,0,1,0.00202640290886179,0.0476692050411831,-0.478046643610203,76181
"1103","nonsyn","int",2000,0.05,0.01,0.001,6,7,0.5,0.5,0.5,0,1,0.00242754567116759,0.0546661648769096,-0.510812056504515,6295
"1104","nonsyn","int",2000,0.05,0.01,0.001,6.5,6,0.5,0.5,0.5,0,1,0.00455382749729063,0.091726134342627,-0.339015544114438,535180
"1105","nonsyn","int",2000,0.05,0.01,0.001,7,6,0.5,0.5,0.5,0,1,0.00639214884129371,0.180893869078793,-0.291449351106832,423619
"1106","nonsyn","int",2000,0.05,0.01,0.005,6,5.5,0.5,0.5,0.5,0,1,0.001542575082643,0.0583393198628619,-0.416288964180539,532713
"1107","nonsyn","int",2000,0.05,0.01,0.005,6,6,0.5,0.5,0.5,0,1,0.00119500430070532,0.0491474250719659,-0.331693346673187,58130
"1108","nonsyn","int",2000,0.05,0.01,0.005,6,6.5,0.5,0.5,0.5,0,1,0.00162583050847458,0.0565370763418351,-0.345033594500203,2950
"1109","nonsyn","int",2000,0.05,0.01,0.005,6,7,0.5,0.5,0.5,0,1,0.00612946428571428,0.109186834588661,-0.409537607925882,112
"1110","nonsyn","int",2000,0.05,0.01,0.01,6,6.5,0.5,0.5,0.5,0,1,-0.000137376237623762,0.0351126952838276,-0.314505696754169,1616
"1111","nonsyn","int",2000,0.05,0.01,0.01,6,7,0.5,0.5,0.5,0,1,0.00717804878048781,0.0902726767524659,-0.2336276761465,41
"1112","nonsyn","int",2000,0.05,1,0.001,6,6,0.5,0.5,0.5,0,1,0.00194914332005453,0.0528930753740339,-0.456911651892449,1241829
"1113","nonsyn","int",2000,0.05,1,0.001,6,6,0.5,0.5,0.75,0,1,0.00348264835746013,0.0686864329002665,-0.415937305990365,905701
"1114","nonsyn","int",2000,0.05,1,0.001,6,6,0.5,0.5,1,0,1,0.00172056101364005,0.0473450426117077,-0.394899408681222,829249
"1115","nonsyn","int",2000,0.05,5,0.001,6,6,0.5,0.5,0.5,0,1,0.00110383121974057,0.0524304211204878,-0.512710105927113,1883917
"1116","nonsyn","int",2000,0.05,5,0.001,6,6,0.5,0.5,0.75,0,1,0.00199167708044501,0.0640532520218458,-0.49603337172731,789819
"1117","nonsyn","int",2000,0.05,5,0.001,6,6,0.5,0.5,1,0,1,0.000323399501403726,0.0327380413471155,-0.481752829490889,877664
"1118","nonsyn","int",2000,0.1,0.01,0.001,6,6,0.5,0.5,0.5,0,1,0.00348788870459198,0.0480702983900944,-0.329492129544234,602289
"1119","nonsyn","int",2000,0.2,0.01,0.001,6,6,0.5,0.5,0.5,0,1,0.00467014889553457,0.050965762078853,-0.259205018127849,695857
"1120","nonsyn","int",2000,0.5,0.01,0.001,6,6,0.5,0.5,0.5,0,1,0.00560070283540296,0.0536384898105613,-0.188720488289377,573534
"1121","nonsyn","int",2500,0,0.01,0.001,6,6,0.5,0.5,0.5,0,1,0.000164847704847705,0.0284050770584707,-0.485254670510802,11655
"1122","nonsyn","int",2500,0.01,0.01,0.001,6,6,0.5,0.5,0.5,0,1,0.000216415806884669,0.0297173517825233,-0.475425040152889,239111
"1123","nonsyn","int",2500,0.05,0.01,0,6,5,0.5,0.5,0.5,0,1,0.000941870864386711,0.0279431154866617,-0.0691249652250361,717850
"1124","nonsyn","int",2500,0.05,0.01,0,6,6.5,0.5,0.5,0.5,0,1,0.00158644454331276,0.0302273169976218,-0.13974431812827,928283
"1125","nonsyn","int",2500,0.05,0.01,0,6,7,0.5,0.5,0.5,0,1,0.00159398020833333,0.0306801932804818,-0.141097053470644,96000
"1126","nonsyn","int",2500,0.05,0.01,1e-04,6,5,0.5,0.5,0.5,0,1,0.00158046359917135,0.0290102803355355,-0.167088383770238,1956906
"1127","nonsyn","int",2500,0.05,0.01,1e-04,6,6,0.5,0.5,0.5,0,1,0.00203171698579439,0.0306891892422311,-0.204031574264087,1424508
"1128","nonsyn","int",2500,0.05,0.01,1e-04,6,6.5,0.5,0.5,0.5,0,1,0.00226475293142591,0.0310363207426682,-0.21457766553295,448843
"1129","nonsyn","int",2500,0.05,0.01,1e-04,6,7,0.5,0.5,0.5,0,1,0.00233132316697474,0.0310655833701613,-0.22383868763298,51936
"1130","nonsyn","int",2500,0.05,0.01,5e-04,6,5.5,0.5,0.5,0.5,0,1,0.00161738734664201,0.0342089375514128,-0.281148354882767,1222711
"1131","nonsyn","int",2500,0.05,0.01,5e-04,6,6,0.5,0.5,0.5,0,1,0.00193024139441497,0.0338727328309455,-0.336272396713374,504527
"1132","nonsyn","int",2500,0.05,0.01,5e-04,6,6.5,0.5,0.5,0.5,0,1,0.00223324470482199,0.035001706355682,-0.394456332600811,66570
"1133","nonsyn","int",2500,0.05,0.01,5e-04,6,7,0.5,0.5,0.5,0,1,0.00223281420339511,0.0342883798428777,-0.424321360868809,6421
"1134","nonsyn","int",2500,0.05,0.01,0.001,5,6,0.5,0.5,0.5,0,1,3.30561833757752e-05,0.0120743427587282,-0.352519074086896,293343
"1135","nonsyn","int",2500,0.05,0.01,0.001,6,6,0,0,0.5,0,1,0.00010080275966203,0.0226015806607359,-0.371638483295591,2490160
"1136","nonsyn","int",2500,0.05,0.01,0.001,6,6,0.25,0.25,0.5,0,1,0.00103183705084294,0.0323314155771162,-0.41799423667023,82627
"1137","nonsyn","int",2500,0.05,0.01,0.001,6,6,0.5,0.5,0.5,0,1,0.0016641735075753,0.038673192234757,-0.404041987291973,662680
"1138","nonsyn","int",2500,0.05,0.01,0.001,6,6,0.5,0.5,0.75,0,1,0.00236292051404093,0.0507514186338105,-0.350855135293711,105050
"1139","nonsyn","int",2500,0.05,0.01,0.001,6,6,0.5,0.5,1,0,1,0.000196487382171272,0.0284835428031803,-0.481504275620951,77549
"1140","nonsyn","int",2500,0.05,0.01,0.001,6,6,0.75,0.75,0.5,0,1,0.00225132018209408,0.0439288059564051,-0.374589225077216,6590
"1141","nonsyn","int",2500,0.05,0.01,0.001,6,6,1,1,0.5,0,1,0.00239924266330073,0.047210258968945,-0.358336820037965,3169
"1142","nonsyn","int",2500,0.05,0.01,0.001,6,6.5,0.5,0.5,0.5,0,1,0.00157746429815395,0.0416463178164929,-0.475294127310224,14355
"1143","nonsyn","int",2500,0.05,0.01,0.001,6,7,0.5,0.5,0.5,0,1,0.00230491803278689,0.0457841939018195,-0.516056176122228,1098
"1144","nonsyn","int",2500,0.05,0.01,0.001,6.5,6,0.5,0.5,0.5,0,1,0.00425072697741771,0.0820284224678291,-0.332815372561946,102204
"1145","nonsyn","int",2500,0.05,0.01,0.001,7,6,0.5,0.5,0.5,0,1,0.00629669984284966,0.169137891580384,-0.289897216892889,80178
"1146","nonsyn","int",2500,0.05,0.01,0.005,6,5.5,0.5,0.5,0.5,0,1,0.00132208487103323,0.050945935409832,-0.40583133882381,99987
"1147","nonsyn","int",2500,0.05,0.01,0.005,6,6,0.5,0.5,0.5,0,1,0.00146559294583408,0.0460147657237566,-0.311984797499507,11114
"1148","nonsyn","int",2500,0.05,0.01,0.005,6,6.5,0.5,0.5,0.5,0,1,0.000628571428571429,0.0395255104878219,-0.341793535190136,602
"1149","nonsyn","int",2500,0.05,0.01,0.005,6,7,0.5,0.5,0.5,0,1,0.0043875,0.103640678559959,-0.330673043280334,24
"1150","nonsyn","int",2500,0.05,0.01,0.01,6,6.5,0.5,0.5,0.5,0,1,0.00157508196721311,0.0372298050072814,-0.214184390734237,305
"1151","nonsyn","int",2500,0.05,0.01,0.01,6,7,0.5,0.5,0.5,0,1,0.0177714285714286,0.128636673858362,-0.276767167190931,7
"1152","nonsyn","int",2500,0.05,1,0.001,6,6,0.5,0.5,0.5,0,1,0.00171128985838476,0.0474793114942793,-0.445013024323372,236274
"1153","nonsyn","int",2500,0.05,1,0.001,6,6,0.5,0.5,0.75,0,1,0.00310156085139492,0.0621968732154683,-0.409831406045208,169651
"1154","nonsyn","int",2500,0.05,1,0.001,6,6,0.5,0.5,1,0,1,0.00129654322112194,0.0401114939465082,-0.383271914065779,153698
"1155","nonsyn","int",2500,0.05,5,0.001,6,6,0.5,0.5,0.5,0,1,0.000995418753681951,0.0483555592188833,-0.501490990283171,361561
"1156","nonsyn","int",2500,0.05,5,0.001,6,6,0.5,0.5,0.75,0,1,0.00178060458067804,0.0580101799247698,-0.485606901532001,151113
"1157","nonsyn","int",2500,0.05,5,0.001,6,6,0.5,0.5,1,0,1,0.000267595982968167,0.0292753876764092,-0.468242686671632,167686
"1158","nonsyn","int",2500,0.1,0.01,0.001,6,6,0.5,0.5,0.5,0,1,0.00316684966143082,0.0421415222603977,-0.321388664385892,115486
"1159","nonsyn","int",2500,0.2,0.01,0.001,6,6,0.5,0.5,0.5,0,1,0.00446727676548584,0.0459532050307076,-0.249628210219611,134623
"1160","nonsyn","int",2500,0.5,0.01,0.001,6,6,0.5,0.5,0.5,0,1,0.00539359208716427,0.0488269316457,-0.179808736030423,110504
"1161","nonsyn","int",3000,0,0.01,0.001,6,6,0.5,0.5,0.5,0,1,0.000245459490761051,0.026774697552282,-0.464399035957087,56987
"1162","nonsyn","int",3000,0.01,0.01,0.001,6,6,0.5,0.5,0.5,0,1,0.000153072725976882,0.0272417619942912,-0.46607361254305,1136499
"1163","nonsyn","int",3000,0.05,0.01,0,6,5,0.5,0.5,0.5,0,1,0.000878941470314557,0.0256570992747336,-0.0682217021408989,3471230
"1164","nonsyn","int",3000,0.05,0.01,0,6,6.5,0.5,0.5,0.5,0,1,0.00149249553605279,0.0280530602437722,-0.136695658102586,4470819
"1165","nonsyn","int",3000,0.05,0.01,0,6,7,0.5,0.5,0.5,0,1,0.00150863964373314,0.0280157140110046,-0.13732792085125,464371
"1166","nonsyn","int",3000,0.05,0.01,1e-04,6,5,0.5,0.5,0.5,0,1,0.00147122283344964,0.0270034980884866,-0.164580103080394,9426206
"1167","nonsyn","int",3000,0.05,0.01,1e-04,6,6,0.5,0.5,0.5,0,1,0.00188834287230275,0.0282862228763123,-0.200065584773789,6830053
"1168","nonsyn","int",3000,0.05,0.01,1e-04,6,6.5,0.5,0.5,0.5,0,1,0.00208806216022518,0.0284728001511231,-0.210258150143669,2154368
"1169","nonsyn","int",3000,0.05,0.01,1e-04,6,7,0.5,0.5,0.5,0,1,0.00217949168169974,0.0283077123077515,-0.220582893501807,249450
"1170","nonsyn","int",3000,0.05,0.01,5e-04,6,5.5,0.5,0.5,0.5,0,1,0.00146723194319807,0.0312338676612724,-0.274379922977082,5833605
"1171","nonsyn","int",3000,0.05,0.01,5e-04,6,6,0.5,0.5,0.5,0,1,0.00175872702568831,0.0309295409318657,-0.32844990511572,2404479
"1172","nonsyn","int",3000,0.05,0.01,5e-04,6,6.5,0.5,0.5,0.5,0,1,0.00204955953870544,0.0317455890310258,-0.386708374876997,317281
"1173","nonsyn","int",3000,0.05,0.01,5e-04,6,7,0.5,0.5,0.5,0,1,0.00215209050185029,0.0334199502755744,-0.418534914142601,30806
"1174","nonsyn","int",3000,0.05,0.01,0.001,5,6,0.5,0.5,0.5,0,1,8.64137399756468e-06,0.0117717828222499,-0.350553036375787,1408445
"1175","nonsyn","int",3000,0.05,0.01,0.001,6,6,0,0,0.5,0,1,6.93850983295677e-05,0.0211388224881272,-0.363749085718061,11923321
"1176","nonsyn","int",3000,0.05,0.01,0.001,6,6,0.25,0.25,0.5,0,1,0.000900604384842557,0.0296414898564056,-0.408445460143567,393127
"1177","nonsyn","int",3000,0.05,0.01,0.001,6,6,0.5,0.5,0.5,0,1,0.00145469975587836,0.0347520656234911,-0.397130131970187,3137780
"1178","nonsyn","int",3000,0.05,0.01,0.001,6,6,0.5,0.5,0.75,0,1,0.0019278032218922,0.0445028049062531,-0.345111610646954,489526
"1179","nonsyn","int",3000,0.05,0.01,0.001,6,6,0.5,0.5,1,0,1,0.000136240369799692,0.026184270697282,-0.472126074787683,373175
"1180","nonsyn","int",3000,0.05,0.01,0.001,6,6,0.75,0.75,0.5,0,1,0.00184444987297244,0.0386051048876748,-0.371821139081991,30702
"1181","nonsyn","int",3000,0.05,0.01,0.001,6,6,1,1,0.5,0,1,0.00224329196603527,0.0425428458681644,-0.344119954540018,15310
"1182","nonsyn","int",3000,0.05,0.01,0.001,6,6.5,0.5,0.5,0.5,0,1,0.00143522341837487,0.0376748492086861,-0.460082913723366,67810
"1183","nonsyn","int",3000,0.05,0.01,0.001,6,7,0.5,0.5,0.5,0,1,0.00165919165580183,0.0400206727613458,-0.496022909943206,5369
"1184","nonsyn","int",3000,0.05,0.01,0.001,6.5,6,0.5,0.5,0.5,0,1,0.00399919418371711,0.074632718828533,-0.324694850791067,488697
"1185","nonsyn","int",3000,0.05,0.01,0.001,7,6,0.5,0.5,0.5,0,1,0.005872589181405,0.15430689994752,-0.292585119253138,382619
"1186","nonsyn","int",3000,0.05,0.01,0.005,6,5.5,0.5,0.5,0.5,0,1,0.000962794351801931,0.045478338345395,-0.402166535356325,476683
"1187","nonsyn","int",3000,0.05,0.01,0.005,6,6,0.5,0.5,0.5,0,1,0.000741412938708397,0.0392899808824811,-0.320034590456465,52911
"1188","nonsyn","int",3000,0.05,0.01,0.005,6,6.5,0.5,0.5,0.5,0,1,0.00102885981308411,0.0420354417185469,-0.338145634865774,2675
"1189","nonsyn","int",3000,0.05,0.01,0.005,6,7,0.5,0.5,0.5,0,1,0.000903883495145631,0.045920539065267,-0.440150447854871,103
"1190","nonsyn","int",3000,0.05,0.01,0.01,6,6.5,0.5,0.5,0.5,0,1,0.000480606860158312,0.0312870725468226,-0.256986928873606,1516
"1191","nonsyn","int",3000,0.05,0.01,0.01,6,7,0.5,0.5,0.5,0,1,0.00200217391304348,0.0501847187267673,-0.4376507638269,46
"1192","nonsyn","int",3000,0.05,1,0.001,6,6,0.5,0.5,0.5,0,1,0.00156893835491633,0.0439453553555055,-0.43745202953771,1125037
"1193","nonsyn","int",3000,0.05,1,0.001,6,6,0.5,0.5,0.75,0,1,0.00278501006903949,0.056270278510202,-0.399952525912672,799977
"1194","nonsyn","int",3000,0.05,1,0.001,6,6,0.5,0.5,1,0,1,0.00112525943457925,0.0355487018989434,-0.36951218246344,726291
"1195","nonsyn","int",3000,0.05,5,0.001,6,6,0.5,0.5,0.5,0,1,0.000891666666666667,0.044752850516883,-0.491593120832896,1733388
"1196","nonsyn","int",3000,0.05,5,0.001,6,6,0.5,0.5,0.75,0,1,0.00160393408542839,0.054046210253985,-0.476492920849094,721540
"1197","nonsyn","int",3000,0.05,5,0.001,6,6,0.5,0.5,1,0,1,0.000209242457205581,0.0267419706023723,-0.4563393995567,808984
"1198","nonsyn","int",3000,0.1,0.01,0.001,6,6,0.5,0.5,0.5,0,1,0.00288137898437486,0.0382072176498222,-0.317546098307129,545851
"1199","nonsyn","int",3000,0.2,0.01,0.001,6,6,0.5,0.5,0.5,0,1,0.00415896539418683,0.0417868923088367,-0.245008237668439,636107
"1200","nonsyn","int",3000,0.5,0.01,0.001,6,6,0.5,0.5,0.5,0,1,0.0052014112968136,0.044874009494845,-0.173481312382711,528025
"1201","nonsyn","int",3500,0,0.01,0.001,6,6,0.5,0.5,0.5,0,1,0.00010586503020861,0.0229782190387113,-0.451599653134149,52634
"1202","nonsyn","int",3500,0.01,0.01,0.001,6,6,0.5,0.5,0.5,0,1,9.62173983244275e-05,0.0239845293032005,-0.449382211579424,1046687
"1203","nonsyn","int",3500,0.05,0.01,0,6,5,0.5,0.5,0.5,0,1,0.000813514892537275,0.0230147093855685,-0.0664490691658771,3263178
"1204","nonsyn","int",3500,0.05,0.01,0,6,6.5,0.5,0.5,0.5,0,1,0.00131116385317298,0.0248886089785667,-0.134149532521768,4187676
"1205","nonsyn","int",3500,0.05,0.01,0,6,7,0.5,0.5,0.5,0,1,0.00132303643230827,0.0249507669587325,-0.134404494443386,434477
"1206","nonsyn","int",3500,0.05,0.01,1e-04,6,5,0.5,0.5,0.5,0,1,0.00132403002416095,0.0242691337366061,-0.160963111612475,8826225
"1207","nonsyn","int",3500,0.05,0.01,1e-04,6,6,0.5,0.5,0.5,0,1,0.0016678562838664,0.0250257842206787,-0.196683308720825,6373759
"1208","nonsyn","int",3500,0.05,0.01,1e-04,6,6.5,0.5,0.5,0.5,0,1,0.00184061506196093,0.0250766857653058,-0.206563865808398,2012155
"1209","nonsyn","int",3500,0.05,0.01,1e-04,6,7,0.5,0.5,0.5,0,1,0.00196012433354569,0.0252210646437429,-0.214544525825475,233887
"1210","nonsyn","int",3500,0.05,0.01,5e-04,6,5.5,0.5,0.5,0.5,0,1,0.0012191368254477,0.0270068287005246,-0.267472888701877,5404214
"1211","nonsyn","int",3500,0.05,0.01,5e-04,6,6,0.5,0.5,0.5,0,1,0.0014767885790063,0.0268461646465942,-0.321727591036909,2229088
"1212","nonsyn","int",3500,0.05,0.01,5e-04,6,6.5,0.5,0.5,0.5,0,1,0.00169676044592997,0.0275285278981355,-0.380368885838545,292602
"1213","nonsyn","int",3500,0.05,0.01,5e-04,6,7,0.5,0.5,0.5,0,1,0.00165048335889844,0.0279667819823601,-0.415456796406597,28033
"1214","nonsyn","int",3500,0.05,0.01,0.001,5,6,0.5,0.5,0.5,0,1,9.52712462300316e-06,0.0113937410011382,-0.345824794153351,1305714
"1215","nonsyn","int",3500,0.05,0.01,0.001,6,6,0,0,0.5,0,1,5.34761355180441e-05,0.019317301625272,-0.35204664498341,11043902
"1216","nonsyn","int",3500,0.05,0.01,0.001,6,6,0.25,0.25,0.5,0,1,0.000683081865784798,0.0259453179278602,-0.397813005393579,360749
"1217","nonsyn","int",3500,0.05,0.01,0.001,6,6,0.5,0.5,0.5,0,1,0.00114636505883856,0.0296078801933895,-0.387101712226745,2879744
"1218","nonsyn","int",3500,0.05,0.01,0.001,6,6,0.5,0.5,0.75,0,1,0.00134878174135712,0.036689701145361,-0.332124240403129,439726
"1219","nonsyn","int",3500,0.05,0.01,0.001,6,6,0.5,0.5,1,0,1,9.79918644028982e-05,0.0231857674208153,-0.456055116364801,349329
"1220","nonsyn","int",3500,0.05,0.01,0.001,6,6,0.75,0.75,0.5,0,1,0.00154625238386528,0.0323629212270756,-0.35626800304185,27791
"1221","nonsyn","int",3500,0.05,0.01,0.001,6,6,1,1,0.5,0,1,0.00182625179856115,0.0356246658073805,-0.326143714826155,13900
"1222","nonsyn","int",3500,0.05,0.01,0.001,6,6.5,0.5,0.5,0.5,0,1,0.00112249788645379,0.0323815633741127,-0.453240644337004,61508
"1223","nonsyn","int",3500,0.05,0.01,0.001,6,7,0.5,0.5,0.5,0,1,0.000604588673005374,0.0335883774834622,-0.530190702940889,4838
"1224","nonsyn","int",3500,0.05,0.01,0.001,6.5,6,0.5,0.5,0.5,0,1,0.0035103705198454,0.0638097147253757,-0.318787034270895,450961
"1225","nonsyn","int",3500,0.05,0.01,0.001,7,6,0.5,0.5,0.5,0,1,0.00554094221019847,0.138465921485888,-0.290451166470859,351896
"1226","nonsyn","int",3500,0.05,0.01,0.005,6,5.5,0.5,0.5,0.5,0,1,0.000597226812748547,0.0382985507605617,-0.391189465064103,436285
"1227","nonsyn","int",3500,0.05,0.01,0.005,6,6,0.5,0.5,0.5,0,1,0.000461442719760504,0.0336259932754619,-0.310360214586745,48769
"1228","nonsyn","int",3500,0.05,0.01,0.005,6,6.5,0.5,0.5,0.5,0,1,0.000531998365345321,0.0357819471126034,-0.336852665011319,2447
"1229","nonsyn","int",3500,0.05,0.01,0.005,6,7,0.5,0.5,0.5,0,1,-0.000582716049382715,0.0258988026535254,-0.422803080600347,81
"1230","nonsyn","int",3500,0.05,0.01,0.01,6,6.5,0.5,0.5,0.5,0,1,0.000463802816901408,0.0301025264820195,-0.246120454241229,1420
"1231","nonsyn","int",3500,0.05,0.01,0.01,6,7,0.5,0.5,0.5,0,1,-0.0026258064516129,0.0186170050671561,-0.375650020279569,31
"1232","nonsyn","int",3500,0.05,1,0.001,6,6,0.5,0.5,0.5,0,1,0.00130870105649712,0.0384776287051899,-0.425696278462029,1040230
"1233","nonsyn","int",3500,0.05,1,0.001,6,6,0.5,0.5,0.75,0,1,0.0023311901649284,0.0483325702848881,-0.390004960398105,728983
"1234","nonsyn","int",3500,0.05,1,0.001,6,6,0.5,0.5,1,0,1,0.000829160918887649,0.02947212925002,-0.352168994880441,651701
"1235","nonsyn","int",3500,0.05,5,0.001,6,6,0.5,0.5,0.5,0,1,0.000768968987317864,0.0401054801437439,-0.47736081678057,1614791
"1236","nonsyn","int",3500,0.05,5,0.001,6,6,0.5,0.5,0.75,0,1,0.00138403724906085,0.0480092154715803,-0.463539420602611,668688
"1237","nonsyn","int",3500,0.05,5,0.001,6,6,0.5,0.5,1,0,1,0.000146740634496559,0.023636847660054,-0.441416745901654,751588
"1238","nonsyn","int",3500,0.1,0.01,0.001,6,6,0.5,0.5,0.5,0,1,0.00254268995094405,0.0328200620330424,-0.308273528260919,505749
"1239","nonsyn","int",3500,0.2,0.01,0.001,6,6,0.5,0.5,0.5,0,1,0.00381354720452363,0.0364870941978739,-0.238464638830717,591384
"1240","nonsyn","int",3500,0.5,0.01,0.001,6,6,0.5,0.5,0.5,0,1,0.00494972927479882,0.0403409596513012,-0.165689059722796,490719
"1241","nonsyn","int",4000,0,0.01,0.001,6,6,0.5,0.5,0.5,0,1,7.09025270758123e-05,0.020720245333079,-0.442173833915009,48475
"1242","nonsyn","int",4000,0.01,0.01,0.001,6,6,0.5,0.5,0.5,0,1,7.91893296595339e-05,0.021776676382505,-0.436371530208476,963943
"1243","nonsyn","int",4000,0.05,0.01,0,6,5,0.5,0.5,0.5,0,1,0.00076318789741262,0.0220338555611822,-0.0667843160288729,3031484
"1244","nonsyn","int",4000,0.05,0.01,0,6,6.5,0.5,0.5,0.5,0,1,0.00113685152438211,0.0224734123435669,-0.134866667094255,3897448
"1245","nonsyn","int",4000,0.05,0.01,0,6,7,0.5,0.5,0.5,0,1,0.00114868192280716,0.0224629158426072,-0.13571039522423,404908
"1246","nonsyn","int",4000,0.05,0.01,1e-04,6,5,0.5,0.5,0.5,0,1,0.00116100786121589,0.0220778213221572,-0.158657899793785,8267805
"1247","nonsyn","int",4000,0.05,0.01,1e-04,6,6,0.5,0.5,0.5,0,1,0.00144295859140494,0.0225659796028955,-0.195938413932469,5936014
"1248","nonsyn","int",4000,0.05,0.01,1e-04,6,6.5,0.5,0.5,0.5,0,1,0.00160546983771392,0.0225452928242906,-0.206107582535415,1873913
"1249","nonsyn","int",4000,0.05,0.01,1e-04,6,7,0.5,0.5,0.5,0,1,0.00167323202215762,0.0225686746081909,-0.215330971467033,218074
"1250","nonsyn","int",4000,0.05,0.01,5e-04,6,5.5,0.5,0.5,0.5,0,1,0.00100097519685957,0.0238660918127201,-0.263134935314075,5018679
"1251","nonsyn","int",4000,0.05,0.01,5e-04,6,6,0.5,0.5,0.5,0,1,0.00123885954452136,0.0238639486582442,-0.317436620237662,2063807
"1252","nonsyn","int",4000,0.05,0.01,5e-04,6,6.5,0.5,0.5,0.5,0,1,0.00145306223673203,0.0243592803629399,-0.375170135205439,270162
"1253","nonsyn","int",4000,0.05,0.01,5e-04,6,7,0.5,0.5,0.5,0,1,0.00127132784511015,0.0240800339957893,-0.416293761405837,26238
"1254","nonsyn","int",4000,0.05,0.01,0.001,5,6,0.5,0.5,0.5,0,1,-7.99265900425246e-06,0.0111803065138181,-0.344220125654788,1200927
"1255","nonsyn","int",4000,0.05,0.01,0.001,6,6,0,0,0.5,0,1,4.43780796126844e-05,0.017982683010533,-0.343221079481566,10193652
"1256","nonsyn","int",4000,0.05,0.01,0.001,6,6,0.25,0.25,0.5,0,1,0.000442575794105238,0.0227288764338901,-0.391962446686545,331820
"1257","nonsyn","int",4000,0.05,0.01,0.001,6,6,0.5,0.5,0.5,0,1,0.000850204255833453,0.0257227982127845,-0.382394741497381,2647660
"1258","nonsyn","int",4000,0.05,0.01,0.001,6,6,0.5,0.5,0.75,0,1,0.000868640514127735,0.0303423167150814,-0.324586781894743,398967
"1259","nonsyn","int",4000,0.05,0.01,0.001,6,6,0.5,0.5,1,0,1,0.000135438924283264,0.0213151837290602,-0.442033184472296,326480
"1260","nonsyn","int",4000,0.05,0.01,0.001,6,6,0.75,0.75,0.5,0,1,0.00107966062386456,0.028173456415154,-0.360034456182079,25871
"1261","nonsyn","int",4000,0.05,0.01,0.001,6,6,1,1,0.5,0,1,0.00157605250893273,0.0328314492242162,-0.329787835919176,12874
"1262","nonsyn","int",4000,0.05,0.01,0.001,6,6.5,0.5,0.5,0.5,0,1,0.000732807862512663,0.0275427787977746,-0.450411906966281,56267
"1263","nonsyn","int",4000,0.05,0.01,0.001,6,7,0.5,0.5,0.5,0,1,0.000287577926575849,0.0270796486490337,-0.515865981657986,4331
"1264","nonsyn","int",4000,0.05,0.01,0.001,6.5,6,0.5,0.5,0.5,0,1,0.0031625439159112,0.0561326237638207,-0.310446823382385,417844
"1265","nonsyn","int",4000,0.05,0.01,0.001,7,6,0.5,0.5,0.5,0,1,0.00514523340110172,0.124572542255772,-0.289936101640088,325127
"1266","nonsyn","int",4000,0.05,0.01,0.005,6,5.5,0.5,0.5,0.5,0,1,0.000422673897912701,0.0331132090442361,-0.379380089521592,400853
"1267","nonsyn","int",4000,0.05,0.01,0.005,6,6,0.5,0.5,0.5,0,1,0.000141982864137087,0.0281320509918542,-0.303159476858021,44935
"1268","nonsyn","int",4000,0.05,0.01,0.005,6,6.5,0.5,0.5,0.5,0,1,0.000343554006968641,0.0301515630151809,-0.307473634285093,2296
"1269","nonsyn","int",4000,0.05,0.01,0.005,6,7,0.5,0.5,0.5,0,1,0.00236219512195122,0.048310581549867,-0.408381799546249,82
"1270","nonsyn","int",4000,0.05,0.01,0.01,6,6.5,0.5,0.5,0.5,0,1,0.000104735595895817,0.0264387628491875,-0.284142283455474,1267
"1271","nonsyn","int",4000,0.05,0.01,0.01,6,7,0.5,0.5,0.5,0,1,-0.000820588235294118,0.017681892595248,-0.275938351520558,34
"1272","nonsyn","int",4000,0.05,1,0.001,6,6,0.5,0.5,0.5,0,1,0.00106085677879821,0.0341927593025756,-0.418311637006679,960598
"1273","nonsyn","int",4000,0.05,1,0.001,6,6,0.5,0.5,0.75,0,1,0.00190492298467528,0.0420048386370237,-0.382347601275669,663764
"1274","nonsyn","int",4000,0.05,1,0.001,6,6,0.5,0.5,1,0,1,0.000582366925467417,0.0253338980410795,-0.336832772800119,590158
"1275","nonsyn","int",4000,0.05,5,0.001,6,6,0.5,0.5,0.5,0,1,0.000671378970931538,0.0364441967589462,-0.464757120624817,1500561
"1276","nonsyn","int",4000,0.05,5,0.001,6,6,0.5,0.5,0.75,0,1,0.00116900733594354,0.0428713245085183,-0.450899554266834,618598
"1277","nonsyn","int",4000,0.05,5,0.001,6,6,0.5,0.5,1,0,1,0.000108978965190691,0.0212857575476307,-0.428798037136489,696940
"1278","nonsyn","int",4000,0.1,0.01,0.001,6,6,0.5,0.5,0.5,0,1,0.00222308106238229,0.0290328589234193,-0.305924403981027,468306
"1279","nonsyn","int",4000,0.2,0.01,0.001,6,6,0.5,0.5,0.5,0,1,0.00352246246476088,0.0322438013413069,-0.23453486686003,548751
"1280","nonsyn","int",4000,0.5,0.01,0.001,6,6,0.5,0.5,0.5,0,1,0.00474796256062501,0.0367048732844831,-0.161088236328557,455670
"1281","nonsyn","int",4500,0,0.01,0.001,6,6,0.5,0.5,0.5,0,1,7.0788420080074e-05,0.019317375244446,-0.428838246017278,45458
"1282","nonsyn","int",4500,0.01,0.01,0.001,6,6,0.5,0.5,0.5,0,1,2.75350882517587e-05,0.0199516247788969,-0.427727181999823,889614
"1283","nonsyn","int",4500,0.05,0.01,0,6,5,0.5,0.5,0.5,0,1,0.000676257353948661,0.0197280736206857,-0.0674736172747701,2787958
"1284","nonsyn","int",4500,0.05,0.01,0,6,6.5,0.5,0.5,0.5,0,1,0.00100694204098983,0.0207214050191555,-0.135859690228963,3613433
"1285","nonsyn","int",4500,0.05,0.01,0,6,7,0.5,0.5,0.5,0,1,0.00102840874082415,0.0207249622225894,-0.136022854096241,376532
"1286","nonsyn","int",4500,0.05,0.01,1e-04,6,5,0.5,0.5,0.5,0,1,0.00103791439528336,0.0203963366697557,-0.158797730383009,7676306
"1287","nonsyn","int",4500,0.05,0.01,1e-04,6,6,0.5,0.5,0.5,0,1,0.00124992679557835,0.0206846431980184,-0.19741948384595,5507181
"1288","nonsyn","int",4500,0.05,0.01,1e-04,6,6.5,0.5,0.5,0.5,0,1,0.00139037130516985,0.0207255967889137,-0.208321205481775,1736954
"1289","nonsyn","int",4500,0.05,0.01,1e-04,6,7,0.5,0.5,0.5,0,1,0.00148121390427215,0.0206995832867398,-0.214261269268749,202240
"1290","nonsyn","int",4500,0.05,0.01,5e-04,6,5.5,0.5,0.5,0.5,0,1,0.000830339577960236,0.0215540752963878,-0.261298598000813,4668707
"1291","nonsyn","int",4500,0.05,0.01,5e-04,6,6,0.5,0.5,0.5,0,1,0.00103870653527318,0.0215521876390012,-0.315009843582273,1914656
"1292","nonsyn","int",4500,0.05,0.01,5e-04,6,6.5,0.5,0.5,0.5,0,1,0.00118230444655661,0.0218455387068935,-0.375390019064599,251453
"1293","nonsyn","int",4500,0.05,0.01,5e-04,6,7,0.5,0.5,0.5,0,1,0.00116237260160924,0.0220359018547716,-0.407792573236087,24235
"1294","nonsyn","int",4500,0.05,0.01,0.001,5,6,0.5,0.5,0.5,0,1,1.01589293182769e-05,0.0110050364903752,-0.339949192060042,1099860
"1295","nonsyn","int",4500,0.05,0.01,0.001,6,6,0,0,0.5,0,1,3.69433124322155e-05,0.0169598953268109,-0.336060194470244,9389131
"1296","nonsyn","int",4500,0.05,0.01,0.001,6,6,0.25,0.25,0.5,0,1,0.000302608900108092,0.0207190594257467,-0.387020816509469,306221
"1297","nonsyn","int",4500,0.05,0.01,0.001,6,6,0.5,0.5,0.5,0,1,0.0006309527330502,0.0229464607184254,-0.377981641526267,2454675
"1298","nonsyn","int",4500,0.05,0.01,0.001,6,6,0.5,0.5,0.75,0,1,0.000588958014850404,0.0261452855579664,-0.315113760565565,366320
"1299","nonsyn","int",4500,0.05,0.01,0.001,6,6,0.5,0.5,1,0,1,0.000101874392557967,0.0196718104479852,-0.432656759561624,302498
"1300","nonsyn","int",4500,0.05,0.01,0.001,6,6,0.75,0.75,0.5,0,1,0.000933294802460472,0.0253634150833592,-0.352673725987758,24223
"1301","nonsyn","int",4500,0.05,0.01,0.001,6,6,1,1,0.5,0,1,0.00132100066934404,0.0275350683264815,-0.329813261242499,11952
"1302","nonsyn","int",4500,0.05,0.01,0.001,6,6.5,0.5,0.5,0.5,0,1,0.000344996336431298,0.0233362276324369,-0.44603690782679,51862
"1303","nonsyn","int",4500,0.05,0.01,0.001,6,7,0.5,0.5,0.5,0,1,0.000185965758379552,0.0244514749239673,-0.518597254885089,4147
"1304","nonsyn","int",4500,0.05,0.01,0.001,6.5,6,0.5,0.5,0.5,0,1,0.00281565015829062,0.0496524221656219,-0.3092496928818,385683
"1305","nonsyn","int",4500,0.05,0.01,0.001,7,6,0.5,0.5,0.5,0,1,0.00490540214927797,0.113201164951027,-0.288608047380698,300473
"1306","nonsyn","int",4500,0.05,0.01,0.005,6,5.5,0.5,0.5,0.5,0,1,0.000289726629366318,0.0293078318194067,-0.372524288823847,369791
"1307","nonsyn","int",4500,0.05,0.01,0.005,6,6,0.5,0.5,0.5,0,1,0.000144181826863391,0.0259824280043156,-0.297091859697614,41886
"1308","nonsyn","int",4500,0.05,0.01,0.005,6,6.5,0.5,0.5,0.5,0,1,3.65647058823531e-05,0.0279232760182223,-0.326605968865506,2125
"1309","nonsyn","int",4500,0.05,0.01,0.005,6,7,0.5,0.5,0.5,0,1,0.00126951219512195,0.0607049541387536,-0.450246521477719,82
"1310","nonsyn","int",4500,0.05,0.01,0.01,6,6.5,0.5,0.5,0.5,0,1,-0.000208585445625511,0.0200219514026948,-0.27534575716465,1223
"1311","nonsyn","int",4500,0.05,0.01,0.01,6,7,0.5,0.5,0.5,0,1,-0.00157021276595745,0.0326698736163786,-0.350166634212705,47
"1312","nonsyn","int",4500,0.05,1,0.001,6,6,0.5,0.5,0.5,0,1,0.000892639513481078,0.0309272832422766,-0.410077189697553,889914
"1313","nonsyn","int",4500,0.05,1,0.001,6,6,0.5,0.5,0.75,0,1,0.00158792383139657,0.0370250689359202,-0.376177842483432,611328
"1314","nonsyn","int",4500,0.05,1,0.001,6,6,0.5,0.5,1,0,1,0.000412855627208399,0.0222446815748634,-0.328136640077061,541965
"1315","nonsyn","int",4500,0.05,5,0.001,6,6,0.5,0.5,0.5,0,1,0.000581267563665695,0.0332766272946869,-0.454782279034912,1386029
"1316","nonsyn","int",4500,0.05,5,0.001,6,6,0.5,0.5,0.75,0,1,0.000988004814378758,0.0383821763601082,-0.442093669193001,571621
"1317","nonsyn","int",4500,0.05,5,0.001,6,6,0.5,0.5,1,0,1,9.71391395320447e-05,0.0198788224207715,-0.419397512344725,647113
"1318","nonsyn","int",4500,0.1,0.01,0.001,6,6,0.5,0.5,0.5,0,1,0.00191846204435287,0.0258128986544593,-0.305093166081453,434876
"1319","nonsyn","int",4500,0.2,0.01,0.001,6,6,0.5,0.5,0.5,0,1,0.00323670734409654,0.0290902213062201,-0.234115414663401,509947
"1320","nonsyn","int",4500,0.5,0.01,0.001,6,6,0.5,0.5,0.5,0,1,0.00452109715584498,0.0338638210899372,-0.16099645850497,424133
"1321","nonsyn","int",5000,0,0.01,0.001,6,6,0.5,0.5,0.5,0,1,9.3134328358209e-05,0.0184357477032842,-0.420979266478114,42210
"1322","nonsyn","int",5000,0.01,0.01,0.001,6,6,0.5,0.5,0.5,0,1,2.99463710772334e-05,0.0187107637515225,-0.418947885204312,824928
"1323","nonsyn","int",5000,0.05,0.01,0,6,5,0.5,0.5,0.5,0,1,0.00057093698909221,0.0182935476271197,-0.0696804026515236,2572015
"1324","nonsyn","int",5000,0.05,0.01,0,6,6.5,0.5,0.5,0.5,0,1,0.000882911357104818,0.019295380278392,-0.138650769390265,3334864
"1325","nonsyn","int",5000,0.05,0.01,0,6,7,0.5,0.5,0.5,0,1,0.000916049293931174,0.0192785010412883,-0.138248469767224,347629
"1326","nonsyn","int",5000,0.05,0.01,1e-04,6,5,0.5,0.5,0.5,0,1,0.00092212037622033,0.0192752810689217,-0.161616889952328,7056078
"1327","nonsyn","int",5000,0.05,0.01,1e-04,6,6,0.5,0.5,0.5,0,1,0.00108987848126598,0.0191970816634126,-0.199734218511566,5096745
"1328","nonsyn","int",5000,0.05,0.01,1e-04,6,6.5,0.5,0.5,0.5,0,1,0.00120281747389906,0.0192731604972585,-0.211857747631168,1604061
"1329","nonsyn","int",5000,0.05,0.01,1e-04,6,7,0.5,0.5,0.5,0,1,0.0013379243655611,0.0192240612312713,-0.216617234602003,186661
"1330","nonsyn","int",5000,0.05,0.01,5e-04,6,5.5,0.5,0.5,0.5,0,1,0.000677031808696983,0.0197837718914964,-0.262321993888616,4351923
"1331","nonsyn","int",5000,0.05,0.01,5e-04,6,6,0.5,0.5,0.5,0,1,0.000846495938572451,0.0198183700695374,-0.315731190652605,1782132
"1332","nonsyn","int",5000,0.05,0.01,5e-04,6,6.5,0.5,0.5,0.5,0,1,0.000913970144655945,0.0198775422769727,-0.37626351927718,233727
"1333","nonsyn","int",5000,0.05,0.01,5e-04,6,7,0.5,0.5,0.5,0,1,0.000865361082577821,0.0197232238158686,-0.412276987904162,22391
"1334","nonsyn","int",5000,0.05,0.01,0.001,5,6,0.5,0.5,0.5,0,1,6.87609311712638e-06,0.0109130294854276,-0.339979324250637,1002866
"1335","nonsyn","int",5000,0.05,0.01,0.001,6,6,0,0,0.5,0,1,1.84381476667833e-05,0.0162131967405232,-0.331575807841051,8645939
"1336","nonsyn","int",5000,0.05,0.01,0.001,6,6,0.25,0.25,0.5,0,1,0.000212730579099736,0.0192185284887873,-0.385231190676077,287049
"1337","nonsyn","int",5000,0.05,0.01,0.001,6,6,0.5,0.5,0.5,0,1,0.000480053919390946,0.0210298011853521,-0.376787650143793,2296020
"1338","nonsyn","int",5000,0.05,0.01,0.001,6,6,0.5,0.5,0.75,0,1,0.000407146390643126,0.0230790874343938,-0.314220848656591,345671
"1339","nonsyn","int",5000,0.05,0.01,0.001,6,6,0.5,0.5,1,0,1,4.96351280635982e-05,0.0183911777667788,-0.426590165972579,279002
"1340","nonsyn","int",5000,0.05,0.01,0.001,6,6,0.75,0.75,0.5,0,1,0.000655172869994708,0.0220874781705084,-0.353236585523906,22676
"1341","nonsyn","int",5000,0.05,0.01,0.001,6,6,1,1,0.5,0,1,0.000981339798850575,0.0244044632700077,-0.315147871465281,11136
"1342","nonsyn","int",5000,0.05,0.01,0.001,6,6.5,0.5,0.5,0.5,0,1,0.000381173584049814,0.0227593354671424,-0.440996831916515,48501
"1343","nonsyn","int",5000,0.05,0.01,0.001,6,7,0.5,0.5,0.5,0,1,0.000381963411491884,0.023458462507276,-0.485379803999992,3881
"1344","nonsyn","int",5000,0.05,0.01,0.001,6.5,6,0.5,0.5,0.5,0,1,0.00258927804232359,0.044905718144852,-0.30616848667292,356586
"1345","nonsyn","int",5000,0.05,0.01,0.001,7,6,0.5,0.5,0.5,0,1,0.00473059000744088,0.105312483371108,-0.283967965800767,275505
"1346","nonsyn","int",5000,0.05,0.01,0.005,6,5.5,0.5,0.5,0.5,0,1,0.000220888577053211,0.0265910945601752,-0.362242087620933,344911
"1347","nonsyn","int",5000,0.05,0.01,0.005,6,6,0.5,0.5,0.5,0,1,7.10997973920724e-05,0.0235009886346429,-0.288919308763438,38498
"1348","nonsyn","int",5000,0.05,0.01,0.005,6,6.5,0.5,0.5,0.5,0,1,0.000257735085945399,0.0262676402397482,-0.278665935297396,1978
"1349","nonsyn","int",5000,0.05,0.01,0.005,6,7,0.5,0.5,0.5,0,1,-0.000328767123287671,0.0300220000165721,-0.415021442134939,73
"1350","nonsyn","int",5000,0.05,0.01,0.01,6,6.5,0.5,0.5,0.5,0,1,-0.000240901060070671,0.0226518071090167,-0.254683565544366,1132
"1351","nonsyn","int",5000,0.05,0.01,0.01,6,7,0.5,0.5,0.5,0,1,-0.005932,0.0169804648167217,-0.557770458577489,25
"1352","nonsyn","int",5000,0.05,1,0.001,6,6,0.5,0.5,0.5,0,1,0.000761598909943749,0.0282434125477117,-0.404954013413647,829315
"1353","nonsyn","int",5000,0.05,1,0.001,6,6,0.5,0.5,0.75,0,1,0.00126001664870023,0.0327180918940075,-0.374599882058825,574219
"1354","nonsyn","int",5000,0.05,1,0.001,6,6,0.5,0.5,1,0,1,0.000264978009383969,0.0199990453267235,-0.325673111686541,510445
"1355","nonsyn","int",5000,0.05,5,0.001,6,6,0.5,0.5,0.5,0,1,0.000497961986295227,0.0307170849757469,-0.446467892686287,1282327
"1356","nonsyn","int",5000,0.05,5,0.001,6,6,0.5,0.5,0.75,0,1,0.00086733600212699,0.0347295165299725,-0.433220186293408,530327
"1357","nonsyn","int",5000,0.05,5,0.001,6,6,0.5,0.5,1,0,1,6.18562458718971e-05,0.018589725110097,-0.413690769196326,598035
"1358","nonsyn","int",5000,0.1,0.01,0.001,6,6,0.5,0.5,0.5,0,1,0.00164713953603403,0.0234733919955952,-0.307326931375918,404340
"1359","nonsyn","int",5000,0.2,0.01,0.001,6,6,0.5,0.5,0.5,0,1,0.00292586746855559,0.0266008401802941,-0.239296832115066,473216
"1360","nonsyn","int",5000,0.5,0.01,0.001,6,6,0.5,0.5,0.5,0,1,0.00431602371985346,0.0316192163718966,-0.161125924132503,390053
"1361","nonsyn","int",7500,0,0.01,0.001,6,6,0.5,0.5,0.5,0,1,0.000159729932095737,0.0175804347292044,-0.41075010325812,38731
"1362","nonsyn","int",7500,0.01,0.01,0.001,6,6,0.5,0.5,0.5,0,1,4.03633537055412e-05,0.0178090635188603,-0.411558986804865,777039
"1363","nonsyn","int",7500,0.05,0.01,0,6,5,0.5,0.5,0.5,0,1,0.000495901376977896,0.0175017624359907,-0.0734440822500616,2318120
"1364","nonsyn","int",7500,0.05,0.01,0,6,6.5,0.5,0.5,0.5,0,1,0.000770615778450388,0.0182040867759784,-0.142960554743605,3037586
"1365","nonsyn","int",7500,0.05,0.01,0,6,7,0.5,0.5,0.5,0,1,0.000744347787577027,0.0181664029874227,-0.14441641574129,316124
"1366","nonsyn","int",7500,0.05,0.01,1e-04,6,5,0.5,0.5,0.5,0,1,0.000802404339231599,0.0180023557875674,-0.166300342859043,6472298
"1367","nonsyn","int",7500,0.05,0.01,1e-04,6,6,0.5,0.5,0.5,0,1,0.000945519587315158,0.0181999999579679,-0.205112502173193,4692782
"1368","nonsyn","int",7500,0.05,0.01,1e-04,6,6.5,0.5,0.5,0.5,0,1,0.001058145549203,0.0181647614593074,-0.21641458628377,1477095
"1369","nonsyn","int",7500,0.05,0.01,1e-04,6,7,0.5,0.5,0.5,0,1,0.00108006628870475,0.0180445231100676,-0.226031845598646,171975
"1370","nonsyn","int",7500,0.05,0.01,5e-04,6,5.5,0.5,0.5,0.5,0,1,0.000571372453197156,0.018680266464721,-0.265586481093858,4059796
"1371","nonsyn","int",7500,0.05,0.01,5e-04,6,6,0.5,0.5,0.5,0,1,0.000693175788401876,0.0186854036048946,-0.319742391038953,1673512
"1372","nonsyn","int",7500,0.05,0.01,5e-04,6,6.5,0.5,0.5,0.5,0,1,0.000791678762587317,0.0187985732145694,-0.378028353244461,220460
"1373","nonsyn","int",7500,0.05,0.01,5e-04,6,7,0.5,0.5,0.5,0,1,0.000724398641637581,0.0187273121202954,-0.409491026237631,21202
"1374","nonsyn","int",7500,0.05,0.01,0.001,5,6,0.5,0.5,0.5,0,1,-1.6531626204038e-06,0.0108218845078674,-0.340908791296729,942557
"1375","nonsyn","int",7500,0.05,0.01,0.001,6,6,0,0,0.5,0,1,2.77075548452201e-05,0.0156653356190846,-0.3269918318167,8018748
"1376","nonsyn","int",7500,0.05,0.01,0.001,6,6,0.25,0.25,0.5,0,1,0.000166324077060669,0.0182442852998662,-0.383003521118712,272824
"1377","nonsyn","int",7500,0.05,0.01,0.001,6,6,0.5,0.5,0.5,0,1,0.000353758688246608,0.0197043715530582,-0.377874136572554,2174921
"1378","nonsyn","int",7500,0.05,0.01,0.001,6,6,0.5,0.5,0.75,0,1,0.000263368108098485,0.0213025578494114,-0.325459714864709,337026
"1379","nonsyn","int",7500,0.05,0.01,0.001,6,6,0.5,0.5,1,0,1,0.000118111806098515,0.0176262799056729,-0.41726893465711,255800
"1380","nonsyn","int",7500,0.05,0.01,0.001,6,6,0.75,0.75,0.5,0,1,0.000466057831550428,0.0207566796967306,-0.357222260254815,21407
"1381","nonsyn","int",7500,0.05,0.01,0.001,6,6,1,1,0.5,0,1,0.000876888377003551,0.0228908390929651,-0.328311209231112,10419
"1382","nonsyn","int",7500,0.05,0.01,0.001,6,6.5,0.5,0.5,0.5,0,1,0.000202919630080519,0.020475291671484,-0.442263430951086,46821
"1383","nonsyn","int",7500,0.05,0.01,0.001,6,7,0.5,0.5,0.5,0,1,0.000163713426305715,0.0206616672916289,-0.48458575576967,3657
"1384","nonsyn","int",7500,0.05,0.01,0.001,6.5,6,0.5,0.5,0.5,0,1,0.00231836856486783,0.0410009833944828,-0.307824612045297,330102
"1385","nonsyn","int",7500,0.05,0.01,0.001,7,6,0.5,0.5,0.5,0,1,0.00439139493326586,0.0964486453602212,-0.289347235250248,252944
"1386","nonsyn","int",7500,0.05,0.01,0.005,6,5.5,0.5,0.5,0.5,0,1,0.000227476565845124,0.0247074473480338,-0.356852552787622,324633
"1387","nonsyn","int",7500,0.05,0.01,0.005,6,6,0.5,0.5,0.5,0,1,3.11237149946828e-05,0.0219194881949499,-0.285887850624595,36673
"1388","nonsyn","int",7500,0.05,0.01,0.005,6,6.5,0.5,0.5,0.5,0,1,-0.000212384573601303,0.0228501787528244,-0.312345004195099,1841
"1389","nonsyn","int",7500,0.05,0.01,0.005,6,7,0.5,0.5,0.5,0,1,0.00606056338028169,0.0760275289028044,-0.286518178660045,71
"1390","nonsyn","int",7500,0.05,0.01,0.01,6,6.5,0.5,0.5,0.5,0,1,-0.000126171079429735,0.0207060391776241,-0.25449298122779,982
"1391","nonsyn","int",7500,0.05,0.01,0.01,6,7,0.5,0.5,0.5,0,1,0.00328571428571429,0.0301103757412984,-0.107790559416724,21
"1392","nonsyn","int",7500,0.05,1,0.001,6,6,0.5,0.5,0.5,0,1,0.000635564798063366,0.0262064699439924,-0.401692339842071,776605
"1393","nonsyn","int",7500,0.05,1,0.001,6,6,0.5,0.5,0.75,0,1,0.0011406028787378,0.0298091594795204,-0.371300228796686,550658
"1394","nonsyn","int",7500,0.05,1,0.001,6,6,0.5,0.5,1,0,1,0.000208720746410828,0.0185385476570969,-0.328981881242614,496563
"1395","nonsyn","int",7500,0.05,5,0.001,6,6,0.5,0.5,0.5,0,1,0.000466089421747717,0.0285615656800943,-0.438098812315844,1181301
"1396","nonsyn","int",7500,0.05,5,0.001,6,6,0.5,0.5,0.75,0,1,0.000663850908523652,0.0313169110044794,-0.426260578175982,493603
"1397","nonsyn","int",7500,0.05,5,0.001,6,6,0.5,0.5,1,0,1,3.47668733193636e-05,0.0175586196179306,-0.408194735067417,552618
"1398","nonsyn","int",7500,0.1,0.01,0.001,6,6,0.5,0.5,0.5,0,1,0.00145999789049007,0.0219743061333549,-0.3124661126396,379235
"1399","nonsyn","int",7500,0.2,0.01,0.001,6,6,0.5,0.5,0.5,0,1,0.00270170300905904,0.02484540376481,-0.242780319323732,439340
"1400","nonsyn","int",7500,0.5,0.01,0.001,6,6,0.5,0.5,0.5,0,1,0.00411624943142106,0.0299859486265405,-0.165178061925662,360548
"1401","nonsyn","int",10000,0,0.01,0.001,6,6,0.5,0.5,0.5,0,1,5.51464174454829e-05,0.0155879599546192,-0.397658660305325,192600
"1402","nonsyn","int",10000,0.01,0.01,0.001,6,6,0.5,0.5,0.5,0,1,4.62480753895035e-05,0.0156969744692266,-0.397199243811603,4327499
"1403","nonsyn","int",10000,0.05,0.01,0,6,5,0.5,0.5,0.5,0,1,0.000303307712125234,0.0153396485941595,-0.087684344569139,10522923
"1404","nonsyn","int",10000,0.05,0.01,0,6,6.5,0.5,0.5,0.5,0,1,0.000459236344620827,0.0158166523255114,-0.163788079772406,14539307
"1405","nonsyn","int",10000,0.05,0.01,0,6,7,0.5,0.5,0.5,0,1,0.000469946898766978,0.0157516369191006,-0.165246406794065,1520492
"1406","nonsyn","int",10000,0.05,0.01,1e-04,6,5,0.5,0.5,0.5,0,1,0.000472994579786562,0.015751337957702,-0.184506517602752,32080471
"1407","nonsyn","int",10000,0.05,0.01,1e-04,6,6,0.5,0.5,0.5,0,1,0.000547742183963188,0.0158605556297918,-0.228232652230489,23531523
"1408","nonsyn","int",10000,0.05,0.01,1e-04,6,6.5,0.5,0.5,0.5,0,1,0.000591555079961782,0.0158000241158948,-0.240528204166103,7432113
"1409","nonsyn","int",10000,0.05,0.01,1e-04,6,7,0.5,0.5,0.5,0,1,0.000626019100834909,0.0158183978138873,-0.246975210219453,864046
"1410","nonsyn","int",10000,0.05,0.01,5e-04,6,5.5,0.5,0.5,0.5,0,1,0.000280721528529667,0.0163502366389914,-0.284983060311365,22531195
"1411","nonsyn","int",10000,0.05,0.01,5e-04,6,6,0.5,0.5,0.5,0,1,0.000348386699069484,0.016454568821787,-0.335196581183983,9449384
"1412","nonsyn","int",10000,0.05,0.01,5e-04,6,6.5,0.5,0.5,0.5,0,1,0.000413609043386566,0.0166088012368718,-0.38473378893566,1266959
"1413","nonsyn","int",10000,0.05,0.01,5e-04,6,7,0.5,0.5,0.5,0,1,0.000246533257949179,0.0166768393834713,-0.416064227846478,125579
"1414","nonsyn","int",10000,0.05,0.01,0.001,5,6,0.5,0.5,0.5,0,1,1.39007738837391e-05,0.0106385132204111,-0.344127831737986,5032022
"1415","nonsyn","int",10000,0.05,0.01,0.001,6,6,0,0,0.5,0,1,1.87124108771542e-06,0.0143619777853377,-0.318015431225653,38462922
"1416","nonsyn","int",10000,0.05,0.01,0.001,6,6,0.25,0.25,0.5,0,1,6.10956867492928e-05,0.0165190814919468,-0.378727778411223,1557781
"1417","nonsyn","int",10000,0.05,0.01,0.001,6,6,0.5,0.5,0.5,0,1,0.00016490446974203,0.0174805419465683,-0.38254976085314,12980861
"1418","nonsyn","int",10000,0.05,0.01,0.001,6,6,0.5,0.5,0.75,0,1,0.000149999869947572,0.0183377449164667,-0.368730929452737,2306762
"1419","nonsyn","int",10000,0.05,0.01,0.001,6,6,0.5,0.5,1,0,1,4.39261338373951e-05,0.0154912172797155,-0.402249800558437,1243763
"1420","nonsyn","int",10000,0.05,0.01,0.001,6,6,0.75,0.75,0.5,0,1,0.000234753311192029,0.0182640972972323,-0.365592926006695,124955
"1421","nonsyn","int",10000,0.05,0.01,0.001,6,6,1,1,0.5,0,1,0.000510284397356081,0.0194320328848356,-0.339416841432247,62483
"1422","nonsyn","int",10000,0.05,0.01,0.001,6,6.5,0.5,0.5,0.5,0,1,0.000169253220167371,0.0184481889179644,-0.429329218416116,294317
"1423","nonsyn","int",10000,0.05,0.01,0.001,6,7,0.5,0.5,0.5,0,1,0.000158491508491509,0.0189857995226354,-0.463381722733187,24024
"1424","nonsyn","int",10000,0.05,0.01,0.001,6.5,6,0.5,0.5,0.5,0,1,0.00173550417195361,0.0328269014243387,-0.320941208358811,1724372
"1425","nonsyn","int",10000,0.05,0.01,0.001,7,6,0.5,0.5,0.5,0,1,0.00375045248344305,0.0759672983727036,-0.286901967398026,1250985
"1426","nonsyn","int",10000,0.05,0.01,0.005,6,5.5,0.5,0.5,0.5,0,1,0.000169960393901506,0.0203043379056979,-0.339283639431014,1917129
"1427","nonsyn","int",10000,0.05,0.01,0.005,6,6,0.5,0.5,0.5,0,1,0.000111120719715461,0.0193008802681518,-0.284814852211746,215085
"1428","nonsyn","int",10000,0.05,0.01,0.005,6,6.5,0.5,0.5,0.5,0,1,0.000262920259664761,0.0224929185012072,-0.31376518634981,10321
"1429","nonsyn","int",10000,0.05,0.01,0.005,6,7,0.5,0.5,0.5,0,1,0.00167911227154047,0.0306396510020231,-0.332881509123252,383
"1430","nonsyn","int",10000,0.05,0.01,0.01,6,6.5,0.5,0.5,0.5,0,1,0.000104219730089337,0.0179228863097563,-0.255426225025106,5261
"1431","nonsyn","int",10000,0.05,0.01,0.01,6,7,0.5,0.5,0.5,0,1,-0.00264,0.0118363150790116,-0.378403408079123,130
"1432","nonsyn","int",10000,0.05,1,0.001,6,6,0.5,0.5,0.5,0,1,0.000357257628362767,0.0209439493290267,-0.393463454004029,4384001
"1433","nonsyn","int",10000,0.05,1,0.001,6,6,0.5,0.5,0.75,0,1,0.000517716739602357,0.0218644412017966,-0.379683228122246,3482520
"1434","nonsyn","int",10000,0.05,1,0.001,6,6,0.5,0.5,1,0,1,6.66665036622508e-05,0.0153768304842176,-0.354041334362762,3271895
"1435","nonsyn","int",10000,0.05,5,0.001,6,6,0.5,0.5,0.5,0,1,0.000317916347987485,0.0226255457078697,-0.416700617363587,5992181
"1436","nonsyn","int",10000,0.05,5,0.001,6,6,0.5,0.5,0.75,0,1,0.000363458798400892,0.023199546974712,-0.406144428373157,2645225
"1437","nonsyn","int",10000,0.05,5,0.001,6,6,0.5,0.5,1,0,1,3.0987384353027e-05,0.0154276258807052,-0.392798265822253,2822923
"1438","nonsyn","int",10000,0.1,0.01,0.001,6,6,0.5,0.5,0.5,0,1,0.000868808567101443,0.0188803734532446,-0.336945415537895,2132063
"1439","nonsyn","int",10000,0.2,0.01,0.001,6,6,0.5,0.5,0.5,0,1,0.00201801580612249,0.0212355067957081,-0.269275166191928,2344408
"1440","nonsyn","int",10000,0.5,0.01,0.001,6,6,0.5,0.5,0.5,0,1,0.00354317123340519,0.0259684888746397,-0.185085495694107,1827453
"1441","nonsyn","rare",15,0,0.01,0.001,6,6,0.5,0.5,0.5,0,1,0.00067135975915705,0.0497829879920297,-0.870947611452964,9965
"1442","nonsyn","rare",15,0.01,0.01,0.001,6,6,0.5,0.5,0.5,0,1,0.000801291180466559,0.0547781165164182,-0.857201503158485,207562
"1443","nonsyn","rare",15,0.05,0.01,0,6,5,0.5,0.5,0.5,0,1,0.00142319625874047,0.22103210942288,-0.33131040388819,44477
"1444","nonsyn","rare",15,0.05,0.01,0,6,6.5,0.5,0.5,0.5,0,1,0.00246545949132439,0.239304320537535,-0.483276952753008,140797
"1445","nonsyn","rare",15,0.05,0.01,0,6,7,0.5,0.5,0.5,0,1,0.00246269942780209,0.243684163093367,-0.483889718091005,14855
"1446","nonsyn","rare",15,0.05,0.01,1e-04,6,5,0.5,0.5,0.5,0,1,0.00140040081330788,0.129713749174775,-0.545838369358546,273943
"1447","nonsyn","rare",15,0.05,0.01,1e-04,6,6,0.5,0.5,0.5,0,1,0.00248884118199305,0.166021159954219,-0.605819380188423,304638
"1448","nonsyn","rare",15,0.05,0.01,1e-04,6,6.5,0.5,0.5,0.5,0,1,0.00271804677492666,0.172830095671759,-0.616182188243956,96804
"1449","nonsyn","rare",15,0.05,0.01,1e-04,6,7,0.5,0.5,0.5,0,1,0.00299132841328413,0.17303279188963,-0.620512553889257,11382
"1450","nonsyn","rare",15,0.05,0.01,5e-04,6,5.5,0.5,0.5,0.5,0,1,0.0013992488727887,0.0900177590660621,-0.726284555740729,672456
"1451","nonsyn","rare",15,0.05,0.01,5e-04,6,6,0.5,0.5,0.5,0,1,0.00162609759183501,0.0899492267158887,-0.769147580215772,308243
"1452","nonsyn","rare",15,0.05,0.01,5e-04,6,6.5,0.5,0.5,0.5,0,1,0.0017335801086641,0.0863561272814024,-0.798500402016296,48222
"1453","nonsyn","rare",15,0.05,0.01,5e-04,6,7,0.5,0.5,0.5,0,1,0.00177614768509475,0.0865840298506362,-0.805300272988024,5119
"1454","nonsyn","rare",15,0.05,0.01,0.001,5,6,0.5,0.5,0.5,0,1,0.00068462182503208,0.0494572320586715,-0.861517799292493,219766
"1455","nonsyn","rare",15,0.05,0.01,0.001,6,6,0,0,0.5,0,1,0.00476891195130001,0.183568771449984,-0.590690197175738,136345
"1456","nonsyn","rare",15,0.05,0.01,0.001,6,6,0.25,0.25,0.5,0,1,0.00160454566441961,0.0836992901651358,-0.792555008760146,43316
"1457","nonsyn","rare",15,0.05,0.01,0.001,6,6,0.5,0.5,0.5,0,1,0.00116846390420983,0.068012640898707,-0.821195552489397,768012
"1458","nonsyn","rare",15,0.05,0.01,0.001,6,6,0.5,0.5,0.75,0,1,0.00150555988985773,0.0816602096689886,-0.786458585282821,130740
"1459","nonsyn","rare",15,0.05,0.01,0.001,6,6,0.5,0.5,1,0,1,0.000725408834586466,0.0514381400248582,-0.866048221722284,63840
"1460","nonsyn","rare",15,0.05,0.01,0.001,6,6,0.75,0.75,0.5,0,1,0.00109306955025805,0.0641845921776208,-0.826285240028127,12207
"1461","nonsyn","rare",15,0.05,0.01,0.001,6,6,1,1,0.5,0,1,0.00101840714645194,0.0645742611865731,-0.822390186117509,7948
"1462","nonsyn","rare",15,0.05,0.01,0.001,6,6.5,0.5,0.5,0.5,0,1,0.00106765147518364,0.0629853938765126,-0.844474740674943,24641
"1463","nonsyn","rare",15,0.05,0.01,0.001,6,7,0.5,0.5,0.5,0,1,0.00100710216483099,0.0646604028266555,-0.853860720766342,2633
"1464","nonsyn","rare",15,0.05,0.01,0.001,6.5,6,0.5,0.5,0.5,0,1,0.00121149277863814,0.0752680228389154,-0.790766564264891,146579
"1465","nonsyn","rare",15,0.05,0.01,0.001,7,6,0.5,0.5,0.5,0,1,0.00113850570621871,0.0773620535920991,-0.770414156351042,126441
"1466","nonsyn","rare",15,0.05,0.01,0.005,6,5.5,0.5,0.5,0.5,0,1,0.000534565240761916,0.047136617608331,-0.844196216917705,204642
"1467","nonsyn","rare",15,0.05,0.01,0.005,6,6,0.5,0.5,0.5,0,1,0.000518848849748382,0.0492581827926904,-0.849105527454858,22256
"1468","nonsyn","rare",15,0.05,0.01,0.005,6,6.5,0.5,0.5,0.5,0,1,0.000421304103428893,0.043262320504662,-0.88380330785038,1779
"1469","nonsyn","rare",15,0.05,0.01,0.005,6,7,0.5,0.5,0.5,0,1,-3.79310344827586e-05,0.0282690663452053,-0.944827586206897,145
"1470","nonsyn","rare",15,0.05,0.01,0.01,6,6.5,0.5,0.5,0.5,0,1,0.000481276595744681,0.0422181283383249,-0.84363873208858,470
"1471","nonsyn","rare",15,0.05,0.01,0.01,6,7,0.5,0.5,0.5,0,1,0.000885714285714286,0.0577381011775908,-0.828571428571429,35
"1472","nonsyn","rare",15,0.05,1,0.001,6,6,0.5,0.5,0.5,0,1,0.00116792408702219,0.0674822492946601,-0.824362736983587,205235
"1473","nonsyn","rare",15,0.05,1,0.001,6,6,0.5,0.5,0.75,0,1,0.00151202520968711,0.0814312742775701,-0.789758305884447,148197
"1474","nonsyn","rare",15,0.05,1,0.001,6,6,0.5,0.5,1,0,1,0.00110802109531386,0.0669738410315197,-0.821575160879108,155864
"1475","nonsyn","rare",15,0.05,5,0.001,6,6,0.5,0.5,0.5,0,1,0.00110816175462646,0.0650061720346433,-0.832565017896405,218850
"1476","nonsyn","rare",15,0.05,5,0.001,6,6,0.5,0.5,0.75,0,1,0.00136098084794583,0.0759103872496903,-0.80837378468871,79156
"1477","nonsyn","rare",15,0.05,5,0.001,6,6,0.5,0.5,1,0,1,0.000732545600877474,0.0530405206831294,-0.861259150633556,140403
"1478","nonsyn","rare",15,0.1,0.01,0.001,6,6,0.5,0.5,0.5,0,1,0.00137075026564793,0.0751034296197648,-0.802259938572361,158104
"1479","nonsyn","rare",15,0.2,0.01,0.001,6,6,0.5,0.5,0.5,0,1,0.0015112752668413,0.0807562094510748,-0.786490054967219,204616
"1480","nonsyn","rare",15,0.5,0.01,0.001,6,6,0.5,0.5,0.5,0,1,0.00161462549417673,0.0853315665767536,-0.77327648702295,187180
"1481","nonsyn","rare",50,0,0.01,0.001,6,6,0.5,0.5,0.5,0,1,0.000704288939051919,0.0507812617092551,-0.865660068433711,15062
"1482","nonsyn","rare",50,0.01,0.01,0.001,6,6,0.5,0.5,0.5,0,1,0.000787204491057614,0.0534371423632052,-0.857842043960773,309593
"1483","nonsyn","rare",50,0.05,0.01,0,6,5,0.5,0.5,0.5,0,1,0.00116426980294416,0.180872578664076,-0.344213316541686,64195
"1484","nonsyn","rare",50,0.05,0.01,0,6,6.5,0.5,0.5,0.5,0,1,0.00232562501547375,0.197943816814515,-0.510551887680137,201955
"1485","nonsyn","rare",50,0.05,0.01,0,6,7,0.5,0.5,0.5,0,1,0.00223043946776612,0.194638554312936,-0.522679135173839,21344
"1486","nonsyn","rare",50,0.05,0.01,1e-04,6,5,0.5,0.5,0.5,0,1,0.001324281949544,0.117397246107424,-0.551879449398826,405264
"1487","nonsyn","rare",50,0.05,0.01,1e-04,6,6,0.5,0.5,0.5,0,1,0.00233099474706997,0.144703536072962,-0.624347283766029,447179
"1488","nonsyn","rare",50,0.05,0.01,1e-04,6,6.5,0.5,0.5,0.5,0,1,0.00260451872485299,0.151986423175688,-0.631431644888776,142164
"1489","nonsyn","rare",50,0.05,0.01,1e-04,6,7,0.5,0.5,0.5,0,1,0.00269796954314721,0.15000718497195,-0.643543155577556,16351
"1490","nonsyn","rare",50,0.05,0.01,5e-04,6,5.5,0.5,0.5,0.5,0,1,0.00134874167468105,0.0856361554031421,-0.731010233777273,1002364
"1491","nonsyn","rare",50,0.05,0.01,5e-04,6,6,0.5,0.5,0.5,0,1,0.00159232134892764,0.0859979377536676,-0.772330582262537,461878
"1492","nonsyn","rare",50,0.05,0.01,5e-04,6,6.5,0.5,0.5,0.5,0,1,0.0016785824796153,0.0834923540461543,-0.800334821693111,71745
"1493","nonsyn","rare",50,0.05,0.01,5e-04,6,7,0.5,0.5,0.5,0,1,0.00159723478485593,0.0794793096688417,-0.814603964106979,7739
"1494","nonsyn","rare",50,0.05,0.01,0.001,5,6,0.5,0.5,0.5,0,1,0.000548798467025461,0.0429618148328721,-0.86766623214569,327207
"1495","nonsyn","rare",50,0.05,0.01,0.001,6,6,0,0,0.5,0,1,0.0039959831617386,0.152368421702616,-0.638192834137079,197170
"1496","nonsyn","rare",50,0.05,0.01,0.001,6,6,0.25,0.25,0.5,0,1,0.00149286373281668,0.0784205711309397,-0.800776575258775,65034
"1497","nonsyn","rare",50,0.05,0.01,0.001,6,6,0.5,0.5,0.5,0,1,0.00114202331036454,0.0666469423816351,-0.822964093014177,1147644
"1498","nonsyn","rare",50,0.05,0.01,0.001,6,6,0.5,0.5,0.75,0,1,0.00143075540587166,0.0790307190923731,-0.788941429590357,194187
"1499","nonsyn","rare",50,0.05,0.01,0.001,6,6,0.5,0.5,1,0,1,0.000704685299989492,0.0507556491566645,-0.866204152130473,95170
"1500","nonsyn","rare",50,0.05,0.01,0.001,6,6,0.75,0.75,0.5,0,1,0.000957884951881015,0.0603075945569991,-0.828836346182076,18288
"1501","nonsyn","rare",50,0.05,0.01,0.001,6,6,1,1,0.5,0,1,0.000842860748843079,0.0560439152150626,-0.83812499839507,11885
"1502","nonsyn","rare",50,0.05,0.01,0.001,6,6.5,0.5,0.5,0.5,0,1,0.000986640258295576,0.0604216945505898,-0.849285019935053,36857
"1503","nonsyn","rare",50,0.05,0.01,0.001,6,7,0.5,0.5,0.5,0,1,0.000810902451747522,0.0557754465275028,-0.870448533585249,3834
"1504","nonsyn","rare",50,0.05,0.01,0.001,6.5,6,0.5,0.5,0.5,0,1,0.00120187756404412,0.074866879813482,-0.79133089304775,219380
"1505","nonsyn","rare",50,0.05,0.01,0.001,7,6,0.5,0.5,0.5,0,1,0.00117202046706901,0.0771735888733731,-0.769600984339658,190550
"1506","nonsyn","rare",50,0.05,0.01,0.005,6,5.5,0.5,0.5,0.5,0,1,0.000548780519603274,0.0472531109000531,-0.84332975761122,306811
"1507","nonsyn","rare",50,0.05,0.01,0.005,6,6,0.5,0.5,0.5,0,1,0.000567671636407358,0.0501508794673265,-0.843946974752039,33268
"1508","nonsyn","rare",50,0.05,0.01,0.005,6,6.5,0.5,0.5,0.5,0,1,0.000443179255918828,0.0449864992857734,-0.87401732519554,2661
"1509","nonsyn","rare",50,0.05,0.01,0.005,6,7,0.5,0.5,0.5,0,1,0.00059792531120332,0.0490322936629396,-0.892116182572614,241
"1510","nonsyn","rare",50,0.05,0.01,0.01,6,6.5,0.5,0.5,0.5,0,1,-7.43119266055046e-05,0.0384638228230385,-0.876802096985583,763
"1511","nonsyn","rare",50,0.05,0.01,0.01,6,7,0.5,0.5,0.5,0,1,-0.000307407407407407,0.0192719812381458,-0.925925925925926,54
"1512","nonsyn","rare",50,0.05,1,0.001,6,6,0.5,0.5,0.5,0,1,0.0011532184712834,0.0668837254305838,-0.823561535130269,305642
"1513","nonsyn","rare",50,0.05,1,0.001,6,6,0.5,0.5,0.75,0,1,0.00143709999501904,0.0782024115700287,-0.794255469507867,220841
"1514","nonsyn","rare",50,0.05,1,0.001,6,6,0.5,0.5,1,0,1,0.00109039837181942,0.0657771142583279,-0.82328928797849,232898
"1515","nonsyn","rare",50,0.05,5,0.001,6,6,0.5,0.5,0.5,0,1,0.00104915738072072,0.0632706110379679,-0.835502763390054,326838
"1516","nonsyn","rare",50,0.05,5,0.001,6,6,0.5,0.5,0.75,0,1,0.00138662886641561,0.0744371327131178,-0.8070409310233,118165
"1517","nonsyn","rare",50,0.05,5,0.001,6,6,0.5,0.5,1,0,1,0.000750119057783343,0.052236567900281,-0.861390012614642,210822
"1518","nonsyn","rare",50,0.1,0.01,0.001,6,6,0.5,0.5,0.5,0,1,0.00132700254465833,0.0728411258493655,-0.804160602679311,236574
"1519","nonsyn","rare",50,0.2,0.01,0.001,6,6,0.5,0.5,0.5,0,1,0.00144372812154443,0.0776000126320657,-0.791057241849563,305666
"1520","nonsyn","rare",50,0.5,0.01,0.001,6,6,0.5,0.5,0.5,0,1,0.00160940147805182,0.0839754977987719,-0.773625082356759,280775
"1521","nonsyn","rare",100,0,0.01,0.001,6,6,0.5,0.5,0.5,0,1,0.000721992824069434,0.0498946066531712,-0.864112217857197,49889
"1522","nonsyn","rare",100,0.01,0.01,0.001,6,6,0.5,0.5,0.5,0,1,0.000750866248708072,0.051610386114055,-0.859566658329115,1027534
"1523","nonsyn","rare",100,0.05,0.01,0,6,5,0.5,0.5,0.5,0,1,0.000855635883510626,0.128767071002816,-0.361945182930932,200705
"1524","nonsyn","rare",100,0.05,0.01,0,6,6.5,0.5,0.5,0.5,0,1,0.00199177132794567,0.142917815998167,-0.554980160542601,636020
"1525","nonsyn","rare",100,0.05,0.01,0,6,7,0.5,0.5,0.5,0,1,0.00199093584725252,0.142656736631094,-0.568531765430093,66934
"1526","nonsyn","rare",100,0.05,0.01,1e-04,6,5,0.5,0.5,0.5,0,1,0.00119077986108068,0.0942043355879462,-0.564465736202142,1323646
"1527","nonsyn","rare",100,0.05,0.01,1e-04,6,6,0.5,0.5,0.5,0,1,0.00203451546474642,0.11532291705169,-0.649989745206705,1442733
"1528","nonsyn","rare",100,0.05,0.01,1e-04,6,6.5,0.5,0.5,0.5,0,1,0.00225751538332157,0.119205620598595,-0.662357602936679,457801
"1529","nonsyn","rare",100,0.05,0.01,1e-04,6,7,0.5,0.5,0.5,0,1,0.00230097218319753,0.120401670727807,-0.672908058980362,53385
"1530","nonsyn","rare",100,0.05,0.01,5e-04,6,5.5,0.5,0.5,0.5,0,1,0.0012654990895096,0.0766700764419062,-0.737836325287221,3303165
"1531","nonsyn","rare",100,0.05,0.01,5e-04,6,6,0.5,0.5,0.5,0,1,0.00147201674881374,0.0778693934865451,-0.779733310043562,1523690
"1532","nonsyn","rare",100,0.05,0.01,5e-04,6,6.5,0.5,0.5,0.5,0,1,0.00149537622553678,0.0749208059075098,-0.810838797327778,236733
"1533","nonsyn","rare",100,0.05,0.01,5e-04,6,7,0.5,0.5,0.5,0,1,0.00153157213969349,0.0749073726607399,-0.819113347889135,25513
"1534","nonsyn","rare",100,0.05,0.01,0.001,5,6,0.5,0.5,0.5,0,1,0.000354959806352733,0.0339362696442146,-0.874243733568108,1081141
"1535","nonsyn","rare",100,0.05,0.01,0.001,6,6,0,0,0.5,0,1,0.0028300104499173,0.111690810428565,-0.70341825178663,630627
"1536","nonsyn","rare",100,0.05,0.01,0.001,6,6,0.25,0.25,0.5,0,1,0.00137658001263542,0.0722181921751327,-0.807117997377158,213685
"1537","nonsyn","rare",100,0.05,0.01,0.001,6,6,0.5,0.5,0.5,0,1,0.00108433976968477,0.0629841064238072,-0.82616070961127,3800704
"1538","nonsyn","rare",100,0.05,0.01,0.001,6,6,0.5,0.5,0.75,0,1,0.00140953757449895,0.0756294718773862,-0.789807835735517,643801
"1539","nonsyn","rare",100,0.05,0.01,0.001,6,6,0.5,0.5,1,0,1,0.000654008307078047,0.0481884224963126,-0.870189098811479,317079
"1540","nonsyn","rare",100,0.05,0.01,0.001,6,6,0.75,0.75,0.5,0,1,0.000982433175118661,0.0598059456098104,-0.83039993437939,60045
"1541","nonsyn","rare",100,0.05,0.01,0.001,6,6,1,1,0.5,0,1,0.000872486556742017,0.0572232061793676,-0.840029452429201,39239
"1542","nonsyn","rare",100,0.05,0.01,0.001,6,6.5,0.5,0.5,0.5,0,1,0.00102141532756489,0.0607721915187055,-0.847009771087156,122968
"1543","nonsyn","rare",100,0.05,0.01,0.001,6,7,0.5,0.5,0.5,0,1,0.0010462339064066,0.0621357118609135,-0.850209369492306,12971
"1544","nonsyn","rare",100,0.05,0.01,0.001,6.5,6,0.5,0.5,0.5,0,1,0.00119639497056839,0.0731149069851778,-0.792445941845443,729148
"1545","nonsyn","rare",100,0.05,0.01,0.001,7,6,0.5,0.5,0.5,0,1,0.00118539239119214,0.0773836974835203,-0.768173153823019,629665
"1546","nonsyn","rare",100,0.05,0.01,0.005,6,5.5,0.5,0.5,0.5,0,1,0.000532940095968253,0.0454907318131093,-0.844551984111063,1018045
"1547","nonsyn","rare",100,0.05,0.01,0.005,6,6,0.5,0.5,0.5,0,1,0.000509217447893129,0.0454497957436875,-0.852210558927373,110638
"1548","nonsyn","rare",100,0.05,0.01,0.005,6,6.5,0.5,0.5,0.5,0,1,0.000563980518042949,0.0480315882364862,-0.868139659136866,9034
"1549","nonsyn","rare",100,0.05,0.01,0.005,6,7,0.5,0.5,0.5,0,1,0.00051,0.0412437446039203,-0.889518770471151,810
"1550","nonsyn","rare",100,0.05,0.01,0.01,6,6.5,0.5,0.5,0.5,0,1,0.000439334155363748,0.0484716546480885,-0.844849032787378,2433
"1551","nonsyn","rare",100,0.05,0.01,0.01,6,7,0.5,0.5,0.5,0,1,0.000682065217391304,0.0537175973332565,-0.858695652173913,184
"1552","nonsyn","rare",100,0.05,1,0.001,6,6,0.5,0.5,0.5,0,1,0.00107777323977148,0.062639881408245,-0.829171992757883,1013661
"1553","nonsyn","rare",100,0.05,1,0.001,6,6,0.5,0.5,0.75,0,1,0.00139265897484084,0.0745733463733849,-0.797441219556585,728999
"1554","nonsyn","rare",100,0.05,1,0.001,6,6,0.5,0.5,1,0,1,0.00101740977890359,0.0621940545848432,-0.827724586714334,767448
"1555","nonsyn","rare",100,0.05,5,0.001,6,6,0.5,0.5,0.5,0,1,0.00100002974310089,0.0599097693489365,-0.838824234152791,1082604
"1556","nonsyn","rare",100,0.05,5,0.001,6,6,0.5,0.5,0.75,0,1,0.00129831374422354,0.070498297592613,-0.813166966281266,391459
"1557","nonsyn","rare",100,0.05,5,0.001,6,6,0.5,0.5,1,0,1,0.000683996134456673,0.0495131002367557,-0.864204552984205,697444
"1558","nonsyn","rare",100,0.1,0.01,0.001,6,6,0.5,0.5,0.5,0,1,0.00126411358021539,0.0691929831589316,-0.80749846821422,783235
"1559","nonsyn","rare",100,0.2,0.01,0.001,6,6,0.5,0.5,0.5,0,1,0.00138431542846302,0.07341659803003,-0.793971869017914,1012071
"1560","nonsyn","rare",100,0.5,0.01,0.001,6,6,0.5,0.5,0.5,0,1,0.00153551022522585,0.0791626953908718,-0.776830800073775,926581
"1561","nonsyn","rare",200,0,0.01,0.001,6,6,0.5,0.5,0.5,0,1,0.000570338025588568,0.0439355645987873,-0.872217668868518,98247
"1562","nonsyn","rare",200,0.01,0.01,0.001,6,6,0.5,0.5,0.5,0,1,0.000642071800198356,0.0466118393768808,-0.865287315063721,2025649
"1563","nonsyn","rare",200,0.05,0.01,0,6,5,0.5,0.5,0.5,0,1,0.000744580266108221,0.0878539538386094,-0.370208813770574,378192
"1564","nonsyn","rare",200,0.05,0.01,0,6,6.5,0.5,0.5,0.5,0,1,0.00150245990138502,0.0938070817883402,-0.596588051288417,1205902
"1565","nonsyn","rare",200,0.05,0.01,0,6,7,0.5,0.5,0.5,0,1,0.00154881519921222,0.0945335933390488,-0.601123790430896,127954
"1566","nonsyn","rare",200,0.05,0.01,1e-04,6,5,0.5,0.5,0.5,0,1,0.00102182797208181,0.0692282626136605,-0.579197264296343,2571943
"1567","nonsyn","rare",200,0.05,0.01,1e-04,6,6,0.5,0.5,0.5,0,1,0.00158152957042274,0.0836888116554193,-0.68211269668897,2793281
"1568","nonsyn","rare",200,0.05,0.01,1e-04,6,6.5,0.5,0.5,0.5,0,1,0.00169533369518485,0.0855707414217638,-0.69913733937024,886183
"1569","nonsyn","rare",200,0.05,0.01,1e-04,6,7,0.5,0.5,0.5,0,1,0.00172887977028888,0.0859744716638358,-0.707389640479527,103086
"1570","nonsyn","rare",200,0.05,0.01,5e-04,6,5.5,0.5,0.5,0.5,0,1,0.00109747995813864,0.064286620495005,-0.748972291656908,6483305
"1571","nonsyn","rare",200,0.05,0.01,5e-04,6,6,0.5,0.5,0.5,0,1,0.00124956814412105,0.0661596948355034,-0.792453998852574,2996370
"1572","nonsyn","rare",200,0.05,0.01,5e-04,6,6.5,0.5,0.5,0.5,0,1,0.00130750741623825,0.0663025585024022,-0.818869316956818,467218
"1573","nonsyn","rare",200,0.05,0.01,5e-04,6,7,0.5,0.5,0.5,0,1,0.00134826046214885,0.0670545092472756,-0.823644395564944,50157
"1574","nonsyn","rare",200,0.05,0.01,0.001,5,6,0.5,0.5,0.5,0,1,0.000185794842454138,0.0252738091273668,-0.878599363079557,2134077
"1575","nonsyn","rare",200,0.05,0.01,0.001,6,6,0,0,0.5,0,1,0.00170674430810439,0.0738338741904602,-0.764626585519934,1215588
"1576","nonsyn","rare",200,0.05,0.01,0.001,6,6,0.25,0.25,0.5,0,1,0.00115168908002281,0.0616266874101376,-0.81807287724321,420880
"1577","nonsyn","rare",200,0.05,0.01,0.001,6,6,0.5,0.5,0.5,0,1,0.000974132886400969,0.0572351524707581,-0.83124670210622,7493453
"1578","nonsyn","rare",200,0.05,0.01,0.001,6,6,0.5,0.5,0.75,0,1,0.00126269338087486,0.0678099285331646,-0.798159863873674,1266542
"1579","nonsyn","rare",200,0.05,0.01,0.001,6,6,0.5,0.5,1,0,1,0.000556195295514212,0.0438737895440041,-0.873979353465105,625063
"1580","nonsyn","rare",200,0.05,0.01,0.001,6,6,0.75,0.75,0.5,0,1,0.000901092662473795,0.0557757988423424,-0.832885842176006,119250
"1581","nonsyn","rare",200,0.05,0.01,0.001,6,6,1,1,0.5,0,1,0.000822897160002069,0.0541067207774593,-0.836997730410971,77324
"1582","nonsyn","rare",200,0.05,0.01,0.001,6,6.5,0.5,0.5,0.5,0,1,0.000930963834030447,0.0562307211848696,-0.85086689932991,242189
"1583","nonsyn","rare",200,0.05,0.01,0.001,6,7,0.5,0.5,0.5,0,1,0.000942989543726235,0.056041952177924,-0.856745899082956,25248
"1584","nonsyn","rare",200,0.05,0.01,0.001,6.5,6,0.5,0.5,0.5,0,1,0.00116088951744248,0.0696605963825453,-0.794323492619253,1441051
"1585","nonsyn","rare",200,0.05,0.01,0.001,7,6,0.5,0.5,0.5,0,1,0.00114247496883606,0.0752112166758933,-0.7709927215939,1249842
"1586","nonsyn","rare",200,0.05,0.01,0.005,6,5.5,0.5,0.5,0.5,0,1,0.000503658215855805,0.0431864970236058,-0.846215017870073,2007618
"1587","nonsyn","rare",200,0.05,0.01,0.005,6,6,0.5,0.5,0.5,0,1,0.000488772939575595,0.0430780744981039,-0.851952848544133,217528
"1588","nonsyn","rare",200,0.05,0.01,0.005,6,6.5,0.5,0.5,0.5,0,1,0.000494269435161343,0.0430811588349106,-0.87009998218049,18253
"1589","nonsyn","rare",200,0.05,0.01,0.005,6,7,0.5,0.5,0.5,0,1,0.00065137976346912,0.0491050181666515,-0.882930618606611,1522
"1590","nonsyn","rare",200,0.05,0.01,0.01,6,6.5,0.5,0.5,0.5,0,1,0.000353645833333333,0.0353942536613526,-0.865954129609111,4800
"1591","nonsyn","rare",200,0.05,0.01,0.01,6,7,0.5,0.5,0.5,0,1,0.000481111111111111,0.0437958841343985,-0.896373456790123,360
"1592","nonsyn","rare",200,0.05,1,0.001,6,6,0.5,0.5,0.5,0,1,0.000969550837575936,0.0570629557039344,-0.834192772269932,2002505
"1593","nonsyn","rare",200,0.05,1,0.001,6,6,0.5,0.5,0.75,0,1,0.0012666854229531,0.0675418026624432,-0.804134671430259,1435963
"1594","nonsyn","rare",200,0.05,1,0.001,6,6,0.5,0.5,1,0,1,0.000894761695418351,0.0564636349187248,-0.833841553764919,1512665
"1595","nonsyn","rare",200,0.05,5,0.001,6,6,0.5,0.5,0.5,0,1,0.000881235000758744,0.0545257363854924,-0.844325557867853,2135108
"1596","nonsyn","rare",200,0.05,5,0.001,6,6,0.5,0.5,0.75,0,1,0.00116306840155839,0.0640527473104168,-0.820041183045715,770538
"1597","nonsyn","rare",200,0.05,5,0.001,6,6,0.5,0.5,1,0,1,0.000587980296564342,0.0450631096327028,-0.868857382203453,1382297
"1598","nonsyn","rare",200,0.1,0.01,0.001,6,6,0.5,0.5,0.5,0,1,0.00114594319645639,0.062812568413651,-0.812830320620705,1543284
"1599","nonsyn","rare",200,0.2,0.01,0.001,6,6,0.5,0.5,0.5,0,1,0.0012801722555065,0.0670581395396877,-0.798284572717533,1998775
"1600","nonsyn","rare",200,0.5,0.01,0.001,6,6,0.5,0.5,0.5,0,1,0.00141725776258384,0.0716413451406096,-0.7824204288658,1825874
"1601","nonsyn","rare",300,0,0.01,0.001,6,6,0.5,0.5,0.5,0,1,0.000475886848251178,0.0402315436150205,-0.875978185861535,72363
"1602","nonsyn","rare",300,0.01,0.01,0.001,6,6,0.5,0.5,0.5,0,1,0.000562208747377094,0.0429134962510223,-0.868388760526399,1500244
"1603","nonsyn","rare",300,0.05,0.01,0,6,5,0.5,0.5,0.5,0,1,0.000634513944513217,0.0642973832431524,-0.374888466687701,274660
"1604","nonsyn","rare",300,0.05,0.01,0,6,6.5,0.5,0.5,0.5,0,1,0.0011749834207036,0.0704948025908338,-0.61695373092534,886648
"1605","nonsyn","rare",300,0.05,0.01,0,6,7,0.5,0.5,0.5,0,1,0.00123545562943786,0.0716885814772792,-0.620562213079871,93091
"1606","nonsyn","rare",300,0.05,0.01,1e-04,6,5,0.5,0.5,0.5,0,1,0.00089188890116647,0.0551309919159712,-0.588045712795043,1891433
"1607","nonsyn","rare",300,0.05,0.01,1e-04,6,6,0.5,0.5,0.5,0,1,0.00127857966536634,0.0665736667625288,-0.699924900895429,2047433
"1608","nonsyn","rare",300,0.05,0.01,1e-04,6,6.5,0.5,0.5,0.5,0,1,0.00136032080240648,0.0684173124472379,-0.717601937885761,649247
"1609","nonsyn","rare",300,0.05,0.01,1e-04,6,7,0.5,0.5,0.5,0,1,0.00141158373426481,0.069829009478438,-0.725666503259386,75865
"1610","nonsyn","rare",300,0.05,0.01,5e-04,6,5.5,0.5,0.5,0.5,0,1,0.000960732503410577,0.0557401790953993,-0.756603440457892,4778517
"1611","nonsyn","rare",300,0.05,0.01,5e-04,6,6,0.5,0.5,0.5,0,1,0.00107879995556734,0.058002068632259,-0.80042624155478,2205585
"1612","nonsyn","rare",300,0.05,0.01,5e-04,6,6.5,0.5,0.5,0.5,0,1,0.00112875456920572,0.0585730186052267,-0.826419095223565,345246
"1613","nonsyn","rare",300,0.05,0.01,5e-04,6,7,0.5,0.5,0.5,0,1,0.00108996613604245,0.0569615143329514,-0.838089446308564,37503
"1614","nonsyn","rare",300,0.05,0.01,0.001,5,6,0.5,0.5,0.5,0,1,0.000123828422938432,0.0211267624389565,-0.877678464965814,1578556
"1615","nonsyn","rare",300,0.05,0.01,0.001,6,6,0,0,0.5,0,1,0.00115646381006878,0.0551166305304856,-0.793631978651237,891270
"1616","nonsyn","rare",300,0.05,0.01,0.001,6,6,0.25,0.25,0.5,0,1,0.000996182819787962,0.0543947060987677,-0.825347884976996,310229
"1617","nonsyn","rare",300,0.05,0.01,0.001,6,6,0.5,0.5,0.5,0,1,0.000876802458698061,0.0523506853891343,-0.835350242441748,5543747
"1618","nonsyn","rare",300,0.05,0.01,0.001,6,6,0.5,0.5,0.75,0,1,0.00116542218512038,0.0625108781949548,-0.801537720149697,934365
"1619","nonsyn","rare",300,0.05,0.01,0.001,6,6,0.5,0.5,1,0,1,0.00047064900553335,0.0398516847593442,-0.878734829310868,462107
"1620","nonsyn","rare",300,0.05,0.01,0.001,6,6,0.75,0.75,0.5,0,1,0.000832972653497306,0.0519981613215205,-0.835483013119497,87982
"1621","nonsyn","rare",300,0.05,0.01,0.001,6,6,1,1,0.5,0,1,0.000757387490863527,0.0504878646835287,-0.83934543086433,57462
"1622","nonsyn","rare",300,0.05,0.01,0.001,6,6.5,0.5,0.5,0.5,0,1,0.00084593818082026,0.0519908472186057,-0.853121356420463,178553
"1623","nonsyn","rare",300,0.05,0.01,0.001,6,7,0.5,0.5,0.5,0,1,0.000852390619157006,0.0529383674051505,-0.858559076734704,18719
"1624","nonsyn","rare",300,0.05,0.01,0.001,6.5,6,0.5,0.5,0.5,0,1,0.00111255864738465,0.0664392356758313,-0.797576983053963,1066970
"1625","nonsyn","rare",300,0.05,0.01,0.001,7,6,0.5,0.5,0.5,0,1,0.00113692996088387,0.0737020288492829,-0.772285516384648,927239
"1626","nonsyn","rare",300,0.05,0.01,0.005,6,5.5,0.5,0.5,0.5,0,1,0.00046951154345216,0.0409306186323368,-0.848236834232783,1485864
"1627","nonsyn","rare",300,0.05,0.01,0.005,6,6,0.5,0.5,0.5,0,1,0.000435122773529011,0.0407978910282334,-0.855753038997391,161354
"1628","nonsyn","rare",300,0.05,0.01,0.005,6,6.5,0.5,0.5,0.5,0,1,0.000403505231689088,0.0400999155770034,-0.875199885448095,13380
"1629","nonsyn","rare",300,0.05,0.01,0.005,6,7,0.5,0.5,0.5,0,1,0.00036493848857645,0.0405680443852766,-0.891082113864878,1138
"1630","nonsyn","rare",300,0.05,0.01,0.01,6,6.5,0.5,0.5,0.5,0,1,0.000424640598044854,0.0412742177411135,-0.8479941961094,3478
"1631","nonsyn","rare",300,0.05,0.01,0.01,6,7,0.5,0.5,0.5,0,1,0.000382448979591837,0.0420486037222052,-0.893877551020408,245
"1632","nonsyn","rare",300,0.05,1,0.001,6,6,0.5,0.5,0.5,0,1,0.000873509728985041,0.0523516878110677,-0.838119486286934,1477852
"1633","nonsyn","rare",300,0.05,1,0.001,6,6,0.5,0.5,0.75,0,1,0.00113923514873209,0.0615127712897257,-0.810545860619458,1059657
"1634","nonsyn","rare",300,0.05,1,0.001,6,6,0.5,0.5,1,0,1,0.000782955016551266,0.0511798055432933,-0.839462810541862,1116833
"1635","nonsyn","rare",300,0.05,5,0.001,6,6,0.5,0.5,0.5,0,1,0.000779335500898999,0.0498269336484364,-0.8492042766099,1578422
"1636","nonsyn","rare",300,0.05,5,0.001,6,6,0.5,0.5,0.75,0,1,0.00106571094361527,0.0592157873924079,-0.824565729157133,568505
"1637","nonsyn","rare",300,0.05,5,0.001,6,6,0.5,0.5,1,0,1,0.000508799853712247,0.0411733778747924,-0.8727435953053,1022642
"1638","nonsyn","rare",300,0.1,0.01,0.001,6,6,0.5,0.5,0.5,0,1,0.00102718799474547,0.05682236918636,-0.81847341558338,1142633
"1639","nonsyn","rare",300,0.2,0.01,0.001,6,6,0.5,0.5,0.5,0,1,0.00116233151830701,0.0609860928702838,-0.802465334451453,1475828
"1640","nonsyn","rare",300,0.5,0.01,0.001,6,6,0.5,0.5,0.5,0,1,0.00130366948044192,0.0653225831704616,-0.78650973902165,1348011
"1641","nonsyn","rare",500,0,0.01,0.001,6,6,0.5,0.5,0.5,0,1,0.000417302626076775,0.0368590306029313,-0.877547586462955,191312
"1642","nonsyn","rare",500,0.01,0.01,0.001,6,6,0.5,0.5,0.5,0,1,0.000458830134756687,0.0381389593379835,-0.873460835809618,3921067
"1643","nonsyn","rare",500,0.05,0.01,0,6,5,0.5,0.5,0.5,0,1,0.000522701766725563,0.0464794761708179,-0.379392602135679,708033
"1644","nonsyn","rare",500,0.05,0.01,0,6,6.5,0.5,0.5,0.5,0,1,0.000938428392837414,0.0555220086259945,-0.627550472484064,2298946
"1645","nonsyn","rare",500,0.05,0.01,0,6,7,0.5,0.5,0.5,0,1,0.000961542234018001,0.0552452388191643,-0.633330419256391,242648
"1646","nonsyn","rare",500,0.05,0.01,1e-04,6,5,0.5,0.5,0.5,0,1,0.000756891068803702,0.0446369132308285,-0.59446645214674,4949225
"1647","nonsyn","rare",500,0.05,0.01,1e-04,6,6,0.5,0.5,0.5,0,1,0.00101114623254402,0.053532872010869,-0.712344856956851,5337355
"1648","nonsyn","rare",500,0.05,0.01,1e-04,6,6.5,0.5,0.5,0.5,0,1,0.0010766104333086,0.0548868366545112,-0.731865247784462,1688381
"1649","nonsyn","rare",500,0.05,0.01,1e-04,6,7,0.5,0.5,0.5,0,1,0.00108112206025562,0.0549083298685994,-0.744051844376885,198189
"1650","nonsyn","rare",500,0.05,0.01,5e-04,6,5.5,0.5,0.5,0.5,0,1,0.000817815523916203,0.0478059047350798,-0.763618660467962,12477921
"1651","nonsyn","rare",500,0.05,0.01,5e-04,6,6,0.5,0.5,0.5,0,1,0.000907163843600326,0.0499398544662645,-0.808309472122832,5761879
"1652","nonsyn","rare",500,0.05,0.01,5e-04,6,6.5,0.5,0.5,0.5,0,1,0.00094009309773152,0.0504034941003098,-0.834866759359187,900559
"1653","nonsyn","rare",500,0.05,0.01,5e-04,6,7,0.5,0.5,0.5,0,1,0.00096815585266477,0.0514805752209226,-0.840508291431437,97682
"1654","nonsyn","rare",500,0.05,0.01,0.001,5,6,0.5,0.5,0.5,0,1,7.51638824837494e-05,0.0178464188697851,-0.876332724221454,4140772
"1655","nonsyn","rare",500,0.05,0.01,0.001,6,6,0,0,0.5,0,1,0.00081454366420123,0.0433224131978946,-0.810240369036236,2333731
"1656","nonsyn","rare",500,0.05,0.01,0.001,6,6,0.25,0.25,0.5,0,1,0.000813874390459135,0.0468086363572034,-0.833893951646057,810241
"1657","nonsyn","rare",500,0.05,0.01,0.001,6,6,0.5,0.5,0.5,0,1,0.000762496351199894,0.0467938596761611,-0.840219972936315,14477362
"1658","nonsyn","rare",500,0.05,0.01,0.001,6,6,0.5,0.5,0.75,0,1,0.0010316203565669,0.0558777360755224,-0.807742982383815,2428268
"1659","nonsyn","rare",500,0.05,0.01,0.001,6,6,0.5,0.5,1,0,1,0.000380474306933262,0.0357984565236122,-0.881772712114003,1214277
"1660","nonsyn","rare",500,0.05,0.01,0.001,6,6,0.75,0.75,0.5,0,1,0.000745556883624905,0.047383341372426,-0.840552889018263,230075
"1661","nonsyn","rare",500,0.05,0.01,0.001,6,6,1,1,0.5,0,1,0.000709624961614975,0.0467252335476515,-0.843749346072302,149798
"1662","nonsyn","rare",500,0.05,0.01,0.001,6,6.5,0.5,0.5,0.5,0,1,0.000734293176387178,0.0464649735677729,-0.857584137061277,468271
"1663","nonsyn","rare",500,0.05,0.01,0.001,6,7,0.5,0.5,0.5,0,1,0.000709301994011854,0.0460162922051593,-0.867430215451547,49097
"1664","nonsyn","rare",500,0.05,0.01,0.001,6.5,6,0.5,0.5,0.5,0,1,0.00105400551243775,0.0624503856913529,-0.800034337887289,2790417
"1665","nonsyn","rare",500,0.05,0.01,0.001,7,6,0.5,0.5,0.5,0,1,0.00111662430888672,0.0714801820236408,-0.77361410549112,2426158
"1666","nonsyn","rare",500,0.05,0.01,0.005,6,5.5,0.5,0.5,0.5,0,1,0.000440019643284131,0.0386338589891684,-0.849515775070914,3889370
"1667","nonsyn","rare",500,0.05,0.01,0.005,6,6,0.5,0.5,0.5,0,1,0.000430857802854046,0.0391308942654608,-0.85553624313245,421647
"1668","nonsyn","rare",500,0.05,0.01,0.005,6,6.5,0.5,0.5,0.5,0,1,0.000405048472135609,0.0390299748738908,-0.87764477511066,35278
"1669","nonsyn","rare",500,0.05,0.01,0.005,6,7,0.5,0.5,0.5,0,1,0.000491207697412077,0.0417149862755867,-0.888148085166476,3014
"1670","nonsyn","rare",500,0.05,0.01,0.01,6,6.5,0.5,0.5,0.5,0,1,0.000434764227642276,0.0398590993101404,-0.857415436365719,9225
"1671","nonsyn","rare",500,0.05,0.01,0.01,6,7,0.5,0.5,0.5,0,1,0.000229761904761905,0.0327305561818383,-0.898142833018798,672
"1672","nonsyn","rare",500,0.05,1,0.001,6,6,0.5,0.5,0.5,0,1,0.000757062321976599,0.0468585212983337,-0.843143527715061,3862554
"1673","nonsyn","rare",500,0.05,1,0.001,6,6,0.5,0.5,0.75,0,1,0.00102086016713983,0.0555897785917704,-0.81481828792503,2751349
"1674","nonsyn","rare",500,0.05,1,0.001,6,6,0.5,0.5,1,0,1,0.000671972053594374,0.046125511235198,-0.844812787298885,2902842
"1675","nonsyn","rare",500,0.05,5,0.001,6,6,0.5,0.5,0.5,0,1,0.000677846657675159,0.0449426651230952,-0.853324971284611,4121667
"1676","nonsyn","rare",500,0.05,5,0.001,6,6,0.5,0.5,0.75,0,1,0.000942181960735459,0.0533411197242896,-0.829652939025829,1476956
"1677","nonsyn","rare",500,0.05,5,0.001,6,6,0.5,0.5,1,0,1,0.000414616245815671,0.0369822814250684,-0.87646057237556,2674264
"1678","nonsyn","rare",500,0.1,0.01,0.001,6,6,0.5,0.5,0.5,0,1,0.000916194324656665,0.0509971387055166,-0.822569233435963,2983749
"1679","nonsyn","rare",500,0.2,0.01,0.001,6,6,0.5,0.5,0.5,0,1,0.00105263842735991,0.0548652869289693,-0.806426199413139,3856445
"1680","nonsyn","rare",500,0.5,0.01,0.001,6,6,0.5,0.5,0.5,0,1,0.00118504493663532,0.0586053126703466,-0.789936932867524,3520179
"1681","nonsyn","rare",750,0,0.01,0.001,6,6,0.5,0.5,0.5,0,1,0.00028024458510959,0.0309960254647834,-0.88439860396048,232230
"1682","nonsyn","rare",750,0.01,0.01,0.001,6,6,0.5,0.5,0.5,0,1,0.000354058091638729,0.0332699914770569,-0.877476276854532,4756657
"1683","nonsyn","rare",750,0.05,0.01,0,6,5,0.5,0.5,0.5,0,1,0.000431058244290069,0.0357344625094628,-0.381645777742802,855483
"1684","nonsyn","rare",750,0.05,0.01,0,6,6.5,0.5,0.5,0.5,0,1,0.000729941634534444,0.0433594575916731,-0.636450767947687,2786922
"1685","nonsyn","rare",750,0.05,0.01,0,6,7,0.5,0.5,0.5,0,1,0.000746486625723621,0.043607128940761,-0.643163833003837,295044
"1686","nonsyn","rare",750,0.05,0.01,1e-04,6,5,0.5,0.5,0.5,0,1,0.000622513514765963,0.0360098180456131,-0.601665577116601,6020637
"1687","nonsyn","rare",750,0.05,0.01,1e-04,6,6,0.5,0.5,0.5,0,1,0.000788148602942461,0.0424939768533817,-0.722210268903938,6469347
"1688","nonsyn","rare",750,0.05,0.01,1e-04,6,6.5,0.5,0.5,0.5,0,1,0.000823462897906125,0.0432198923362195,-0.741765967167601,2047782
"1689","nonsyn","rare",750,0.05,0.01,1e-04,6,7,0.5,0.5,0.5,0,1,0.000846902381756686,0.0437126887636489,-0.752541109274452,239781
"1690","nonsyn","rare",750,0.05,0.01,5e-04,6,5.5,0.5,0.5,0.5,0,1,0.000676229334895325,0.040346007711131,-0.769097166012975,15102089
"1691","nonsyn","rare",750,0.05,0.01,5e-04,6,6,0.5,0.5,0.5,0,1,0.000737932780765312,0.0419528741973385,-0.814730476182644,6976396
"1692","nonsyn","rare",750,0.05,0.01,5e-04,6,6.5,0.5,0.5,0.5,0,1,0.000765826902805681,0.0425103726143257,-0.841431787069459,1089076
"1693","nonsyn","rare",750,0.05,0.01,5e-04,6,7,0.5,0.5,0.5,0,1,0.000782914972226684,0.0425387990543835,-0.847415189081164,118279
"1694","nonsyn","rare",750,0.05,0.01,0.001,5,6,0.5,0.5,0.5,0,1,4.18930763534909e-05,0.0153205536142729,-0.874188026050417,5027943
"1695","nonsyn","rare",750,0.05,0.01,0.001,6,6,0,0,0.5,0,1,0.000564577109385941,0.0339049967989799,-0.820099817428374,2841846
"1696","nonsyn","rare",750,0.05,0.01,0.001,6,6,0.25,0.25,0.5,0,1,0.000641026702039726,0.039348593526045,-0.84093894460476,981161
"1697","nonsyn","rare",750,0.05,0.01,0.001,6,6,0.5,0.5,0.5,0,1,0.000645734487939657,0.040918770001139,-0.844374348985754,17526782
"1698","nonsyn","rare",750,0.05,0.01,0.001,6,6,0.5,0.5,0.75,0,1,0.000889404221381268,0.0486968669095896,-0.812780787004847,2920229
"1699","nonsyn","rare",750,0.05,0.01,0.001,6,6,0.5,0.5,1,0,1,0.000288033086165903,0.0314204315590544,-0.885057904392929,1474574
"1700","nonsyn","rare",750,0.05,0.01,0.001,6,6,0.75,0.75,0.5,0,1,0.000639799357570133,0.0417087921027647,-0.843913724931199,278007
"1701","nonsyn","rare",750,0.05,0.01,0.001,6,6,1,1,0.5,0,1,0.000647959419460613,0.0427471337207763,-0.843126449400856,181762
"1702","nonsyn","rare",750,0.05,0.01,0.001,6,6.5,0.5,0.5,0.5,0,1,0.000627651188114276,0.0408235350999229,-0.860775527336868,567538
"1703","nonsyn","rare",750,0.05,0.01,0.001,6,7,0.5,0.5,0.5,0,1,0.000615347209368848,0.0409255442429759,-0.869038489234811,59431
"1704","nonsyn","rare",750,0.05,0.01,0.001,6.5,6,0.5,0.5,0.5,0,1,0.000965381493171049,0.0571546311989599,-0.804072277144656,3387636
"1705","nonsyn","rare",750,0.05,0.01,0.001,7,6,0.5,0.5,0.5,0,1,0.00107490860686935,0.06825459088676,-0.776518289685816,2953176
"1706","nonsyn","rare",750,0.05,0.01,0.005,6,5.5,0.5,0.5,0.5,0,1,0.000384839471454198,0.0355329742100732,-0.8519204919336,4703774
"1707","nonsyn","rare",750,0.05,0.01,0.005,6,6,0.5,0.5,0.5,0,1,0.000381972545117992,0.0362120196235614,-0.857786522010539,511603
"1708","nonsyn","rare",750,0.05,0.01,0.005,6,6.5,0.5,0.5,0.5,0,1,0.000386102697753047,0.036932020447758,-0.879307555293964,42591
"1709","nonsyn","rare",750,0.05,0.01,0.005,6,7,0.5,0.5,0.5,0,1,0.000398001642485628,0.0380251167876227,-0.898933037936218,3653
"1710","nonsyn","rare",750,0.05,0.01,0.01,6,6.5,0.5,0.5,0.5,0,1,0.000299421715863974,0.0348565999755501,-0.862887709744138,11586
"1711","nonsyn","rare",750,0.05,0.01,0.01,6,7,0.5,0.5,0.5,0,1,0.000178371810449575,0.0292353202386446,-0.91219543390676,823
"1712","nonsyn","rare",750,0.05,1,0.001,6,6,0.5,0.5,0.5,0,1,0.000629081534531582,0.0407855360978053,-0.848097619461809,4674547
"1713","nonsyn","rare",750,0.05,1,0.001,6,6,0.5,0.5,0.75,0,1,0.000873589416326984,0.0484904536191118,-0.820805022471755,3308719
"1714","nonsyn","rare",750,0.05,1,0.001,6,6,0.5,0.5,1,0,1,0.000532699554656717,0.0397109240112769,-0.851147381961651,3491913
"1715","nonsyn","rare",750,0.05,5,0.001,6,6,0.5,0.5,0.5,0,1,0.000558889381631748,0.03929901078544,-0.857750229152648,4992462
"1716","nonsyn","rare",750,0.05,5,0.001,6,6,0.5,0.5,0.75,0,1,0.000787262628503394,0.0463276376515084,-0.836591103575188,1780595
"1717","nonsyn","rare",750,0.05,5,0.001,6,6,0.5,0.5,1,0,1,0.000313338086024743,0.0322281821449741,-0.880408372839109,3241672
"1718","nonsyn","rare",750,0.1,0.01,0.001,6,6,0.5,0.5,0.5,0,1,0.000796058015551958,0.0445500740633634,-0.826277941166813,3613307
"1719","nonsyn","rare",750,0.2,0.01,0.001,6,6,0.5,0.5,0.5,0,1,0.000921275061115523,0.0477623359715554,-0.810448815095757,4665345
"1720","nonsyn","rare",750,0.5,0.01,0.001,6,6,0.5,0.5,0.5,0,1,0.00104983261552438,0.0510448568563287,-0.79348937067838,4262044
"1721","nonsyn","rare",1000,0,0.01,0.001,6,6,0.5,0.5,0.5,0,1,0.00023628551548699,0.0281943041095548,-0.884381783320648,225641
"1722","nonsyn","rare",1000,0.01,0.01,0.001,6,6,0.5,0.5,0.5,0,1,0.000273447474210802,0.0295173126953273,-0.880436095644444,4599988
"1723","nonsyn","rare",1000,0.05,0.01,0,6,5,0.5,0.5,0.5,0,1,0.000388149969046947,0.031490841302734,-0.38405310873296,831905
"1724","nonsyn","rare",1000,0.05,0.01,0,6,6.5,0.5,0.5,0.5,0,1,0.000605865490246132,0.036417890839953,-0.639051124622408,2710822
"1725","nonsyn","rare",1000,0.05,0.01,0,6,7,0.5,0.5,0.5,0,1,0.000628839583289664,0.0368059014778079,-0.647216427356649,286242
"1726","nonsyn","rare",1000,0.05,0.01,1e-04,6,5,0.5,0.5,0.5,0,1,0.000536517018536496,0.0310036667101514,-0.605269163329438,5860169
"1727","nonsyn","rare",1000,0.05,0.01,1e-04,6,6,0.5,0.5,0.5,0,1,0.000659032990436934,0.0360947554645887,-0.725928319294566,6280517
"1728","nonsyn","rare",1000,0.05,0.01,1e-04,6,6.5,0.5,0.5,0.5,0,1,0.000686000315696553,0.0366175320286772,-0.746719703983318,1989252
"1729","nonsyn","rare",1000,0.05,0.01,1e-04,6,7,0.5,0.5,0.5,0,1,0.000694285837390667,0.0367867990428545,-0.758834265911495,232090
"1730","nonsyn","rare",1000,0.05,0.01,5e-04,6,5.5,0.5,0.5,0.5,0,1,0.00057461700655461,0.0352503840303316,-0.772477688807336,14608344
"1731","nonsyn","rare",1000,0.05,0.01,5e-04,6,6,0.5,0.5,0.5,0,1,0.000622804327968692,0.0364537010452455,-0.818349850189301,6755779
"1732","nonsyn","rare",1000,0.05,0.01,5e-04,6,6.5,0.5,0.5,0.5,0,1,0.000648124013368413,0.0368628317456568,-0.845405532081745,1054725
"1733","nonsyn","rare",1000,0.05,0.01,5e-04,6,7,0.5,0.5,0.5,0,1,0.000663267056393741,0.0370574319846392,-0.852205673384684,114268
"1734","nonsyn","rare",1000,0.05,0.01,0.001,5,6,0.5,0.5,0.5,0,1,2.61592298807327e-05,0.0139322287889169,-0.872200491712004,4871661
"1735","nonsyn","rare",1000,0.05,0.01,0.001,6,6,0,0,0.5,0,1,0.000416942019012038,0.0281930076606507,-0.825492502242427,2758042
"1736","nonsyn","rare",1000,0.05,0.01,0.001,6,6,0.25,0.25,0.5,0,1,0.000529181152062119,0.0341827082805117,-0.844924232491641,948369
"1737","nonsyn","rare",1000,0.05,0.01,0.001,6,6,0.5,0.5,0.5,0,1,0.000553910573308946,0.0363329644947432,-0.847216496385288,16922621
"1738","nonsyn","rare",1000,0.05,0.01,0.001,6,6,0.5,0.5,0.75,0,1,0.000771953757307781,0.0430138343078657,-0.817397086129748,2807795
"1739","nonsyn","rare",1000,0.05,0.01,0.001,6,6,0.5,0.5,1,0,1,0.000219416597968204,0.0281039351617865,-0.887339440533071,1430163
"1740","nonsyn","rare",1000,0.05,0.01,0.001,6,6,0.75,0.75,0.5,0,1,0.000598380043987779,0.0384576352070883,-0.843609812597471,268711
"1741","nonsyn","rare",1000,0.05,0.01,0.001,6,6,1,1,0.5,0,1,0.000561715090102926,0.0384989008619992,-0.846189750650113,175466
"1742","nonsyn","rare",1000,0.05,0.01,0.001,6,6.5,0.5,0.5,0.5,0,1,0.000555436128295873,0.0367418684655454,-0.862221357422539,548451
"1743","nonsyn","rare",1000,0.05,0.01,0.001,6,7,0.5,0.5,0.5,0,1,0.000515678606809531,0.0354101309266536,-0.87399155917577,57537
"1744","nonsyn","rare",1000,0.05,0.01,0.001,6.5,6,0.5,0.5,0.5,0,1,0.000888637531113045,0.0530250048052005,-0.807764248781566,3274350
"1745","nonsyn","rare",1000,0.05,0.01,0.001,7,6,0.5,0.5,0.5,0,1,0.00104319167104686,0.0655819012388511,-0.778359273969574,2863265
"1746","nonsyn","rare",1000,0.05,0.01,0.005,6,5.5,0.5,0.5,0.5,0,1,0.000344692282486333,0.0331098483566009,-0.853271482106077,4541048
"1747","nonsyn","rare",1000,0.05,0.01,0.005,6,6,0.5,0.5,0.5,0,1,0.000350650751288707,0.0344437400306235,-0.858095549118681,492354
"1748","nonsyn","rare",1000,0.05,0.01,0.005,6,6.5,0.5,0.5,0.5,0,1,0.000361937080413584,0.0357752231329114,-0.880244767730963,40814
"1749","nonsyn","rare",1000,0.05,0.01,0.005,6,7,0.5,0.5,0.5,0,1,0.000354763279445728,0.0375139580979069,-0.90111134775551,3464
"1750","nonsyn","rare",1000,0.05,0.01,0.01,6,6.5,0.5,0.5,0.5,0,1,0.000281987979657882,0.0330815137074925,-0.862023177402949,10815
"1751","nonsyn","rare",1000,0.05,0.01,0.01,6,7,0.5,0.5,0.5,0,1,0.000138480096501809,0.0254481290472717,-0.916804628968596,829
"1752","nonsyn","rare",1000,0.05,1,0.001,6,6,0.5,0.5,0.5,0,1,0.00054430915861294,0.0364467679100349,-0.850697127414366,4517267
"1753","nonsyn","rare",1000,0.05,1,0.001,6,6,0.5,0.5,0.75,0,1,0.000766489012546082,0.043228729339889,-0.82415592959563,3179399
"1754","nonsyn","rare",1000,0.05,1,0.001,6,6,0.5,0.5,1,0,1,0.000428054350899291,0.0350116044093222,-0.855267424001023,3342355
"1755","nonsyn","rare",1000,0.05,5,0.001,6,6,0.5,0.5,0.5,0,1,0.000469081707639719,0.0350381746316598,-0.860937966089602,4826709
"1756","nonsyn","rare",1000,0.05,5,0.001,6,6,0.5,0.5,0.75,0,1,0.000671906561266947,0.0412266494324285,-0.840808699932111,1711453
"1757","nonsyn","rare",1000,0.05,5,0.001,6,6,0.5,0.5,1,0,1,0.000243167127508207,0.0287803834190153,-0.8827183713365,3136653
"1758","nonsyn","rare",1000,0.1,0.01,0.001,6,6,0.5,0.5,0.5,0,1,0.000708043544594824,0.0398255451170792,-0.82863573406127,3493522
"1759","nonsyn","rare",1000,0.2,0.01,0.001,6,6,0.5,0.5,0.5,0,1,0.00083560047011856,0.042775100304917,-0.811776523929026,4513755
"1760","nonsyn","rare",1000,0.5,0.01,0.001,6,6,0.5,0.5,0.5,0,1,0.000965982233995602,0.0458073819323834,-0.794487683466506,4128334
"1761","nonsyn","rare",1500,0,0.01,0.001,6,6,0.5,0.5,0.5,0,1,0.000163406277090241,0.0249279663965432,-0.887023031473607,388747
"1762","nonsyn","rare",1500,0.01,0.01,0.001,6,6,0.5,0.5,0.5,0,1,0.000212993122363483,0.0263092563148777,-0.881775136674819,7904605
"1763","nonsyn","rare",1500,0.05,0.01,0,6,5,0.5,0.5,0.5,0,1,0.000327344718771759,0.0271650299901749,-0.38668389575471,1449161
"1764","nonsyn","rare",1500,0.05,0.01,0,6,6.5,0.5,0.5,0.5,0,1,0.000511075563644866,0.0311889786040407,-0.641857516649983,4678877
"1765","nonsyn","rare",1500,0.05,0.01,0,6,7,0.5,0.5,0.5,0,1,0.000517583623957544,0.0313329876507853,-0.645695284178228,494625
"1766","nonsyn","rare",1500,0.05,0.01,1e-04,6,5,0.5,0.5,0.5,0,1,0.000462872061576375,0.0271253975410894,-0.608054971769629,10138174
"1767","nonsyn","rare",1500,0.05,0.01,1e-04,6,6,0.5,0.5,0.5,0,1,0.000554307108678864,0.0309850131953038,-0.728934214246244,10843562
"1768","nonsyn","rare",1500,0.05,0.01,1e-04,6,6.5,0.5,0.5,0.5,0,1,0.00058067846225169,0.0314731930443579,-0.749172118020799,3431849
"1769","nonsyn","rare",1500,0.05,0.01,1e-04,6,7,0.5,0.5,0.5,0,1,0.000579128300946687,0.0314316486046776,-0.761818286876727,401400
"1770","nonsyn","rare",1500,0.05,0.01,5e-04,6,5.5,0.5,0.5,0.5,0,1,0.000485805676382654,0.030866133753416,-0.77514782429957,25126354
"1771","nonsyn","rare",1500,0.05,0.01,5e-04,6,6,0.5,0.5,0.5,0,1,0.000531549825578789,0.0319718106683897,-0.82052138827772,11622153
"1772","nonsyn","rare",1500,0.05,0.01,5e-04,6,6.5,0.5,0.5,0.5,0,1,0.000552982030950179,0.0320390770020195,-0.847428058185504,1818794
"1773","nonsyn","rare",1500,0.05,0.01,5e-04,6,7,0.5,0.5,0.5,0,1,0.00056354292623942,0.0323959218436111,-0.854814175631129,196826
"1774","nonsyn","rare",1500,0.05,0.01,0.001,5,6,0.5,0.5,0.5,0,1,1.43974860468444e-05,0.0128883670846535,-0.870688131050531,8385200
"1775","nonsyn","rare",1500,0.05,0.01,0.001,6,6,0,0,0.5,0,1,0.000309388913737317,0.0239397634482838,-0.82961128167538,4773385
"1776","nonsyn","rare",1500,0.05,0.01,0.001,6,6,0.25,0.25,0.5,0,1,0.000434412498307454,0.0297602492889746,-0.847267433891244,1632157
"1777","nonsyn","rare",1500,0.05,0.01,0.001,6,6,0.5,0.5,0.5,0,1,0.000478779339958888,0.0323244729286999,-0.848761686364338,29078219
"1778","nonsyn","rare",1500,0.05,0.01,0.001,6,6,0.5,0.5,0.75,0,1,0.000662047147082632,0.0377455952468243,-0.820983052859986,4775778
"1779","nonsyn","rare",1500,0.05,0.01,0.001,6,6,0.5,0.5,1,0,1,0.000165926531022405,0.0250813202319022,-0.887885041713043,2467926
"1780","nonsyn","rare",1500,0.05,0.01,0.001,6,6,0.75,0.75,0.5,0,1,0.000513978729856178,0.0342758398841715,-0.847562901978613,461680
"1781","nonsyn","rare",1500,0.05,0.01,0.001,6,6,1,1,0.5,0,1,0.000517405770488755,0.035212990081211,-0.846204033025552,301153
"1782","nonsyn","rare",1500,0.05,0.01,0.001,6,6.5,0.5,0.5,0.5,0,1,0.000480606500874914,0.0326761177523291,-0.863858852054337,942950
"1783","nonsyn","rare",1500,0.05,0.01,0.001,6,7,0.5,0.5,0.5,0,1,0.000447637632071179,0.0316633088919737,-0.874069202108363,98905
"1784","nonsyn","rare",1500,0.05,0.01,0.001,6.5,6,0.5,0.5,0.5,0,1,0.000812677646076679,0.0487594878257145,-0.810324201729126,5634729
"1785","nonsyn","rare",1500,0.05,0.01,0.001,7,6,0.5,0.5,0.5,0,1,0.00100190378542793,0.0624089163417939,-0.780358764264267,4936113
"1786","nonsyn","rare",1500,0.05,0.01,0.005,6,5.5,0.5,0.5,0.5,0,1,0.000299849907438856,0.0305066548466899,-0.85494432373083,7790526
"1787","nonsyn","rare",1500,0.05,0.01,0.005,6,6,0.5,0.5,0.5,0,1,0.000307798741989278,0.0318590334161095,-0.860080096057179,843713
"1788","nonsyn","rare",1500,0.05,0.01,0.005,6,6.5,0.5,0.5,0.5,0,1,0.000311286298772578,0.0331117008908884,-0.88059996012357,70147
"1789","nonsyn","rare",1500,0.05,0.01,0.005,6,7,0.5,0.5,0.5,0,1,0.00033539733423317,0.0348210304231594,-0.899909316379067,5927
"1790","nonsyn","rare",1500,0.05,0.01,0.01,6,6.5,0.5,0.5,0.5,0,1,0.000267779845785695,0.0320646918982611,-0.866022732761679,18805
"1791","nonsyn","rare",1500,0.05,0.01,0.01,6,7,0.5,0.5,0.5,0,1,0.00040568345323741,0.0387584686258798,-0.883359751870954,1390
"1792","nonsyn","rare",1500,0.05,1,0.001,6,6,0.5,0.5,0.5,0,1,0.000461041256753883,0.0322540640683912,-0.853132120224622,7749616
"1793","nonsyn","rare",1500,0.05,1,0.001,6,6,0.5,0.5,0.75,0,1,0.000655049946331626,0.0380646023485144,-0.828505572285588,5411008
"1794","nonsyn","rare",1500,0.05,1,0.001,6,6,0.5,0.5,1,0,1,0.000320133116086826,0.0303057668792827,-0.859300093863334,5671591
"1795","nonsyn","rare",1500,0.05,5,0.001,6,6,0.5,0.5,0.5,0,1,0.00039249875774284,0.031184153185044,-0.862950921690428,8287334
"1796","nonsyn","rare",1500,0.05,5,0.001,6,6,0.5,0.5,0.75,0,1,0.000572287758707014,0.0365639672399285,-0.844423317102515,2920002
"1797","nonsyn","rare",1500,0.05,5,0.001,6,6,0.5,0.5,1,0,1,0.000178736780884954,0.0255493940257042,-0.884364182557639,5402404
"1798","nonsyn","rare",1500,0.1,0.01,0.001,6,6,0.5,0.5,0.5,0,1,0.000629580932758806,0.0354212745014679,-0.829835099203186,6000994
"1799","nonsyn","rare",1500,0.2,0.01,0.001,6,6,0.5,0.5,0.5,0,1,0.000757439809395775,0.0381431481648998,-0.812157211206523,7753868
"1800","nonsyn","rare",1500,0.5,0.01,0.001,6,6,0.5,0.5,0.5,0,1,0.000894867630591102,0.041038867680394,-0.793870186503798,7099450
"1801","nonsyn","rare",2000,0,0.01,0.001,6,6,0.5,0.5,0.5,0,1,0.00011756473281021,0.0220972194851506,-0.886770492340542,408062
"1802","nonsyn","rare",2000,0.01,0.01,0.001,6,6,0.5,0.5,0.5,0,1,0.000154721751421339,0.0231967530818607,-0.882823005479953,8243636
"1803","nonsyn","rare",2000,0.05,0.01,0,6,5,0.5,0.5,0.5,0,1,0.000282574970647735,0.0235679509464597,-0.393225927516058,1522029
"1804","nonsyn","rare",2000,0.05,0.01,0,6,6.5,0.5,0.5,0.5,0,1,0.000437953244565699,0.0268101917724215,-0.64114247855218,4920412
"1805","nonsyn","rare",2000,0.05,0.01,0,6,7,0.5,0.5,0.5,0,1,0.00043732052628946,0.0271181142554297,-0.646901976039836,519714
"1806","nonsyn","rare",2000,0.05,0.01,1e-04,6,5,0.5,0.5,0.5,0,1,0.000398266522392995,0.0237936981932576,-0.611137818474834,10667689
"1807","nonsyn","rare",2000,0.05,0.01,1e-04,6,6,0.5,0.5,0.5,0,1,0.000473189445186958,0.0269222189902112,-0.73051210769898,11407194
"1808","nonsyn","rare",2000,0.05,0.01,1e-04,6,6.5,0.5,0.5,0.5,0,1,0.000494309242690288,0.0271707207230025,-0.750184010690935,3600997
"1809","nonsyn","rare",2000,0.05,0.01,1e-04,6,7,0.5,0.5,0.5,0,1,0.000510492338268812,0.0274428833953198,-0.760620732561214,421641
"1810","nonsyn","rare",2000,0.05,0.01,5e-04,6,5.5,0.5,0.5,0.5,0,1,0.000407688991881237,0.0270226326609405,-0.777245646532643,26244884
"1811","nonsyn","rare",2000,0.05,0.01,5e-04,6,6,0.5,0.5,0.5,0,1,0.000446951077948737,0.0277975310383801,-0.822697819742042,12142275
"1812","nonsyn","rare",2000,0.05,0.01,5e-04,6,6.5,0.5,0.5,0.5,0,1,0.000464078595173564,0.0279490525738243,-0.849679810527636,1902356
"1813","nonsyn","rare",2000,0.05,0.01,5e-04,6,7,0.5,0.5,0.5,0,1,0.000487500911685622,0.0283790884854505,-0.855207409352202,205663
"1814","nonsyn","rare",2000,0.05,0.01,0.001,5,6,0.5,0.5,0.5,0,1,7.77946837658663e-06,0.0121465273192858,-0.869018978284956,8741150
"1815","nonsyn","rare",2000,0.05,0.01,0.001,6,6,0,0,0.5,0,1,0.0002343387442807,0.0206927852488335,-0.83132143320371,5020501
"1816","nonsyn","rare",2000,0.05,0.01,0.001,6,6,0.25,0.25,0.5,0,1,0.000352121526593595,0.0260193398097934,-0.84927948739859,1709453
"1817","nonsyn","rare",2000,0.05,0.01,0.001,6,6,0.5,0.5,0.5,0,1,0.000404721851668684,0.0284822891099617,-0.850508663350629,30334498
"1818","nonsyn","rare",2000,0.05,0.01,0.001,6,6,0.5,0.5,0.75,0,1,0.00056379227359345,0.0330726311440449,-0.823838347289708,4930235
"1819","nonsyn","rare",2000,0.05,0.01,0.001,6,6,0.5,0.5,1,0,1,0.000119388687949285,0.0224034604793069,-0.888025778862338,2584801
"1820","nonsyn","rare",2000,0.05,0.01,0.001,6,6,0.75,0.75,0.5,0,1,0.000444193765894306,0.0307292707623915,-0.84931240042797,480518
"1821","nonsyn","rare",2000,0.05,0.01,0.001,6,6,1,1,0.5,0,1,0.000463209691074714,0.0319193861445099,-0.845977385924605,314186
"1822","nonsyn","rare",2000,0.05,0.01,0.001,6,6.5,0.5,0.5,0.5,0,1,0.000410525951500741,0.028726591788831,-0.865037560568259,982448
"1823","nonsyn","rare",2000,0.05,0.01,0.001,6,7,0.5,0.5,0.5,0,1,0.000391495826800027,0.0284632418522137,-0.87472294989196,102679
"1824","nonsyn","rare",2000,0.05,0.01,0.001,6.5,6,0.5,0.5,0.5,0,1,0.000727390749929667,0.0442801081270775,-0.813521769895545,5886312
"1825","nonsyn","rare",2000,0.05,0.01,0.001,7,6,0.5,0.5,0.5,0,1,0.000953308511443166,0.0590046073132552,-0.782753356451948,5168019
"1826","nonsyn","rare",2000,0.05,0.01,0.005,6,5.5,0.5,0.5,0.5,0,1,0.000256003724364464,0.0279523097367932,-0.85559306154967,8106618
"1827","nonsyn","rare",2000,0.05,0.01,0.005,6,6,0.5,0.5,0.5,0,1,0.000262263363820099,0.02917629099836,-0.860383552237731,879726
"1828","nonsyn","rare",2000,0.05,0.01,0.005,6,6.5,0.5,0.5,0.5,0,1,0.000297981129743315,0.0323573502418031,-0.878951697906551,72813
"1829","nonsyn","rare",2000,0.05,0.01,0.005,6,7,0.5,0.5,0.5,0,1,0.00037980404551201,0.0359188975670356,-0.893284229747333,6328
"1830","nonsyn","rare",2000,0.05,0.01,0.01,6,6.5,0.5,0.5,0.5,0,1,0.000305721808699175,0.0318029740357161,-0.857738136728617,19749
"1831","nonsyn","rare",2000,0.05,0.01,0.01,6,7,0.5,0.5,0.5,0,1,0.000353475567790778,0.0352316358164165,-0.886094748516192,1453
"1832","nonsyn","rare",2000,0.05,1,0.001,6,6,0.5,0.5,0.5,0,1,0.000388732477177781,0.0284506562287821,-0.854433574199967,8078750
"1833","nonsyn","rare",2000,0.05,1,0.001,6,6,0.5,0.5,0.75,0,1,0.000556627990030766,0.0333855994573072,-0.831225805415097,5579165
"1834","nonsyn","rare",2000,0.05,1,0.001,6,6,0.5,0.5,1,0,1,0.000225488995081507,0.0261305881619354,-0.861830294421345,5807267
"1835","nonsyn","rare",2000,0.05,5,0.001,6,6,0.5,0.5,0.5,0,1,0.000323663017146609,0.0275577515238398,-0.864467796567714,8644333
"1836","nonsyn","rare",2000,0.05,5,0.001,6,6,0.5,0.5,0.75,0,1,0.00047898976294354,0.0321235958098726,-0.847227323470771,3015906
"1837","nonsyn","rare",2000,0.05,5,0.001,6,6,0.5,0.5,1,0,1,0.000125979149041098,0.0226509583670003,-0.884950787439044,5645208
"1838","nonsyn","rare",2000,0.1,0.01,0.001,6,6,0.5,0.5,0.5,0,1,0.000554630301253287,0.0313671611437393,-0.830925007741128,6261774
"1839","nonsyn","rare",2000,0.2,0.01,0.001,6,6,0.5,0.5,0.5,0,1,0.000688091611943499,0.0339258534587501,-0.812531779538132,8105799
"1840","nonsyn","rare",2000,0.5,0.01,0.001,6,6,0.5,0.5,0.5,0,1,0.000828298025169981,0.03663641166564,-0.793176495562899,7418917
"1841","nonsyn","rare",2500,0,0.01,0.001,6,6,0.5,0.5,0.5,0,1,8.49026015148061e-05,0.0205302151583417,-0.887702331926144,78954
"1842","nonsyn","rare",2500,0.01,0.01,0.001,6,6,0.5,0.5,0.5,0,1,0.00013399385184615,0.0218790413346513,-0.882643124026127,1584866
"1843","nonsyn","rare",2500,0.05,0.01,0,6,5,0.5,0.5,0.5,0,1,0.000257786750472084,0.022371421876362,-0.391870964148834,294969
"1844","nonsyn","rare",2500,0.05,0.01,0,6,6.5,0.5,0.5,0.5,0,1,0.000407040563481268,0.02515939485359,-0.642172014291184,948390
"1845","nonsyn","rare",2500,0.05,0.01,0,6,7,0.5,0.5,0.5,0,1,0.000439949766273634,0.0254949359076193,-0.646317898967511,100331
"1846","nonsyn","rare",2500,0.05,0.01,1e-04,6,5,0.5,0.5,0.5,0,1,0.000364249324504495,0.0222646819121356,-0.612964793125151,2058859
"1847","nonsyn","rare",2500,0.05,0.01,1e-04,6,6,0.5,0.5,0.5,0,1,0.000438485088418636,0.0252924705633548,-0.730219259911788,2196313
"1848","nonsyn","rare",2500,0.05,0.01,1e-04,6,6.5,0.5,0.5,0.5,0,1,0.000462146477430935,0.0253613750980285,-0.748426087687617,695288
"1849","nonsyn","rare",2500,0.05,0.01,1e-04,6,7,0.5,0.5,0.5,0,1,0.000460332655112397,0.0252061207468365,-0.764013183571715,81586
"1850","nonsyn","rare",2500,0.05,0.01,5e-04,6,5.5,0.5,0.5,0.5,0,1,0.000371478146131886,0.0252374454446173,-0.778233722886569,5048946
"1851","nonsyn","rare",2500,0.05,0.01,5e-04,6,6,0.5,0.5,0.5,0,1,0.000412185127567161,0.0260078866567863,-0.822455574164146,2335946
"1852","nonsyn","rare",2500,0.05,0.01,5e-04,6,6.5,0.5,0.5,0.5,0,1,0.000441462319427864,0.0263320899777897,-0.848869368223477,365228
"1853","nonsyn","rare",2500,0.05,0.01,5e-04,6,7,0.5,0.5,0.5,0,1,0.000459585190437601,0.0267194614022406,-0.853787991524356,39488
"1854","nonsyn","rare",2500,0.05,0.01,0.001,5,6,0.5,0.5,0.5,0,1,2.00121093901462e-06,0.0118042067371835,-0.868695772374876,1676385
"1855","nonsyn","rare",2500,0.05,0.01,0.001,6,6,0,0,0.5,0,1,0.000198422636631061,0.0193162860937888,-0.830961318568275,971558
"1856","nonsyn","rare",2500,0.05,0.01,0.001,6,6,0.25,0.25,0.5,0,1,0.000323276865617345,0.0243482858828423,-0.850153480000538,329864
"1857","nonsyn","rare",2500,0.05,0.01,0.001,6,6,0.5,0.5,0.5,0,1,0.000367448494017802,0.0265704335546412,-0.851403392511984,5823110
"1858","nonsyn","rare",2500,0.05,0.01,0.001,6,6,0.5,0.5,0.75,0,1,0.000510558999599772,0.0307726114757651,-0.826213322570189,939464
"1859","nonsyn","rare",2500,0.05,0.01,0.001,6,6,0.5,0.5,1,0,1,9.47653814008808e-05,0.0209439261074684,-0.88821506009498,497744
"1860","nonsyn","rare",2500,0.05,0.01,0.001,6,6,0.75,0.75,0.5,0,1,0.000431181898019147,0.0291664607984174,-0.84624309403664,92233
"1861","nonsyn","rare",2500,0.05,0.01,0.001,6,6,1,1,0.5,0,1,0.000431752645502646,0.0303923726099681,-0.848435725266673,60480
"1862","nonsyn","rare",2500,0.05,0.01,0.001,6,6.5,0.5,0.5,0.5,0,1,0.000387489531321227,0.027373997258113,-0.86488989018869,188658
"1863","nonsyn","rare",2500,0.05,0.01,0.001,6,7,0.5,0.5,0.5,0,1,0.000385138312240508,0.0272477459123544,-0.873048926743705,19991
"1864","nonsyn","rare",2500,0.05,0.01,0.001,6.5,6,0.5,0.5,0.5,0,1,0.000692169629043538,0.0422494704083052,-0.813892329377247,1132424
"1865","nonsyn","rare",2500,0.05,0.01,0.001,7,6,0.5,0.5,0.5,0,1,0.000906606899063444,0.056687598585851,-0.785323256187192,993961
"1866","nonsyn","rare",2500,0.05,0.01,0.005,6,5.5,0.5,0.5,0.5,0,1,0.000234277013040745,0.0266211881924677,-0.855741357788938,1554129
"1867","nonsyn","rare",2500,0.05,0.01,0.005,6,6,0.5,0.5,0.5,0,1,0.000231698783443425,0.0276106939188265,-0.861486136360363,168344
"1868","nonsyn","rare",2500,0.05,0.01,0.005,6,6.5,0.5,0.5,0.5,0,1,0.000255118843069874,0.0285802492994596,-0.881762439508804,13968
"1869","nonsyn","rare",2500,0.05,0.01,0.005,6,7,0.5,0.5,0.5,0,1,0.000136282467532468,0.0227299570155661,-0.914787048717156,1232
"1870","nonsyn","rare",2500,0.05,0.01,0.01,6,6.5,0.5,0.5,0.5,0,1,0.000178613177470776,0.0280089734996698,-0.868294588743947,3764
"1871","nonsyn","rare",2500,0.05,0.01,0.01,6,7,0.5,0.5,0.5,0,1,0.000243493150684931,0.032738523036252,-0.898165641870883,292
"1872","nonsyn","rare",2500,0.05,1,0.001,6,6,0.5,0.5,0.5,0,1,0.000354336725660583,0.0266740397286651,-0.855433167145796,1553211
"1873","nonsyn","rare",2500,0.05,1,0.001,6,6,0.5,0.5,0.75,0,1,0.000498947617558304,0.0309887618296188,-0.833058110272794,1064727
"1874","nonsyn","rare",2500,0.05,1,0.001,6,6,0.5,0.5,1,0,1,0.000184527668389271,0.0242230921903793,-0.862525482309077,1102594
"1875","nonsyn","rare",2500,0.05,5,0.001,6,6,0.5,0.5,0.5,0,1,0.000289574881590251,0.0258821568372991,-0.865312030269605,1659914
"1876","nonsyn","rare",2500,0.05,5,0.001,6,6,0.5,0.5,0.75,0,1,0.000437141422111304,0.0298744795476322,-0.847650875486192,575398
"1877","nonsyn","rare",2500,0.05,5,0.001,6,6,0.5,0.5,1,0,1,9.86178245784803e-05,0.0212243728510464,-0.885514382559915,1084884
"1878","nonsyn","rare",2500,0.1,0.01,0.001,6,6,0.5,0.5,0.5,0,1,0.000523101976956818,0.0293812614858477,-0.831277433844924,1204174
"1879","nonsyn","rare",2500,0.2,0.01,0.001,6,6,0.5,0.5,0.5,0,1,0.000657181007241627,0.0319673863839296,-0.812531312336336,1554761
"1880","nonsyn","rare",2500,0.5,0.01,0.001,6,6,0.5,0.5,0.5,0,1,0.000799657600031408,0.0345259114849363,-0.79220573275877,1426402
"1881","nonsyn","rare",3000,0,0.01,0.001,6,6,0.5,0.5,0.5,0,1,7.55597163997038e-05,0.0196402563529513,-0.887162713704742,375458
"1882","nonsyn","rare",3000,0.01,0.01,0.001,6,6,0.5,0.5,0.5,0,1,0.00011010620547434,0.0207628953295771,-0.883099131389325,7605446
"1883","nonsyn","rare",3000,0.05,0.01,0,6,5,0.5,0.5,0.5,0,1,0.000247868454476535,0.0209102887246264,-0.390559185323167,1421926
"1884","nonsyn","rare",3000,0.05,0.01,0,6,6.5,0.5,0.5,0.5,0,1,0.000374183737707243,0.023578381752246,-0.642465321470368,4570069
"1885","nonsyn","rare",3000,0.05,0.01,0,6,7,0.5,0.5,0.5,0,1,0.000374051454277837,0.0236809648133952,-0.647185526077993,482370
"1886","nonsyn","rare",3000,0.05,0.01,1e-04,6,5,0.5,0.5,0.5,0,1,0.000344327674147787,0.0212517882139419,-0.612982317202847,9938886
"1887","nonsyn","rare",3000,0.05,0.01,1e-04,6,6,0.5,0.5,0.5,0,1,0.000406843021831701,0.0236585467760294,-0.731246654444783,10577783
"1888","nonsyn","rare",3000,0.05,0.01,1e-04,6,6.5,0.5,0.5,0.5,0,1,0.000423616959384601,0.0239870427357112,-0.751071726304995,3341442
"1889","nonsyn","rare",3000,0.05,0.01,1e-04,6,7,0.5,0.5,0.5,0,1,0.000437666952579341,0.0238786403517612,-0.76284252217975,391728
"1890","nonsyn","rare",3000,0.05,0.01,5e-04,6,5.5,0.5,0.5,0.5,0,1,0.000343357168505252,0.0238728952679485,-0.778752150035677,24256870
"1891","nonsyn","rare",3000,0.05,0.01,5e-04,6,6,0.5,0.5,0.5,0,1,0.000383052406119353,0.0245939840742409,-0.823417715833497,11221056
"1892","nonsyn","rare",3000,0.05,0.01,5e-04,6,6.5,0.5,0.5,0.5,0,1,0.000398868703433236,0.024622498722379,-0.850926805137206,1756215
"1893","nonsyn","rare",3000,0.05,0.01,5e-04,6,7,0.5,0.5,0.5,0,1,0.00039961391179936,0.0244933610008755,-0.858519448554298,190112
"1894","nonsyn","rare",3000,0.05,0.01,0.001,5,6,0.5,0.5,0.5,0,1,5.41027722883507e-06,0.0116191098792036,-0.867466326822291,8029071
"1895","nonsyn","rare",3000,0.05,0.01,0.001,6,6,0,0,0.5,0,1,0.000171928170896067,0.018331606475007,-0.83265434617797,4679663
"1896","nonsyn","rare",3000,0.05,0.01,0.001,6,6,0.25,0.25,0.5,0,1,0.000286110010771743,0.0227749302503779,-0.851404063091063,1582845
"1897","nonsyn","rare",3000,0.05,0.01,0.001,6,6,0.5,0.5,0.5,0,1,0.000341923364793235,0.025244595721206,-0.851788069534649,27941283
"1898","nonsyn","rare",3000,0.05,0.01,0.001,6,6,0.5,0.5,0.75,0,1,0.000467517007940384,0.028880963278446,-0.826938635586741,4484670
"1899","nonsyn","rare",3000,0.05,0.01,0.001,6,6,0.5,0.5,1,0,1,8.01361142464379e-05,0.0200295424937231,-0.887884976303339,2394753
"1900","nonsyn","rare",3000,0.05,0.01,0.001,6,6,0.75,0.75,0.5,0,1,0.000387740295623437,0.0274474528912685,-0.849367473236088,442996
"1901","nonsyn","rare",3000,0.05,0.01,0.001,6,6,1,1,0.5,0,1,0.000391780116473983,0.0283414039926783,-0.848366886755778,289335
"1902","nonsyn","rare",3000,0.05,0.01,0.001,6,6.5,0.5,0.5,0.5,0,1,0.000357202407600856,0.0258073607296543,-0.866297519061423,904635
"1903","nonsyn","rare",3000,0.05,0.01,0.001,6,7,0.5,0.5,0.5,0,1,0.000356195530198949,0.0259458902937408,-0.873758588893891,95351
"1904","nonsyn","rare",3000,0.05,0.01,0.001,6.5,6,0.5,0.5,0.5,0,1,0.000653004550433279,0.0402785947124927,-0.815940038066124,5433109
"1905","nonsyn","rare",3000,0.05,0.01,0.001,7,6,0.5,0.5,0.5,0,1,0.00089094867803896,0.0552732300805786,-0.7857566356172,4773590
"1906","nonsyn","rare",3000,0.05,0.01,0.005,6,5.5,0.5,0.5,0.5,0,1,0.00021471480659987,0.0255661346345419,-0.856202576588455,7441722
"1907","nonsyn","rare",3000,0.05,0.01,0.005,6,6,0.5,0.5,0.5,0,1,0.000225990409708372,0.0269001818919864,-0.860163027444188,806232
"1908","nonsyn","rare",3000,0.05,0.01,0.005,6,6.5,0.5,0.5,0.5,0,1,0.000264841455597132,0.0296726987809512,-0.879964372870627,67079
"1909","nonsyn","rare",3000,0.05,0.01,0.005,6,7,0.5,0.5,0.5,0,1,0.000339239847275252,0.0325350999225769,-0.893032022349908,5762
"1910","nonsyn","rare",3000,0.05,0.01,0.01,6,6.5,0.5,0.5,0.5,0,1,0.000268623903508772,0.0307485441801476,-0.859271308781239,18240
"1911","nonsyn","rare",3000,0.05,0.01,0.01,6,7,0.5,0.5,0.5,0,1,0.000107221006564551,0.0277217507997407,-0.912093076239216,1371
"1912","nonsyn","rare",3000,0.05,1,0.001,6,6,0.5,0.5,0.5,0,1,0.000328397322565536,0.0253136107622594,-0.855628137738587,7440705
"1913","nonsyn","rare",3000,0.05,1,0.001,6,6,0.5,0.5,0.75,0,1,0.000456533876231062,0.0290735726031501,-0.834957637017219,5074989
"1914","nonsyn","rare",3000,0.05,1,0.001,6,6,0.5,0.5,1,0,1,0.000155289276995241,0.0228576609602404,-0.862569965242356,5233617
"1915","nonsyn","rare",3000,0.05,5,0.001,6,6,0.5,0.5,0.5,0,1,0.000263629948399479,0.0244889317758608,-0.865551528691722,7961160
"1916","nonsyn","rare",3000,0.05,5,0.001,6,6,0.5,0.5,0.75,0,1,0.000404741827261124,0.0284128470527802,-0.849017099245991,2749109
"1917","nonsyn","rare",3000,0.05,5,0.001,6,6,0.5,0.5,1,0,1,8.59900989148733e-05,0.0203453332057304,-0.885218308701527,5209530
"1918","nonsyn","rare",3000,0.1,0.01,0.001,6,6,0.5,0.5,0.5,0,1,0.000495494625617388,0.0279715295199815,-0.831490017252527,5777966
"1919","nonsyn","rare",3000,0.2,0.01,0.001,6,6,0.5,0.5,0.5,0,1,0.00062783010202928,0.0303185890854821,-0.812699539671497,7474227
"1920","nonsyn","rare",3000,0.5,0.01,0.001,6,6,0.5,0.5,0.5,0,1,0.000777556654316546,0.0330696343585759,-0.791940444573337,6854994
"1921","nonsyn","rare",3500,0,0.01,0.001,6,6,0.5,0.5,0.5,0,1,6.94579175049728e-05,0.0186115405916624,-0.885631964705991,350906
"1922","nonsyn","rare",3500,0.01,0.01,0.001,6,6,0.5,0.5,0.5,0,1,8.5947209302719e-05,0.0192995510458787,-0.883072225868191,7094356
"1923","nonsyn","rare",3500,0.05,0.01,0,6,5,0.5,0.5,0.5,0,1,0.000217799828165228,0.0196923335968166,-0.394869217330004,1339659
"1924","nonsyn","rare",3500,0.05,0.01,0,6,6.5,0.5,0.5,0.5,0,1,0.000338767289111328,0.0217932230574338,-0.642193950370742,4274222
"1925","nonsyn","rare",3500,0.05,0.01,0,6,7,0.5,0.5,0.5,0,1,0.000330319236246357,0.0217346277307518,-0.650170442262972,450826
"1926","nonsyn","rare",3500,0.05,0.01,1e-04,6,5,0.5,0.5,0.5,0,1,0.000307664657123108,0.019787733069493,-0.614239908459739,9307918
"1927","nonsyn","rare",3500,0.05,0.01,1e-04,6,6,0.5,0.5,0.5,0,1,0.000368223889062577,0.0218828952202067,-0.732263931533496,9899635
"1928","nonsyn","rare",3500,0.05,0.01,1e-04,6,6.5,0.5,0.5,0.5,0,1,0.00038215993745609,0.0220627027127966,-0.752564357262163,3129961
"1929","nonsyn","rare",3500,0.05,0.01,1e-04,6,7,0.5,0.5,0.5,0,1,0.000389723109545657,0.0221394734641236,-0.763759829617832,365957
"1930","nonsyn","rare",3500,0.05,0.01,5e-04,6,5.5,0.5,0.5,0.5,0,1,0.000302964369111209,0.0220061268209409,-0.779467862198444,22668702
"1931","nonsyn","rare",3500,0.05,0.01,5e-04,6,6,0.5,0.5,0.5,0,1,0.000339871892545658,0.0226806422061092,-0.824711843474664,10482294
"1932","nonsyn","rare",3500,0.05,0.01,5e-04,6,6.5,0.5,0.5,0.5,0,1,0.000360645580451938,0.0227865439348924,-0.85160242248213,1640756
"1933","nonsyn","rare",3500,0.05,0.01,5e-04,6,7,0.5,0.5,0.5,0,1,0.000372861953241137,0.022905861578094,-0.857742239415946,177592
"1934","nonsyn","rare",3500,0.05,0.01,0.001,5,6,0.5,0.5,0.5,0,1,3.26213470194998e-06,0.0113619354176311,-0.866674307959783,7446351
"1935","nonsyn","rare",3500,0.05,0.01,0.001,6,6,0,0,0.5,0,1,0.000137122596252979,0.0168773773927221,-0.833366039469868,4389033
"1936","nonsyn","rare",3500,0.05,0.01,0.001,6,6,0.25,0.25,0.5,0,1,0.000252894779798686,0.0212112648086379,-0.851732351610521,1476399
"1937","nonsyn","rare",3500,0.05,0.01,0.001,6,6,0.5,0.5,0.5,0,1,0.000302866816445122,0.0233197959599603,-0.852618803643003,26047360
"1938","nonsyn","rare",3500,0.05,0.01,0.001,6,6,0.5,0.5,0.75,0,1,0.000400855091393261,0.0261892731588107,-0.829425190096064,4145054
"1939","nonsyn","rare",3500,0.05,0.01,0.001,6,6,0.5,0.5,1,0,1,6.26249869938951e-05,0.0187971546523571,-0.887021440783892,2239333
"1940","nonsyn","rare",3500,0.05,0.01,0.001,6,6,0.75,0.75,0.5,0,1,0.000361294376222059,0.0257684672702707,-0.848807829419116,412214
"1941","nonsyn","rare",3500,0.05,0.01,0.001,6,6,1,1,0.5,0,1,0.000378582273958736,0.0268653055621266,-0.846509866320989,268712
"1942","nonsyn","rare",3500,0.05,0.01,0.001,6,6.5,0.5,0.5,0.5,0,1,0.000310893979967221,0.0236601422115538,-0.867125481073478,843218
"1943","nonsyn","rare",3500,0.05,0.01,0.001,6,7,0.5,0.5,0.5,0,1,0.000300109557478145,0.0236215379206047,-0.874916771488619,88538
"1944","nonsyn","rare",3500,0.05,0.01,0.001,6.5,6,0.5,0.5,0.5,0,1,0.000596009301106756,0.0374287064365962,-0.817971090578056,5067784
"1945","nonsyn","rare",3500,0.05,0.01,0.001,7,6,0.5,0.5,0.5,0,1,0.000847897642361128,0.0526307729734771,-0.788047432200353,4454499
"1946","nonsyn","rare",3500,0.05,0.01,0.005,6,5.5,0.5,0.5,0.5,0,1,0.000185368829622629,0.023971521640154,-0.856856107733786,6932781
"1947","nonsyn","rare",3500,0.05,0.01,0.005,6,6,0.5,0.5,0.5,0,1,0.000212741142453597,0.0256618902775171,-0.860299918894462,750490
"1948","nonsyn","rare",3500,0.05,0.01,0.005,6,6.5,0.5,0.5,0.5,0,1,0.000238429626307443,0.0278160304157039,-0.881062414489256,62431
"1949","nonsyn","rare",3500,0.05,0.01,0.005,6,7,0.5,0.5,0.5,0,1,0.00021718721123637,0.0278074713868312,-0.905662119389854,5411
"1950","nonsyn","rare",3500,0.05,0.01,0.01,6,6.5,0.5,0.5,0.5,0,1,0.000221987428913499,0.0285737067457089,-0.858557940566614,16705
"1951","nonsyn","rare",3500,0.05,0.01,0.01,6,7,0.5,0.5,0.5,0,1,0.000257544141252006,0.0329840340994738,-0.897861452189495,1246
"1952","nonsyn","rare",3500,0.05,1,0.001,6,6,0.5,0.5,0.5,0,1,0.000283908240331234,0.0232335704054009,-0.856971563234266,6937209
"1953","nonsyn","rare",3500,0.05,1,0.001,6,6,0.5,0.5,0.75,0,1,0.000397716731494609,0.0265268018428784,-0.837200353845786,4689593
"1954","nonsyn","rare",3500,0.05,1,0.001,6,6,0.5,0.5,1,0,1,0.000114139637076247,0.0209939418818481,-0.862543293658812,4800788
"1955","nonsyn","rare",3500,0.05,5,0.001,6,6,0.5,0.5,0.5,0,1,0.000230443359543801,0.0227069652753809,-0.865975375513125,7416757
"1956","nonsyn","rare",3500,0.05,5,0.001,6,6,0.5,0.5,0.75,0,1,0.000345626765079785,0.0258571118406239,-0.850692156731419,2546273
"1957","nonsyn","rare",3500,0.05,5,0.001,6,6,0.5,0.5,1,0,1,6.61362030279174e-05,0.018946990543153,-0.884618112276552,4863607
"1958","nonsyn","rare",3500,0.1,0.01,0.001,6,6,0.5,0.5,0.5,0,1,0.000457746592239776,0.025892371385649,-0.831674808438013,5391958
"1959","nonsyn","rare",3500,0.2,0.01,0.001,6,6,0.5,0.5,0.5,0,1,0.000595817386569618,0.0282652091355746,-0.812199984843148,6977121
"1960","nonsyn","rare",3500,0.5,0.01,0.001,6,6,0.5,0.5,0.5,0,1,0.000745971157680763,0.0310307731034165,-0.791139789918658,6399208
"1961","nonsyn","rare",4000,0,0.01,0.001,6,6,0.5,0.5,0.5,0,1,5.34414977555116e-05,0.0175886744488788,-0.88467935860584,326355
"1962","nonsyn","rare",4000,0.01,0.01,0.001,6,6,0.5,0.5,0.5,0,1,6.92465478832415e-05,0.0182288542056568,-0.882696588451996,6595084
"1963","nonsyn","rare",4000,0.05,0.01,0,6,5,0.5,0.5,0.5,0,1,0.000201318750145916,0.0189691153045311,-0.394915921353249,1242161
"1964","nonsyn","rare",4000,0.05,0.01,0,6,6.5,0.5,0.5,0.5,0,1,0.00030879136542607,0.0204319172388056,-0.643500466632247,3984910
"1965","nonsyn","rare",4000,0.05,0.01,0,6,7,0.5,0.5,0.5,0,1,0.000305148520974663,0.0204221927458108,-0.650545993928608,420412
"1966","nonsyn","rare",4000,0.05,0.01,1e-04,6,5,0.5,0.5,0.5,0,1,0.000284643941144688,0.018793230865936,-0.613735899648952,8667289
"1967","nonsyn","rare",4000,0.05,0.01,1e-04,6,6,0.5,0.5,0.5,0,1,0.000334187419747777,0.0204989693963721,-0.73313916772109,9222486
"1968","nonsyn","rare",4000,0.05,0.01,1e-04,6,6.5,0.5,0.5,0.5,0,1,0.000342879196146552,0.0205433746853961,-0.754181794788591,2909187
"1969","nonsyn","rare",4000,0.05,0.01,1e-04,6,7,0.5,0.5,0.5,0,1,0.000357767071527344,0.0206209129323657,-0.765950732488263,340611
"1970","nonsyn","rare",4000,0.05,0.01,5e-04,6,5.5,0.5,0.5,0.5,0,1,0.000273346840045641,0.0206466797132986,-0.78041813652438,21141587
"1971","nonsyn","rare",4000,0.05,0.01,5e-04,6,6,0.5,0.5,0.5,0,1,0.000306458802758063,0.0212246562212317,-0.825957644635762,9760617
"1972","nonsyn","rare",4000,0.05,0.01,5e-04,6,6.5,0.5,0.5,0.5,0,1,0.000324118035132499,0.0212759922213601,-0.852919726761081,1526393
"1973","nonsyn","rare",4000,0.05,0.01,5e-04,6,7,0.5,0.5,0.5,0,1,0.000330824746013102,0.0213241303556374,-0.859825359561225,165166
"1974","nonsyn","rare",4000,0.05,0.01,0.001,5,6,0.5,0.5,0.5,0,1,1.65998227182234e-06,0.0111461352989574,-0.866221353338197,6881700
"1975","nonsyn","rare",4000,0.05,0.01,0.001,6,6,0,0,0.5,0,1,0.000116220007517953,0.0160124915987721,-0.833209556054264,4096860
"1976","nonsyn","rare",4000,0.05,0.01,0.001,6,6,0.25,0.25,0.5,0,1,0.000211857987889876,0.0195628226071699,-0.853694562275466,1373066
"1977","nonsyn","rare",4000,0.05,0.01,0.001,6,6,0.5,0.5,0.5,0,1,0.000271988637264108,0.0218364806115428,-0.853554153809146,24229728
"1978","nonsyn","rare",4000,0.05,0.01,0.001,6,6,0.5,0.5,0.75,0,1,0.000344273298610424,0.0240331240667193,-0.83244753010876,3839156
"1979","nonsyn","rare",4000,0.05,0.01,0.001,6,6,0.5,0.5,1,0,1,5.14746425072801e-05,0.0177217735135879,-0.886014949437908,2088574
"1980","nonsyn","rare",4000,0.05,0.01,0.001,6,6,0.75,0.75,0.5,0,1,0.000323803327083208,0.0240969586430658,-0.850576809952177,383459
"1981","nonsyn","rare",4000,0.05,0.01,0.001,6,6,1,1,0.5,0,1,0.000336640895186218,0.0249749106244152,-0.848828440659346,250406
"1982","nonsyn","rare",4000,0.05,0.01,0.001,6,6.5,0.5,0.5,0.5,0,1,0.000268470511285899,0.0218202562129004,-0.869115661236951,782791
"1983","nonsyn","rare",4000,0.05,0.01,0.001,6,7,0.5,0.5,0.5,0,1,0.000281325703733401,0.0222230886082538,-0.874620184465661,82311
"1984","nonsyn","rare",4000,0.05,0.01,0.001,6.5,6,0.5,0.5,0.5,0,1,0.000560190647226211,0.0353886650377828,-0.819133928104875,4710795
"1985","nonsyn","rare",4000,0.05,0.01,0.001,7,6,0.5,0.5,0.5,0,1,0.000820632178410587,0.0508764170923675,-0.789056948659965,4139844
"1986","nonsyn","rare",4000,0.05,0.01,0.005,6,5.5,0.5,0.5,0.5,0,1,0.000165767934625589,0.0227859897834924,-0.856986217061417,6441297
"1987","nonsyn","rare",4000,0.05,0.01,0.005,6,6,0.5,0.5,0.5,0,1,0.000176872860737115,0.0239983912533151,-0.861565981771461,699131
"1988","nonsyn","rare",4000,0.05,0.01,0.005,6,6.5,0.5,0.5,0.5,0,1,0.000218042650024997,0.0262621094117673,-0.880499391790185,58007
"1989","nonsyn","rare",4000,0.05,0.01,0.005,6,7,0.5,0.5,0.5,0,1,0.00024275548527377,0.0272309217339425,-0.897405173021158,5059
"1990","nonsyn","rare",4000,0.05,0.01,0.01,6,6.5,0.5,0.5,0.5,0,1,0.000237228992944195,0.028782805347947,-0.852989526801748,15590
"1991","nonsyn","rare",4000,0.05,0.01,0.01,6,7,0.5,0.5,0.5,0,1,0.000244072398190045,0.0305511094278696,-0.894282325045159,1105
"1992","nonsyn","rare",4000,0.05,1,0.001,6,6,0.5,0.5,0.5,0,1,0.000252472524960082,0.0217612427166658,-0.858073683986974,6451401
"1993","nonsyn","rare",4000,0.05,1,0.001,6,6,0.5,0.5,0.75,0,1,0.000340062749492068,0.0243358449025774,-0.8403903394743,4344577
"1994","nonsyn","rare",4000,0.05,1,0.001,6,6,0.5,0.5,1,0,1,8.88305424632697e-05,0.0196518385983066,-0.861735210390833,4416723
"1995","nonsyn","rare",4000,0.05,5,0.001,6,6,0.5,0.5,0.5,0,1,0.000206509854140224,0.0213561639744198,-0.865775298800403,6896898
"1996","nonsyn","rare",4000,0.05,5,0.001,6,6,0.5,0.5,0.75,0,1,0.000299534591562587,0.0238708783911578,-0.852314171329014,2360937
"1997","nonsyn","rare",4000,0.05,5,0.001,6,6,0.5,0.5,1,0,1,5.26563973315204e-05,0.0179138345968043,-0.883838879123724,4523175
"1998","nonsyn","rare",4000,0.1,0.01,0.001,6,6,0.5,0.5,0.5,0,1,0.000425978125399002,0.0243651921575419,-0.832575170214274,5020343
"1999","nonsyn","rare",4000,0.2,0.01,0.001,6,6,0.5,0.5,0.5,0,1,0.0005635683944057,0.026575487700725,-0.812468749767726,6496255
"2000","nonsyn","rare",4000,0.5,0.01,0.001,6,6,0.5,0.5,0.5,0,1,0.000724332491342001,0.029395189656178,-0.790375003380357,5953743
"2001","nonsyn","rare",4500,0,0.01,0.001,6,6,0.5,0.5,0.5,0,1,4.84837129803109e-05,0.0169709809517125,-0.883349969231838,304230
"2002","nonsyn","rare",4500,0.01,0.01,0.001,6,6,0.5,0.5,0.5,0,1,5.82060899332608e-05,0.0174087076461788,-0.882147088268346,6107062
"2003","nonsyn","rare",4500,0.05,0.01,0,6,5,0.5,0.5,0.5,0,1,0.000189320381660984,0.017800647077493,-0.395568760397247,1161240
"2004","nonsyn","rare",4500,0.05,0.01,0,6,6.5,0.5,0.5,0.5,0,1,0.000276522710842622,0.0192363305938739,-0.644667587367687,3687798
"2005","nonsyn","rare",4500,0.05,0.01,0,6,7,0.5,0.5,0.5,0,1,0.00029015128889072,0.0195358508083267,-0.650975416370185,388396
"2006","nonsyn","rare",4500,0.05,0.01,1e-04,6,5,0.5,0.5,0.5,0,1,0.000250368273615676,0.0176205534063889,-0.61514182994207,8015915
"2007","nonsyn","rare",4500,0.05,0.01,1e-04,6,6,0.5,0.5,0.5,0,1,0.000304429748587411,0.0194443944293865,-0.734995862194835,8533622
"2008","nonsyn","rare",4500,0.05,0.01,1e-04,6,6.5,0.5,0.5,0.5,0,1,0.000314092639297124,0.0194721214653458,-0.755121252213292,2693846
"2009","nonsyn","rare",4500,0.05,0.01,1e-04,6,7,0.5,0.5,0.5,0,1,0.000324722887742959,0.0196981699983476,-0.768470818466556,315125
"2010","nonsyn","rare",4500,0.05,0.01,5e-04,6,5.5,0.5,0.5,0.5,0,1,0.00024291747979075,0.0194878153474391,-0.782108804785861,19635687
"2011","nonsyn","rare",4500,0.05,0.01,5e-04,6,6,0.5,0.5,0.5,0,1,0.000278381114109874,0.0200464092156616,-0.827398871149084,9053362
"2012","nonsyn","rare",4500,0.05,0.01,5e-04,6,6.5,0.5,0.5,0.5,0,1,0.000294110252667073,0.0201445299422553,-0.854532124175896,1415222
"2013","nonsyn","rare",4500,0.05,0.01,5e-04,6,7,0.5,0.5,0.5,0,1,0.000295882752051774,0.0203031175003155,-0.861464345523973,153282
"2014","nonsyn","rare",4500,0.05,0.01,0.001,5,6,0.5,0.5,0.5,0,1,-1.08469280816228e-06,0.0109920857149214,-0.865998409827342,6350185
"2015","nonsyn","rare",4500,0.05,0.01,0.001,6,6,0,0,0.5,0,1,9.74038352558936e-05,0.0152755347701827,-0.833833861330751,3811584
"2016","nonsyn","rare",4500,0.05,0.01,0.001,6,6,0.25,0.25,0.5,0,1,0.000194037984553836,0.0187230887001016,-0.853540287210461,1276045
"2017","nonsyn","rare",4500,0.05,0.01,0.001,6,6,0.5,0.5,0.5,0,1,0.000241874704459558,0.0205957046831317,-0.854921017616561,22488462
"2018","nonsyn","rare",4500,0.05,0.01,0.001,6,6,0.5,0.5,0.75,0,1,0.000296865096566548,0.0223428358767502,-0.835641853151405,3561896
"2019","nonsyn","rare",4500,0.05,0.01,0.001,6,6,0.5,0.5,1,0,1,4.58690933946795e-05,0.0169942329522085,-0.885109008779227,1936984
"2020","nonsyn","rare",4500,0.05,0.01,0.001,6,6,0.75,0.75,0.5,0,1,0.000298861707886979,0.0228044194684378,-0.851229295396238,356499
"2021","nonsyn","rare",4500,0.05,0.01,0.001,6,6,1,1,0.5,0,1,0.0003143887411635,0.0238868010760218,-0.847755624740244,231285
"2022","nonsyn","rare",4500,0.05,0.01,0.001,6,6.5,0.5,0.5,0.5,0,1,0.000252665078961998,0.0209328572820514,-0.869509807339205,728515
"2023","nonsyn","rare",4500,0.05,0.01,0.001,6,7,0.5,0.5,0.5,0,1,0.000282474159017385,0.0216221812828258,-0.873133087306575,76042
"2024","nonsyn","rare",4500,0.05,0.01,0.001,6.5,6,0.5,0.5,0.5,0,1,0.000522423861588227,0.033481904055937,-0.820607044267844,4373154
"2025","nonsyn","rare",4500,0.05,0.01,0.001,7,6,0.5,0.5,0.5,0,1,0.000792769061667769,0.0491024487995639,-0.790271533481413,3840207
"2026","nonsyn","rare",4500,0.05,0.01,0.005,6,5.5,0.5,0.5,0.5,0,1,0.00014485470404528,0.0216831802817331,-0.857520097067944,5979141
"2027","nonsyn","rare",4500,0.05,0.01,0.005,6,6,0.5,0.5,0.5,0,1,0.000162576225750213,0.0229028771491669,-0.86159147667652,647583
"2028","nonsyn","rare",4500,0.05,0.01,0.005,6,6.5,0.5,0.5,0.5,0,1,0.000180510702910895,0.0249601813852273,-0.882556004759966,54004
"2029","nonsyn","rare",4500,0.05,0.01,0.005,6,7,0.5,0.5,0.5,0,1,0.000262128222075347,0.0276745280365422,-0.892663340022832,4539
"2030","nonsyn","rare",4500,0.05,0.01,0.01,6,6.5,0.5,0.5,0.5,0,1,0.000232468780019212,0.0286946156773724,-0.857599931457624,14574
"2031","nonsyn","rare",4500,0.05,0.01,0.01,6,7,0.5,0.5,0.5,0,1,0.000187996219281663,0.0282667208822777,-0.8942988763754,1058
"2032","nonsyn","rare",4500,0.05,1,0.001,6,6,0.5,0.5,0.5,0,1,0.000233911405574002,0.0207224859383894,-0.857925052989829,5981663
"2033","nonsyn","rare",4500,0.05,1,0.001,6,6,0.5,0.5,0.75,0,1,0.000298006208797824,0.0226962873929455,-0.842432092631262,4028155
"2034","nonsyn","rare",4500,0.05,1,0.001,6,6,0.5,0.5,1,0,1,6.98899207350005e-05,0.0186378829433426,-0.861176855482654,4086419
"2035","nonsyn","rare",4500,0.05,5,0.001,6,6,0.5,0.5,0.5,0,1,0.000182645762248682,0.0201572186802946,-0.866218732216218,6403750
"2036","nonsyn","rare",4500,0.05,5,0.001,6,6,0.5,0.5,0.75,0,1,0.000256843787298054,0.0221626604435515,-0.854738579532999,2188452
"2037","nonsyn","rare",4500,0.05,5,0.001,6,6,0.5,0.5,1,0,1,4.2043960625384e-05,0.0171565139220702,-0.88358938021505,4192752
"2038","nonsyn","rare",4500,0.1,0.01,0.001,6,6,0.5,0.5,0.5,0,1,0.000392479756954725,0.0229483182040592,-0.834092460066369,4660860
"2039","nonsyn","rare",4500,0.2,0.01,0.001,6,6,0.5,0.5,0.5,0,1,0.000536106223145137,0.0251940184464654,-0.813399497949893,6021023
"2040","nonsyn","rare",4500,0.5,0.01,0.001,6,6,0.5,0.5,0.5,0,1,0.000704116249735744,0.0280738584989341,-0.790076630518524,5520219
"2041","nonsyn","rare",5000,0,0.01,0.001,6,6,0.5,0.5,0.5,0,1,5.40014697383723e-05,0.0164650193774485,-0.881199863679146,280322
"2042","nonsyn","rare",5000,0.01,0.01,0.001,6,6,0.5,0.5,0.5,0,1,4.82772363454519e-05,0.0166829048868555,-0.88163853582841,5663168
"2043","nonsyn","rare",5000,0.05,0.01,0,6,5,0.5,0.5,0.5,0,1,0.00016404964401996,0.0165873365756614,-0.398770628248512,1061155
"2044","nonsyn","rare",5000,0.05,0.01,0,6,6.5,0.5,0.5,0.5,0,1,0.000257641952592975,0.0183314257982469,-0.647633803632561,3387557
"2045","nonsyn","rare",5000,0.05,0.01,0,6,7,0.5,0.5,0.5,0,1,0.000262692159393807,0.0183289013284463,-0.655383714793682,357906
"2046","nonsyn","rare",5000,0.05,0.01,1e-04,6,5,0.5,0.5,0.5,0,1,0.000229234664613734,0.0169498376789472,-0.619190951486744,7336496
"2047","nonsyn","rare",5000,0.05,0.01,1e-04,6,6,0.5,0.5,0.5,0,1,0.000271371168101051,0.018365677645721,-0.738280687651124,7840760
"2048","nonsyn","rare",5000,0.05,0.01,1e-04,6,6.5,0.5,0.5,0.5,0,1,0.000282764876530221,0.0185127684423476,-0.758242266536129,2476031
"2049","nonsyn","rare",5000,0.05,0.01,1e-04,6,7,0.5,0.5,0.5,0,1,0.000301867317968408,0.0186876458896284,-0.769543864881276,289881
"2050","nonsyn","rare",5000,0.05,0.01,5e-04,6,5.5,0.5,0.5,0.5,0,1,0.000218678299219061,0.0185845640951084,-0.783792867664406,18130730
"2051","nonsyn","rare",5000,0.05,0.01,5e-04,6,6,0.5,0.5,0.5,0,1,0.000248297689792844,0.0189641941627161,-0.829237630729465,8352238
"2052","nonsyn","rare",5000,0.05,0.01,5e-04,6,6.5,0.5,0.5,0.5,0,1,0.000271385617697332,0.0192499787154832,-0.855281887726792,1304061
"2053","nonsyn","rare",5000,0.05,0.01,5e-04,6,7,0.5,0.5,0.5,0,1,0.000277007865176423,0.0196236675098712,-0.862891998603029,142527
"2054","nonsyn","rare",5000,0.05,0.01,0.001,5,6,0.5,0.5,0.5,0,1,-1.79248480993379e-07,0.0109136590360697,-0.865482706795678,5873411
"2055","nonsyn","rare",5000,0.05,0.01,0.001,6,6,0,0,0.5,0,1,8.42451671845888e-05,0.0146616697308487,-0.834142544824514,3506962
"2056","nonsyn","rare",5000,0.05,0.01,0.001,6,6,0.25,0.25,0.5,0,1,0.000158829284144745,0.0176037827337993,-0.856086647997044,1175503
"2057","nonsyn","rare",5000,0.05,0.01,0.001,6,6,0.5,0.5,0.5,0,1,0.000216825967625996,0.0195671337085858,-0.856351581937576,20811760
"2058","nonsyn","rare",5000,0.05,0.01,0.001,6,6,0.5,0.5,0.75,0,1,0.000251996921082678,0.0208697818564158,-0.838915374060415,3314152
"2059","nonsyn","rare",5000,0.05,0.01,0.001,6,6,0.5,0.5,1,0,1,3.63803872194486e-05,0.0163459039319711,-0.884307523608954,1783898
"2060","nonsyn","rare",5000,0.05,0.01,0.001,6,6,0.75,0.75,0.5,0,1,0.000257826616417598,0.0214197544550737,-0.854186934618684,329293
"2061","nonsyn","rare",5000,0.05,0.01,0.001,6,6,1,1,0.5,0,1,0.00029850065825894,0.0226692669673794,-0.849029449372743,214961
"2062","nonsyn","rare",5000,0.05,0.01,0.001,6,6.5,0.5,0.5,0.5,0,1,0.000229589788468196,0.0197441400470123,-0.869937767962033,673043
"2063","nonsyn","rare",5000,0.05,0.01,0.001,6,7,0.5,0.5,0.5,0,1,0.000221868537771503,0.0199704574942771,-0.877926995026747,70119
"2064","nonsyn","rare",5000,0.05,0.01,0.001,6.5,6,0.5,0.5,0.5,0,1,0.000492828470133267,0.031911672047423,-0.821823586160352,4035443
"2065","nonsyn","rare",5000,0.05,0.01,0.001,7,6,0.5,0.5,0.5,0,1,0.000760803216485051,0.0472929751580861,-0.791558788682287,3536780
"2066","nonsyn","rare",5000,0.05,0.01,0.005,6,5.5,0.5,0.5,0.5,0,1,0.000131904241998865,0.0208380497228168,-0.857590767532777,5539464
"2067","nonsyn","rare",5000,0.05,0.01,0.005,6,6,0.5,0.5,0.5,0,1,0.000149902332395414,0.0221719454226827,-0.861215734782607,602042
"2068","nonsyn","rare",5000,0.05,0.01,0.005,6,6.5,0.5,0.5,0.5,0,1,0.000161249825080463,0.0237319556277445,-0.884059013095326,50023
"2069","nonsyn","rare",5000,0.05,0.01,0.005,6,7,0.5,0.5,0.5,0,1,0.000107217694994179,0.0227002950342501,-0.911135950702141,4295
"2070","nonsyn","rare",5000,0.05,0.01,0.01,6,6.5,0.5,0.5,0.5,0,1,0.000163799123393507,0.0251016086538952,-0.863857629160629,13461
"2071","nonsyn","rare",5000,0.05,0.01,0.01,6,7,0.5,0.5,0.5,0,1,0.000193211752786221,0.030783449187485,-0.888609117512795,987
"2072","nonsyn","rare",5000,0.05,1,0.001,6,6,0.5,0.5,0.5,0,1,0.000201324869973715,0.0194958603854351,-0.860025222669497,5543110
"2073","nonsyn","rare",5000,0.05,1,0.001,6,6,0.5,0.5,0.75,0,1,0.000257186383097208,0.0212817463844546,-0.845481363016555,3749487
"2074","nonsyn","rare",5000,0.05,1,0.001,6,6,0.5,0.5,1,0,1,5.2773569439245e-05,0.0177447739934909,-0.86182159739628,3817157
"2075","nonsyn","rare",5000,0.05,5,0.001,6,6,0.5,0.5,0.5,0,1,0.000164444058806327,0.0192449213125208,-0.866617458192669,5929566
"2076","nonsyn","rare",5000,0.05,5,0.001,6,6,0.5,0.5,0.75,0,1,0.000220444442046921,0.0206754171900897,-0.856783345924722,2039141
"2077","nonsyn","rare",5000,0.05,5,0.001,6,6,0.5,0.5,1,0,1,3.75876301831115e-05,0.0166082972197963,-0.882395820906755,3882224
"2078","nonsyn","rare",5000,0.1,0.01,0.001,6,6,0.5,0.5,0.5,0,1,0.000368878884899209,0.0218871005435003,-0.834972036866813,4308059
"2079","nonsyn","rare",5000,0.2,0.01,0.001,6,6,0.5,0.5,0.5,0,1,0.000514117629515552,0.0241377720225959,-0.813910523080921,5566069
"2080","nonsyn","rare",5000,0.5,0.01,0.001,6,6,0.5,0.5,0.5,0,1,0.000685069402974976,0.0269811498366289,-0.790230834903659,5099133
"2081","nonsyn","rare",7500,0,0.01,0.001,6,6,0.5,0.5,0.5,0,1,2.47685880457636e-05,0.0154425382539318,-0.882788096467887,256361
"2082","nonsyn","rare",7500,0.01,0.01,0.001,6,6,0.5,0.5,0.5,0,1,4.08589553321485e-05,0.0161449784146989,-0.88130741747854,5224742
"2083","nonsyn","rare",7500,0.05,0.01,0,6,5,0.5,0.5,0.5,0,1,0.00015966553181154,0.0157364771824978,-0.399405818919522,955188
"2084","nonsyn","rare",7500,0.05,0.01,0,6,6.5,0.5,0.5,0.5,0,1,0.000230113025476318,0.0175011537150949,-0.651333300615965,3071166
"2085","nonsyn","rare",7500,0.05,0.01,0,6,7,0.5,0.5,0.5,0,1,0.000228600505766977,0.0177005878978984,-0.658402847806991,324260
"2086","nonsyn","rare",7500,0.05,0.01,1e-04,6,5,0.5,0.5,0.5,0,1,0.000215157496299825,0.0164731504024654,-0.622911335340557,6625362
"2087","nonsyn","rare",7500,0.05,0.01,1e-04,6,6,0.5,0.5,0.5,0,1,0.00024564566026738,0.0175769106910878,-0.740546002521632,7147203
"2088","nonsyn","rare",7500,0.05,0.01,1e-04,6,6.5,0.5,0.5,0.5,0,1,0.000255554605232254,0.0177366589264465,-0.761896865815032,2256542
"2089","nonsyn","rare",7500,0.05,0.01,1e-04,6,7,0.5,0.5,0.5,0,1,0.000263050250113688,0.0177414487514053,-0.773448000681828,263880
"2090","nonsyn","rare",7500,0.05,0.01,5e-04,6,5.5,0.5,0.5,0.5,0,1,0.000196356526639955,0.0177936064406972,-0.78645942825156,16659131
"2091","nonsyn","rare",7500,0.05,0.01,5e-04,6,6,0.5,0.5,0.5,0,1,0.00022643928549038,0.0182223144768418,-0.831154065854606,7672227
"2092","nonsyn","rare",7500,0.05,0.01,5e-04,6,6.5,0.5,0.5,0.5,0,1,0.000234289711450494,0.0181748168129969,-0.857989729538912,1197992
"2093","nonsyn","rare",7500,0.05,0.01,5e-04,6,7,0.5,0.5,0.5,0,1,0.000220306220833815,0.0178723012391503,-0.866794042326648,129645
"2094","nonsyn","rare",7500,0.05,0.01,0.001,5,6,0.5,0.5,0.5,0,1,-9.65943888710647e-07,0.0108323513965019,-0.865805600949947,5486240
"2095","nonsyn","rare",7500,0.05,0.01,0.001,6,6,0,0,0.5,0,1,5.97599896977129e-05,0.0140993489537906,-0.836699251194728,3152698
"2096","nonsyn","rare",7500,0.05,0.01,0.001,6,6,0.25,0.25,0.5,0,1,0.000142743952712972,0.0168841140285343,-0.857327648597047,1075813
"2097","nonsyn","rare",7500,0.05,0.01,0.001,6,6,0.5,0.5,0.5,0,1,0.000192233007941171,0.0186740614559886,-0.85790886873887,19224495
"2098","nonsyn","rare",7500,0.05,0.01,0.001,6,6,0.5,0.5,0.75,0,1,0.000216528116606076,0.0196910291854172,-0.843446100644515,3115721
"2099","nonsyn","rare",7500,0.05,0.01,0.001,6,6,0.5,0.5,1,0,1,2.32532359278327e-05,0.0156418102225176,-0.884622880990356,1632762
"2100","nonsyn","rare",7500,0.05,0.01,0.001,6,6,0.75,0.75,0.5,0,1,0.000231632221042553,0.0204055687824158,-0.855009680694946,307054
"2101","nonsyn","rare",7500,0.05,0.01,0.001,6,6,1,1,0.5,0,1,0.000267166825327269,0.0214679934246749,-0.851189453309471,198537
"2102","nonsyn","rare",7500,0.05,0.01,0.001,6,6.5,0.5,0.5,0.5,0,1,0.000211209858797938,0.0190615374609703,-0.870601659211269,623362
"2103","nonsyn","rare",7500,0.05,0.01,0.001,6,7,0.5,0.5,0.5,0,1,0.000201479217228349,0.0189601719997803,-0.878877923163757,65102
"2104","nonsyn","rare",7500,0.05,0.01,0.001,6.5,6,0.5,0.5,0.5,0,1,0.000462529493798284,0.0305671590610425,-0.823834156552487,3710102
"2105","nonsyn","rare",7500,0.05,0.01,0.001,7,6,0.5,0.5,0.5,0,1,0.000729269927005046,0.0456917794202216,-0.7937687216336,3239950
"2106","nonsyn","rare",7500,0.05,0.01,0.005,6,5.5,0.5,0.5,0.5,0,1,0.000114180523598602,0.0199165980773533,-0.859042988577953,5149288
"2107","nonsyn","rare",7500,0.05,0.01,0.005,6,6,0.5,0.5,0.5,0,1,0.000132405021124326,0.0212547765022737,-0.863998014676974,558361
"2108","nonsyn","rare",7500,0.05,0.01,0.005,6,6.5,0.5,0.5,0.5,0,1,0.000136119996541886,0.0228289218631649,-0.885745529665971,46268
"2109","nonsyn","rare",7500,0.05,0.01,0.005,6,7,0.5,0.5,0.5,0,1,0.000107666580910728,0.0225597600107812,-0.909330553164285,3887
"2110","nonsyn","rare",7500,0.05,0.01,0.01,6,6.5,0.5,0.5,0.5,0,1,0.000203162310422717,0.0266360037035022,-0.860497587470395,12396
"2111","nonsyn","rare",7500,0.05,0.01,0.01,6,7,0.5,0.5,0.5,0,1,0.000179128440366972,0.0253814357849977,-0.910201637875337,872
"2112","nonsyn","rare",7500,0.05,1,0.001,6,6,0.5,0.5,0.5,0,1,0.00018116819190631,0.0186471456833733,-0.861068959516744,5122583
"2113","nonsyn","rare",7500,0.05,1,0.001,6,6,0.5,0.5,0.75,0,1,0.000218083208190139,0.0199563703206655,-0.84902602043977,3524629
"2114","nonsyn","rare",7500,0.05,1,0.001,6,6,0.5,0.5,1,0,1,4.25666880491665e-05,0.0169694316867526,-0.864248965010963,3629136
"2115","nonsyn","rare",7500,0.05,5,0.001,6,6,0.5,0.5,0.5,0,1,0.000144303335022993,0.0183178246523769,-0.867511222106074,5474475
"2116","nonsyn","rare",7500,0.05,5,0.001,6,6,0.5,0.5,0.75,0,1,0.00019384295848335,0.0196250212791491,-0.85858743145702,1907572
"2117","nonsyn","rare",7500,0.05,5,0.001,6,6,0.5,0.5,1,0,1,3.11539504939729e-05,0.0159893114122554,-0.882048796355824,3568212
"2118","nonsyn","rare",7500,0.1,0.01,0.001,6,6,0.5,0.5,0.5,0,1,0.000343055694488504,0.0208685814645517,-0.836426345977238,3968741
"2119","nonsyn","rare",7500,0.2,0.01,0.001,6,6,0.5,0.5,0.5,0,1,0.000490926847856026,0.0231886293051459,-0.815233150178198,5122707
"2120","nonsyn","rare",7500,0.5,0.01,0.001,6,6,0.5,0.5,0.5,0,1,0.00065967687760025,0.0260110697565206,-0.791305698508786,4686088
"2121","nonsyn","rare",10000,0,0.01,0.001,6,6,0.5,0.5,0.5,0,1,1.83870558416401e-05,0.014268419356726,-0.880791145755035,1245164
"2122","nonsyn","rare",10000,0.01,0.01,0.001,6,6,0.5,0.5,0.5,0,1,2.36890379278394e-05,0.0146785174661534,-0.880466291450825,26612879
"2123","nonsyn","rare",10000,0.05,0.01,0,6,5,0.5,0.5,0.5,0,1,0.000112259386544315,0.0146722841318973,-0.407512333474698,4194435
"2124","nonsyn","rare",10000,0.05,0.01,0,6,6.5,0.5,0.5,0.5,0,1,0.000153571195654771,0.0154379245438549,-0.671303105968338,14229492
"2125","nonsyn","rare",10000,0.05,0.01,0,6,7,0.5,0.5,0.5,0,1,0.00015849798069297,0.0155493519425366,-0.675769165756224,1506705
"2126","nonsyn","rare",10000,0.05,0.01,1e-04,6,5,0.5,0.5,0.5,0,1,0.000142895957633874,0.014630964418615,-0.636075488890629,30209040
"2127","nonsyn","rare",10000,0.05,0.01,1e-04,6,6,0.5,0.5,0.5,0,1,0.000164744807338638,0.0155524479429554,-0.755897659818689,33629239
"2128","nonsyn","rare",10000,0.05,0.01,1e-04,6,6.5,0.5,0.5,0.5,0,1,0.000176888628298021,0.0157099383520046,-0.775899590420026,10649303
"2129","nonsyn","rare",10000,0.05,0.01,1e-04,6,7,0.5,0.5,0.5,0,1,0.000170375709769547,0.0156231648013978,-0.786456687156333,1244418
"2130","nonsyn","rare",10000,0.05,0.01,5e-04,6,5.5,0.5,0.5,0.5,0,1,0.000128403423425062,0.0156520495937097,-0.797731145822464,83350678
"2131","nonsyn","rare",10000,0.05,0.01,5e-04,6,6,0.5,0.5,0.5,0,1,0.000147790606086844,0.015973743252587,-0.840756763443247,38170355
"2132","nonsyn","rare",10000,0.05,0.01,5e-04,6,6.5,0.5,0.5,0.5,0,1,0.000157326297777953,0.0160190012832496,-0.864667675799269,5893304
"2133","nonsyn","rare",10000,0.05,0.01,5e-04,6,7,0.5,0.5,0.5,0,1,0.000148486445333023,0.0159024531030996,-0.872478949256988,635722
"2134","nonsyn","rare",10000,0.05,0.01,0.001,5,6,0.5,0.5,0.5,0,1,1.24048419510966e-06,0.0106626324457009,-0.866363719097519,28633416
"2135","nonsyn","rare",10000,0.05,0.01,0.001,6,6,0,0,0.5,0,1,3.92580835314147e-05,0.0132422623286175,-0.840201424963437,13941246
"2136","nonsyn","rare",10000,0.05,0.01,0.001,6,6,0.25,0.25,0.5,0,1,8.93278951332926e-05,0.0150647226226592,-0.861505247383359,5330195
"2137","nonsyn","rare",10000,0.05,0.01,0.001,6,6,0.5,0.5,0.5,0,1,0.000126076749322917,0.0163922144863568,-0.863937583517232,98262704
"2138","nonsyn","rare",10000,0.05,0.01,0.001,6,6,0.5,0.5,0.75,0,1,0.000118347333223195,0.0166023743015853,-0.858576217435014,17456804
"2139","nonsyn","rare",10000,0.05,0.01,0.001,6,6,0.5,0.5,1,0,1,1.68370386237832e-05,0.0144730396438992,-0.88201579278116,7926774
"2140","nonsyn","rare",10000,0.05,0.01,0.001,6,6,0.75,0.75,0.5,0,1,0.000159443514917793,0.0177454246294922,-0.860028974943148,1576071
"2141","nonsyn","rare",10000,0.05,0.01,0.001,6,6,1,1,0.5,0,1,0.000186569681186026,0.0186518597717789,-0.859394455364754,1030601
"2142","nonsyn","rare",10000,0.05,0.01,0.001,6,6.5,0.5,0.5,0.5,0,1,0.000131332016267402,0.0165483387256485,-0.87656520779159,3156005
"2143","nonsyn","rare",10000,0.05,0.01,0.001,6,7,0.5,0.5,0.5,0,1,0.000126752554232036,0.0165027483758547,-0.883588869455275,330432
"2144","nonsyn","rare",10000,0.05,0.01,0.001,6.5,6,0.5,0.5,0.5,0,1,0.000379330801148342,0.0267596930608828,-0.830494944689975,18455471
"2145","nonsyn","rare",10000,0.05,0.01,0.001,7,6,0.5,0.5,0.5,0,1,0.000653155015752844,0.0412462558626069,-0.799272354029071,15808574
"2146","nonsyn","rare",10000,0.05,0.01,0.005,6,5.5,0.5,0.5,0.5,0,1,8.33528541451652e-05,0.0179381646178296,-0.86091378684739,27130873
"2147","nonsyn","rare",10000,0.05,0.01,0.005,6,6,0.5,0.5,0.5,0,1,0.000102699049839816,0.0190633434877477,-0.866446812826778,2924770
"2148","nonsyn","rare",10000,0.05,0.01,0.005,6,6.5,0.5,0.5,0.5,0,1,0.000134760983923567,0.020910213967507,-0.885706685729566,244084
"2149","nonsyn","rare",10000,0.05,0.01,0.005,6,7,0.5,0.5,0.5,0,1,0.000107164669955368,0.0202283129514566,-0.9085032717554,21285
"2150","nonsyn","rare",10000,0.05,0.01,0.01,6,6.5,0.5,0.5,0.5,0,1,0.000150910776871454,0.0236002160226381,-0.869296361226698,63627
"2151","nonsyn","rare",10000,0.05,0.01,0.01,6,7,0.5,0.5,0.5,0,1,0.000178733905579399,0.0258128425512715,-0.894402693201655,4660
"2152","nonsyn","rare",10000,0.05,1,0.001,6,6,0.5,0.5,0.5,0,1,0.0001204573719667,0.0164359613923804,-0.865479032578536,26327018
"2153","nonsyn","rare",10000,0.05,1,0.001,6,6,0.5,0.5,0.75,0,1,0.000122989415153266,0.0168753846467416,-0.86099685119052,19858861
"2154","nonsyn","rare",10000,0.05,1,0.001,6,6,0.5,0.5,1,0,1,2.48362496093398e-05,0.0151384115640566,-0.873434141204577,21412468
"2155","nonsyn","rare",10000,0.05,5,0.001,6,6,0.5,0.5,0.5,0,1,9.51569224378175e-05,0.0161654079217544,-0.870093053183302,27962158
"2156","nonsyn","rare",10000,0.05,5,0.001,6,6,0.5,0.5,0.75,0,1,0.000109516264894519,0.0166408578814774,-0.865838103212627,10556232
"2157","nonsyn","rare",10000,0.05,5,0.001,6,6,0.5,0.5,1,0,1,1.91411732593211e-05,0.0146591804454549,-0.880263052256974,17958826
"2158","nonsyn","rare",10000,0.1,0.01,0.001,6,6,0.5,0.5,0.5,0,1,0.000256135140396146,0.018291916001975,-0.844458921966568,20014652
"2159","nonsyn","rare",10000,0.2,0.01,0.001,6,6,0.5,0.5,0.5,0,1,0.000403039355146275,0.0203857527262189,-0.823617562542415,25756911
"2160","nonsyn","rare",10000,0.5,0.01,0.001,6,6,0.5,0.5,0.5,0,1,0.000594659810696038,0.0233735015438687,-0.795978519655041,23270617
"2161","nonsyn_all","common",15,0,0.01,0.001,6,6,0.5,0.5,0.5,0,1,NA,NA,NA,0
"2162","nonsyn_all","common",15,0.01,0.01,0.001,6,6,0.5,0.5,0.5,0,1,NA,NA,NA,0
"2163","nonsyn_all","common",15,0.05,0.01,0,6,5,0.5,0.5,0.5,0,1,NA,NA,NA,0
"2164","nonsyn_all","common",15,0.05,0.01,0,6,6.5,0.5,0.5,0.5,0,1,NA,NA,NA,0
"2165","nonsyn_all","common",15,0.05,0.01,0,6,7,0.5,0.5,0.5,0,1,NA,NA,NA,0
"2166","nonsyn_all","common",15,0.05,0.01,1e-04,6,5,0.5,0.5,0.5,0,1,NA,NA,NA,0
"2167","nonsyn_all","common",15,0.05,0.01,1e-04,6,6,0.5,0.5,0.5,0,1,NA,NA,NA,0
"2168","nonsyn_all","common",15,0.05,0.01,1e-04,6,6.5,0.5,0.5,0.5,0,1,NA,NA,NA,0
"2169","nonsyn_all","common",15,0.05,0.01,1e-04,6,7,0.5,0.5,0.5,0,1,NA,NA,NA,0
"2170","nonsyn_all","common",15,0.05,0.01,5e-04,6,5.5,0.5,0.5,0.5,0,1,NA,NA,NA,0
"2171","nonsyn_all","common",15,0.05,0.01,5e-04,6,6,0.5,0.5,0.5,0,1,NA,NA,NA,0
"2172","nonsyn_all","common",15,0.05,0.01,5e-04,6,6.5,0.5,0.5,0.5,0,1,NA,NA,NA,0
"2173","nonsyn_all","common",15,0.05,0.01,5e-04,6,7,0.5,0.5,0.5,0,1,NA,NA,NA,0
"2174","nonsyn_all","common",15,0.05,0.01,0.001,5,6,0.5,0.5,0.5,0,1,NA,NA,NA,0
"2175","nonsyn_all","common",15,0.05,0.01,0.001,6,6,0.5,0.5,0.5,0,1,NA,NA,NA,0
"2176","nonsyn_all","common",15,0.05,0.01,0.001,6,6,0.5,0.5,0.75,0,1,NA,NA,NA,0
"2177","nonsyn_all","common",15,0.05,0.01,0.001,6,6,0.5,0.5,1,0,1,NA,NA,NA,0
"2178","nonsyn_all","common",15,0.05,0.01,0.001,6,6.5,0.5,0.5,0.5,0,1,NA,NA,NA,0
"2179","nonsyn_all","common",15,0.05,0.01,0.001,6,7,0.5,0.5,0.5,0,1,NA,NA,NA,0
"2180","nonsyn_all","common",15,0.05,0.01,0.001,6.5,6,0.5,0.5,0.5,0,1,NA,NA,NA,0
"2181","nonsyn_all","common",15,0.05,0.01,0.001,7,6,0.5,0.5,0.5,0,1,NA,NA,NA,0
"2182","nonsyn_all","common",15,0.05,0.01,0.005,6,5.5,0.5,0.5,0.5,0,1,NA,NA,NA,0
"2183","nonsyn_all","common",15,0.05,0.01,0.005,6,6,0.5,0.5,0.5,0,1,NA,NA,NA,0
"2184","nonsyn_all","common",15,0.05,0.01,0.005,6,6.5,0.5,0.5,0.5,0,1,NA,NA,NA,0
"2185","nonsyn_all","common",15,0.05,0.01,0.005,6,7,0.5,0.5,0.5,0,1,NA,NA,NA,0
"2186","nonsyn_all","common",15,0.05,0.01,0.01,6,6.5,0.5,0.5,0.5,0,1,NA,NA,NA,0
"2187","nonsyn_all","common",15,0.05,0.01,0.01,6,7,0.5,0.5,0.5,0,1,NA,NA,NA,0
"2188","nonsyn_all","common",15,0.05,1,0.001,6,6,0.5,0.5,0.5,0,1,NA,NA,NA,0
"2189","nonsyn_all","common",15,0.05,1,0.001,6,6,0.5,0.5,0.75,0,1,NA,NA,NA,0
"2190","nonsyn_all","common",15,0.05,1,0.001,6,6,0.5,0.5,1,0,1,NA,NA,NA,0
"2191","nonsyn_all","common",15,0.05,5,0.001,6,6,0.5,0.5,0.5,0,1,NA,NA,NA,0
"2192","nonsyn_all","common",15,0.05,5,0.001,6,6,0.5,0.5,0.75,0,1,NA,NA,NA,0
"2193","nonsyn_all","common",15,0.05,5,0.001,6,6,0.5,0.5,1,0,1,NA,NA,NA,0
"2194","nonsyn_all","common",15,0.1,0.01,0.001,6,6,0.5,0.5,0.5,0,1,NA,NA,NA,0
"2195","nonsyn_all","common",15,0.2,0.01,0.001,6,6,0.5,0.5,0.5,0,1,NA,NA,NA,0
"2196","nonsyn_all","common",15,0.5,0.01,0.001,6,6,0.5,0.5,0.5,0,1,NA,NA,NA,0
"2197","nonsyn_all","common",50,0,0.01,0.001,6,6,0.5,0.5,0.5,0,1,NA,NA,NA,0
"2198","nonsyn_all","common",50,0.01,0.01,0.001,6,6,0.5,0.5,0.5,0,1,NA,NA,NA,0
"2199","nonsyn_all","common",50,0.05,0.01,0,6,5,0.5,0.5,0.5,0,1,NA,NA,NA,0
"2200","nonsyn_all","common",50,0.05,0.01,0,6,6.5,0.5,0.5,0.5,0,1,NA,NA,NA,0
"2201","nonsyn_all","common",50,0.05,0.01,0,6,7,0.5,0.5,0.5,0,1,NA,NA,NA,0
"2202","nonsyn_all","common",50,0.05,0.01,1e-04,6,5,0.5,0.5,0.5,0,1,NA,NA,NA,0
"2203","nonsyn_all","common",50,0.05,0.01,1e-04,6,6,0.5,0.5,0.5,0,1,NA,NA,NA,0
"2204","nonsyn_all","common",50,0.05,0.01,1e-04,6,6.5,0.5,0.5,0.5,0,1,NA,NA,NA,0
"2205","nonsyn_all","common",50,0.05,0.01,1e-04,6,7,0.5,0.5,0.5,0,1,NA,NA,NA,0
"2206","nonsyn_all","common",50,0.05,0.01,5e-04,6,5.5,0.5,0.5,0.5,0,1,NA,NA,NA,0
"2207","nonsyn_all","common",50,0.05,0.01,5e-04,6,6,0.5,0.5,0.5,0,1,NA,NA,NA,0
"2208","nonsyn_all","common",50,0.05,0.01,5e-04,6,6.5,0.5,0.5,0.5,0,1,NA,NA,NA,0
"2209","nonsyn_all","common",50,0.05,0.01,5e-04,6,7,0.5,0.5,0.5,0,1,NA,NA,NA,0
"2210","nonsyn_all","common",50,0.05,0.01,0.001,5,6,0.5,0.5,0.5,0,1,NA,NA,NA,0
"2211","nonsyn_all","common",50,0.05,0.01,0.001,6,6,0.5,0.5,0.5,0,1,NA,NA,NA,0
"2212","nonsyn_all","common",50,0.05,0.01,0.001,6,6,0.5,0.5,0.75,0,1,NA,NA,NA,0
"2213","nonsyn_all","common",50,0.05,0.01,0.001,6,6,0.5,0.5,1,0,1,NA,NA,NA,0
"2214","nonsyn_all","common",50,0.05,0.01,0.001,6,6.5,0.5,0.5,0.5,0,1,NA,NA,NA,0
"2215","nonsyn_all","common",50,0.05,0.01,0.001,6,7,0.5,0.5,0.5,0,1,NA,NA,NA,0
"2216","nonsyn_all","common",50,0.05,0.01,0.001,6.5,6,0.5,0.5,0.5,0,1,NA,NA,NA,0
"2217","nonsyn_all","common",50,0.05,0.01,0.001,7,6,0.5,0.5,0.5,0,1,NA,NA,NA,0
"2218","nonsyn_all","common",50,0.05,0.01,0.005,6,5.5,0.5,0.5,0.5,0,1,NA,NA,NA,0
"2219","nonsyn_all","common",50,0.05,0.01,0.005,6,6,0.5,0.5,0.5,0,1,NA,NA,NA,0
"2220","nonsyn_all","common",50,0.05,0.01,0.005,6,6.5,0.5,0.5,0.5,0,1,NA,NA,NA,0
"2221","nonsyn_all","common",50,0.05,0.01,0.005,6,7,0.5,0.5,0.5,0,1,NA,NA,NA,0
"2222","nonsyn_all","common",50,0.05,0.01,0.01,6,6.5,0.5,0.5,0.5,0,1,NA,NA,NA,0
"2223","nonsyn_all","common",50,0.05,0.01,0.01,6,7,0.5,0.5,0.5,0,1,NA,NA,NA,0
"2224","nonsyn_all","common",50,0.05,1,0.001,6,6,0.5,0.5,0.5,0,1,NA,NA,NA,0
"2225","nonsyn_all","common",50,0.05,1,0.001,6,6,0.5,0.5,0.75,0,1,NA,NA,NA,0
"2226","nonsyn_all","common",50,0.05,1,0.001,6,6,0.5,0.5,1,0,1,NA,NA,NA,0
"2227","nonsyn_all","common",50,0.05,5,0.001,6,6,0.5,0.5,0.5,0,1,NA,NA,NA,0
"2228","nonsyn_all","common",50,0.05,5,0.001,6,6,0.5,0.5,0.75,0,1,NA,NA,NA,0
"2229","nonsyn_all","common",50,0.05,5,0.001,6,6,0.5,0.5,1,0,1,NA,NA,NA,0
"2230","nonsyn_all","common",50,0.1,0.01,0.001,6,6,0.5,0.5,0.5,0,1,NA,NA,NA,0
"2231","nonsyn_all","common",50,0.2,0.01,0.001,6,6,0.5,0.5,0.5,0,1,NA,NA,NA,0
"2232","nonsyn_all","common",50,0.5,0.01,0.001,6,6,0.5,0.5,0.5,0,1,NA,NA,NA,0
"2233","nonsyn_all","common",100,0,0.01,0.001,6,6,0.5,0.5,0.5,0,1,NA,NA,NA,0
"2234","nonsyn_all","common",100,0.01,0.01,0.001,6,6,0.5,0.5,0.5,0,1,NA,NA,NA,0
"2235","nonsyn_all","common",100,0.05,0.01,0,6,5,0.5,0.5,0.5,0,1,NA,NA,NA,0
"2236","nonsyn_all","common",100,0.05,0.01,0,6,6.5,0.5,0.5,0.5,0,1,NA,NA,NA,0
"2237","nonsyn_all","common",100,0.05,0.01,0,6,7,0.5,0.5,0.5,0,1,NA,NA,NA,0
"2238","nonsyn_all","common",100,0.05,0.01,1e-04,6,5,0.5,0.5,0.5,0,1,NA,NA,NA,0
"2239","nonsyn_all","common",100,0.05,0.01,1e-04,6,6,0.5,0.5,0.5,0,1,NA,NA,NA,0
"2240","nonsyn_all","common",100,0.05,0.01,1e-04,6,6.5,0.5,0.5,0.5,0,1,NA,NA,NA,0
"2241","nonsyn_all","common",100,0.05,0.01,1e-04,6,7,0.5,0.5,0.5,0,1,NA,NA,NA,0
"2242","nonsyn_all","common",100,0.05,0.01,5e-04,6,5.5,0.5,0.5,0.5,0,1,NA,NA,NA,0
"2243","nonsyn_all","common",100,0.05,0.01,5e-04,6,6,0.5,0.5,0.5,0,1,NA,NA,NA,0
"2244","nonsyn_all","common",100,0.05,0.01,5e-04,6,6.5,0.5,0.5,0.5,0,1,NA,NA,NA,0
"2245","nonsyn_all","common",100,0.05,0.01,5e-04,6,7,0.5,0.5,0.5,0,1,NA,NA,NA,0
"2246","nonsyn_all","common",100,0.05,0.01,0.001,5,6,0.5,0.5,0.5,0,1,NA,NA,NA,0
"2247","nonsyn_all","common",100,0.05,0.01,0.001,6,6,0.5,0.5,0.5,0,1,NA,NA,NA,0
"2248","nonsyn_all","common",100,0.05,0.01,0.001,6,6,0.5,0.5,0.75,0,1,NA,NA,NA,0
"2249","nonsyn_all","common",100,0.05,0.01,0.001,6,6,0.5,0.5,1,0,1,NA,NA,NA,0
"2250","nonsyn_all","common",100,0.05,0.01,0.001,6,6.5,0.5,0.5,0.5,0,1,NA,NA,NA,0
"2251","nonsyn_all","common",100,0.05,0.01,0.001,6,7,0.5,0.5,0.5,0,1,NA,NA,NA,0
"2252","nonsyn_all","common",100,0.05,0.01,0.001,6.5,6,0.5,0.5,0.5,0,1,NA,NA,NA,0
"2253","nonsyn_all","common",100,0.05,0.01,0.001,7,6,0.5,0.5,0.5,0,1,NA,NA,NA,0
"2254","nonsyn_all","common",100,0.05,0.01,0.005,6,5.5,0.5,0.5,0.5,0,1,NA,NA,NA,0
"2255","nonsyn_all","common",100,0.05,0.01,0.005,6,6,0.5,0.5,0.5,0,1,NA,NA,NA,0
"2256","nonsyn_all","common",100,0.05,0.01,0.005,6,6.5,0.5,0.5,0.5,0,1,NA,NA,NA,0
"2257","nonsyn_all","common",100,0.05,0.01,0.005,6,7,0.5,0.5,0.5,0,1,NA,NA,NA,0
"2258","nonsyn_all","common",100,0.05,0.01,0.01,6,6.5,0.5,0.5,0.5,0,1,NA,NA,NA,0
"2259","nonsyn_all","common",100,0.05,0.01,0.01,6,7,0.5,0.5,0.5,0,1,NA,NA,NA,0
"2260","nonsyn_all","common",100,0.05,1,0.001,6,6,0.5,0.5,0.5,0,1,NA,NA,NA,0
"2261","nonsyn_all","common",100,0.05,1,0.001,6,6,0.5,0.5,0.75,0,1,NA,NA,NA,0
"2262","nonsyn_all","common",100,0.05,1,0.001,6,6,0.5,0.5,1,0,1,NA,NA,NA,0
"2263","nonsyn_all","common",100,0.05,5,0.001,6,6,0.5,0.5,0.5,0,1,NA,NA,NA,0
"2264","nonsyn_all","common",100,0.05,5,0.001,6,6,0.5,0.5,0.75,0,1,NA,NA,NA,0
"2265","nonsyn_all","common",100,0.05,5,0.001,6,6,0.5,0.5,1,0,1,NA,NA,NA,0
"2266","nonsyn_all","common",100,0.1,0.01,0.001,6,6,0.5,0.5,0.5,0,1,NA,NA,NA,0
"2267","nonsyn_all","common",100,0.2,0.01,0.001,6,6,0.5,0.5,0.5,0,1,NA,NA,NA,0
"2268","nonsyn_all","common",100,0.5,0.01,0.001,6,6,0.5,0.5,0.5,0,1,NA,NA,NA,0
"2269","nonsyn_all","common",200,0,0.01,0.001,6,6,0.5,0.5,0.5,0,1,NA,NA,NA,0
"2270","nonsyn_all","common",200,0.01,0.01,0.001,6,6,0.5,0.5,0.5,0,1,NA,NA,NA,0
"2271","nonsyn_all","common",200,0.05,0.01,0,6,5,0.5,0.5,0.5,0,1,NA,NA,NA,0
"2272","nonsyn_all","common",200,0.05,0.01,0,6,6.5,0.5,0.5,0.5,0,1,NA,NA,NA,0
"2273","nonsyn_all","common",200,0.05,0.01,0,6,7,0.5,0.5,0.5,0,1,NA,NA,NA,0
"2274","nonsyn_all","common",200,0.05,0.01,1e-04,6,5,0.5,0.5,0.5,0,1,NA,NA,NA,0
"2275","nonsyn_all","common",200,0.05,0.01,1e-04,6,6,0.5,0.5,0.5,0,1,NA,NA,NA,0
"2276","nonsyn_all","common",200,0.05,0.01,1e-04,6,6.5,0.5,0.5,0.5,0,1,NA,NA,NA,0
"2277","nonsyn_all","common",200,0.05,0.01,1e-04,6,7,0.5,0.5,0.5,0,1,NA,NA,NA,0
"2278","nonsyn_all","common",200,0.05,0.01,5e-04,6,5.5,0.5,0.5,0.5,0,1,NA,NA,NA,0
"2279","nonsyn_all","common",200,0.05,0.01,5e-04,6,6,0.5,0.5,0.5,0,1,NA,NA,NA,0
"2280","nonsyn_all","common",200,0.05,0.01,5e-04,6,6.5,0.5,0.5,0.5,0,1,NA,NA,NA,0
"2281","nonsyn_all","common",200,0.05,0.01,5e-04,6,7,0.5,0.5,0.5,0,1,NA,NA,NA,0
"2282","nonsyn_all","common",200,0.05,0.01,0.001,5,6,0.5,0.5,0.5,0,1,NA,NA,NA,0
"2283","nonsyn_all","common",200,0.05,0.01,0.001,6,6,0.5,0.5,0.5,0,1,NA,NA,NA,0
"2284","nonsyn_all","common",200,0.05,0.01,0.001,6,6,0.5,0.5,0.75,0,1,NA,NA,NA,0
"2285","nonsyn_all","common",200,0.05,0.01,0.001,6,6,0.5,0.5,1,0,1,NA,NA,NA,0
"2286","nonsyn_all","common",200,0.05,0.01,0.001,6,6.5,0.5,0.5,0.5,0,1,NA,NA,NA,0
"2287","nonsyn_all","common",200,0.05,0.01,0.001,6,7,0.5,0.5,0.5,0,1,NA,NA,NA,0
"2288","nonsyn_all","common",200,0.05,0.01,0.001,6.5,6,0.5,0.5,0.5,0,1,NA,NA,NA,0
"2289","nonsyn_all","common",200,0.05,0.01,0.001,7,6,0.5,0.5,0.5,0,1,NA,NA,NA,0
"2290","nonsyn_all","common",200,0.05,0.01,0.005,6,5.5,0.5,0.5,0.5,0,1,NA,NA,NA,0
"2291","nonsyn_all","common",200,0.05,0.01,0.005,6,6,0.5,0.5,0.5,0,1,NA,NA,NA,0
"2292","nonsyn_all","common",200,0.05,0.01,0.005,6,6.5,0.5,0.5,0.5,0,1,NA,NA,NA,0
"2293","nonsyn_all","common",200,0.05,0.01,0.005,6,7,0.5,0.5,0.5,0,1,NA,NA,NA,0
"2294","nonsyn_all","common",200,0.05,0.01,0.01,6,6.5,0.5,0.5,0.5,0,1,NA,NA,NA,0
"2295","nonsyn_all","common",200,0.05,0.01,0.01,6,7,0.5,0.5,0.5,0,1,NA,NA,NA,0
"2296","nonsyn_all","common",200,0.05,1,0.001,6,6,0.5,0.5,0.5,0,1,NA,NA,NA,0
"2297","nonsyn_all","common",200,0.05,1,0.001,6,6,0.5,0.5,0.75,0,1,NA,NA,NA,0
"2298","nonsyn_all","common",200,0.05,1,0.001,6,6,0.5,0.5,1,0,1,NA,NA,NA,0
"2299","nonsyn_all","common",200,0.05,5,0.001,6,6,0.5,0.5,0.5,0,1,NA,NA,NA,0
"2300","nonsyn_all","common",200,0.05,5,0.001,6,6,0.5,0.5,0.75,0,1,NA,NA,NA,0
"2301","nonsyn_all","common",200,0.05,5,0.001,6,6,0.5,0.5,1,0,1,NA,NA,NA,0
"2302","nonsyn_all","common",200,0.1,0.01,0.001,6,6,0.5,0.5,0.5,0,1,NA,NA,NA,0
"2303","nonsyn_all","common",200,0.2,0.01,0.001,6,6,0.5,0.5,0.5,0,1,NA,NA,NA,0
"2304","nonsyn_all","common",200,0.5,0.01,0.001,6,6,0.5,0.5,0.5,0,1,NA,NA,NA,0
"2305","nonsyn_all","common",300,0,0.01,0.001,6,6,0.5,0.5,0.5,0,1,NA,NA,NA,0
"2306","nonsyn_all","common",300,0.01,0.01,0.001,6,6,0.5,0.5,0.5,0,1,NA,NA,NA,0
"2307","nonsyn_all","common",300,0.05,0.01,0,6,5,0.5,0.5,0.5,0,1,NA,NA,NA,0
"2308","nonsyn_all","common",300,0.05,0.01,0,6,6.5,0.5,0.5,0.5,0,1,NA,NA,NA,0
"2309","nonsyn_all","common",300,0.05,0.01,0,6,7,0.5,0.5,0.5,0,1,NA,NA,NA,0
"2310","nonsyn_all","common",300,0.05,0.01,1e-04,6,5,0.5,0.5,0.5,0,1,NA,NA,NA,0
"2311","nonsyn_all","common",300,0.05,0.01,1e-04,6,6,0.5,0.5,0.5,0,1,NA,NA,NA,0
"2312","nonsyn_all","common",300,0.05,0.01,1e-04,6,6.5,0.5,0.5,0.5,0,1,NA,NA,NA,0
"2313","nonsyn_all","common",300,0.05,0.01,1e-04,6,7,0.5,0.5,0.5,0,1,NA,NA,NA,0
"2314","nonsyn_all","common",300,0.05,0.01,5e-04,6,5.5,0.5,0.5,0.5,0,1,NA,NA,NA,0
"2315","nonsyn_all","common",300,0.05,0.01,5e-04,6,6,0.5,0.5,0.5,0,1,NA,NA,NA,0
"2316","nonsyn_all","common",300,0.05,0.01,5e-04,6,6.5,0.5,0.5,0.5,0,1,NA,NA,NA,0
"2317","nonsyn_all","common",300,0.05,0.01,5e-04,6,7,0.5,0.5,0.5,0,1,NA,NA,NA,0
"2318","nonsyn_all","common",300,0.05,0.01,0.001,5,6,0.5,0.5,0.5,0,1,NA,NA,NA,0
"2319","nonsyn_all","common",300,0.05,0.01,0.001,6,6,0.5,0.5,0.5,0,1,NA,NA,NA,0
"2320","nonsyn_all","common",300,0.05,0.01,0.001,6,6,0.5,0.5,0.75,0,1,NA,NA,NA,0
"2321","nonsyn_all","common",300,0.05,0.01,0.001,6,6,0.5,0.5,1,0,1,NA,NA,NA,0
"2322","nonsyn_all","common",300,0.05,0.01,0.001,6,6.5,0.5,0.5,0.5,0,1,NA,NA,NA,0
"2323","nonsyn_all","common",300,0.05,0.01,0.001,6,7,0.5,0.5,0.5,0,1,NA,NA,NA,0
"2324","nonsyn_all","common",300,0.05,0.01,0.001,6.5,6,0.5,0.5,0.5,0,1,NA,NA,NA,0
"2325","nonsyn_all","common",300,0.05,0.01,0.001,7,6,0.5,0.5,0.5,0,1,NA,NA,NA,0
"2326","nonsyn_all","common",300,0.05,0.01,0.005,6,5.5,0.5,0.5,0.5,0,1,NA,NA,NA,0
"2327","nonsyn_all","common",300,0.05,0.01,0.005,6,6,0.5,0.5,0.5,0,1,NA,NA,NA,0
"2328","nonsyn_all","common",300,0.05,0.01,0.005,6,6.5,0.5,0.5,0.5,0,1,NA,NA,NA,0
"2329","nonsyn_all","common",300,0.05,0.01,0.005,6,7,0.5,0.5,0.5,0,1,NA,NA,NA,0
"2330","nonsyn_all","common",300,0.05,0.01,0.01,6,6.5,0.5,0.5,0.5,0,1,NA,NA,NA,0
"2331","nonsyn_all","common",300,0.05,0.01,0.01,6,7,0.5,0.5,0.5,0,1,NA,NA,NA,0
"2332","nonsyn_all","common",300,0.05,1,0.001,6,6,0.5,0.5,0.5,0,1,NA,NA,NA,0
"2333","nonsyn_all","common",300,0.05,1,0.001,6,6,0.5,0.5,0.75,0,1,NA,NA,NA,0
"2334","nonsyn_all","common",300,0.05,1,0.001,6,6,0.5,0.5,1,0,1,NA,NA,NA,0
"2335","nonsyn_all","common",300,0.05,5,0.001,6,6,0.5,0.5,0.5,0,1,NA,NA,NA,0
"2336","nonsyn_all","common",300,0.05,5,0.001,6,6,0.5,0.5,0.75,0,1,NA,NA,NA,0
"2337","nonsyn_all","common",300,0.05,5,0.001,6,6,0.5,0.5,1,0,1,NA,NA,NA,0
"2338","nonsyn_all","common",300,0.1,0.01,0.001,6,6,0.5,0.5,0.5,0,1,NA,NA,NA,0
"2339","nonsyn_all","common",300,0.2,0.01,0.001,6,6,0.5,0.5,0.5,0,1,NA,NA,NA,0
"2340","nonsyn_all","common",300,0.5,0.01,0.001,6,6,0.5,0.5,0.5,0,1,NA,NA,NA,0
"2341","nonsyn_all","common",500,0,0.01,0.001,6,6,0.5,0.5,0.5,0,1,NA,NA,NA,0
"2342","nonsyn_all","common",500,0.01,0.01,0.001,6,6,0.5,0.5,0.5,0,1,NA,NA,NA,0
"2343","nonsyn_all","common",500,0.05,0.01,0,6,5,0.5,0.5,0.5,0,1,NA,NA,NA,0
"2344","nonsyn_all","common",500,0.05,0.01,0,6,6.5,0.5,0.5,0.5,0,1,NA,NA,NA,0
"2345","nonsyn_all","common",500,0.05,0.01,0,6,7,0.5,0.5,0.5,0,1,NA,NA,NA,0
"2346","nonsyn_all","common",500,0.05,0.01,1e-04,6,5,0.5,0.5,0.5,0,1,NA,NA,NA,0
"2347","nonsyn_all","common",500,0.05,0.01,1e-04,6,6,0.5,0.5,0.5,0,1,NA,NA,NA,0
"2348","nonsyn_all","common",500,0.05,0.01,1e-04,6,6.5,0.5,0.5,0.5,0,1,NA,NA,NA,0
"2349","nonsyn_all","common",500,0.05,0.01,1e-04,6,7,0.5,0.5,0.5,0,1,NA,NA,NA,0
"2350","nonsyn_all","common",500,0.05,0.01,5e-04,6,5.5,0.5,0.5,0.5,0,1,NA,NA,NA,0
"2351","nonsyn_all","common",500,0.05,0.01,5e-04,6,6,0.5,0.5,0.5,0,1,NA,NA,NA,0
"2352","nonsyn_all","common",500,0.05,0.01,5e-04,6,6.5,0.5,0.5,0.5,0,1,NA,NA,NA,0
"2353","nonsyn_all","common",500,0.05,0.01,5e-04,6,7,0.5,0.5,0.5,0,1,NA,NA,NA,0
"2354","nonsyn_all","common",500,0.05,0.01,0.001,5,6,0.5,0.5,0.5,0,1,NA,NA,NA,0
"2355","nonsyn_all","common",500,0.05,0.01,0.001,6,6,0.5,0.5,0.5,0,1,NA,NA,NA,0
"2356","nonsyn_all","common",500,0.05,0.01,0.001,6,6,0.5,0.5,0.75,0,1,NA,NA,NA,0
"2357","nonsyn_all","common",500,0.05,0.01,0.001,6,6,0.5,0.5,1,0,1,NA,NA,NA,0
"2358","nonsyn_all","common",500,0.05,0.01,0.001,6,6.5,0.5,0.5,0.5,0,1,NA,NA,NA,0
"2359","nonsyn_all","common",500,0.05,0.01,0.001,6,7,0.5,0.5,0.5,0,1,NA,NA,NA,0
"2360","nonsyn_all","common",500,0.05,0.01,0.001,6.5,6,0.5,0.5,0.5,0,1,NA,NA,NA,0
"2361","nonsyn_all","common",500,0.05,0.01,0.001,7,6,0.5,0.5,0.5,0,1,NA,NA,NA,0
"2362","nonsyn_all","common",500,0.05,0.01,0.005,6,5.5,0.5,0.5,0.5,0,1,NA,NA,NA,0
"2363","nonsyn_all","common",500,0.05,0.01,0.005,6,6,0.5,0.5,0.5,0,1,NA,NA,NA,0
"2364","nonsyn_all","common",500,0.05,0.01,0.005,6,6.5,0.5,0.5,0.5,0,1,NA,NA,NA,0
"2365","nonsyn_all","common",500,0.05,0.01,0.005,6,7,0.5,0.5,0.5,0,1,NA,NA,NA,0
"2366","nonsyn_all","common",500,0.05,0.01,0.01,6,6.5,0.5,0.5,0.5,0,1,NA,NA,NA,0
"2367","nonsyn_all","common",500,0.05,0.01,0.01,6,7,0.5,0.5,0.5,0,1,NA,NA,NA,0
"2368","nonsyn_all","common",500,0.05,1,0.001,6,6,0.5,0.5,0.5,0,1,NA,NA,NA,0
"2369","nonsyn_all","common",500,0.05,1,0.001,6,6,0.5,0.5,0.75,0,1,NA,NA,NA,0
"2370","nonsyn_all","common",500,0.05,1,0.001,6,6,0.5,0.5,1,0,1,NA,NA,NA,0
"2371","nonsyn_all","common",500,0.05,5,0.001,6,6,0.5,0.5,0.5,0,1,NA,NA,NA,0
"2372","nonsyn_all","common",500,0.05,5,0.001,6,6,0.5,0.5,0.75,0,1,NA,NA,NA,0
"2373","nonsyn_all","common",500,0.05,5,0.001,6,6,0.5,0.5,1,0,1,NA,NA,NA,0
"2374","nonsyn_all","common",500,0.1,0.01,0.001,6,6,0.5,0.5,0.5,0,1,NA,NA,NA,0
"2375","nonsyn_all","common",500,0.2,0.01,0.001,6,6,0.5,0.5,0.5,0,1,NA,NA,NA,0
"2376","nonsyn_all","common",500,0.5,0.01,0.001,6,6,0.5,0.5,0.5,0,1,NA,NA,NA,0
"2377","nonsyn_all","common",750,0,0.01,0.001,6,6,0.5,0.5,0.5,0,1,NA,NA,NA,0
"2378","nonsyn_all","common",750,0.01,0.01,0.001,6,6,0.5,0.5,0.5,0,1,NA,NA,NA,0
"2379","nonsyn_all","common",750,0.05,0.01,0,6,5,0.5,0.5,0.5,0,1,NA,NA,NA,0
"2380","nonsyn_all","common",750,0.05,0.01,0,6,6.5,0.5,0.5,0.5,0,1,NA,NA,NA,0
"2381","nonsyn_all","common",750,0.05,0.01,0,6,7,0.5,0.5,0.5,0,1,NA,NA,NA,0
"2382","nonsyn_all","common",750,0.05,0.01,1e-04,6,5,0.5,0.5,0.5,0,1,NA,NA,NA,0
"2383","nonsyn_all","common",750,0.05,0.01,1e-04,6,6,0.5,0.5,0.5,0,1,NA,NA,NA,0
"2384","nonsyn_all","common",750,0.05,0.01,1e-04,6,6.5,0.5,0.5,0.5,0,1,NA,NA,NA,0
"2385","nonsyn_all","common",750,0.05,0.01,1e-04,6,7,0.5,0.5,0.5,0,1,NA,NA,NA,0
"2386","nonsyn_all","common",750,0.05,0.01,5e-04,6,5.5,0.5,0.5,0.5,0,1,NA,NA,NA,0
"2387","nonsyn_all","common",750,0.05,0.01,5e-04,6,6,0.5,0.5,0.5,0,1,NA,NA,NA,0
"2388","nonsyn_all","common",750,0.05,0.01,5e-04,6,6.5,0.5,0.5,0.5,0,1,NA,NA,NA,0
"2389","nonsyn_all","common",750,0.05,0.01,5e-04,6,7,0.5,0.5,0.5,0,1,NA,NA,NA,0
"2390","nonsyn_all","common",750,0.05,0.01,0.001,5,6,0.5,0.5,0.5,0,1,NA,NA,NA,0
"2391","nonsyn_all","common",750,0.05,0.01,0.001,6,6,0.5,0.5,0.5,0,1,NA,NA,NA,0
"2392","nonsyn_all","common",750,0.05,0.01,0.001,6,6,0.5,0.5,0.75,0,1,NA,NA,NA,0
"2393","nonsyn_all","common",750,0.05,0.01,0.001,6,6,0.5,0.5,1,0,1,NA,NA,NA,0
"2394","nonsyn_all","common",750,0.05,0.01,0.001,6,6.5,0.5,0.5,0.5,0,1,NA,NA,NA,0
"2395","nonsyn_all","common",750,0.05,0.01,0.001,6,7,0.5,0.5,0.5,0,1,NA,NA,NA,0
"2396","nonsyn_all","common",750,0.05,0.01,0.001,6.5,6,0.5,0.5,0.5,0,1,NA,NA,NA,0
"2397","nonsyn_all","common",750,0.05,0.01,0.001,7,6,0.5,0.5,0.5,0,1,NA,NA,NA,0
"2398","nonsyn_all","common",750,0.05,0.01,0.005,6,5.5,0.5,0.5,0.5,0,1,NA,NA,NA,0
"2399","nonsyn_all","common",750,0.05,0.01,0.005,6,6,0.5,0.5,0.5,0,1,NA,NA,NA,0
"2400","nonsyn_all","common",750,0.05,0.01,0.005,6,6.5,0.5,0.5,0.5,0,1,NA,NA,NA,0
"2401","nonsyn_all","common",750,0.05,0.01,0.005,6,7,0.5,0.5,0.5,0,1,NA,NA,NA,0
"2402","nonsyn_all","common",750,0.05,0.01,0.01,6,6.5,0.5,0.5,0.5,0,1,NA,NA,NA,0
"2403","nonsyn_all","common",750,0.05,0.01,0.01,6,7,0.5,0.5,0.5,0,1,NA,NA,NA,0
"2404","nonsyn_all","common",750,0.05,1,0.001,6,6,0.5,0.5,0.5,0,1,NA,NA,NA,0
"2405","nonsyn_all","common",750,0.05,1,0.001,6,6,0.5,0.5,0.75,0,1,NA,NA,NA,0
"2406","nonsyn_all","common",750,0.05,1,0.001,6,6,0.5,0.5,1,0,1,NA,NA,NA,0
"2407","nonsyn_all","common",750,0.05,5,0.001,6,6,0.5,0.5,0.5,0,1,NA,NA,NA,0
"2408","nonsyn_all","common",750,0.05,5,0.001,6,6,0.5,0.5,0.75,0,1,NA,NA,NA,0
"2409","nonsyn_all","common",750,0.05,5,0.001,6,6,0.5,0.5,1,0,1,NA,NA,NA,0
"2410","nonsyn_all","common",750,0.1,0.01,0.001,6,6,0.5,0.5,0.5,0,1,NA,NA,NA,0
"2411","nonsyn_all","common",750,0.2,0.01,0.001,6,6,0.5,0.5,0.5,0,1,NA,NA,NA,0
"2412","nonsyn_all","common",750,0.5,0.01,0.001,6,6,0.5,0.5,0.5,0,1,NA,NA,NA,0
"2413","nonsyn_all","common",1000,0,0.01,0.001,6,6,0.5,0.5,0.5,0,1,NA,NA,NA,0
"2414","nonsyn_all","common",1000,0.01,0.01,0.001,6,6,0.5,0.5,0.5,0,1,NA,NA,NA,0
"2415","nonsyn_all","common",1000,0.05,0.01,0,6,5,0.5,0.5,0.5,0,1,NA,NA,NA,0
"2416","nonsyn_all","common",1000,0.05,0.01,0,6,6.5,0.5,0.5,0.5,0,1,NA,NA,NA,0
"2417","nonsyn_all","common",1000,0.05,0.01,0,6,7,0.5,0.5,0.5,0,1,NA,NA,NA,0
"2418","nonsyn_all","common",1000,0.05,0.01,1e-04,6,5,0.5,0.5,0.5,0,1,NA,NA,NA,0
"2419","nonsyn_all","common",1000,0.05,0.01,1e-04,6,6,0.5,0.5,0.5,0,1,NA,NA,NA,0
"2420","nonsyn_all","common",1000,0.05,0.01,1e-04,6,6.5,0.5,0.5,0.5,0,1,NA,NA,NA,0
"2421","nonsyn_all","common",1000,0.05,0.01,1e-04,6,7,0.5,0.5,0.5,0,1,NA,NA,NA,0
"2422","nonsyn_all","common",1000,0.05,0.01,5e-04,6,5.5,0.5,0.5,0.5,0,1,NA,NA,NA,0
"2423","nonsyn_all","common",1000,0.05,0.01,5e-04,6,6,0.5,0.5,0.5,0,1,NA,NA,NA,0
"2424","nonsyn_all","common",1000,0.05,0.01,5e-04,6,6.5,0.5,0.5,0.5,0,1,NA,NA,NA,0
"2425","nonsyn_all","common",1000,0.05,0.01,5e-04,6,7,0.5,0.5,0.5,0,1,NA,NA,NA,0
"2426","nonsyn_all","common",1000,0.05,0.01,0.001,5,6,0.5,0.5,0.5,0,1,NA,NA,NA,0
"2427","nonsyn_all","common",1000,0.05,0.01,0.001,6,6,0.5,0.5,0.5,0,1,NA,NA,NA,0
"2428","nonsyn_all","common",1000,0.05,0.01,0.001,6,6,0.5,0.5,0.75,0,1,NA,NA,NA,0
"2429","nonsyn_all","common",1000,0.05,0.01,0.001,6,6,0.5,0.5,1,0,1,NA,NA,NA,0
"2430","nonsyn_all","common",1000,0.05,0.01,0.001,6,6.5,0.5,0.5,0.5,0,1,NA,NA,NA,0
"2431","nonsyn_all","common",1000,0.05,0.01,0.001,6,7,0.5,0.5,0.5,0,1,NA,NA,NA,0
"2432","nonsyn_all","common",1000,0.05,0.01,0.001,6.5,6,0.5,0.5,0.5,0,1,NA,NA,NA,0
"2433","nonsyn_all","common",1000,0.05,0.01,0.001,7,6,0.5,0.5,0.5,0,1,NA,NA,NA,0
"2434","nonsyn_all","common",1000,0.05,0.01,0.005,6,5.5,0.5,0.5,0.5,0,1,NA,NA,NA,0
"2435","nonsyn_all","common",1000,0.05,0.01,0.005,6,6,0.5,0.5,0.5,0,1,NA,NA,NA,0
"2436","nonsyn_all","common",1000,0.05,0.01,0.005,6,6.5,0.5,0.5,0.5,0,1,NA,NA,NA,0
"2437","nonsyn_all","common",1000,0.05,0.01,0.005,6,7,0.5,0.5,0.5,0,1,NA,NA,NA,0
"2438","nonsyn_all","common",1000,0.05,0.01,0.01,6,6.5,0.5,0.5,0.5,0,1,NA,NA,NA,0
"2439","nonsyn_all","common",1000,0.05,0.01,0.01,6,7,0.5,0.5,0.5,0,1,NA,NA,NA,0
"2440","nonsyn_all","common",1000,0.05,1,0.001,6,6,0.5,0.5,0.5,0,1,NA,NA,NA,0
"2441","nonsyn_all","common",1000,0.05,1,0.001,6,6,0.5,0.5,0.75,0,1,NA,NA,NA,0
"2442","nonsyn_all","common",1000,0.05,1,0.001,6,6,0.5,0.5,1,0,1,NA,NA,NA,0
"2443","nonsyn_all","common",1000,0.05,5,0.001,6,6,0.5,0.5,0.5,0,1,NA,NA,NA,0
"2444","nonsyn_all","common",1000,0.05,5,0.001,6,6,0.5,0.5,0.75,0,1,NA,NA,NA,0
"2445","nonsyn_all","common",1000,0.05,5,0.001,6,6,0.5,0.5,1,0,1,NA,NA,NA,0
"2446","nonsyn_all","common",1000,0.1,0.01,0.001,6,6,0.5,0.5,0.5,0,1,NA,NA,NA,0
"2447","nonsyn_all","common",1000,0.2,0.01,0.001,6,6,0.5,0.5,0.5,0,1,NA,NA,NA,0
"2448","nonsyn_all","common",1000,0.5,0.01,0.001,6,6,0.5,0.5,0.5,0,1,NA,NA,NA,0
"2449","nonsyn_all","common",1500,0,0.01,0.001,6,6,0.5,0.5,0.5,0,1,NA,NA,NA,0
"2450","nonsyn_all","common",1500,0.01,0.01,0.001,6,6,0.5,0.5,0.5,0,1,NA,NA,NA,0
"2451","nonsyn_all","common",1500,0.05,0.01,0,6,5,0.5,0.5,0.5,0,1,NA,NA,NA,0
"2452","nonsyn_all","common",1500,0.05,0.01,0,6,6.5,0.5,0.5,0.5,0,1,NA,NA,NA,0
"2453","nonsyn_all","common",1500,0.05,0.01,0,6,7,0.5,0.5,0.5,0,1,NA,NA,NA,0
"2454","nonsyn_all","common",1500,0.05,0.01,1e-04,6,5,0.5,0.5,0.5,0,1,NA,NA,NA,0
"2455","nonsyn_all","common",1500,0.05,0.01,1e-04,6,6,0.5,0.5,0.5,0,1,NA,NA,NA,0
"2456","nonsyn_all","common",1500,0.05,0.01,1e-04,6,6.5,0.5,0.5,0.5,0,1,NA,NA,NA,0
"2457","nonsyn_all","common",1500,0.05,0.01,1e-04,6,7,0.5,0.5,0.5,0,1,NA,NA,NA,0
"2458","nonsyn_all","common",1500,0.05,0.01,5e-04,6,5.5,0.5,0.5,0.5,0,1,NA,NA,NA,0
"2459","nonsyn_all","common",1500,0.05,0.01,5e-04,6,6,0.5,0.5,0.5,0,1,NA,NA,NA,0
"2460","nonsyn_all","common",1500,0.05,0.01,5e-04,6,6.5,0.5,0.5,0.5,0,1,NA,NA,NA,0
"2461","nonsyn_all","common",1500,0.05,0.01,5e-04,6,7,0.5,0.5,0.5,0,1,NA,NA,NA,0
"2462","nonsyn_all","common",1500,0.05,0.01,0.001,5,6,0.5,0.5,0.5,0,1,NA,NA,NA,0
"2463","nonsyn_all","common",1500,0.05,0.01,0.001,6,6,0.5,0.5,0.5,0,1,NA,NA,NA,0
"2464","nonsyn_all","common",1500,0.05,0.01,0.001,6,6,0.5,0.5,0.75,0,1,NA,NA,NA,0
"2465","nonsyn_all","common",1500,0.05,0.01,0.001,6,6,0.5,0.5,1,0,1,NA,NA,NA,0
"2466","nonsyn_all","common",1500,0.05,0.01,0.001,6,6.5,0.5,0.5,0.5,0,1,NA,NA,NA,0
"2467","nonsyn_all","common",1500,0.05,0.01,0.001,6,7,0.5,0.5,0.5,0,1,NA,NA,NA,0
"2468","nonsyn_all","common",1500,0.05,0.01,0.001,6.5,6,0.5,0.5,0.5,0,1,NA,NA,NA,0
"2469","nonsyn_all","common",1500,0.05,0.01,0.001,7,6,0.5,0.5,0.5,0,1,NA,NA,NA,0
"2470","nonsyn_all","common",1500,0.05,0.01,0.005,6,5.5,0.5,0.5,0.5,0,1,NA,NA,NA,0
"2471","nonsyn_all","common",1500,0.05,0.01,0.005,6,6,0.5,0.5,0.5,0,1,NA,NA,NA,0
"2472","nonsyn_all","common",1500,0.05,0.01,0.005,6,6.5,0.5,0.5,0.5,0,1,NA,NA,NA,0
"2473","nonsyn_all","common",1500,0.05,0.01,0.005,6,7,0.5,0.5,0.5,0,1,NA,NA,NA,0
"2474","nonsyn_all","common",1500,0.05,0.01,0.01,6,6.5,0.5,0.5,0.5,0,1,NA,NA,NA,0
"2475","nonsyn_all","common",1500,0.05,0.01,0.01,6,7,0.5,0.5,0.5,0,1,NA,NA,NA,0
"2476","nonsyn_all","common",1500,0.05,1,0.001,6,6,0.5,0.5,0.5,0,1,NA,NA,NA,0
"2477","nonsyn_all","common",1500,0.05,1,0.001,6,6,0.5,0.5,0.75,0,1,NA,NA,NA,0
"2478","nonsyn_all","common",1500,0.05,1,0.001,6,6,0.5,0.5,1,0,1,NA,NA,NA,0
"2479","nonsyn_all","common",1500,0.05,5,0.001,6,6,0.5,0.5,0.5,0,1,NA,NA,NA,0
"2480","nonsyn_all","common",1500,0.05,5,0.001,6,6,0.5,0.5,0.75,0,1,NA,NA,NA,0
"2481","nonsyn_all","common",1500,0.05,5,0.001,6,6,0.5,0.5,1,0,1,NA,NA,NA,0
"2482","nonsyn_all","common",1500,0.1,0.01,0.001,6,6,0.5,0.5,0.5,0,1,NA,NA,NA,0
"2483","nonsyn_all","common",1500,0.2,0.01,0.001,6,6,0.5,0.5,0.5,0,1,NA,NA,NA,0
"2484","nonsyn_all","common",1500,0.5,0.01,0.001,6,6,0.5,0.5,0.5,0,1,NA,NA,NA,0
"2485","nonsyn_all","common",2000,0,0.01,0.001,6,6,0.5,0.5,0.5,0,1,NA,NA,NA,0
"2486","nonsyn_all","common",2000,0.01,0.01,0.001,6,6,0.5,0.5,0.5,0,1,NA,NA,NA,0
"2487","nonsyn_all","common",2000,0.05,0.01,0,6,5,0.5,0.5,0.5,0,1,NA,NA,NA,0
"2488","nonsyn_all","common",2000,0.05,0.01,0,6,6.5,0.5,0.5,0.5,0,1,NA,NA,NA,0
"2489","nonsyn_all","common",2000,0.05,0.01,0,6,7,0.5,0.5,0.5,0,1,NA,NA,NA,0
"2490","nonsyn_all","common",2000,0.05,0.01,1e-04,6,5,0.5,0.5,0.5,0,1,NA,NA,NA,0
"2491","nonsyn_all","common",2000,0.05,0.01,1e-04,6,6,0.5,0.5,0.5,0,1,NA,NA,NA,0
"2492","nonsyn_all","common",2000,0.05,0.01,1e-04,6,6.5,0.5,0.5,0.5,0,1,NA,NA,NA,0
"2493","nonsyn_all","common",2000,0.05,0.01,1e-04,6,7,0.5,0.5,0.5,0,1,NA,NA,NA,0
"2494","nonsyn_all","common",2000,0.05,0.01,5e-04,6,5.5,0.5,0.5,0.5,0,1,NA,NA,NA,0
"2495","nonsyn_all","common",2000,0.05,0.01,5e-04,6,6,0.5,0.5,0.5,0,1,NA,NA,NA,0
"2496","nonsyn_all","common",2000,0.05,0.01,5e-04,6,6.5,0.5,0.5,0.5,0,1,NA,NA,NA,0
"2497","nonsyn_all","common",2000,0.05,0.01,5e-04,6,7,0.5,0.5,0.5,0,1,NA,NA,NA,0
"2498","nonsyn_all","common",2000,0.05,0.01,0.001,5,6,0.5,0.5,0.5,0,1,NA,NA,NA,0
"2499","nonsyn_all","common",2000,0.05,0.01,0.001,6,6,0.5,0.5,0.5,0,1,NA,NA,NA,0
"2500","nonsyn_all","common",2000,0.05,0.01,0.001,6,6,0.5,0.5,0.75,0,1,NA,NA,NA,0
"2501","nonsyn_all","common",2000,0.05,0.01,0.001,6,6,0.5,0.5,1,0,1,NA,NA,NA,0
"2502","nonsyn_all","common",2000,0.05,0.01,0.001,6,6.5,0.5,0.5,0.5,0,1,NA,NA,NA,0
"2503","nonsyn_all","common",2000,0.05,0.01,0.001,6,7,0.5,0.5,0.5,0,1,NA,NA,NA,0
"2504","nonsyn_all","common",2000,0.05,0.01,0.001,6.5,6,0.5,0.5,0.5,0,1,NA,NA,NA,0
"2505","nonsyn_all","common",2000,0.05,0.01,0.001,7,6,0.5,0.5,0.5,0,1,NA,NA,NA,0
"2506","nonsyn_all","common",2000,0.05,0.01,0.005,6,5.5,0.5,0.5,0.5,0,1,NA,NA,NA,0
"2507","nonsyn_all","common",2000,0.05,0.01,0.005,6,6,0.5,0.5,0.5,0,1,NA,NA,NA,0
"2508","nonsyn_all","common",2000,0.05,0.01,0.005,6,6.5,0.5,0.5,0.5,0,1,NA,NA,NA,0
"2509","nonsyn_all","common",2000,0.05,0.01,0.005,6,7,0.5,0.5,0.5,0,1,NA,NA,NA,0
"2510","nonsyn_all","common",2000,0.05,0.01,0.01,6,6.5,0.5,0.5,0.5,0,1,NA,NA,NA,0
"2511","nonsyn_all","common",2000,0.05,0.01,0.01,6,7,0.5,0.5,0.5,0,1,NA,NA,NA,0
"2512","nonsyn_all","common",2000,0.05,1,0.001,6,6,0.5,0.5,0.5,0,1,NA,NA,NA,0
"2513","nonsyn_all","common",2000,0.05,1,0.001,6,6,0.5,0.5,0.75,0,1,NA,NA,NA,0
"2514","nonsyn_all","common",2000,0.05,1,0.001,6,6,0.5,0.5,1,0,1,NA,NA,NA,0
"2515","nonsyn_all","common",2000,0.05,5,0.001,6,6,0.5,0.5,0.5,0,1,NA,NA,NA,0
"2516","nonsyn_all","common",2000,0.05,5,0.001,6,6,0.5,0.5,0.75,0,1,NA,NA,NA,0
"2517","nonsyn_all","common",2000,0.05,5,0.001,6,6,0.5,0.5,1,0,1,NA,NA,NA,0
"2518","nonsyn_all","common",2000,0.1,0.01,0.001,6,6,0.5,0.5,0.5,0,1,NA,NA,NA,0
"2519","nonsyn_all","common",2000,0.2,0.01,0.001,6,6,0.5,0.5,0.5,0,1,NA,NA,NA,0
"2520","nonsyn_all","common",2000,0.5,0.01,0.001,6,6,0.5,0.5,0.5,0,1,NA,NA,NA,0
"2521","nonsyn_all","common",2500,0,0.01,0.001,6,6,0.5,0.5,0.5,0,1,NA,NA,NA,0
"2522","nonsyn_all","common",2500,0.01,0.01,0.001,6,6,0.5,0.5,0.5,0,1,NA,NA,NA,0
"2523","nonsyn_all","common",2500,0.05,0.01,0,6,5,0.5,0.5,0.5,0,1,NA,NA,NA,0
"2524","nonsyn_all","common",2500,0.05,0.01,0,6,6.5,0.5,0.5,0.5,0,1,NA,NA,NA,0
"2525","nonsyn_all","common",2500,0.05,0.01,0,6,7,0.5,0.5,0.5,0,1,NA,NA,NA,0
"2526","nonsyn_all","common",2500,0.05,0.01,1e-04,6,5,0.5,0.5,0.5,0,1,NA,NA,NA,0
"2527","nonsyn_all","common",2500,0.05,0.01,1e-04,6,6,0.5,0.5,0.5,0,1,NA,NA,NA,0
"2528","nonsyn_all","common",2500,0.05,0.01,1e-04,6,6.5,0.5,0.5,0.5,0,1,NA,NA,NA,0
"2529","nonsyn_all","common",2500,0.05,0.01,1e-04,6,7,0.5,0.5,0.5,0,1,NA,NA,NA,0
"2530","nonsyn_all","common",2500,0.05,0.01,5e-04,6,5.5,0.5,0.5,0.5,0,1,NA,NA,NA,0
"2531","nonsyn_all","common",2500,0.05,0.01,5e-04,6,6,0.5,0.5,0.5,0,1,NA,NA,NA,0
"2532","nonsyn_all","common",2500,0.05,0.01,5e-04,6,6.5,0.5,0.5,0.5,0,1,NA,NA,NA,0
"2533","nonsyn_all","common",2500,0.05,0.01,5e-04,6,7,0.5,0.5,0.5,0,1,NA,NA,NA,0
"2534","nonsyn_all","common",2500,0.05,0.01,0.001,5,6,0.5,0.5,0.5,0,1,NA,NA,NA,0
"2535","nonsyn_all","common",2500,0.05,0.01,0.001,6,6,0.5,0.5,0.5,0,1,NA,NA,NA,0
"2536","nonsyn_all","common",2500,0.05,0.01,0.001,6,6,0.5,0.5,0.75,0,1,NA,NA,NA,0
"2537","nonsyn_all","common",2500,0.05,0.01,0.001,6,6,0.5,0.5,1,0,1,NA,NA,NA,0
"2538","nonsyn_all","common",2500,0.05,0.01,0.001,6,6.5,0.5,0.5,0.5,0,1,NA,NA,NA,0
"2539","nonsyn_all","common",2500,0.05,0.01,0.001,6,7,0.5,0.5,0.5,0,1,NA,NA,NA,0
"2540","nonsyn_all","common",2500,0.05,0.01,0.001,6.5,6,0.5,0.5,0.5,0,1,NA,NA,NA,0
"2541","nonsyn_all","common",2500,0.05,0.01,0.001,7,6,0.5,0.5,0.5,0,1,NA,NA,NA,0
"2542","nonsyn_all","common",2500,0.05,0.01,0.005,6,5.5,0.5,0.5,0.5,0,1,NA,NA,NA,0
"2543","nonsyn_all","common",2500,0.05,0.01,0.005,6,6,0.5,0.5,0.5,0,1,NA,NA,NA,0
"2544","nonsyn_all","common",2500,0.05,0.01,0.005,6,6.5,0.5,0.5,0.5,0,1,NA,NA,NA,0
"2545","nonsyn_all","common",2500,0.05,0.01,0.005,6,7,0.5,0.5,0.5,0,1,NA,NA,NA,0
"2546","nonsyn_all","common",2500,0.05,0.01,0.01,6,6.5,0.5,0.5,0.5,0,1,NA,NA,NA,0
"2547","nonsyn_all","common",2500,0.05,0.01,0.01,6,7,0.5,0.5,0.5,0,1,NA,NA,NA,0
"2548","nonsyn_all","common",2500,0.05,1,0.001,6,6,0.5,0.5,0.5,0,1,NA,NA,NA,0
"2549","nonsyn_all","common",2500,0.05,1,0.001,6,6,0.5,0.5,0.75,0,1,NA,NA,NA,0
"2550","nonsyn_all","common",2500,0.05,1,0.001,6,6,0.5,0.5,1,0,1,NA,NA,NA,0
"2551","nonsyn_all","common",2500,0.05,5,0.001,6,6,0.5,0.5,0.5,0,1,NA,NA,NA,0
"2552","nonsyn_all","common",2500,0.05,5,0.001,6,6,0.5,0.5,0.75,0,1,NA,NA,NA,0
"2553","nonsyn_all","common",2500,0.05,5,0.001,6,6,0.5,0.5,1,0,1,NA,NA,NA,0
"2554","nonsyn_all","common",2500,0.1,0.01,0.001,6,6,0.5,0.5,0.5,0,1,NA,NA,NA,0
"2555","nonsyn_all","common",2500,0.2,0.01,0.001,6,6,0.5,0.5,0.5,0,1,NA,NA,NA,0
"2556","nonsyn_all","common",2500,0.5,0.01,0.001,6,6,0.5,0.5,0.5,0,1,NA,NA,NA,0
"2557","nonsyn_all","common",3000,0,0.01,0.001,6,6,0.5,0.5,0.5,0,1,NA,NA,NA,0
"2558","nonsyn_all","common",3000,0.01,0.01,0.001,6,6,0.5,0.5,0.5,0,1,NA,NA,NA,0
"2559","nonsyn_all","common",3000,0.05,0.01,0,6,5,0.5,0.5,0.5,0,1,NA,NA,NA,0
"2560","nonsyn_all","common",3000,0.05,0.01,0,6,6.5,0.5,0.5,0.5,0,1,NA,NA,NA,0
"2561","nonsyn_all","common",3000,0.05,0.01,0,6,7,0.5,0.5,0.5,0,1,NA,NA,NA,0
"2562","nonsyn_all","common",3000,0.05,0.01,1e-04,6,5,0.5,0.5,0.5,0,1,NA,NA,NA,0
"2563","nonsyn_all","common",3000,0.05,0.01,1e-04,6,6,0.5,0.5,0.5,0,1,NA,NA,NA,0
"2564","nonsyn_all","common",3000,0.05,0.01,1e-04,6,6.5,0.5,0.5,0.5,0,1,NA,NA,NA,0
"2565","nonsyn_all","common",3000,0.05,0.01,1e-04,6,7,0.5,0.5,0.5,0,1,NA,NA,NA,0
"2566","nonsyn_all","common",3000,0.05,0.01,5e-04,6,5.5,0.5,0.5,0.5,0,1,NA,NA,NA,0
"2567","nonsyn_all","common",3000,0.05,0.01,5e-04,6,6,0.5,0.5,0.5,0,1,NA,NA,NA,0
"2568","nonsyn_all","common",3000,0.05,0.01,5e-04,6,6.5,0.5,0.5,0.5,0,1,NA,NA,NA,0
"2569","nonsyn_all","common",3000,0.05,0.01,5e-04,6,7,0.5,0.5,0.5,0,1,NA,NA,NA,0
"2570","nonsyn_all","common",3000,0.05,0.01,0.001,5,6,0.5,0.5,0.5,0,1,NA,NA,NA,0
"2571","nonsyn_all","common",3000,0.05,0.01,0.001,6,6,0.5,0.5,0.5,0,1,NA,NA,NA,0
"2572","nonsyn_all","common",3000,0.05,0.01,0.001,6,6,0.5,0.5,0.75,0,1,NA,NA,NA,0
"2573","nonsyn_all","common",3000,0.05,0.01,0.001,6,6,0.5,0.5,1,0,1,NA,NA,NA,0
"2574","nonsyn_all","common",3000,0.05,0.01,0.001,6,6.5,0.5,0.5,0.5,0,1,NA,NA,NA,0
"2575","nonsyn_all","common",3000,0.05,0.01,0.001,6,7,0.5,0.5,0.5,0,1,NA,NA,NA,0
"2576","nonsyn_all","common",3000,0.05,0.01,0.001,6.5,6,0.5,0.5,0.5,0,1,NA,NA,NA,0
"2577","nonsyn_all","common",3000,0.05,0.01,0.001,7,6,0.5,0.5,0.5,0,1,NA,NA,NA,0
"2578","nonsyn_all","common",3000,0.05,0.01,0.005,6,5.5,0.5,0.5,0.5,0,1,NA,NA,NA,0
"2579","nonsyn_all","common",3000,0.05,0.01,0.005,6,6,0.5,0.5,0.5,0,1,NA,NA,NA,0
"2580","nonsyn_all","common",3000,0.05,0.01,0.005,6,6.5,0.5,0.5,0.5,0,1,NA,NA,NA,0
"2581","nonsyn_all","common",3000,0.05,0.01,0.005,6,7,0.5,0.5,0.5,0,1,NA,NA,NA,0
"2582","nonsyn_all","common",3000,0.05,0.01,0.01,6,6.5,0.5,0.5,0.5,0,1,NA,NA,NA,0
"2583","nonsyn_all","common",3000,0.05,0.01,0.01,6,7,0.5,0.5,0.5,0,1,NA,NA,NA,0
"2584","nonsyn_all","common",3000,0.05,1,0.001,6,6,0.5,0.5,0.5,0,1,NA,NA,NA,0
"2585","nonsyn_all","common",3000,0.05,1,0.001,6,6,0.5,0.5,0.75,0,1,NA,NA,NA,0
"2586","nonsyn_all","common",3000,0.05,1,0.001,6,6,0.5,0.5,1,0,1,NA,NA,NA,0
"2587","nonsyn_all","common",3000,0.05,5,0.001,6,6,0.5,0.5,0.5,0,1,NA,NA,NA,0
"2588","nonsyn_all","common",3000,0.05,5,0.001,6,6,0.5,0.5,0.75,0,1,NA,NA,NA,0
"2589","nonsyn_all","common",3000,0.05,5,0.001,6,6,0.5,0.5,1,0,1,NA,NA,NA,0
"2590","nonsyn_all","common",3000,0.1,0.01,0.001,6,6,0.5,0.5,0.5,0,1,NA,NA,NA,0
"2591","nonsyn_all","common",3000,0.2,0.01,0.001,6,6,0.5,0.5,0.5,0,1,NA,NA,NA,0
"2592","nonsyn_all","common",3000,0.5,0.01,0.001,6,6,0.5,0.5,0.5,0,1,NA,NA,NA,0
"2593","nonsyn_all","common",3500,0,0.01,0.001,6,6,0.5,0.5,0.5,0,1,NA,NA,NA,0
"2594","nonsyn_all","common",3500,0.01,0.01,0.001,6,6,0.5,0.5,0.5,0,1,NA,NA,NA,0
"2595","nonsyn_all","common",3500,0.05,0.01,0,6,5,0.5,0.5,0.5,0,1,NA,NA,NA,0
"2596","nonsyn_all","common",3500,0.05,0.01,0,6,6.5,0.5,0.5,0.5,0,1,NA,NA,NA,0
"2597","nonsyn_all","common",3500,0.05,0.01,0,6,7,0.5,0.5,0.5,0,1,NA,NA,NA,0
"2598","nonsyn_all","common",3500,0.05,0.01,1e-04,6,5,0.5,0.5,0.5,0,1,NA,NA,NA,0
"2599","nonsyn_all","common",3500,0.05,0.01,1e-04,6,6,0.5,0.5,0.5,0,1,NA,NA,NA,0
"2600","nonsyn_all","common",3500,0.05,0.01,1e-04,6,6.5,0.5,0.5,0.5,0,1,NA,NA,NA,0
"2601","nonsyn_all","common",3500,0.05,0.01,1e-04,6,7,0.5,0.5,0.5,0,1,NA,NA,NA,0
"2602","nonsyn_all","common",3500,0.05,0.01,5e-04,6,5.5,0.5,0.5,0.5,0,1,NA,NA,NA,0
"2603","nonsyn_all","common",3500,0.05,0.01,5e-04,6,6,0.5,0.5,0.5,0,1,NA,NA,NA,0
"2604","nonsyn_all","common",3500,0.05,0.01,5e-04,6,6.5,0.5,0.5,0.5,0,1,NA,NA,NA,0
"2605","nonsyn_all","common",3500,0.05,0.01,5e-04,6,7,0.5,0.5,0.5,0,1,NA,NA,NA,0
"2606","nonsyn_all","common",3500,0.05,0.01,0.001,5,6,0.5,0.5,0.5,0,1,NA,NA,NA,0
"2607","nonsyn_all","common",3500,0.05,0.01,0.001,6,6,0.5,0.5,0.5,0,1,NA,NA,NA,0
"2608","nonsyn_all","common",3500,0.05,0.01,0.001,6,6,0.5,0.5,0.75,0,1,NA,NA,NA,0
"2609","nonsyn_all","common",3500,0.05,0.01,0.001,6,6,0.5,0.5,1,0,1,NA,NA,NA,0
"2610","nonsyn_all","common",3500,0.05,0.01,0.001,6,6.5,0.5,0.5,0.5,0,1,NA,NA,NA,0
"2611","nonsyn_all","common",3500,0.05,0.01,0.001,6,7,0.5,0.5,0.5,0,1,NA,NA,NA,0
"2612","nonsyn_all","common",3500,0.05,0.01,0.001,6.5,6,0.5,0.5,0.5,0,1,NA,NA,NA,0
"2613","nonsyn_all","common",3500,0.05,0.01,0.001,7,6,0.5,0.5,0.5,0,1,NA,NA,NA,0
"2614","nonsyn_all","common",3500,0.05,0.01,0.005,6,5.5,0.5,0.5,0.5,0,1,NA,NA,NA,0
"2615","nonsyn_all","common",3500,0.05,0.01,0.005,6,6,0.5,0.5,0.5,0,1,NA,NA,NA,0
"2616","nonsyn_all","common",3500,0.05,0.01,0.005,6,6.5,0.5,0.5,0.5,0,1,NA,NA,NA,0
"2617","nonsyn_all","common",3500,0.05,0.01,0.005,6,7,0.5,0.5,0.5,0,1,NA,NA,NA,0
"2618","nonsyn_all","common",3500,0.05,0.01,0.01,6,6.5,0.5,0.5,0.5,0,1,NA,NA,NA,0
"2619","nonsyn_all","common",3500,0.05,0.01,0.01,6,7,0.5,0.5,0.5,0,1,NA,NA,NA,0
"2620","nonsyn_all","common",3500,0.05,1,0.001,6,6,0.5,0.5,0.5,0,1,NA,NA,NA,0
"2621","nonsyn_all","common",3500,0.05,1,0.001,6,6,0.5,0.5,0.75,0,1,NA,NA,NA,0
"2622","nonsyn_all","common",3500,0.05,1,0.001,6,6,0.5,0.5,1,0,1,NA,NA,NA,0
"2623","nonsyn_all","common",3500,0.05,5,0.001,6,6,0.5,0.5,0.5,0,1,NA,NA,NA,0
"2624","nonsyn_all","common",3500,0.05,5,0.001,6,6,0.5,0.5,0.75,0,1,NA,NA,NA,0
"2625","nonsyn_all","common",3500,0.05,5,0.001,6,6,0.5,0.5,1,0,1,NA,NA,NA,0
"2626","nonsyn_all","common",3500,0.1,0.01,0.001,6,6,0.5,0.5,0.5,0,1,NA,NA,NA,0
"2627","nonsyn_all","common",3500,0.2,0.01,0.001,6,6,0.5,0.5,0.5,0,1,NA,NA,NA,0
"2628","nonsyn_all","common",3500,0.5,0.01,0.001,6,6,0.5,0.5,0.5,0,1,NA,NA,NA,0
"2629","nonsyn_all","common",4000,0,0.01,0.001,6,6,0.5,0.5,0.5,0,1,NA,NA,NA,0
"2630","nonsyn_all","common",4000,0.01,0.01,0.001,6,6,0.5,0.5,0.5,0,1,NA,NA,NA,0
"2631","nonsyn_all","common",4000,0.05,0.01,0,6,5,0.5,0.5,0.5,0,1,NA,NA,NA,0
"2632","nonsyn_all","common",4000,0.05,0.01,0,6,6.5,0.5,0.5,0.5,0,1,NA,NA,NA,0
"2633","nonsyn_all","common",4000,0.05,0.01,0,6,7,0.5,0.5,0.5,0,1,NA,NA,NA,0
"2634","nonsyn_all","common",4000,0.05,0.01,1e-04,6,5,0.5,0.5,0.5,0,1,NA,NA,NA,0
"2635","nonsyn_all","common",4000,0.05,0.01,1e-04,6,6,0.5,0.5,0.5,0,1,NA,NA,NA,0
"2636","nonsyn_all","common",4000,0.05,0.01,1e-04,6,6.5,0.5,0.5,0.5,0,1,NA,NA,NA,0
"2637","nonsyn_all","common",4000,0.05,0.01,1e-04,6,7,0.5,0.5,0.5,0,1,NA,NA,NA,0
"2638","nonsyn_all","common",4000,0.05,0.01,5e-04,6,5.5,0.5,0.5,0.5,0,1,NA,NA,NA,0
"2639","nonsyn_all","common",4000,0.05,0.01,5e-04,6,6,0.5,0.5,0.5,0,1,NA,NA,NA,0
"2640","nonsyn_all","common",4000,0.05,0.01,5e-04,6,6.5,0.5,0.5,0.5,0,1,NA,NA,NA,0
"2641","nonsyn_all","common",4000,0.05,0.01,5e-04,6,7,0.5,0.5,0.5,0,1,NA,NA,NA,0
"2642","nonsyn_all","common",4000,0.05,0.01,0.001,5,6,0.5,0.5,0.5,0,1,NA,NA,NA,0
"2643","nonsyn_all","common",4000,0.05,0.01,0.001,6,6,0.5,0.5,0.5,0,1,NA,NA,NA,0
"2644","nonsyn_all","common",4000,0.05,0.01,0.001,6,6,0.5,0.5,0.75,0,1,NA,NA,NA,0
"2645","nonsyn_all","common",4000,0.05,0.01,0.001,6,6,0.5,0.5,1,0,1,NA,NA,NA,0
"2646","nonsyn_all","common",4000,0.05,0.01,0.001,6,6.5,0.5,0.5,0.5,0,1,NA,NA,NA,0
"2647","nonsyn_all","common",4000,0.05,0.01,0.001,6,7,0.5,0.5,0.5,0,1,NA,NA,NA,0
"2648","nonsyn_all","common",4000,0.05,0.01,0.001,6.5,6,0.5,0.5,0.5,0,1,NA,NA,NA,0
"2649","nonsyn_all","common",4000,0.05,0.01,0.001,7,6,0.5,0.5,0.5,0,1,NA,NA,NA,0
"2650","nonsyn_all","common",4000,0.05,0.01,0.005,6,5.5,0.5,0.5,0.5,0,1,NA,NA,NA,0
"2651","nonsyn_all","common",4000,0.05,0.01,0.005,6,6,0.5,0.5,0.5,0,1,NA,NA,NA,0
"2652","nonsyn_all","common",4000,0.05,0.01,0.005,6,6.5,0.5,0.5,0.5,0,1,NA,NA,NA,0
"2653","nonsyn_all","common",4000,0.05,0.01,0.005,6,7,0.5,0.5,0.5,0,1,NA,NA,NA,0
"2654","nonsyn_all","common",4000,0.05,0.01,0.01,6,6.5,0.5,0.5,0.5,0,1,NA,NA,NA,0
"2655","nonsyn_all","common",4000,0.05,0.01,0.01,6,7,0.5,0.5,0.5,0,1,NA,NA,NA,0
"2656","nonsyn_all","common",4000,0.05,1,0.001,6,6,0.5,0.5,0.5,0,1,NA,NA,NA,0
"2657","nonsyn_all","common",4000,0.05,1,0.001,6,6,0.5,0.5,0.75,0,1,NA,NA,NA,0
"2658","nonsyn_all","common",4000,0.05,1,0.001,6,6,0.5,0.5,1,0,1,NA,NA,NA,0
"2659","nonsyn_all","common",4000,0.05,5,0.001,6,6,0.5,0.5,0.5,0,1,NA,NA,NA,0
"2660","nonsyn_all","common",4000,0.05,5,0.001,6,6,0.5,0.5,0.75,0,1,NA,NA,NA,0
"2661","nonsyn_all","common",4000,0.05,5,0.001,6,6,0.5,0.5,1,0,1,NA,NA,NA,0
"2662","nonsyn_all","common",4000,0.1,0.01,0.001,6,6,0.5,0.5,0.5,0,1,NA,NA,NA,0
"2663","nonsyn_all","common",4000,0.2,0.01,0.001,6,6,0.5,0.5,0.5,0,1,NA,NA,NA,0
"2664","nonsyn_all","common",4000,0.5,0.01,0.001,6,6,0.5,0.5,0.5,0,1,NA,NA,NA,0
"2665","nonsyn_all","common",4500,0,0.01,0.001,6,6,0.5,0.5,0.5,0,1,NA,NA,NA,0
"2666","nonsyn_all","common",4500,0.01,0.01,0.001,6,6,0.5,0.5,0.5,0,1,NA,NA,NA,0
"2667","nonsyn_all","common",4500,0.05,0.01,0,6,5,0.5,0.5,0.5,0,1,NA,NA,NA,0
"2668","nonsyn_all","common",4500,0.05,0.01,0,6,6.5,0.5,0.5,0.5,0,1,NA,NA,NA,0
"2669","nonsyn_all","common",4500,0.05,0.01,0,6,7,0.5,0.5,0.5,0,1,NA,NA,NA,0
"2670","nonsyn_all","common",4500,0.05,0.01,1e-04,6,5,0.5,0.5,0.5,0,1,NA,NA,NA,0
"2671","nonsyn_all","common",4500,0.05,0.01,1e-04,6,6,0.5,0.5,0.5,0,1,NA,NA,NA,0
"2672","nonsyn_all","common",4500,0.05,0.01,1e-04,6,6.5,0.5,0.5,0.5,0,1,NA,NA,NA,0
"2673","nonsyn_all","common",4500,0.05,0.01,1e-04,6,7,0.5,0.5,0.5,0,1,NA,NA,NA,0
"2674","nonsyn_all","common",4500,0.05,0.01,5e-04,6,5.5,0.5,0.5,0.5,0,1,NA,NA,NA,0
"2675","nonsyn_all","common",4500,0.05,0.01,5e-04,6,6,0.5,0.5,0.5,0,1,NA,NA,NA,0
"2676","nonsyn_all","common",4500,0.05,0.01,5e-04,6,6.5,0.5,0.5,0.5,0,1,NA,NA,NA,0
"2677","nonsyn_all","common",4500,0.05,0.01,5e-04,6,7,0.5,0.5,0.5,0,1,NA,NA,NA,0
"2678","nonsyn_all","common",4500,0.05,0.01,0.001,5,6,0.5,0.5,0.5,0,1,NA,NA,NA,0
"2679","nonsyn_all","common",4500,0.05,0.01,0.001,6,6,0.5,0.5,0.5,0,1,NA,NA,NA,0
"2680","nonsyn_all","common",4500,0.05,0.01,0.001,6,6,0.5,0.5,0.75,0,1,NA,NA,NA,0
"2681","nonsyn_all","common",4500,0.05,0.01,0.001,6,6,0.5,0.5,1,0,1,NA,NA,NA,0
"2682","nonsyn_all","common",4500,0.05,0.01,0.001,6,6.5,0.5,0.5,0.5,0,1,NA,NA,NA,0
"2683","nonsyn_all","common",4500,0.05,0.01,0.001,6,7,0.5,0.5,0.5,0,1,NA,NA,NA,0
"2684","nonsyn_all","common",4500,0.05,0.01,0.001,6.5,6,0.5,0.5,0.5,0,1,NA,NA,NA,0
"2685","nonsyn_all","common",4500,0.05,0.01,0.001,7,6,0.5,0.5,0.5,0,1,NA,NA,NA,0
"2686","nonsyn_all","common",4500,0.05,0.01,0.005,6,5.5,0.5,0.5,0.5,0,1,NA,NA,NA,0
"2687","nonsyn_all","common",4500,0.05,0.01,0.005,6,6,0.5,0.5,0.5,0,1,NA,NA,NA,0
"2688","nonsyn_all","common",4500,0.05,0.01,0.005,6,6.5,0.5,0.5,0.5,0,1,NA,NA,NA,0
"2689","nonsyn_all","common",4500,0.05,0.01,0.005,6,7,0.5,0.5,0.5,0,1,NA,NA,NA,0
"2690","nonsyn_all","common",4500,0.05,0.01,0.01,6,6.5,0.5,0.5,0.5,0,1,NA,NA,NA,0
"2691","nonsyn_all","common",4500,0.05,0.01,0.01,6,7,0.5,0.5,0.5,0,1,NA,NA,NA,0
"2692","nonsyn_all","common",4500,0.05,1,0.001,6,6,0.5,0.5,0.5,0,1,NA,NA,NA,0
"2693","nonsyn_all","common",4500,0.05,1,0.001,6,6,0.5,0.5,0.75,0,1,NA,NA,NA,0
"2694","nonsyn_all","common",4500,0.05,1,0.001,6,6,0.5,0.5,1,0,1,NA,NA,NA,0
"2695","nonsyn_all","common",4500,0.05,5,0.001,6,6,0.5,0.5,0.5,0,1,NA,NA,NA,0
"2696","nonsyn_all","common",4500,0.05,5,0.001,6,6,0.5,0.5,0.75,0,1,NA,NA,NA,0
"2697","nonsyn_all","common",4500,0.05,5,0.001,6,6,0.5,0.5,1,0,1,NA,NA,NA,0
"2698","nonsyn_all","common",4500,0.1,0.01,0.001,6,6,0.5,0.5,0.5,0,1,NA,NA,NA,0
"2699","nonsyn_all","common",4500,0.2,0.01,0.001,6,6,0.5,0.5,0.5,0,1,NA,NA,NA,0
"2700","nonsyn_all","common",4500,0.5,0.01,0.001,6,6,0.5,0.5,0.5,0,1,NA,NA,NA,0
"2701","nonsyn_all","common",5000,0,0.01,0.001,6,6,0.5,0.5,0.5,0,1,NA,NA,NA,0
"2702","nonsyn_all","common",5000,0.01,0.01,0.001,6,6,0.5,0.5,0.5,0,1,NA,NA,NA,0
"2703","nonsyn_all","common",5000,0.05,0.01,0,6,5,0.5,0.5,0.5,0,1,NA,NA,NA,0
"2704","nonsyn_all","common",5000,0.05,0.01,0,6,6.5,0.5,0.5,0.5,0,1,NA,NA,NA,0
"2705","nonsyn_all","common",5000,0.05,0.01,0,6,7,0.5,0.5,0.5,0,1,NA,NA,NA,0
"2706","nonsyn_all","common",5000,0.05,0.01,1e-04,6,5,0.5,0.5,0.5,0,1,NA,NA,NA,0
"2707","nonsyn_all","common",5000,0.05,0.01,1e-04,6,6,0.5,0.5,0.5,0,1,NA,NA,NA,0
"2708","nonsyn_all","common",5000,0.05,0.01,1e-04,6,6.5,0.5,0.5,0.5,0,1,NA,NA,NA,0
"2709","nonsyn_all","common",5000,0.05,0.01,1e-04,6,7,0.5,0.5,0.5,0,1,NA,NA,NA,0
"2710","nonsyn_all","common",5000,0.05,0.01,5e-04,6,5.5,0.5,0.5,0.5,0,1,NA,NA,NA,0
"2711","nonsyn_all","common",5000,0.05,0.01,5e-04,6,6,0.5,0.5,0.5,0,1,NA,NA,NA,0
"2712","nonsyn_all","common",5000,0.05,0.01,5e-04,6,6.5,0.5,0.5,0.5,0,1,NA,NA,NA,0
"2713","nonsyn_all","common",5000,0.05,0.01,5e-04,6,7,0.5,0.5,0.5,0,1,NA,NA,NA,0
"2714","nonsyn_all","common",5000,0.05,0.01,0.001,5,6,0.5,0.5,0.5,0,1,NA,NA,NA,0
"2715","nonsyn_all","common",5000,0.05,0.01,0.001,6,6,0.5,0.5,0.5,0,1,NA,NA,NA,0
"2716","nonsyn_all","common",5000,0.05,0.01,0.001,6,6,0.5,0.5,0.75,0,1,NA,NA,NA,0
"2717","nonsyn_all","common",5000,0.05,0.01,0.001,6,6,0.5,0.5,1,0,1,NA,NA,NA,0
"2718","nonsyn_all","common",5000,0.05,0.01,0.001,6,6.5,0.5,0.5,0.5,0,1,NA,NA,NA,0
"2719","nonsyn_all","common",5000,0.05,0.01,0.001,6,7,0.5,0.5,0.5,0,1,NA,NA,NA,0
"2720","nonsyn_all","common",5000,0.05,0.01,0.001,6.5,6,0.5,0.5,0.5,0,1,NA,NA,NA,0
"2721","nonsyn_all","common",5000,0.05,0.01,0.001,7,6,0.5,0.5,0.5,0,1,NA,NA,NA,0
"2722","nonsyn_all","common",5000,0.05,0.01,0.005,6,5.5,0.5,0.5,0.5,0,1,NA,NA,NA,0
"2723","nonsyn_all","common",5000,0.05,0.01,0.005,6,6,0.5,0.5,0.5,0,1,NA,NA,NA,0
"2724","nonsyn_all","common",5000,0.05,0.01,0.005,6,6.5,0.5,0.5,0.5,0,1,NA,NA,NA,0
"2725","nonsyn_all","common",5000,0.05,0.01,0.005,6,7,0.5,0.5,0.5,0,1,NA,NA,NA,0
"2726","nonsyn_all","common",5000,0.05,0.01,0.01,6,6.5,0.5,0.5,0.5,0,1,NA,NA,NA,0
"2727","nonsyn_all","common",5000,0.05,0.01,0.01,6,7,0.5,0.5,0.5,0,1,NA,NA,NA,0
"2728","nonsyn_all","common",5000,0.05,1,0.001,6,6,0.5,0.5,0.5,0,1,NA,NA,NA,0
"2729","nonsyn_all","common",5000,0.05,1,0.001,6,6,0.5,0.5,0.75,0,1,NA,NA,NA,0
"2730","nonsyn_all","common",5000,0.05,1,0.001,6,6,0.5,0.5,1,0,1,NA,NA,NA,0
"2731","nonsyn_all","common",5000,0.05,5,0.001,6,6,0.5,0.5,0.5,0,1,NA,NA,NA,0
"2732","nonsyn_all","common",5000,0.05,5,0.001,6,6,0.5,0.5,0.75,0,1,NA,NA,NA,0
"2733","nonsyn_all","common",5000,0.05,5,0.001,6,6,0.5,0.5,1,0,1,NA,NA,NA,0
"2734","nonsyn_all","common",5000,0.1,0.01,0.001,6,6,0.5,0.5,0.5,0,1,NA,NA,NA,0
"2735","nonsyn_all","common",5000,0.2,0.01,0.001,6,6,0.5,0.5,0.5,0,1,NA,NA,NA,0
"2736","nonsyn_all","common",5000,0.5,0.01,0.001,6,6,0.5,0.5,0.5,0,1,NA,NA,NA,0
"2737","nonsyn_all","common",7500,0,0.01,0.001,6,6,0.5,0.5,0.5,0,1,NA,NA,NA,0
"2738","nonsyn_all","common",7500,0.01,0.01,0.001,6,6,0.5,0.5,0.5,0,1,NA,NA,NA,0
"2739","nonsyn_all","common",7500,0.05,0.01,0,6,5,0.5,0.5,0.5,0,1,NA,NA,NA,0
"2740","nonsyn_all","common",7500,0.05,0.01,0,6,6.5,0.5,0.5,0.5,0,1,NA,NA,NA,0
"2741","nonsyn_all","common",7500,0.05,0.01,0,6,7,0.5,0.5,0.5,0,1,NA,NA,NA,0
"2742","nonsyn_all","common",7500,0.05,0.01,1e-04,6,5,0.5,0.5,0.5,0,1,NA,NA,NA,0
"2743","nonsyn_all","common",7500,0.05,0.01,1e-04,6,6,0.5,0.5,0.5,0,1,NA,NA,NA,0
"2744","nonsyn_all","common",7500,0.05,0.01,1e-04,6,6.5,0.5,0.5,0.5,0,1,NA,NA,NA,0
"2745","nonsyn_all","common",7500,0.05,0.01,1e-04,6,7,0.5,0.5,0.5,0,1,NA,NA,NA,0
"2746","nonsyn_all","common",7500,0.05,0.01,5e-04,6,5.5,0.5,0.5,0.5,0,1,NA,NA,NA,0
"2747","nonsyn_all","common",7500,0.05,0.01,5e-04,6,6,0.5,0.5,0.5,0,1,NA,NA,NA,0
"2748","nonsyn_all","common",7500,0.05,0.01,5e-04,6,6.5,0.5,0.5,0.5,0,1,NA,NA,NA,0
"2749","nonsyn_all","common",7500,0.05,0.01,5e-04,6,7,0.5,0.5,0.5,0,1,NA,NA,NA,0
"2750","nonsyn_all","common",7500,0.05,0.01,0.001,5,6,0.5,0.5,0.5,0,1,NA,NA,NA,0
"2751","nonsyn_all","common",7500,0.05,0.01,0.001,6,6,0.5,0.5,0.5,0,1,NA,NA,NA,0
"2752","nonsyn_all","common",7500,0.05,0.01,0.001,6,6,0.5,0.5,0.75,0,1,NA,NA,NA,0
"2753","nonsyn_all","common",7500,0.05,0.01,0.001,6,6,0.5,0.5,1,0,1,NA,NA,NA,0
"2754","nonsyn_all","common",7500,0.05,0.01,0.001,6,6.5,0.5,0.5,0.5,0,1,NA,NA,NA,0
"2755","nonsyn_all","common",7500,0.05,0.01,0.001,6,7,0.5,0.5,0.5,0,1,NA,NA,NA,0
"2756","nonsyn_all","common",7500,0.05,0.01,0.001,6.5,6,0.5,0.5,0.5,0,1,NA,NA,NA,0
"2757","nonsyn_all","common",7500,0.05,0.01,0.001,7,6,0.5,0.5,0.5,0,1,NA,NA,NA,0
"2758","nonsyn_all","common",7500,0.05,0.01,0.005,6,5.5,0.5,0.5,0.5,0,1,NA,NA,NA,0
"2759","nonsyn_all","common",7500,0.05,0.01,0.005,6,6,0.5,0.5,0.5,0,1,NA,NA,NA,0
"2760","nonsyn_all","common",7500,0.05,0.01,0.005,6,6.5,0.5,0.5,0.5,0,1,NA,NA,NA,0
"2761","nonsyn_all","common",7500,0.05,0.01,0.005,6,7,0.5,0.5,0.5,0,1,NA,NA,NA,0
"2762","nonsyn_all","common",7500,0.05,0.01,0.01,6,6.5,0.5,0.5,0.5,0,1,NA,NA,NA,0
"2763","nonsyn_all","common",7500,0.05,0.01,0.01,6,7,0.5,0.5,0.5,0,1,NA,NA,NA,0
"2764","nonsyn_all","common",7500,0.05,1,0.001,6,6,0.5,0.5,0.5,0,1,NA,NA,NA,0
"2765","nonsyn_all","common",7500,0.05,1,0.001,6,6,0.5,0.5,0.75,0,1,NA,NA,NA,0
"2766","nonsyn_all","common",7500,0.05,1,0.001,6,6,0.5,0.5,1,0,1,NA,NA,NA,0
"2767","nonsyn_all","common",7500,0.05,5,0.001,6,6,0.5,0.5,0.5,0,1,NA,NA,NA,0
"2768","nonsyn_all","common",7500,0.05,5,0.001,6,6,0.5,0.5,0.75,0,1,NA,NA,NA,0
"2769","nonsyn_all","common",7500,0.05,5,0.001,6,6,0.5,0.5,1,0,1,NA,NA,NA,0
"2770","nonsyn_all","common",7500,0.1,0.01,0.001,6,6,0.5,0.5,0.5,0,1,NA,NA,NA,0
"2771","nonsyn_all","common",7500,0.2,0.01,0.001,6,6,0.5,0.5,0.5,0,1,NA,NA,NA,0
"2772","nonsyn_all","common",7500,0.5,0.01,0.001,6,6,0.5,0.5,0.5,0,1,NA,NA,NA,0
"2773","nonsyn_all","common",10000,0,0.01,0.001,6,6,0.5,0.5,0.5,0,1,NA,NA,NA,0
"2774","nonsyn_all","common",10000,0.01,0.01,0.001,6,6,0.5,0.5,0.5,0,1,NA,NA,NA,0
"2775","nonsyn_all","common",10000,0.05,0.01,0,6,5,0.5,0.5,0.5,0,1,NA,NA,NA,0
"2776","nonsyn_all","common",10000,0.05,0.01,0,6,6.5,0.5,0.5,0.5,0,1,NA,NA,NA,0
"2777","nonsyn_all","common",10000,0.05,0.01,0,6,7,0.5,0.5,0.5,0,1,NA,NA,NA,0
"2778","nonsyn_all","common",10000,0.05,0.01,1e-04,6,5,0.5,0.5,0.5,0,1,NA,NA,NA,0
"2779","nonsyn_all","common",10000,0.05,0.01,1e-04,6,6,0.5,0.5,0.5,0,1,NA,NA,NA,0
"2780","nonsyn_all","common",10000,0.05,0.01,1e-04,6,6.5,0.5,0.5,0.5,0,1,NA,NA,NA,0
"2781","nonsyn_all","common",10000,0.05,0.01,1e-04,6,7,0.5,0.5,0.5,0,1,NA,NA,NA,0
"2782","nonsyn_all","common",10000,0.05,0.01,5e-04,6,5.5,0.5,0.5,0.5,0,1,NA,NA,NA,0
"2783","nonsyn_all","common",10000,0.05,0.01,5e-04,6,6,0.5,0.5,0.5,0,1,NA,NA,NA,0
"2784","nonsyn_all","common",10000,0.05,0.01,5e-04,6,6.5,0.5,0.5,0.5,0,1,NA,NA,NA,0
"2785","nonsyn_all","common",10000,0.05,0.01,5e-04,6,7,0.5,0.5,0.5,0,1,NA,NA,NA,0
"2786","nonsyn_all","common",10000,0.05,0.01,0.001,5,6,0.5,0.5,0.5,0,1,NA,NA,NA,0
"2787","nonsyn_all","common",10000,0.05,0.01,0.001,6,6,0.5,0.5,0.5,0,1,NA,NA,NA,0
"2788","nonsyn_all","common",10000,0.05,0.01,0.001,6,6,0.5,0.5,0.75,0,1,NA,NA,NA,0
"2789","nonsyn_all","common",10000,0.05,0.01,0.001,6,6,0.5,0.5,1,0,1,NA,NA,NA,0
"2790","nonsyn_all","common",10000,0.05,0.01,0.001,6,6.5,0.5,0.5,0.5,0,1,NA,NA,NA,0
"2791","nonsyn_all","common",10000,0.05,0.01,0.001,6,7,0.5,0.5,0.5,0,1,NA,NA,NA,0
"2792","nonsyn_all","common",10000,0.05,0.01,0.001,6.5,6,0.5,0.5,0.5,0,1,NA,NA,NA,0
"2793","nonsyn_all","common",10000,0.05,0.01,0.001,7,6,0.5,0.5,0.5,0,1,NA,NA,NA,0
"2794","nonsyn_all","common",10000,0.05,0.01,0.005,6,5.5,0.5,0.5,0.5,0,1,NA,NA,NA,0
"2795","nonsyn_all","common",10000,0.05,0.01,0.005,6,6,0.5,0.5,0.5,0,1,NA,NA,NA,0
"2796","nonsyn_all","common",10000,0.05,0.01,0.005,6,6.5,0.5,0.5,0.5,0,1,NA,NA,NA,0
"2797","nonsyn_all","common",10000,0.05,0.01,0.005,6,7,0.5,0.5,0.5,0,1,NA,NA,NA,0
"2798","nonsyn_all","common",10000,0.05,0.01,0.01,6,6.5,0.5,0.5,0.5,0,1,NA,NA,NA,0
"2799","nonsyn_all","common",10000,0.05,0.01,0.01,6,7,0.5,0.5,0.5,0,1,NA,NA,NA,0
"2800","nonsyn_all","common",10000,0.05,1,0.001,6,6,0.5,0.5,0.5,0,1,NA,NA,NA,0
"2801","nonsyn_all","common",10000,0.05,1,0.001,6,6,0.5,0.5,0.75,0,1,NA,NA,NA,0
"2802","nonsyn_all","common",10000,0.05,1,0.001,6,6,0.5,0.5,1,0,1,NA,NA,NA,0
"2803","nonsyn_all","common",10000,0.05,5,0.001,6,6,0.5,0.5,0.5,0,1,NA,NA,NA,0
"2804","nonsyn_all","common",10000,0.05,5,0.001,6,6,0.5,0.5,0.75,0,1,NA,NA,NA,0
"2805","nonsyn_all","common",10000,0.05,5,0.001,6,6,0.5,0.5,1,0,1,NA,NA,NA,0
"2806","nonsyn_all","common",10000,0.1,0.01,0.001,6,6,0.5,0.5,0.5,0,1,NA,NA,NA,0
"2807","nonsyn_all","common",10000,0.2,0.01,0.001,6,6,0.5,0.5,0.5,0,1,NA,NA,NA,0
"2808","nonsyn_all","common",10000,0.5,0.01,0.001,6,6,0.5,0.5,0.5,0,1,NA,NA,NA,0
"2809","nonsyn_all","int",15,0,0.01,0.001,6,6,0.5,0.5,0.5,0,1,NA,NA,NA,0
"2810","nonsyn_all","int",15,0.01,0.01,0.001,6,6,0.5,0.5,0.5,0,1,NA,NA,NA,0
"2811","nonsyn_all","int",15,0.05,0.01,0,6,5,0.5,0.5,0.5,0,1,NA,NA,NA,0
"2812","nonsyn_all","int",15,0.05,0.01,0,6,6.5,0.5,0.5,0.5,0,1,NA,NA,NA,0
"2813","nonsyn_all","int",15,0.05,0.01,0,6,7,0.5,0.5,0.5,0,1,NA,NA,NA,0
"2814","nonsyn_all","int",15,0.05,0.01,1e-04,6,5,0.5,0.5,0.5,0,1,NA,NA,NA,0
"2815","nonsyn_all","int",15,0.05,0.01,1e-04,6,6,0.5,0.5,0.5,0,1,NA,NA,NA,0
"2816","nonsyn_all","int",15,0.05,0.01,1e-04,6,6.5,0.5,0.5,0.5,0,1,NA,NA,NA,0
"2817","nonsyn_all","int",15,0.05,0.01,1e-04,6,7,0.5,0.5,0.5,0,1,NA,NA,NA,0
"2818","nonsyn_all","int",15,0.05,0.01,5e-04,6,5.5,0.5,0.5,0.5,0,1,NA,NA,NA,0
"2819","nonsyn_all","int",15,0.05,0.01,5e-04,6,6,0.5,0.5,0.5,0,1,NA,NA,NA,0
"2820","nonsyn_all","int",15,0.05,0.01,5e-04,6,6.5,0.5,0.5,0.5,0,1,NA,NA,NA,0
"2821","nonsyn_all","int",15,0.05,0.01,5e-04,6,7,0.5,0.5,0.5,0,1,NA,NA,NA,0
"2822","nonsyn_all","int",15,0.05,0.01,0.001,5,6,0.5,0.5,0.5,0,1,NA,NA,NA,0
"2823","nonsyn_all","int",15,0.05,0.01,0.001,6,6,0.5,0.5,0.5,0,1,NA,NA,NA,0
"2824","nonsyn_all","int",15,0.05,0.01,0.001,6,6,0.5,0.5,0.75,0,1,NA,NA,NA,0
"2825","nonsyn_all","int",15,0.05,0.01,0.001,6,6,0.5,0.5,1,0,1,NA,NA,NA,0
"2826","nonsyn_all","int",15,0.05,0.01,0.001,6,6.5,0.5,0.5,0.5,0,1,NA,NA,NA,0
"2827","nonsyn_all","int",15,0.05,0.01,0.001,6,7,0.5,0.5,0.5,0,1,NA,NA,NA,0
"2828","nonsyn_all","int",15,0.05,0.01,0.001,6.5,6,0.5,0.5,0.5,0,1,NA,NA,NA,0
"2829","nonsyn_all","int",15,0.05,0.01,0.001,7,6,0.5,0.5,0.5,0,1,NA,NA,NA,0
"2830","nonsyn_all","int",15,0.05,0.01,0.005,6,5.5,0.5,0.5,0.5,0,1,NA,NA,NA,0
"2831","nonsyn_all","int",15,0.05,0.01,0.005,6,6,0.5,0.5,0.5,0,1,NA,NA,NA,0
"2832","nonsyn_all","int",15,0.05,0.01,0.005,6,6.5,0.5,0.5,0.5,0,1,NA,NA,NA,0
"2833","nonsyn_all","int",15,0.05,0.01,0.005,6,7,0.5,0.5,0.5,0,1,NA,NA,NA,0
"2834","nonsyn_all","int",15,0.05,0.01,0.01,6,6.5,0.5,0.5,0.5,0,1,NA,NA,NA,0
"2835","nonsyn_all","int",15,0.05,0.01,0.01,6,7,0.5,0.5,0.5,0,1,NA,NA,NA,0
"2836","nonsyn_all","int",15,0.05,1,0.001,6,6,0.5,0.5,0.5,0,1,NA,NA,NA,0
"2837","nonsyn_all","int",15,0.05,1,0.001,6,6,0.5,0.5,0.75,0,1,NA,NA,NA,0
"2838","nonsyn_all","int",15,0.05,1,0.001,6,6,0.5,0.5,1,0,1,NA,NA,NA,0
"2839","nonsyn_all","int",15,0.05,5,0.001,6,6,0.5,0.5,0.5,0,1,NA,NA,NA,0
"2840","nonsyn_all","int",15,0.05,5,0.001,6,6,0.5,0.5,0.75,0,1,NA,NA,NA,0
"2841","nonsyn_all","int",15,0.05,5,0.001,6,6,0.5,0.5,1,0,1,NA,NA,NA,0
"2842","nonsyn_all","int",15,0.1,0.01,0.001,6,6,0.5,0.5,0.5,0,1,NA,NA,NA,0
"2843","nonsyn_all","int",15,0.2,0.01,0.001,6,6,0.5,0.5,0.5,0,1,NA,NA,NA,0
"2844","nonsyn_all","int",15,0.5,0.01,0.001,6,6,0.5,0.5,0.5,0,1,NA,NA,NA,0
"2845","nonsyn_all","int",50,0,0.01,0.001,6,6,0.5,0.5,0.5,0,1,NA,NA,NA,0
"2846","nonsyn_all","int",50,0.01,0.01,0.001,6,6,0.5,0.5,0.5,0,1,NA,NA,NA,0
"2847","nonsyn_all","int",50,0.05,0.01,0,6,5,0.5,0.5,0.5,0,1,NA,NA,NA,0
"2848","nonsyn_all","int",50,0.05,0.01,0,6,6.5,0.5,0.5,0.5,0,1,NA,NA,NA,0
"2849","nonsyn_all","int",50,0.05,0.01,0,6,7,0.5,0.5,0.5,0,1,NA,NA,NA,0
"2850","nonsyn_all","int",50,0.05,0.01,1e-04,6,5,0.5,0.5,0.5,0,1,NA,NA,NA,0
"2851","nonsyn_all","int",50,0.05,0.01,1e-04,6,6,0.5,0.5,0.5,0,1,NA,NA,NA,0
"2852","nonsyn_all","int",50,0.05,0.01,1e-04,6,6.5,0.5,0.5,0.5,0,1,NA,NA,NA,0
"2853","nonsyn_all","int",50,0.05,0.01,1e-04,6,7,0.5,0.5,0.5,0,1,NA,NA,NA,0
"2854","nonsyn_all","int",50,0.05,0.01,5e-04,6,5.5,0.5,0.5,0.5,0,1,NA,NA,NA,0
"2855","nonsyn_all","int",50,0.05,0.01,5e-04,6,6,0.5,0.5,0.5,0,1,NA,NA,NA,0
"2856","nonsyn_all","int",50,0.05,0.01,5e-04,6,6.5,0.5,0.5,0.5,0,1,NA,NA,NA,0
"2857","nonsyn_all","int",50,0.05,0.01,5e-04,6,7,0.5,0.5,0.5,0,1,NA,NA,NA,0
"2858","nonsyn_all","int",50,0.05,0.01,0.001,5,6,0.5,0.5,0.5,0,1,NA,NA,NA,0
"2859","nonsyn_all","int",50,0.05,0.01,0.001,6,6,0.5,0.5,0.5,0,1,NA,NA,NA,0
"2860","nonsyn_all","int",50,0.05,0.01,0.001,6,6,0.5,0.5,0.75,0,1,NA,NA,NA,0
"2861","nonsyn_all","int",50,0.05,0.01,0.001,6,6,0.5,0.5,1,0,1,NA,NA,NA,0
"2862","nonsyn_all","int",50,0.05,0.01,0.001,6,6.5,0.5,0.5,0.5,0,1,NA,NA,NA,0
"2863","nonsyn_all","int",50,0.05,0.01,0.001,6,7,0.5,0.5,0.5,0,1,NA,NA,NA,0
"2864","nonsyn_all","int",50,0.05,0.01,0.001,6.5,6,0.5,0.5,0.5,0,1,NA,NA,NA,0
"2865","nonsyn_all","int",50,0.05,0.01,0.001,7,6,0.5,0.5,0.5,0,1,NA,NA,NA,0
"2866","nonsyn_all","int",50,0.05,0.01,0.005,6,5.5,0.5,0.5,0.5,0,1,NA,NA,NA,0
"2867","nonsyn_all","int",50,0.05,0.01,0.005,6,6,0.5,0.5,0.5,0,1,NA,NA,NA,0
"2868","nonsyn_all","int",50,0.05,0.01,0.005,6,6.5,0.5,0.5,0.5,0,1,NA,NA,NA,0
"2869","nonsyn_all","int",50,0.05,0.01,0.005,6,7,0.5,0.5,0.5,0,1,NA,NA,NA,0
"2870","nonsyn_all","int",50,0.05,0.01,0.01,6,6.5,0.5,0.5,0.5,0,1,NA,NA,NA,0
"2871","nonsyn_all","int",50,0.05,0.01,0.01,6,7,0.5,0.5,0.5,0,1,NA,NA,NA,0
"2872","nonsyn_all","int",50,0.05,1,0.001,6,6,0.5,0.5,0.5,0,1,NA,NA,NA,0
"2873","nonsyn_all","int",50,0.05,1,0.001,6,6,0.5,0.5,0.75,0,1,NA,NA,NA,0
"2874","nonsyn_all","int",50,0.05,1,0.001,6,6,0.5,0.5,1,0,1,NA,NA,NA,0
"2875","nonsyn_all","int",50,0.05,5,0.001,6,6,0.5,0.5,0.5,0,1,NA,NA,NA,0
"2876","nonsyn_all","int",50,0.05,5,0.001,6,6,0.5,0.5,0.75,0,1,NA,NA,NA,0
"2877","nonsyn_all","int",50,0.05,5,0.001,6,6,0.5,0.5,1,0,1,NA,NA,NA,0
"2878","nonsyn_all","int",50,0.1,0.01,0.001,6,6,0.5,0.5,0.5,0,1,NA,NA,NA,0
"2879","nonsyn_all","int",50,0.2,0.01,0.001,6,6,0.5,0.5,0.5,0,1,NA,NA,NA,0
"2880","nonsyn_all","int",50,0.5,0.01,0.001,6,6,0.5,0.5,0.5,0,1,NA,NA,NA,0
"2881","nonsyn_all","int",100,0,0.01,0.001,6,6,0.5,0.5,0.5,0,1,NA,NA,NA,0
"2882","nonsyn_all","int",100,0.01,0.01,0.001,6,6,0.5,0.5,0.5,0,1,NA,NA,NA,0
"2883","nonsyn_all","int",100,0.05,0.01,0,6,5,0.5,0.5,0.5,0,1,NA,NA,NA,0
"2884","nonsyn_all","int",100,0.05,0.01,0,6,6.5,0.5,0.5,0.5,0,1,NA,NA,NA,0
"2885","nonsyn_all","int",100,0.05,0.01,0,6,7,0.5,0.5,0.5,0,1,NA,NA,NA,0
"2886","nonsyn_all","int",100,0.05,0.01,1e-04,6,5,0.5,0.5,0.5,0,1,NA,NA,NA,0
"2887","nonsyn_all","int",100,0.05,0.01,1e-04,6,6,0.5,0.5,0.5,0,1,NA,NA,NA,0
"2888","nonsyn_all","int",100,0.05,0.01,1e-04,6,6.5,0.5,0.5,0.5,0,1,NA,NA,NA,0
"2889","nonsyn_all","int",100,0.05,0.01,1e-04,6,7,0.5,0.5,0.5,0,1,NA,NA,NA,0
"2890","nonsyn_all","int",100,0.05,0.01,5e-04,6,5.5,0.5,0.5,0.5,0,1,NA,NA,NA,0
"2891","nonsyn_all","int",100,0.05,0.01,5e-04,6,6,0.5,0.5,0.5,0,1,NA,NA,NA,0
"2892","nonsyn_all","int",100,0.05,0.01,5e-04,6,6.5,0.5,0.5,0.5,0,1,NA,NA,NA,0
"2893","nonsyn_all","int",100,0.05,0.01,5e-04,6,7,0.5,0.5,0.5,0,1,NA,NA,NA,0
"2894","nonsyn_all","int",100,0.05,0.01,0.001,5,6,0.5,0.5,0.5,0,1,NA,NA,NA,0
"2895","nonsyn_all","int",100,0.05,0.01,0.001,6,6,0.5,0.5,0.5,0,1,NA,NA,NA,0
"2896","nonsyn_all","int",100,0.05,0.01,0.001,6,6,0.5,0.5,0.75,0,1,NA,NA,NA,0
"2897","nonsyn_all","int",100,0.05,0.01,0.001,6,6,0.5,0.5,1,0,1,NA,NA,NA,0
"2898","nonsyn_all","int",100,0.05,0.01,0.001,6,6.5,0.5,0.5,0.5,0,1,NA,NA,NA,0
"2899","nonsyn_all","int",100,0.05,0.01,0.001,6,7,0.5,0.5,0.5,0,1,NA,NA,NA,0
"2900","nonsyn_all","int",100,0.05,0.01,0.001,6.5,6,0.5,0.5,0.5,0,1,NA,NA,NA,0
"2901","nonsyn_all","int",100,0.05,0.01,0.001,7,6,0.5,0.5,0.5,0,1,NA,NA,NA,0
"2902","nonsyn_all","int",100,0.05,0.01,0.005,6,5.5,0.5,0.5,0.5,0,1,NA,NA,NA,0
"2903","nonsyn_all","int",100,0.05,0.01,0.005,6,6,0.5,0.5,0.5,0,1,NA,NA,NA,0
"2904","nonsyn_all","int",100,0.05,0.01,0.005,6,6.5,0.5,0.5,0.5,0,1,NA,NA,NA,0
"2905","nonsyn_all","int",100,0.05,0.01,0.005,6,7,0.5,0.5,0.5,0,1,NA,NA,NA,0
"2906","nonsyn_all","int",100,0.05,0.01,0.01,6,6.5,0.5,0.5,0.5,0,1,NA,NA,NA,0
"2907","nonsyn_all","int",100,0.05,0.01,0.01,6,7,0.5,0.5,0.5,0,1,NA,NA,NA,0
"2908","nonsyn_all","int",100,0.05,1,0.001,6,6,0.5,0.5,0.5,0,1,NA,NA,NA,0
"2909","nonsyn_all","int",100,0.05,1,0.001,6,6,0.5,0.5,0.75,0,1,NA,NA,NA,0
"2910","nonsyn_all","int",100,0.05,1,0.001,6,6,0.5,0.5,1,0,1,NA,NA,NA,0
"2911","nonsyn_all","int",100,0.05,5,0.001,6,6,0.5,0.5,0.5,0,1,NA,NA,NA,0
"2912","nonsyn_all","int",100,0.05,5,0.001,6,6,0.5,0.5,0.75,0,1,NA,NA,NA,0
"2913","nonsyn_all","int",100,0.05,5,0.001,6,6,0.5,0.5,1,0,1,NA,NA,NA,0
"2914","nonsyn_all","int",100,0.1,0.01,0.001,6,6,0.5,0.5,0.5,0,1,NA,NA,NA,0
"2915","nonsyn_all","int",100,0.2,0.01,0.001,6,6,0.5,0.5,0.5,0,1,NA,NA,NA,0
"2916","nonsyn_all","int",100,0.5,0.01,0.001,6,6,0.5,0.5,0.5,0,1,NA,NA,NA,0
"2917","nonsyn_all","int",200,0,0.01,0.001,6,6,0.5,0.5,0.5,0,1,NA,NA,NA,0
"2918","nonsyn_all","int",200,0.01,0.01,0.001,6,6,0.5,0.5,0.5,0,1,NA,NA,NA,0
"2919","nonsyn_all","int",200,0.05,0.01,0,6,5,0.5,0.5,0.5,0,1,NA,NA,NA,0
"2920","nonsyn_all","int",200,0.05,0.01,0,6,6.5,0.5,0.5,0.5,0,1,NA,NA,NA,0
"2921","nonsyn_all","int",200,0.05,0.01,0,6,7,0.5,0.5,0.5,0,1,NA,NA,NA,0
"2922","nonsyn_all","int",200,0.05,0.01,1e-04,6,5,0.5,0.5,0.5,0,1,NA,NA,NA,0
"2923","nonsyn_all","int",200,0.05,0.01,1e-04,6,6,0.5,0.5,0.5,0,1,NA,NA,NA,0
"2924","nonsyn_all","int",200,0.05,0.01,1e-04,6,6.5,0.5,0.5,0.5,0,1,NA,NA,NA,0
"2925","nonsyn_all","int",200,0.05,0.01,1e-04,6,7,0.5,0.5,0.5,0,1,NA,NA,NA,0
"2926","nonsyn_all","int",200,0.05,0.01,5e-04,6,5.5,0.5,0.5,0.5,0,1,NA,NA,NA,0
"2927","nonsyn_all","int",200,0.05,0.01,5e-04,6,6,0.5,0.5,0.5,0,1,NA,NA,NA,0
"2928","nonsyn_all","int",200,0.05,0.01,5e-04,6,6.5,0.5,0.5,0.5,0,1,NA,NA,NA,0
"2929","nonsyn_all","int",200,0.05,0.01,5e-04,6,7,0.5,0.5,0.5,0,1,NA,NA,NA,0
"2930","nonsyn_all","int",200,0.05,0.01,0.001,5,6,0.5,0.5,0.5,0,1,NA,NA,NA,0
"2931","nonsyn_all","int",200,0.05,0.01,0.001,6,6,0.5,0.5,0.5,0,1,NA,NA,NA,0
"2932","nonsyn_all","int",200,0.05,0.01,0.001,6,6,0.5,0.5,0.75,0,1,NA,NA,NA,0
"2933","nonsyn_all","int",200,0.05,0.01,0.001,6,6,0.5,0.5,1,0,1,NA,NA,NA,0
"2934","nonsyn_all","int",200,0.05,0.01,0.001,6,6.5,0.5,0.5,0.5,0,1,NA,NA,NA,0
"2935","nonsyn_all","int",200,0.05,0.01,0.001,6,7,0.5,0.5,0.5,0,1,NA,NA,NA,0
"2936","nonsyn_all","int",200,0.05,0.01,0.001,6.5,6,0.5,0.5,0.5,0,1,NA,NA,NA,0
"2937","nonsyn_all","int",200,0.05,0.01,0.001,7,6,0.5,0.5,0.5,0,1,NA,NA,NA,0
"2938","nonsyn_all","int",200,0.05,0.01,0.005,6,5.5,0.5,0.5,0.5,0,1,NA,NA,NA,0
"2939","nonsyn_all","int",200,0.05,0.01,0.005,6,6,0.5,0.5,0.5,0,1,NA,NA,NA,0
"2940","nonsyn_all","int",200,0.05,0.01,0.005,6,6.5,0.5,0.5,0.5,0,1,NA,NA,NA,0
"2941","nonsyn_all","int",200,0.05,0.01,0.005,6,7,0.5,0.5,0.5,0,1,NA,NA,NA,0
"2942","nonsyn_all","int",200,0.05,0.01,0.01,6,6.5,0.5,0.5,0.5,0,1,NA,NA,NA,0
"2943","nonsyn_all","int",200,0.05,0.01,0.01,6,7,0.5,0.5,0.5,0,1,NA,NA,NA,0
"2944","nonsyn_all","int",200,0.05,1,0.001,6,6,0.5,0.5,0.5,0,1,NA,NA,NA,0
"2945","nonsyn_all","int",200,0.05,1,0.001,6,6,0.5,0.5,0.75,0,1,NA,NA,NA,0
"2946","nonsyn_all","int",200,0.05,1,0.001,6,6,0.5,0.5,1,0,1,NA,NA,NA,0
"2947","nonsyn_all","int",200,0.05,5,0.001,6,6,0.5,0.5,0.5,0,1,NA,NA,NA,0
"2948","nonsyn_all","int",200,0.05,5,0.001,6,6,0.5,0.5,0.75,0,1,NA,NA,NA,0
"2949","nonsyn_all","int",200,0.05,5,0.001,6,6,0.5,0.5,1,0,1,NA,NA,NA,0
"2950","nonsyn_all","int",200,0.1,0.01,0.001,6,6,0.5,0.5,0.5,0,1,NA,NA,NA,0
"2951","nonsyn_all","int",200,0.2,0.01,0.001,6,6,0.5,0.5,0.5,0,1,NA,NA,NA,0
"2952","nonsyn_all","int",200,0.5,0.01,0.001,6,6,0.5,0.5,0.5,0,1,NA,NA,NA,0
"2953","nonsyn_all","int",300,0,0.01,0.001,6,6,0.5,0.5,0.5,0,1,NA,NA,NA,0
"2954","nonsyn_all","int",300,0.01,0.01,0.001,6,6,0.5,0.5,0.5,0,1,NA,NA,NA,0
"2955","nonsyn_all","int",300,0.05,0.01,0,6,5,0.5,0.5,0.5,0,1,NA,NA,NA,0
"2956","nonsyn_all","int",300,0.05,0.01,0,6,6.5,0.5,0.5,0.5,0,1,NA,NA,NA,0
"2957","nonsyn_all","int",300,0.05,0.01,0,6,7,0.5,0.5,0.5,0,1,NA,NA,NA,0
"2958","nonsyn_all","int",300,0.05,0.01,1e-04,6,5,0.5,0.5,0.5,0,1,NA,NA,NA,0
"2959","nonsyn_all","int",300,0.05,0.01,1e-04,6,6,0.5,0.5,0.5,0,1,NA,NA,NA,0
"2960","nonsyn_all","int",300,0.05,0.01,1e-04,6,6.5,0.5,0.5,0.5,0,1,NA,NA,NA,0
"2961","nonsyn_all","int",300,0.05,0.01,1e-04,6,7,0.5,0.5,0.5,0,1,NA,NA,NA,0
"2962","nonsyn_all","int",300,0.05,0.01,5e-04,6,5.5,0.5,0.5,0.5,0,1,NA,NA,NA,0
"2963","nonsyn_all","int",300,0.05,0.01,5e-04,6,6,0.5,0.5,0.5,0,1,NA,NA,NA,0
"2964","nonsyn_all","int",300,0.05,0.01,5e-04,6,6.5,0.5,0.5,0.5,0,1,NA,NA,NA,0
"2965","nonsyn_all","int",300,0.05,0.01,5e-04,6,7,0.5,0.5,0.5,0,1,NA,NA,NA,0
"2966","nonsyn_all","int",300,0.05,0.01,0.001,5,6,0.5,0.5,0.5,0,1,NA,NA,NA,0
"2967","nonsyn_all","int",300,0.05,0.01,0.001,6,6,0.5,0.5,0.5,0,1,NA,NA,NA,0
"2968","nonsyn_all","int",300,0.05,0.01,0.001,6,6,0.5,0.5,0.75,0,1,NA,NA,NA,0
"2969","nonsyn_all","int",300,0.05,0.01,0.001,6,6,0.5,0.5,1,0,1,NA,NA,NA,0
"2970","nonsyn_all","int",300,0.05,0.01,0.001,6,6.5,0.5,0.5,0.5,0,1,NA,NA,NA,0
"2971","nonsyn_all","int",300,0.05,0.01,0.001,6,7,0.5,0.5,0.5,0,1,NA,NA,NA,0
"2972","nonsyn_all","int",300,0.05,0.01,0.001,6.5,6,0.5,0.5,0.5,0,1,NA,NA,NA,0
"2973","nonsyn_all","int",300,0.05,0.01,0.001,7,6,0.5,0.5,0.5,0,1,NA,NA,NA,0
"2974","nonsyn_all","int",300,0.05,0.01,0.005,6,5.5,0.5,0.5,0.5,0,1,NA,NA,NA,0
"2975","nonsyn_all","int",300,0.05,0.01,0.005,6,6,0.5,0.5,0.5,0,1,NA,NA,NA,0
"2976","nonsyn_all","int",300,0.05,0.01,0.005,6,6.5,0.5,0.5,0.5,0,1,NA,NA,NA,0
"2977","nonsyn_all","int",300,0.05,0.01,0.005,6,7,0.5,0.5,0.5,0,1,NA,NA,NA,0
"2978","nonsyn_all","int",300,0.05,0.01,0.01,6,6.5,0.5,0.5,0.5,0,1,NA,NA,NA,0
"2979","nonsyn_all","int",300,0.05,0.01,0.01,6,7,0.5,0.5,0.5,0,1,NA,NA,NA,0
"2980","nonsyn_all","int",300,0.05,1,0.001,6,6,0.5,0.5,0.5,0,1,NA,NA,NA,0
"2981","nonsyn_all","int",300,0.05,1,0.001,6,6,0.5,0.5,0.75,0,1,NA,NA,NA,0
"2982","nonsyn_all","int",300,0.05,1,0.001,6,6,0.5,0.5,1,0,1,NA,NA,NA,0
"2983","nonsyn_all","int",300,0.05,5,0.001,6,6,0.5,0.5,0.5,0,1,NA,NA,NA,0
"2984","nonsyn_all","int",300,0.05,5,0.001,6,6,0.5,0.5,0.75,0,1,NA,NA,NA,0
"2985","nonsyn_all","int",300,0.05,5,0.001,6,6,0.5,0.5,1,0,1,NA,NA,NA,0
"2986","nonsyn_all","int",300,0.1,0.01,0.001,6,6,0.5,0.5,0.5,0,1,NA,NA,NA,0
"2987","nonsyn_all","int",300,0.2,0.01,0.001,6,6,0.5,0.5,0.5,0,1,NA,NA,NA,0
"2988","nonsyn_all","int",300,0.5,0.01,0.001,6,6,0.5,0.5,0.5,0,1,NA,NA,NA,0
"2989","nonsyn_all","int",500,0,0.01,0.001,6,6,0.5,0.5,0.5,0,1,NA,NA,NA,0
"2990","nonsyn_all","int",500,0.01,0.01,0.001,6,6,0.5,0.5,0.5,0,1,NA,NA,NA,0
"2991","nonsyn_all","int",500,0.05,0.01,0,6,5,0.5,0.5,0.5,0,1,NA,NA,NA,0
"2992","nonsyn_all","int",500,0.05,0.01,0,6,6.5,0.5,0.5,0.5,0,1,NA,NA,NA,0
"2993","nonsyn_all","int",500,0.05,0.01,0,6,7,0.5,0.5,0.5,0,1,NA,NA,NA,0
"2994","nonsyn_all","int",500,0.05,0.01,1e-04,6,5,0.5,0.5,0.5,0,1,NA,NA,NA,0
"2995","nonsyn_all","int",500,0.05,0.01,1e-04,6,6,0.5,0.5,0.5,0,1,NA,NA,NA,0
"2996","nonsyn_all","int",500,0.05,0.01,1e-04,6,6.5,0.5,0.5,0.5,0,1,NA,NA,NA,0
"2997","nonsyn_all","int",500,0.05,0.01,1e-04,6,7,0.5,0.5,0.5,0,1,NA,NA,NA,0
"2998","nonsyn_all","int",500,0.05,0.01,5e-04,6,5.5,0.5,0.5,0.5,0,1,NA,NA,NA,0
"2999","nonsyn_all","int",500,0.05,0.01,5e-04,6,6,0.5,0.5,0.5,0,1,NA,NA,NA,0
"3000","nonsyn_all","int",500,0.05,0.01,5e-04,6,6.5,0.5,0.5,0.5,0,1,NA,NA,NA,0
"3001","nonsyn_all","int",500,0.05,0.01,5e-04,6,7,0.5,0.5,0.5,0,1,NA,NA,NA,0
"3002","nonsyn_all","int",500,0.05,0.01,0.001,5,6,0.5,0.5,0.5,0,1,NA,NA,NA,0
"3003","nonsyn_all","int",500,0.05,0.01,0.001,6,6,0.5,0.5,0.5,0,1,NA,NA,NA,0
"3004","nonsyn_all","int",500,0.05,0.01,0.001,6,6,0.5,0.5,0.75,0,1,NA,NA,NA,0
"3005","nonsyn_all","int",500,0.05,0.01,0.001,6,6,0.5,0.5,1,0,1,NA,NA,NA,0
"3006","nonsyn_all","int",500,0.05,0.01,0.001,6,6.5,0.5,0.5,0.5,0,1,NA,NA,NA,0
"3007","nonsyn_all","int",500,0.05,0.01,0.001,6,7,0.5,0.5,0.5,0,1,NA,NA,NA,0
"3008","nonsyn_all","int",500,0.05,0.01,0.001,6.5,6,0.5,0.5,0.5,0,1,NA,NA,NA,0
"3009","nonsyn_all","int",500,0.05,0.01,0.001,7,6,0.5,0.5,0.5,0,1,NA,NA,NA,0
"3010","nonsyn_all","int",500,0.05,0.01,0.005,6,5.5,0.5,0.5,0.5,0,1,NA,NA,NA,0
"3011","nonsyn_all","int",500,0.05,0.01,0.005,6,6,0.5,0.5,0.5,0,1,NA,NA,NA,0
"3012","nonsyn_all","int",500,0.05,0.01,0.005,6,6.5,0.5,0.5,0.5,0,1,NA,NA,NA,0
"3013","nonsyn_all","int",500,0.05,0.01,0.005,6,7,0.5,0.5,0.5,0,1,NA,NA,NA,0
"3014","nonsyn_all","int",500,0.05,0.01,0.01,6,6.5,0.5,0.5,0.5,0,1,NA,NA,NA,0
"3015","nonsyn_all","int",500,0.05,0.01,0.01,6,7,0.5,0.5,0.5,0,1,NA,NA,NA,0
"3016","nonsyn_all","int",500,0.05,1,0.001,6,6,0.5,0.5,0.5,0,1,NA,NA,NA,0
"3017","nonsyn_all","int",500,0.05,1,0.001,6,6,0.5,0.5,0.75,0,1,NA,NA,NA,0
"3018","nonsyn_all","int",500,0.05,1,0.001,6,6,0.5,0.5,1,0,1,NA,NA,NA,0
"3019","nonsyn_all","int",500,0.05,5,0.001,6,6,0.5,0.5,0.5,0,1,NA,NA,NA,0
"3020","nonsyn_all","int",500,0.05,5,0.001,6,6,0.5,0.5,0.75,0,1,NA,NA,NA,0
"3021","nonsyn_all","int",500,0.05,5,0.001,6,6,0.5,0.5,1,0,1,NA,NA,NA,0
"3022","nonsyn_all","int",500,0.1,0.01,0.001,6,6,0.5,0.5,0.5,0,1,NA,NA,NA,0
"3023","nonsyn_all","int",500,0.2,0.01,0.001,6,6,0.5,0.5,0.5,0,1,NA,NA,NA,0
"3024","nonsyn_all","int",500,0.5,0.01,0.001,6,6,0.5,0.5,0.5,0,1,NA,NA,NA,0
"3025","nonsyn_all","int",750,0,0.01,0.001,6,6,0.5,0.5,0.5,0,1,NA,NA,NA,0
"3026","nonsyn_all","int",750,0.01,0.01,0.001,6,6,0.5,0.5,0.5,0,1,NA,NA,NA,0
"3027","nonsyn_all","int",750,0.05,0.01,0,6,5,0.5,0.5,0.5,0,1,NA,NA,NA,0
"3028","nonsyn_all","int",750,0.05,0.01,0,6,6.5,0.5,0.5,0.5,0,1,NA,NA,NA,0
"3029","nonsyn_all","int",750,0.05,0.01,0,6,7,0.5,0.5,0.5,0,1,NA,NA,NA,0
"3030","nonsyn_all","int",750,0.05,0.01,1e-04,6,5,0.5,0.5,0.5,0,1,NA,NA,NA,0
"3031","nonsyn_all","int",750,0.05,0.01,1e-04,6,6,0.5,0.5,0.5,0,1,NA,NA,NA,0
"3032","nonsyn_all","int",750,0.05,0.01,1e-04,6,6.5,0.5,0.5,0.5,0,1,NA,NA,NA,0
"3033","nonsyn_all","int",750,0.05,0.01,1e-04,6,7,0.5,0.5,0.5,0,1,NA,NA,NA,0
"3034","nonsyn_all","int",750,0.05,0.01,5e-04,6,5.5,0.5,0.5,0.5,0,1,NA,NA,NA,0
"3035","nonsyn_all","int",750,0.05,0.01,5e-04,6,6,0.5,0.5,0.5,0,1,NA,NA,NA,0
"3036","nonsyn_all","int",750,0.05,0.01,5e-04,6,6.5,0.5,0.5,0.5,0,1,NA,NA,NA,0
"3037","nonsyn_all","int",750,0.05,0.01,5e-04,6,7,0.5,0.5,0.5,0,1,NA,NA,NA,0
"3038","nonsyn_all","int",750,0.05,0.01,0.001,5,6,0.5,0.5,0.5,0,1,NA,NA,NA,0
"3039","nonsyn_all","int",750,0.05,0.01,0.001,6,6,0.5,0.5,0.5,0,1,NA,NA,NA,0
"3040","nonsyn_all","int",750,0.05,0.01,0.001,6,6,0.5,0.5,0.75,0,1,NA,NA,NA,0
"3041","nonsyn_all","int",750,0.05,0.01,0.001,6,6,0.5,0.5,1,0,1,NA,NA,NA,0
"3042","nonsyn_all","int",750,0.05,0.01,0.001,6,6.5,0.5,0.5,0.5,0,1,NA,NA,NA,0
"3043","nonsyn_all","int",750,0.05,0.01,0.001,6,7,0.5,0.5,0.5,0,1,NA,NA,NA,0
"3044","nonsyn_all","int",750,0.05,0.01,0.001,6.5,6,0.5,0.5,0.5,0,1,NA,NA,NA,0
"3045","nonsyn_all","int",750,0.05,0.01,0.001,7,6,0.5,0.5,0.5,0,1,NA,NA,NA,0
"3046","nonsyn_all","int",750,0.05,0.01,0.005,6,5.5,0.5,0.5,0.5,0,1,NA,NA,NA,0
"3047","nonsyn_all","int",750,0.05,0.01,0.005,6,6,0.5,0.5,0.5,0,1,NA,NA,NA,0
"3048","nonsyn_all","int",750,0.05,0.01,0.005,6,6.5,0.5,0.5,0.5,0,1,NA,NA,NA,0
"3049","nonsyn_all","int",750,0.05,0.01,0.005,6,7,0.5,0.5,0.5,0,1,NA,NA,NA,0
"3050","nonsyn_all","int",750,0.05,0.01,0.01,6,6.5,0.5,0.5,0.5,0,1,NA,NA,NA,0
"3051","nonsyn_all","int",750,0.05,0.01,0.01,6,7,0.5,0.5,0.5,0,1,NA,NA,NA,0
"3052","nonsyn_all","int",750,0.05,1,0.001,6,6,0.5,0.5,0.5,0,1,NA,NA,NA,0
"3053","nonsyn_all","int",750,0.05,1,0.001,6,6,0.5,0.5,0.75,0,1,NA,NA,NA,0
"3054","nonsyn_all","int",750,0.05,1,0.001,6,6,0.5,0.5,1,0,1,NA,NA,NA,0
"3055","nonsyn_all","int",750,0.05,5,0.001,6,6,0.5,0.5,0.5,0,1,NA,NA,NA,0
"3056","nonsyn_all","int",750,0.05,5,0.001,6,6,0.5,0.5,0.75,0,1,NA,NA,NA,0
"3057","nonsyn_all","int",750,0.05,5,0.001,6,6,0.5,0.5,1,0,1,NA,NA,NA,0
"3058","nonsyn_all","int",750,0.1,0.01,0.001,6,6,0.5,0.5,0.5,0,1,NA,NA,NA,0
"3059","nonsyn_all","int",750,0.2,0.01,0.001,6,6,0.5,0.5,0.5,0,1,NA,NA,NA,0
"3060","nonsyn_all","int",750,0.5,0.01,0.001,6,6,0.5,0.5,0.5,0,1,NA,NA,NA,0
"3061","nonsyn_all","int",1000,0,0.01,0.001,6,6,0.5,0.5,0.5,0,1,NA,NA,NA,0
"3062","nonsyn_all","int",1000,0.01,0.01,0.001,6,6,0.5,0.5,0.5,0,1,NA,NA,NA,0
"3063","nonsyn_all","int",1000,0.05,0.01,0,6,5,0.5,0.5,0.5,0,1,NA,NA,NA,0
"3064","nonsyn_all","int",1000,0.05,0.01,0,6,6.5,0.5,0.5,0.5,0,1,NA,NA,NA,0
"3065","nonsyn_all","int",1000,0.05,0.01,0,6,7,0.5,0.5,0.5,0,1,NA,NA,NA,0
"3066","nonsyn_all","int",1000,0.05,0.01,1e-04,6,5,0.5,0.5,0.5,0,1,NA,NA,NA,0
"3067","nonsyn_all","int",1000,0.05,0.01,1e-04,6,6,0.5,0.5,0.5,0,1,NA,NA,NA,0
"3068","nonsyn_all","int",1000,0.05,0.01,1e-04,6,6.5,0.5,0.5,0.5,0,1,NA,NA,NA,0
"3069","nonsyn_all","int",1000,0.05,0.01,1e-04,6,7,0.5,0.5,0.5,0,1,NA,NA,NA,0
"3070","nonsyn_all","int",1000,0.05,0.01,5e-04,6,5.5,0.5,0.5,0.5,0,1,NA,NA,NA,0
"3071","nonsyn_all","int",1000,0.05,0.01,5e-04,6,6,0.5,0.5,0.5,0,1,NA,NA,NA,0
"3072","nonsyn_all","int",1000,0.05,0.01,5e-04,6,6.5,0.5,0.5,0.5,0,1,NA,NA,NA,0
"3073","nonsyn_all","int",1000,0.05,0.01,5e-04,6,7,0.5,0.5,0.5,0,1,NA,NA,NA,0
"3074","nonsyn_all","int",1000,0.05,0.01,0.001,5,6,0.5,0.5,0.5,0,1,NA,NA,NA,0
"3075","nonsyn_all","int",1000,0.05,0.01,0.001,6,6,0.5,0.5,0.5,0,1,NA,NA,NA,0
"3076","nonsyn_all","int",1000,0.05,0.01,0.001,6,6,0.5,0.5,0.75,0,1,NA,NA,NA,0
"3077","nonsyn_all","int",1000,0.05,0.01,0.001,6,6,0.5,0.5,1,0,1,NA,NA,NA,0
"3078","nonsyn_all","int",1000,0.05,0.01,0.001,6,6.5,0.5,0.5,0.5,0,1,NA,NA,NA,0
"3079","nonsyn_all","int",1000,0.05,0.01,0.001,6,7,0.5,0.5,0.5,0,1,NA,NA,NA,0
"3080","nonsyn_all","int",1000,0.05,0.01,0.001,6.5,6,0.5,0.5,0.5,0,1,NA,NA,NA,0
"3081","nonsyn_all","int",1000,0.05,0.01,0.001,7,6,0.5,0.5,0.5,0,1,NA,NA,NA,0
"3082","nonsyn_all","int",1000,0.05,0.01,0.005,6,5.5,0.5,0.5,0.5,0,1,NA,NA,NA,0
"3083","nonsyn_all","int",1000,0.05,0.01,0.005,6,6,0.5,0.5,0.5,0,1,NA,NA,NA,0
"3084","nonsyn_all","int",1000,0.05,0.01,0.005,6,6.5,0.5,0.5,0.5,0,1,NA,NA,NA,0
"3085","nonsyn_all","int",1000,0.05,0.01,0.005,6,7,0.5,0.5,0.5,0,1,NA,NA,NA,0
"3086","nonsyn_all","int",1000,0.05,0.01,0.01,6,6.5,0.5,0.5,0.5,0,1,NA,NA,NA,0
"3087","nonsyn_all","int",1000,0.05,0.01,0.01,6,7,0.5,0.5,0.5,0,1,NA,NA,NA,0
"3088","nonsyn_all","int",1000,0.05,1,0.001,6,6,0.5,0.5,0.5,0,1,NA,NA,NA,0
"3089","nonsyn_all","int",1000,0.05,1,0.001,6,6,0.5,0.5,0.75,0,1,NA,NA,NA,0
"3090","nonsyn_all","int",1000,0.05,1,0.001,6,6,0.5,0.5,1,0,1,NA,NA,NA,0
"3091","nonsyn_all","int",1000,0.05,5,0.001,6,6,0.5,0.5,0.5,0,1,NA,NA,NA,0
"3092","nonsyn_all","int",1000,0.05,5,0.001,6,6,0.5,0.5,0.75,0,1,NA,NA,NA,0
"3093","nonsyn_all","int",1000,0.05,5,0.001,6,6,0.5,0.5,1,0,1,NA,NA,NA,0
"3094","nonsyn_all","int",1000,0.1,0.01,0.001,6,6,0.5,0.5,0.5,0,1,NA,NA,NA,0
"3095","nonsyn_all","int",1000,0.2,0.01,0.001,6,6,0.5,0.5,0.5,0,1,NA,NA,NA,0
"3096","nonsyn_all","int",1000,0.5,0.01,0.001,6,6,0.5,0.5,0.5,0,1,NA,NA,NA,0
"3097","nonsyn_all","int",1500,0,0.01,0.001,6,6,0.5,0.5,0.5,0,1,NA,NA,NA,0
"3098","nonsyn_all","int",1500,0.01,0.01,0.001,6,6,0.5,0.5,0.5,0,1,NA,NA,NA,0
"3099","nonsyn_all","int",1500,0.05,0.01,0,6,5,0.5,0.5,0.5,0,1,NA,NA,NA,0
"3100","nonsyn_all","int",1500,0.05,0.01,0,6,6.5,0.5,0.5,0.5,0,1,NA,NA,NA,0
"3101","nonsyn_all","int",1500,0.05,0.01,0,6,7,0.5,0.5,0.5,0,1,NA,NA,NA,0
"3102","nonsyn_all","int",1500,0.05,0.01,1e-04,6,5,0.5,0.5,0.5,0,1,NA,NA,NA,0
"3103","nonsyn_all","int",1500,0.05,0.01,1e-04,6,6,0.5,0.5,0.5,0,1,NA,NA,NA,0
"3104","nonsyn_all","int",1500,0.05,0.01,1e-04,6,6.5,0.5,0.5,0.5,0,1,NA,NA,NA,0
"3105","nonsyn_all","int",1500,0.05,0.01,1e-04,6,7,0.5,0.5,0.5,0,1,NA,NA,NA,0
"3106","nonsyn_all","int",1500,0.05,0.01,5e-04,6,5.5,0.5,0.5,0.5,0,1,NA,NA,NA,0
"3107","nonsyn_all","int",1500,0.05,0.01,5e-04,6,6,0.5,0.5,0.5,0,1,NA,NA,NA,0
"3108","nonsyn_all","int",1500,0.05,0.01,5e-04,6,6.5,0.5,0.5,0.5,0,1,NA,NA,NA,0
"3109","nonsyn_all","int",1500,0.05,0.01,5e-04,6,7,0.5,0.5,0.5,0,1,NA,NA,NA,0
"3110","nonsyn_all","int",1500,0.05,0.01,0.001,5,6,0.5,0.5,0.5,0,1,NA,NA,NA,0
"3111","nonsyn_all","int",1500,0.05,0.01,0.001,6,6,0.5,0.5,0.5,0,1,NA,NA,NA,0
"3112","nonsyn_all","int",1500,0.05,0.01,0.001,6,6,0.5,0.5,0.75,0,1,NA,NA,NA,0
"3113","nonsyn_all","int",1500,0.05,0.01,0.001,6,6,0.5,0.5,1,0,1,NA,NA,NA,0
"3114","nonsyn_all","int",1500,0.05,0.01,0.001,6,6.5,0.5,0.5,0.5,0,1,NA,NA,NA,0
"3115","nonsyn_all","int",1500,0.05,0.01,0.001,6,7,0.5,0.5,0.5,0,1,NA,NA,NA,0
"3116","nonsyn_all","int",1500,0.05,0.01,0.001,6.5,6,0.5,0.5,0.5,0,1,NA,NA,NA,0
"3117","nonsyn_all","int",1500,0.05,0.01,0.001,7,6,0.5,0.5,0.5,0,1,NA,NA,NA,0
"3118","nonsyn_all","int",1500,0.05,0.01,0.005,6,5.5,0.5,0.5,0.5,0,1,NA,NA,NA,0
"3119","nonsyn_all","int",1500,0.05,0.01,0.005,6,6,0.5,0.5,0.5,0,1,NA,NA,NA,0
"3120","nonsyn_all","int",1500,0.05,0.01,0.005,6,6.5,0.5,0.5,0.5,0,1,NA,NA,NA,0
"3121","nonsyn_all","int",1500,0.05,0.01,0.005,6,7,0.5,0.5,0.5,0,1,NA,NA,NA,0
"3122","nonsyn_all","int",1500,0.05,0.01,0.01,6,6.5,0.5,0.5,0.5,0,1,NA,NA,NA,0
"3123","nonsyn_all","int",1500,0.05,0.01,0.01,6,7,0.5,0.5,0.5,0,1,NA,NA,NA,0
"3124","nonsyn_all","int",1500,0.05,1,0.001,6,6,0.5,0.5,0.5,0,1,NA,NA,NA,0
"3125","nonsyn_all","int",1500,0.05,1,0.001,6,6,0.5,0.5,0.75,0,1,NA,NA,NA,0
"3126","nonsyn_all","int",1500,0.05,1,0.001,6,6,0.5,0.5,1,0,1,NA,NA,NA,0
"3127","nonsyn_all","int",1500,0.05,5,0.001,6,6,0.5,0.5,0.5,0,1,NA,NA,NA,0
"3128","nonsyn_all","int",1500,0.05,5,0.001,6,6,0.5,0.5,0.75,0,1,NA,NA,NA,0
"3129","nonsyn_all","int",1500,0.05,5,0.001,6,6,0.5,0.5,1,0,1,NA,NA,NA,0
"3130","nonsyn_all","int",1500,0.1,0.01,0.001,6,6,0.5,0.5,0.5,0,1,NA,NA,NA,0
"3131","nonsyn_all","int",1500,0.2,0.01,0.001,6,6,0.5,0.5,0.5,0,1,NA,NA,NA,0
"3132","nonsyn_all","int",1500,0.5,0.01,0.001,6,6,0.5,0.5,0.5,0,1,NA,NA,NA,0
"3133","nonsyn_all","int",2000,0,0.01,0.001,6,6,0.5,0.5,0.5,0,1,NA,NA,NA,0
"3134","nonsyn_all","int",2000,0.01,0.01,0.001,6,6,0.5,0.5,0.5,0,1,NA,NA,NA,0
"3135","nonsyn_all","int",2000,0.05,0.01,0,6,5,0.5,0.5,0.5,0,1,NA,NA,NA,0
"3136","nonsyn_all","int",2000,0.05,0.01,0,6,6.5,0.5,0.5,0.5,0,1,NA,NA,NA,0
"3137","nonsyn_all","int",2000,0.05,0.01,0,6,7,0.5,0.5,0.5,0,1,NA,NA,NA,0
"3138","nonsyn_all","int",2000,0.05,0.01,1e-04,6,5,0.5,0.5,0.5,0,1,NA,NA,NA,0
"3139","nonsyn_all","int",2000,0.05,0.01,1e-04,6,6,0.5,0.5,0.5,0,1,NA,NA,NA,0
"3140","nonsyn_all","int",2000,0.05,0.01,1e-04,6,6.5,0.5,0.5,0.5,0,1,NA,NA,NA,0
"3141","nonsyn_all","int",2000,0.05,0.01,1e-04,6,7,0.5,0.5,0.5,0,1,NA,NA,NA,0
"3142","nonsyn_all","int",2000,0.05,0.01,5e-04,6,5.5,0.5,0.5,0.5,0,1,NA,NA,NA,0
"3143","nonsyn_all","int",2000,0.05,0.01,5e-04,6,6,0.5,0.5,0.5,0,1,NA,NA,NA,0
"3144","nonsyn_all","int",2000,0.05,0.01,5e-04,6,6.5,0.5,0.5,0.5,0,1,NA,NA,NA,0
"3145","nonsyn_all","int",2000,0.05,0.01,5e-04,6,7,0.5,0.5,0.5,0,1,NA,NA,NA,0
"3146","nonsyn_all","int",2000,0.05,0.01,0.001,5,6,0.5,0.5,0.5,0,1,NA,NA,NA,0
"3147","nonsyn_all","int",2000,0.05,0.01,0.001,6,6,0.5,0.5,0.5,0,1,NA,NA,NA,0
"3148","nonsyn_all","int",2000,0.05,0.01,0.001,6,6,0.5,0.5,0.75,0,1,NA,NA,NA,0
"3149","nonsyn_all","int",2000,0.05,0.01,0.001,6,6,0.5,0.5,1,0,1,NA,NA,NA,0
"3150","nonsyn_all","int",2000,0.05,0.01,0.001,6,6.5,0.5,0.5,0.5,0,1,NA,NA,NA,0
"3151","nonsyn_all","int",2000,0.05,0.01,0.001,6,7,0.5,0.5,0.5,0,1,NA,NA,NA,0
"3152","nonsyn_all","int",2000,0.05,0.01,0.001,6.5,6,0.5,0.5,0.5,0,1,NA,NA,NA,0
"3153","nonsyn_all","int",2000,0.05,0.01,0.001,7,6,0.5,0.5,0.5,0,1,NA,NA,NA,0
"3154","nonsyn_all","int",2000,0.05,0.01,0.005,6,5.5,0.5,0.5,0.5,0,1,NA,NA,NA,0
"3155","nonsyn_all","int",2000,0.05,0.01,0.005,6,6,0.5,0.5,0.5,0,1,NA,NA,NA,0
"3156","nonsyn_all","int",2000,0.05,0.01,0.005,6,6.5,0.5,0.5,0.5,0,1,NA,NA,NA,0
"3157","nonsyn_all","int",2000,0.05,0.01,0.005,6,7,0.5,0.5,0.5,0,1,NA,NA,NA,0
"3158","nonsyn_all","int",2000,0.05,0.01,0.01,6,6.5,0.5,0.5,0.5,0,1,NA,NA,NA,0
"3159","nonsyn_all","int",2000,0.05,0.01,0.01,6,7,0.5,0.5,0.5,0,1,NA,NA,NA,0
"3160","nonsyn_all","int",2000,0.05,1,0.001,6,6,0.5,0.5,0.5,0,1,NA,NA,NA,0
"3161","nonsyn_all","int",2000,0.05,1,0.001,6,6,0.5,0.5,0.75,0,1,NA,NA,NA,0
"3162","nonsyn_all","int",2000,0.05,1,0.001,6,6,0.5,0.5,1,0,1,NA,NA,NA,0
"3163","nonsyn_all","int",2000,0.05,5,0.001,6,6,0.5,0.5,0.5,0,1,NA,NA,NA,0
"3164","nonsyn_all","int",2000,0.05,5,0.001,6,6,0.5,0.5,0.75,0,1,NA,NA,NA,0
"3165","nonsyn_all","int",2000,0.05,5,0.001,6,6,0.5,0.5,1,0,1,NA,NA,NA,0
"3166","nonsyn_all","int",2000,0.1,0.01,0.001,6,6,0.5,0.5,0.5,0,1,NA,NA,NA,0
"3167","nonsyn_all","int",2000,0.2,0.01,0.001,6,6,0.5,0.5,0.5,0,1,NA,NA,NA,0
"3168","nonsyn_all","int",2000,0.5,0.01,0.001,6,6,0.5,0.5,0.5,0,1,NA,NA,NA,0
"3169","nonsyn_all","int",2500,0,0.01,0.001,6,6,0.5,0.5,0.5,0,1,NA,NA,NA,0
"3170","nonsyn_all","int",2500,0.01,0.01,0.001,6,6,0.5,0.5,0.5,0,1,NA,NA,NA,0
"3171","nonsyn_all","int",2500,0.05,0.01,0,6,5,0.5,0.5,0.5,0,1,NA,NA,NA,0
"3172","nonsyn_all","int",2500,0.05,0.01,0,6,6.5,0.5,0.5,0.5,0,1,NA,NA,NA,0
"3173","nonsyn_all","int",2500,0.05,0.01,0,6,7,0.5,0.5,0.5,0,1,NA,NA,NA,0
"3174","nonsyn_all","int",2500,0.05,0.01,1e-04,6,5,0.5,0.5,0.5,0,1,NA,NA,NA,0
"3175","nonsyn_all","int",2500,0.05,0.01,1e-04,6,6,0.5,0.5,0.5,0,1,NA,NA,NA,0
"3176","nonsyn_all","int",2500,0.05,0.01,1e-04,6,6.5,0.5,0.5,0.5,0,1,NA,NA,NA,0
"3177","nonsyn_all","int",2500,0.05,0.01,1e-04,6,7,0.5,0.5,0.5,0,1,NA,NA,NA,0
"3178","nonsyn_all","int",2500,0.05,0.01,5e-04,6,5.5,0.5,0.5,0.5,0,1,NA,NA,NA,0
"3179","nonsyn_all","int",2500,0.05,0.01,5e-04,6,6,0.5,0.5,0.5,0,1,NA,NA,NA,0
"3180","nonsyn_all","int",2500,0.05,0.01,5e-04,6,6.5,0.5,0.5,0.5,0,1,NA,NA,NA,0
"3181","nonsyn_all","int",2500,0.05,0.01,5e-04,6,7,0.5,0.5,0.5,0,1,NA,NA,NA,0
"3182","nonsyn_all","int",2500,0.05,0.01,0.001,5,6,0.5,0.5,0.5,0,1,NA,NA,NA,0
"3183","nonsyn_all","int",2500,0.05,0.01,0.001,6,6,0.5,0.5,0.5,0,1,NA,NA,NA,0
"3184","nonsyn_all","int",2500,0.05,0.01,0.001,6,6,0.5,0.5,0.75,0,1,NA,NA,NA,0
"3185","nonsyn_all","int",2500,0.05,0.01,0.001,6,6,0.5,0.5,1,0,1,NA,NA,NA,0
"3186","nonsyn_all","int",2500,0.05,0.01,0.001,6,6.5,0.5,0.5,0.5,0,1,NA,NA,NA,0
"3187","nonsyn_all","int",2500,0.05,0.01,0.001,6,7,0.5,0.5,0.5,0,1,NA,NA,NA,0
"3188","nonsyn_all","int",2500,0.05,0.01,0.001,6.5,6,0.5,0.5,0.5,0,1,NA,NA,NA,0
"3189","nonsyn_all","int",2500,0.05,0.01,0.001,7,6,0.5,0.5,0.5,0,1,NA,NA,NA,0
"3190","nonsyn_all","int",2500,0.05,0.01,0.005,6,5.5,0.5,0.5,0.5,0,1,NA,NA,NA,0
"3191","nonsyn_all","int",2500,0.05,0.01,0.005,6,6,0.5,0.5,0.5,0,1,NA,NA,NA,0
"3192","nonsyn_all","int",2500,0.05,0.01,0.005,6,6.5,0.5,0.5,0.5,0,1,NA,NA,NA,0
"3193","nonsyn_all","int",2500,0.05,0.01,0.005,6,7,0.5,0.5,0.5,0,1,NA,NA,NA,0
"3194","nonsyn_all","int",2500,0.05,0.01,0.01,6,6.5,0.5,0.5,0.5,0,1,NA,NA,NA,0
"3195","nonsyn_all","int",2500,0.05,0.01,0.01,6,7,0.5,0.5,0.5,0,1,NA,NA,NA,0
"3196","nonsyn_all","int",2500,0.05,1,0.001,6,6,0.5,0.5,0.5,0,1,NA,NA,NA,0
"3197","nonsyn_all","int",2500,0.05,1,0.001,6,6,0.5,0.5,0.75,0,1,NA,NA,NA,0
"3198","nonsyn_all","int",2500,0.05,1,0.001,6,6,0.5,0.5,1,0,1,NA,NA,NA,0
"3199","nonsyn_all","int",2500,0.05,5,0.001,6,6,0.5,0.5,0.5,0,1,NA,NA,NA,0
"3200","nonsyn_all","int",2500,0.05,5,0.001,6,6,0.5,0.5,0.75,0,1,NA,NA,NA,0
"3201","nonsyn_all","int",2500,0.05,5,0.001,6,6,0.5,0.5,1,0,1,NA,NA,NA,0
"3202","nonsyn_all","int",2500,0.1,0.01,0.001,6,6,0.5,0.5,0.5,0,1,NA,NA,NA,0
"3203","nonsyn_all","int",2500,0.2,0.01,0.001,6,6,0.5,0.5,0.5,0,1,NA,NA,NA,0
"3204","nonsyn_all","int",2500,0.5,0.01,0.001,6,6,0.5,0.5,0.5,0,1,NA,NA,NA,0
"3205","nonsyn_all","int",3000,0,0.01,0.001,6,6,0.5,0.5,0.5,0,1,NA,NA,NA,0
"3206","nonsyn_all","int",3000,0.01,0.01,0.001,6,6,0.5,0.5,0.5,0,1,NA,NA,NA,0
"3207","nonsyn_all","int",3000,0.05,0.01,0,6,5,0.5,0.5,0.5,0,1,NA,NA,NA,0
"3208","nonsyn_all","int",3000,0.05,0.01,0,6,6.5,0.5,0.5,0.5,0,1,NA,NA,NA,0
"3209","nonsyn_all","int",3000,0.05,0.01,0,6,7,0.5,0.5,0.5,0,1,NA,NA,NA,0
"3210","nonsyn_all","int",3000,0.05,0.01,1e-04,6,5,0.5,0.5,0.5,0,1,NA,NA,NA,0
"3211","nonsyn_all","int",3000,0.05,0.01,1e-04,6,6,0.5,0.5,0.5,0,1,NA,NA,NA,0
"3212","nonsyn_all","int",3000,0.05,0.01,1e-04,6,6.5,0.5,0.5,0.5,0,1,NA,NA,NA,0
"3213","nonsyn_all","int",3000,0.05,0.01,1e-04,6,7,0.5,0.5,0.5,0,1,NA,NA,NA,0
"3214","nonsyn_all","int",3000,0.05,0.01,5e-04,6,5.5,0.5,0.5,0.5,0,1,NA,NA,NA,0
"3215","nonsyn_all","int",3000,0.05,0.01,5e-04,6,6,0.5,0.5,0.5,0,1,NA,NA,NA,0
"3216","nonsyn_all","int",3000,0.05,0.01,5e-04,6,6.5,0.5,0.5,0.5,0,1,NA,NA,NA,0
"3217","nonsyn_all","int",3000,0.05,0.01,5e-04,6,7,0.5,0.5,0.5,0,1,NA,NA,NA,0
"3218","nonsyn_all","int",3000,0.05,0.01,0.001,5,6,0.5,0.5,0.5,0,1,NA,NA,NA,0
"3219","nonsyn_all","int",3000,0.05,0.01,0.001,6,6,0.5,0.5,0.5,0,1,NA,NA,NA,0
"3220","nonsyn_all","int",3000,0.05,0.01,0.001,6,6,0.5,0.5,0.75,0,1,NA,NA,NA,0
"3221","nonsyn_all","int",3000,0.05,0.01,0.001,6,6,0.5,0.5,1,0,1,NA,NA,NA,0
"3222","nonsyn_all","int",3000,0.05,0.01,0.001,6,6.5,0.5,0.5,0.5,0,1,NA,NA,NA,0
"3223","nonsyn_all","int",3000,0.05,0.01,0.001,6,7,0.5,0.5,0.5,0,1,NA,NA,NA,0
"3224","nonsyn_all","int",3000,0.05,0.01,0.001,6.5,6,0.5,0.5,0.5,0,1,NA,NA,NA,0
"3225","nonsyn_all","int",3000,0.05,0.01,0.001,7,6,0.5,0.5,0.5,0,1,NA,NA,NA,0
"3226","nonsyn_all","int",3000,0.05,0.01,0.005,6,5.5,0.5,0.5,0.5,0,1,NA,NA,NA,0
"3227","nonsyn_all","int",3000,0.05,0.01,0.005,6,6,0.5,0.5,0.5,0,1,NA,NA,NA,0
"3228","nonsyn_all","int",3000,0.05,0.01,0.005,6,6.5,0.5,0.5,0.5,0,1,NA,NA,NA,0
"3229","nonsyn_all","int",3000,0.05,0.01,0.005,6,7,0.5,0.5,0.5,0,1,NA,NA,NA,0
"3230","nonsyn_all","int",3000,0.05,0.01,0.01,6,6.5,0.5,0.5,0.5,0,1,NA,NA,NA,0
"3231","nonsyn_all","int",3000,0.05,0.01,0.01,6,7,0.5,0.5,0.5,0,1,NA,NA,NA,0
"3232","nonsyn_all","int",3000,0.05,1,0.001,6,6,0.5,0.5,0.5,0,1,NA,NA,NA,0
"3233","nonsyn_all","int",3000,0.05,1,0.001,6,6,0.5,0.5,0.75,0,1,NA,NA,NA,0
"3234","nonsyn_all","int",3000,0.05,1,0.001,6,6,0.5,0.5,1,0,1,NA,NA,NA,0
"3235","nonsyn_all","int",3000,0.05,5,0.001,6,6,0.5,0.5,0.5,0,1,NA,NA,NA,0
"3236","nonsyn_all","int",3000,0.05,5,0.001,6,6,0.5,0.5,0.75,0,1,NA,NA,NA,0
"3237","nonsyn_all","int",3000,0.05,5,0.001,6,6,0.5,0.5,1,0,1,NA,NA,NA,0
"3238","nonsyn_all","int",3000,0.1,0.01,0.001,6,6,0.5,0.5,0.5,0,1,NA,NA,NA,0
"3239","nonsyn_all","int",3000,0.2,0.01,0.001,6,6,0.5,0.5,0.5,0,1,NA,NA,NA,0
"3240","nonsyn_all","int",3000,0.5,0.01,0.001,6,6,0.5,0.5,0.5,0,1,NA,NA,NA,0
"3241","nonsyn_all","int",3500,0,0.01,0.001,6,6,0.5,0.5,0.5,0,1,NA,NA,NA,0
"3242","nonsyn_all","int",3500,0.01,0.01,0.001,6,6,0.5,0.5,0.5,0,1,NA,NA,NA,0
"3243","nonsyn_all","int",3500,0.05,0.01,0,6,5,0.5,0.5,0.5,0,1,NA,NA,NA,0
"3244","nonsyn_all","int",3500,0.05,0.01,0,6,6.5,0.5,0.5,0.5,0,1,NA,NA,NA,0
"3245","nonsyn_all","int",3500,0.05,0.01,0,6,7,0.5,0.5,0.5,0,1,NA,NA,NA,0
"3246","nonsyn_all","int",3500,0.05,0.01,1e-04,6,5,0.5,0.5,0.5,0,1,NA,NA,NA,0
"3247","nonsyn_all","int",3500,0.05,0.01,1e-04,6,6,0.5,0.5,0.5,0,1,NA,NA,NA,0
"3248","nonsyn_all","int",3500,0.05,0.01,1e-04,6,6.5,0.5,0.5,0.5,0,1,NA,NA,NA,0
"3249","nonsyn_all","int",3500,0.05,0.01,1e-04,6,7,0.5,0.5,0.5,0,1,NA,NA,NA,0
"3250","nonsyn_all","int",3500,0.05,0.01,5e-04,6,5.5,0.5,0.5,0.5,0,1,NA,NA,NA,0
"3251","nonsyn_all","int",3500,0.05,0.01,5e-04,6,6,0.5,0.5,0.5,0,1,NA,NA,NA,0
"3252","nonsyn_all","int",3500,0.05,0.01,5e-04,6,6.5,0.5,0.5,0.5,0,1,NA,NA,NA,0
"3253","nonsyn_all","int",3500,0.05,0.01,5e-04,6,7,0.5,0.5,0.5,0,1,NA,NA,NA,0
"3254","nonsyn_all","int",3500,0.05,0.01,0.001,5,6,0.5,0.5,0.5,0,1,NA,NA,NA,0
"3255","nonsyn_all","int",3500,0.05,0.01,0.001,6,6,0.5,0.5,0.5,0,1,NA,NA,NA,0
"3256","nonsyn_all","int",3500,0.05,0.01,0.001,6,6,0.5,0.5,0.75,0,1,NA,NA,NA,0
"3257","nonsyn_all","int",3500,0.05,0.01,0.001,6,6,0.5,0.5,1,0,1,NA,NA,NA,0
"3258","nonsyn_all","int",3500,0.05,0.01,0.001,6,6.5,0.5,0.5,0.5,0,1,NA,NA,NA,0
"3259","nonsyn_all","int",3500,0.05,0.01,0.001,6,7,0.5,0.5,0.5,0,1,NA,NA,NA,0
"3260","nonsyn_all","int",3500,0.05,0.01,0.001,6.5,6,0.5,0.5,0.5,0,1,NA,NA,NA,0
"3261","nonsyn_all","int",3500,0.05,0.01,0.001,7,6,0.5,0.5,0.5,0,1,NA,NA,NA,0
"3262","nonsyn_all","int",3500,0.05,0.01,0.005,6,5.5,0.5,0.5,0.5,0,1,NA,NA,NA,0
"3263","nonsyn_all","int",3500,0.05,0.01,0.005,6,6,0.5,0.5,0.5,0,1,NA,NA,NA,0
"3264","nonsyn_all","int",3500,0.05,0.01,0.005,6,6.5,0.5,0.5,0.5,0,1,NA,NA,NA,0
"3265","nonsyn_all","int",3500,0.05,0.01,0.005,6,7,0.5,0.5,0.5,0,1,NA,NA,NA,0
"3266","nonsyn_all","int",3500,0.05,0.01,0.01,6,6.5,0.5,0.5,0.5,0,1,NA,NA,NA,0
"3267","nonsyn_all","int",3500,0.05,0.01,0.01,6,7,0.5,0.5,0.5,0,1,NA,NA,NA,0
"3268","nonsyn_all","int",3500,0.05,1,0.001,6,6,0.5,0.5,0.5,0,1,NA,NA,NA,0
"3269","nonsyn_all","int",3500,0.05,1,0.001,6,6,0.5,0.5,0.75,0,1,NA,NA,NA,0
"3270","nonsyn_all","int",3500,0.05,1,0.001,6,6,0.5,0.5,1,0,1,NA,NA,NA,0
"3271","nonsyn_all","int",3500,0.05,5,0.001,6,6,0.5,0.5,0.5,0,1,NA,NA,NA,0
"3272","nonsyn_all","int",3500,0.05,5,0.001,6,6,0.5,0.5,0.75,0,1,NA,NA,NA,0
"3273","nonsyn_all","int",3500,0.05,5,0.001,6,6,0.5,0.5,1,0,1,NA,NA,NA,0
"3274","nonsyn_all","int",3500,0.1,0.01,0.001,6,6,0.5,0.5,0.5,0,1,NA,NA,NA,0
"3275","nonsyn_all","int",3500,0.2,0.01,0.001,6,6,0.5,0.5,0.5,0,1,NA,NA,NA,0
"3276","nonsyn_all","int",3500,0.5,0.01,0.001,6,6,0.5,0.5,0.5,0,1,NA,NA,NA,0
"3277","nonsyn_all","int",4000,0,0.01,0.001,6,6,0.5,0.5,0.5,0,1,NA,NA,NA,0
"3278","nonsyn_all","int",4000,0.01,0.01,0.001,6,6,0.5,0.5,0.5,0,1,NA,NA,NA,0
"3279","nonsyn_all","int",4000,0.05,0.01,0,6,5,0.5,0.5,0.5,0,1,NA,NA,NA,0
"3280","nonsyn_all","int",4000,0.05,0.01,0,6,6.5,0.5,0.5,0.5,0,1,NA,NA,NA,0
"3281","nonsyn_all","int",4000,0.05,0.01,0,6,7,0.5,0.5,0.5,0,1,NA,NA,NA,0
"3282","nonsyn_all","int",4000,0.05,0.01,1e-04,6,5,0.5,0.5,0.5,0,1,NA,NA,NA,0
"3283","nonsyn_all","int",4000,0.05,0.01,1e-04,6,6,0.5,0.5,0.5,0,1,NA,NA,NA,0
"3284","nonsyn_all","int",4000,0.05,0.01,1e-04,6,6.5,0.5,0.5,0.5,0,1,NA,NA,NA,0
"3285","nonsyn_all","int",4000,0.05,0.01,1e-04,6,7,0.5,0.5,0.5,0,1,NA,NA,NA,0
"3286","nonsyn_all","int",4000,0.05,0.01,5e-04,6,5.5,0.5,0.5,0.5,0,1,NA,NA,NA,0
"3287","nonsyn_all","int",4000,0.05,0.01,5e-04,6,6,0.5,0.5,0.5,0,1,NA,NA,NA,0
"3288","nonsyn_all","int",4000,0.05,0.01,5e-04,6,6.5,0.5,0.5,0.5,0,1,NA,NA,NA,0
"3289","nonsyn_all","int",4000,0.05,0.01,5e-04,6,7,0.5,0.5,0.5,0,1,NA,NA,NA,0
"3290","nonsyn_all","int",4000,0.05,0.01,0.001,5,6,0.5,0.5,0.5,0,1,NA,NA,NA,0
"3291","nonsyn_all","int",4000,0.05,0.01,0.001,6,6,0.5,0.5,0.5,0,1,NA,NA,NA,0
"3292","nonsyn_all","int",4000,0.05,0.01,0.001,6,6,0.5,0.5,0.75,0,1,NA,NA,NA,0
"3293","nonsyn_all","int",4000,0.05,0.01,0.001,6,6,0.5,0.5,1,0,1,NA,NA,NA,0
"3294","nonsyn_all","int",4000,0.05,0.01,0.001,6,6.5,0.5,0.5,0.5,0,1,NA,NA,NA,0
"3295","nonsyn_all","int",4000,0.05,0.01,0.001,6,7,0.5,0.5,0.5,0,1,NA,NA,NA,0
"3296","nonsyn_all","int",4000,0.05,0.01,0.001,6.5,6,0.5,0.5,0.5,0,1,NA,NA,NA,0
"3297","nonsyn_all","int",4000,0.05,0.01,0.001,7,6,0.5,0.5,0.5,0,1,NA,NA,NA,0
"3298","nonsyn_all","int",4000,0.05,0.01,0.005,6,5.5,0.5,0.5,0.5,0,1,NA,NA,NA,0
"3299","nonsyn_all","int",4000,0.05,0.01,0.005,6,6,0.5,0.5,0.5,0,1,NA,NA,NA,0
"3300","nonsyn_all","int",4000,0.05,0.01,0.005,6,6.5,0.5,0.5,0.5,0,1,NA,NA,NA,0
"3301","nonsyn_all","int",4000,0.05,0.01,0.005,6,7,0.5,0.5,0.5,0,1,NA,NA,NA,0
"3302","nonsyn_all","int",4000,0.05,0.01,0.01,6,6.5,0.5,0.5,0.5,0,1,NA,NA,NA,0
"3303","nonsyn_all","int",4000,0.05,0.01,0.01,6,7,0.5,0.5,0.5,0,1,NA,NA,NA,0
"3304","nonsyn_all","int",4000,0.05,1,0.001,6,6,0.5,0.5,0.5,0,1,NA,NA,NA,0
"3305","nonsyn_all","int",4000,0.05,1,0.001,6,6,0.5,0.5,0.75,0,1,NA,NA,NA,0
"3306","nonsyn_all","int",4000,0.05,1,0.001,6,6,0.5,0.5,1,0,1,NA,NA,NA,0
"3307","nonsyn_all","int",4000,0.05,5,0.001,6,6,0.5,0.5,0.5,0,1,NA,NA,NA,0
"3308","nonsyn_all","int",4000,0.05,5,0.001,6,6,0.5,0.5,0.75,0,1,NA,NA,NA,0
"3309","nonsyn_all","int",4000,0.05,5,0.001,6,6,0.5,0.5,1,0,1,NA,NA,NA,0
"3310","nonsyn_all","int",4000,0.1,0.01,0.001,6,6,0.5,0.5,0.5,0,1,NA,NA,NA,0
"3311","nonsyn_all","int",4000,0.2,0.01,0.001,6,6,0.5,0.5,0.5,0,1,NA,NA,NA,0
"3312","nonsyn_all","int",4000,0.5,0.01,0.001,6,6,0.5,0.5,0.5,0,1,NA,NA,NA,0
"3313","nonsyn_all","int",4500,0,0.01,0.001,6,6,0.5,0.5,0.5,0,1,NA,NA,NA,0
"3314","nonsyn_all","int",4500,0.01,0.01,0.001,6,6,0.5,0.5,0.5,0,1,NA,NA,NA,0
"3315","nonsyn_all","int",4500,0.05,0.01,0,6,5,0.5,0.5,0.5,0,1,NA,NA,NA,0
"3316","nonsyn_all","int",4500,0.05,0.01,0,6,6.5,0.5,0.5,0.5,0,1,NA,NA,NA,0
"3317","nonsyn_all","int",4500,0.05,0.01,0,6,7,0.5,0.5,0.5,0,1,NA,NA,NA,0
"3318","nonsyn_all","int",4500,0.05,0.01,1e-04,6,5,0.5,0.5,0.5,0,1,NA,NA,NA,0
"3319","nonsyn_all","int",4500,0.05,0.01,1e-04,6,6,0.5,0.5,0.5,0,1,NA,NA,NA,0
"3320","nonsyn_all","int",4500,0.05,0.01,1e-04,6,6.5,0.5,0.5,0.5,0,1,NA,NA,NA,0
"3321","nonsyn_all","int",4500,0.05,0.01,1e-04,6,7,0.5,0.5,0.5,0,1,NA,NA,NA,0
"3322","nonsyn_all","int",4500,0.05,0.01,5e-04,6,5.5,0.5,0.5,0.5,0,1,NA,NA,NA,0
"3323","nonsyn_all","int",4500,0.05,0.01,5e-04,6,6,0.5,0.5,0.5,0,1,NA,NA,NA,0
"3324","nonsyn_all","int",4500,0.05,0.01,5e-04,6,6.5,0.5,0.5,0.5,0,1,NA,NA,NA,0
"3325","nonsyn_all","int",4500,0.05,0.01,5e-04,6,7,0.5,0.5,0.5,0,1,NA,NA,NA,0
"3326","nonsyn_all","int",4500,0.05,0.01,0.001,5,6,0.5,0.5,0.5,0,1,NA,NA,NA,0
"3327","nonsyn_all","int",4500,0.05,0.01,0.001,6,6,0.5,0.5,0.5,0,1,NA,NA,NA,0
"3328","nonsyn_all","int",4500,0.05,0.01,0.001,6,6,0.5,0.5,0.75,0,1,NA,NA,NA,0
"3329","nonsyn_all","int",4500,0.05,0.01,0.001,6,6,0.5,0.5,1,0,1,NA,NA,NA,0
"3330","nonsyn_all","int",4500,0.05,0.01,0.001,6,6.5,0.5,0.5,0.5,0,1,NA,NA,NA,0
"3331","nonsyn_all","int",4500,0.05,0.01,0.001,6,7,0.5,0.5,0.5,0,1,NA,NA,NA,0
"3332","nonsyn_all","int",4500,0.05,0.01,0.001,6.5,6,0.5,0.5,0.5,0,1,NA,NA,NA,0
"3333","nonsyn_all","int",4500,0.05,0.01,0.001,7,6,0.5,0.5,0.5,0,1,NA,NA,NA,0
"3334","nonsyn_all","int",4500,0.05,0.01,0.005,6,5.5,0.5,0.5,0.5,0,1,NA,NA,NA,0
"3335","nonsyn_all","int",4500,0.05,0.01,0.005,6,6,0.5,0.5,0.5,0,1,NA,NA,NA,0
"3336","nonsyn_all","int",4500,0.05,0.01,0.005,6,6.5,0.5,0.5,0.5,0,1,NA,NA,NA,0
"3337","nonsyn_all","int",4500,0.05,0.01,0.005,6,7,0.5,0.5,0.5,0,1,NA,NA,NA,0
"3338","nonsyn_all","int",4500,0.05,0.01,0.01,6,6.5,0.5,0.5,0.5,0,1,NA,NA,NA,0
"3339","nonsyn_all","int",4500,0.05,0.01,0.01,6,7,0.5,0.5,0.5,0,1,NA,NA,NA,0
"3340","nonsyn_all","int",4500,0.05,1,0.001,6,6,0.5,0.5,0.5,0,1,NA,NA,NA,0
"3341","nonsyn_all","int",4500,0.05,1,0.001,6,6,0.5,0.5,0.75,0,1,NA,NA,NA,0
"3342","nonsyn_all","int",4500,0.05,1,0.001,6,6,0.5,0.5,1,0,1,NA,NA,NA,0
"3343","nonsyn_all","int",4500,0.05,5,0.001,6,6,0.5,0.5,0.5,0,1,NA,NA,NA,0
"3344","nonsyn_all","int",4500,0.05,5,0.001,6,6,0.5,0.5,0.75,0,1,NA,NA,NA,0
"3345","nonsyn_all","int",4500,0.05,5,0.001,6,6,0.5,0.5,1,0,1,NA,NA,NA,0
"3346","nonsyn_all","int",4500,0.1,0.01,0.001,6,6,0.5,0.5,0.5,0,1,NA,NA,NA,0
"3347","nonsyn_all","int",4500,0.2,0.01,0.001,6,6,0.5,0.5,0.5,0,1,NA,NA,NA,0
"3348","nonsyn_all","int",4500,0.5,0.01,0.001,6,6,0.5,0.5,0.5,0,1,NA,NA,NA,0
"3349","nonsyn_all","int",5000,0,0.01,0.001,6,6,0.5,0.5,0.5,0,1,NA,NA,NA,0
"3350","nonsyn_all","int",5000,0.01,0.01,0.001,6,6,0.5,0.5,0.5,0,1,NA,NA,NA,0
"3351","nonsyn_all","int",5000,0.05,0.01,0,6,5,0.5,0.5,0.5,0,1,NA,NA,NA,0
"3352","nonsyn_all","int",5000,0.05,0.01,0,6,6.5,0.5,0.5,0.5,0,1,NA,NA,NA,0
"3353","nonsyn_all","int",5000,0.05,0.01,0,6,7,0.5,0.5,0.5,0,1,NA,NA,NA,0
"3354","nonsyn_all","int",5000,0.05,0.01,1e-04,6,5,0.5,0.5,0.5,0,1,NA,NA,NA,0
"3355","nonsyn_all","int",5000,0.05,0.01,1e-04,6,6,0.5,0.5,0.5,0,1,NA,NA,NA,0
"3356","nonsyn_all","int",5000,0.05,0.01,1e-04,6,6.5,0.5,0.5,0.5,0,1,NA,NA,NA,0
"3357","nonsyn_all","int",5000,0.05,0.01,1e-04,6,7,0.5,0.5,0.5,0,1,NA,NA,NA,0
"3358","nonsyn_all","int",5000,0.05,0.01,5e-04,6,5.5,0.5,0.5,0.5,0,1,NA,NA,NA,0
"3359","nonsyn_all","int",5000,0.05,0.01,5e-04,6,6,0.5,0.5,0.5,0,1,NA,NA,NA,0
"3360","nonsyn_all","int",5000,0.05,0.01,5e-04,6,6.5,0.5,0.5,0.5,0,1,NA,NA,NA,0
"3361","nonsyn_all","int",5000,0.05,0.01,5e-04,6,7,0.5,0.5,0.5,0,1,NA,NA,NA,0
"3362","nonsyn_all","int",5000,0.05,0.01,0.001,5,6,0.5,0.5,0.5,0,1,NA,NA,NA,0
"3363","nonsyn_all","int",5000,0.05,0.01,0.001,6,6,0.5,0.5,0.5,0,1,NA,NA,NA,0
"3364","nonsyn_all","int",5000,0.05,0.01,0.001,6,6,0.5,0.5,0.75,0,1,NA,NA,NA,0
"3365","nonsyn_all","int",5000,0.05,0.01,0.001,6,6,0.5,0.5,1,0,1,NA,NA,NA,0
"3366","nonsyn_all","int",5000,0.05,0.01,0.001,6,6.5,0.5,0.5,0.5,0,1,NA,NA,NA,0
"3367","nonsyn_all","int",5000,0.05,0.01,0.001,6,7,0.5,0.5,0.5,0,1,NA,NA,NA,0
"3368","nonsyn_all","int",5000,0.05,0.01,0.001,6.5,6,0.5,0.5,0.5,0,1,NA,NA,NA,0
"3369","nonsyn_all","int",5000,0.05,0.01,0.001,7,6,0.5,0.5,0.5,0,1,NA,NA,NA,0
"3370","nonsyn_all","int",5000,0.05,0.01,0.005,6,5.5,0.5,0.5,0.5,0,1,NA,NA,NA,0
"3371","nonsyn_all","int",5000,0.05,0.01,0.005,6,6,0.5,0.5,0.5,0,1,NA,NA,NA,0
"3372","nonsyn_all","int",5000,0.05,0.01,0.005,6,6.5,0.5,0.5,0.5,0,1,NA,NA,NA,0
"3373","nonsyn_all","int",5000,0.05,0.01,0.005,6,7,0.5,0.5,0.5,0,1,NA,NA,NA,0
"3374","nonsyn_all","int",5000,0.05,0.01,0.01,6,6.5,0.5,0.5,0.5,0,1,NA,NA,NA,0
"3375","nonsyn_all","int",5000,0.05,0.01,0.01,6,7,0.5,0.5,0.5,0,1,NA,NA,NA,0
"3376","nonsyn_all","int",5000,0.05,1,0.001,6,6,0.5,0.5,0.5,0,1,NA,NA,NA,0
"3377","nonsyn_all","int",5000,0.05,1,0.001,6,6,0.5,0.5,0.75,0,1,NA,NA,NA,0
"3378","nonsyn_all","int",5000,0.05,1,0.001,6,6,0.5,0.5,1,0,1,NA,NA,NA,0
"3379","nonsyn_all","int",5000,0.05,5,0.001,6,6,0.5,0.5,0.5,0,1,NA,NA,NA,0
"3380","nonsyn_all","int",5000,0.05,5,0.001,6,6,0.5,0.5,0.75,0,1,NA,NA,NA,0
"3381","nonsyn_all","int",5000,0.05,5,0.001,6,6,0.5,0.5,1,0,1,NA,NA,NA,0
"3382","nonsyn_all","int",5000,0.1,0.01,0.001,6,6,0.5,0.5,0.5,0,1,NA,NA,NA,0
"3383","nonsyn_all","int",5000,0.2,0.01,0.001,6,6,0.5,0.5,0.5,0,1,NA,NA,NA,0
"3384","nonsyn_all","int",5000,0.5,0.01,0.001,6,6,0.5,0.5,0.5,0,1,NA,NA,NA,0
"3385","nonsyn_all","int",7500,0,0.01,0.001,6,6,0.5,0.5,0.5,0,1,NA,NA,NA,0
"3386","nonsyn_all","int",7500,0.01,0.01,0.001,6,6,0.5,0.5,0.5,0,1,NA,NA,NA,0
"3387","nonsyn_all","int",7500,0.05,0.01,0,6,5,0.5,0.5,0.5,0,1,NA,NA,NA,0
"3388","nonsyn_all","int",7500,0.05,0.01,0,6,6.5,0.5,0.5,0.5,0,1,NA,NA,NA,0
"3389","nonsyn_all","int",7500,0.05,0.01,0,6,7,0.5,0.5,0.5,0,1,NA,NA,NA,0
"3390","nonsyn_all","int",7500,0.05,0.01,1e-04,6,5,0.5,0.5,0.5,0,1,NA,NA,NA,0
"3391","nonsyn_all","int",7500,0.05,0.01,1e-04,6,6,0.5,0.5,0.5,0,1,NA,NA,NA,0
"3392","nonsyn_all","int",7500,0.05,0.01,1e-04,6,6.5,0.5,0.5,0.5,0,1,NA,NA,NA,0
"3393","nonsyn_all","int",7500,0.05,0.01,1e-04,6,7,0.5,0.5,0.5,0,1,NA,NA,NA,0
"3394","nonsyn_all","int",7500,0.05,0.01,5e-04,6,5.5,0.5,0.5,0.5,0,1,NA,NA,NA,0
"3395","nonsyn_all","int",7500,0.05,0.01,5e-04,6,6,0.5,0.5,0.5,0,1,NA,NA,NA,0
"3396","nonsyn_all","int",7500,0.05,0.01,5e-04,6,6.5,0.5,0.5,0.5,0,1,NA,NA,NA,0
"3397","nonsyn_all","int",7500,0.05,0.01,5e-04,6,7,0.5,0.5,0.5,0,1,NA,NA,NA,0
"3398","nonsyn_all","int",7500,0.05,0.01,0.001,5,6,0.5,0.5,0.5,0,1,NA,NA,NA,0
"3399","nonsyn_all","int",7500,0.05,0.01,0.001,6,6,0.5,0.5,0.5,0,1,NA,NA,NA,0
"3400","nonsyn_all","int",7500,0.05,0.01,0.001,6,6,0.5,0.5,0.75,0,1,NA,NA,NA,0
"3401","nonsyn_all","int",7500,0.05,0.01,0.001,6,6,0.5,0.5,1,0,1,NA,NA,NA,0
"3402","nonsyn_all","int",7500,0.05,0.01,0.001,6,6.5,0.5,0.5,0.5,0,1,NA,NA,NA,0
"3403","nonsyn_all","int",7500,0.05,0.01,0.001,6,7,0.5,0.5,0.5,0,1,NA,NA,NA,0
"3404","nonsyn_all","int",7500,0.05,0.01,0.001,6.5,6,0.5,0.5,0.5,0,1,NA,NA,NA,0
"3405","nonsyn_all","int",7500,0.05,0.01,0.001,7,6,0.5,0.5,0.5,0,1,NA,NA,NA,0
"3406","nonsyn_all","int",7500,0.05,0.01,0.005,6,5.5,0.5,0.5,0.5,0,1,NA,NA,NA,0
"3407","nonsyn_all","int",7500,0.05,0.01,0.005,6,6,0.5,0.5,0.5,0,1,NA,NA,NA,0
"3408","nonsyn_all","int",7500,0.05,0.01,0.005,6,6.5,0.5,0.5,0.5,0,1,NA,NA,NA,0
"3409","nonsyn_all","int",7500,0.05,0.01,0.005,6,7,0.5,0.5,0.5,0,1,NA,NA,NA,0
"3410","nonsyn_all","int",7500,0.05,0.01,0.01,6,6.5,0.5,0.5,0.5,0,1,NA,NA,NA,0
"3411","nonsyn_all","int",7500,0.05,0.01,0.01,6,7,0.5,0.5,0.5,0,1,NA,NA,NA,0
"3412","nonsyn_all","int",7500,0.05,1,0.001,6,6,0.5,0.5,0.5,0,1,NA,NA,NA,0
"3413","nonsyn_all","int",7500,0.05,1,0.001,6,6,0.5,0.5,0.75,0,1,NA,NA,NA,0
"3414","nonsyn_all","int",7500,0.05,1,0.001,6,6,0.5,0.5,1,0,1,NA,NA,NA,0
"3415","nonsyn_all","int",7500,0.05,5,0.001,6,6,0.5,0.5,0.5,0,1,NA,NA,NA,0
"3416","nonsyn_all","int",7500,0.05,5,0.001,6,6,0.5,0.5,0.75,0,1,NA,NA,NA,0
"3417","nonsyn_all","int",7500,0.05,5,0.001,6,6,0.5,0.5,1,0,1,NA,NA,NA,0
"3418","nonsyn_all","int",7500,0.1,0.01,0.001,6,6,0.5,0.5,0.5,0,1,NA,NA,NA,0
"3419","nonsyn_all","int",7500,0.2,0.01,0.001,6,6,0.5,0.5,0.5,0,1,NA,NA,NA,0
"3420","nonsyn_all","int",7500,0.5,0.01,0.001,6,6,0.5,0.5,0.5,0,1,NA,NA,NA,0
"3421","nonsyn_all","int",10000,0,0.01,0.001,6,6,0.5,0.5,0.5,0,1,NA,NA,NA,0
"3422","nonsyn_all","int",10000,0.01,0.01,0.001,6,6,0.5,0.5,0.5,0,1,NA,NA,NA,0
"3423","nonsyn_all","int",10000,0.05,0.01,0,6,5,0.5,0.5,0.5,0,1,NA,NA,NA,0
"3424","nonsyn_all","int",10000,0.05,0.01,0,6,6.5,0.5,0.5,0.5,0,1,NA,NA,NA,0
"3425","nonsyn_all","int",10000,0.05,0.01,0,6,7,0.5,0.5,0.5,0,1,NA,NA,NA,0
"3426","nonsyn_all","int",10000,0.05,0.01,1e-04,6,5,0.5,0.5,0.5,0,1,NA,NA,NA,0
"3427","nonsyn_all","int",10000,0.05,0.01,1e-04,6,6,0.5,0.5,0.5,0,1,NA,NA,NA,0
"3428","nonsyn_all","int",10000,0.05,0.01,1e-04,6,6.5,0.5,0.5,0.5,0,1,NA,NA,NA,0
"3429","nonsyn_all","int",10000,0.05,0.01,1e-04,6,7,0.5,0.5,0.5,0,1,NA,NA,NA,0
"3430","nonsyn_all","int",10000,0.05,0.01,5e-04,6,5.5,0.5,0.5,0.5,0,1,NA,NA,NA,0
"3431","nonsyn_all","int",10000,0.05,0.01,5e-04,6,6,0.5,0.5,0.5,0,1,NA,NA,NA,0
"3432","nonsyn_all","int",10000,0.05,0.01,5e-04,6,6.5,0.5,0.5,0.5,0,1,NA,NA,NA,0
"3433","nonsyn_all","int",10000,0.05,0.01,5e-04,6,7,0.5,0.5,0.5,0,1,NA,NA,NA,0
"3434","nonsyn_all","int",10000,0.05,0.01,0.001,5,6,0.5,0.5,0.5,0,1,NA,NA,NA,0
"3435","nonsyn_all","int",10000,0.05,0.01,0.001,6,6,0.5,0.5,0.5,0,1,NA,NA,NA,0
"3436","nonsyn_all","int",10000,0.05,0.01,0.001,6,6,0.5,0.5,0.75,0,1,NA,NA,NA,0
"3437","nonsyn_all","int",10000,0.05,0.01,0.001,6,6,0.5,0.5,1,0,1,NA,NA,NA,0
"3438","nonsyn_all","int",10000,0.05,0.01,0.001,6,6.5,0.5,0.5,0.5,0,1,NA,NA,NA,0
"3439","nonsyn_all","int",10000,0.05,0.01,0.001,6,7,0.5,0.5,0.5,0,1,NA,NA,NA,0
"3440","nonsyn_all","int",10000,0.05,0.01,0.001,6.5,6,0.5,0.5,0.5,0,1,NA,NA,NA,0
"3441","nonsyn_all","int",10000,0.05,0.01,0.001,7,6,0.5,0.5,0.5,0,1,NA,NA,NA,0
"3442","nonsyn_all","int",10000,0.05,0.01,0.005,6,5.5,0.5,0.5,0.5,0,1,NA,NA,NA,0
"3443","nonsyn_all","int",10000,0.05,0.01,0.005,6,6,0.5,0.5,0.5,0,1,NA,NA,NA,0
"3444","nonsyn_all","int",10000,0.05,0.01,0.005,6,6.5,0.5,0.5,0.5,0,1,NA,NA,NA,0
"3445","nonsyn_all","int",10000,0.05,0.01,0.005,6,7,0.5,0.5,0.5,0,1,NA,NA,NA,0
"3446","nonsyn_all","int",10000,0.05,0.01,0.01,6,6.5,0.5,0.5,0.5,0,1,NA,NA,NA,0
"3447","nonsyn_all","int",10000,0.05,0.01,0.01,6,7,0.5,0.5,0.5,0,1,NA,NA,NA,0
"3448","nonsyn_all","int",10000,0.05,1,0.001,6,6,0.5,0.5,0.5,0,1,NA,NA,NA,0
"3449","nonsyn_all","int",10000,0.05,1,0.001,6,6,0.5,0.5,0.75,0,1,NA,NA,NA,0
"3450","nonsyn_all","int",10000,0.05,1,0.001,6,6,0.5,0.5,1,0,1,NA,NA,NA,0
"3451","nonsyn_all","int",10000,0.05,5,0.001,6,6,0.5,0.5,0.5,0,1,NA,NA,NA,0
"3452","nonsyn_all","int",10000,0.05,5,0.001,6,6,0.5,0.5,0.75,0,1,NA,NA,NA,0
"3453","nonsyn_all","int",10000,0.05,5,0.001,6,6,0.5,0.5,1,0,1,NA,NA,NA,0
"3454","nonsyn_all","int",10000,0.1,0.01,0.001,6,6,0.5,0.5,0.5,0,1,NA,NA,NA,0
"3455","nonsyn_all","int",10000,0.2,0.01,0.001,6,6,0.5,0.5,0.5,0,1,NA,NA,NA,0
"3456","nonsyn_all","int",10000,0.5,0.01,0.001,6,6,0.5,0.5,0.5,0,1,NA,NA,NA,0
"3457","nonsyn_all","rare",15,0,0.01,0.001,6,6,0.5,0.5,0.5,0,1,NA,NA,NA,0
"3458","nonsyn_all","rare",15,0.01,0.01,0.001,6,6,0.5,0.5,0.5,0,1,NA,NA,NA,0
"3459","nonsyn_all","rare",15,0.05,0.01,0,6,5,0.5,0.5,0.5,0,1,NA,NA,NA,0
"3460","nonsyn_all","rare",15,0.05,0.01,0,6,6.5,0.5,0.5,0.5,0,1,NA,NA,NA,0
"3461","nonsyn_all","rare",15,0.05,0.01,0,6,7,0.5,0.5,0.5,0,1,NA,NA,NA,0
"3462","nonsyn_all","rare",15,0.05,0.01,1e-04,6,5,0.5,0.5,0.5,0,1,NA,NA,NA,0
"3463","nonsyn_all","rare",15,0.05,0.01,1e-04,6,6,0.5,0.5,0.5,0,1,NA,NA,NA,0
"3464","nonsyn_all","rare",15,0.05,0.01,1e-04,6,6.5,0.5,0.5,0.5,0,1,NA,NA,NA,0
"3465","nonsyn_all","rare",15,0.05,0.01,1e-04,6,7,0.5,0.5,0.5,0,1,NA,NA,NA,0
"3466","nonsyn_all","rare",15,0.05,0.01,5e-04,6,5.5,0.5,0.5,0.5,0,1,NA,NA,NA,0
"3467","nonsyn_all","rare",15,0.05,0.01,5e-04,6,6,0.5,0.5,0.5,0,1,NA,NA,NA,0
"3468","nonsyn_all","rare",15,0.05,0.01,5e-04,6,6.5,0.5,0.5,0.5,0,1,NA,NA,NA,0
"3469","nonsyn_all","rare",15,0.05,0.01,5e-04,6,7,0.5,0.5,0.5,0,1,NA,NA,NA,0
"3470","nonsyn_all","rare",15,0.05,0.01,0.001,5,6,0.5,0.5,0.5,0,1,NA,NA,NA,0
"3471","nonsyn_all","rare",15,0.05,0.01,0.001,6,6,0.5,0.5,0.5,0,1,NA,NA,NA,0
"3472","nonsyn_all","rare",15,0.05,0.01,0.001,6,6,0.5,0.5,0.75,0,1,NA,NA,NA,0
"3473","nonsyn_all","rare",15,0.05,0.01,0.001,6,6,0.5,0.5,1,0,1,NA,NA,NA,0
"3474","nonsyn_all","rare",15,0.05,0.01,0.001,6,6.5,0.5,0.5,0.5,0,1,NA,NA,NA,0
"3475","nonsyn_all","rare",15,0.05,0.01,0.001,6,7,0.5,0.5,0.5,0,1,NA,NA,NA,0
"3476","nonsyn_all","rare",15,0.05,0.01,0.001,6.5,6,0.5,0.5,0.5,0,1,NA,NA,NA,0
"3477","nonsyn_all","rare",15,0.05,0.01,0.001,7,6,0.5,0.5,0.5,0,1,NA,NA,NA,0
"3478","nonsyn_all","rare",15,0.05,0.01,0.005,6,5.5,0.5,0.5,0.5,0,1,NA,NA,NA,0
"3479","nonsyn_all","rare",15,0.05,0.01,0.005,6,6,0.5,0.5,0.5,0,1,NA,NA,NA,0
"3480","nonsyn_all","rare",15,0.05,0.01,0.005,6,6.5,0.5,0.5,0.5,0,1,NA,NA,NA,0
"3481","nonsyn_all","rare",15,0.05,0.01,0.005,6,7,0.5,0.5,0.5,0,1,NA,NA,NA,0
"3482","nonsyn_all","rare",15,0.05,0.01,0.01,6,6.5,0.5,0.5,0.5,0,1,NA,NA,NA,0
"3483","nonsyn_all","rare",15,0.05,0.01,0.01,6,7,0.5,0.5,0.5,0,1,NA,NA,NA,0
"3484","nonsyn_all","rare",15,0.05,1,0.001,6,6,0.5,0.5,0.5,0,1,NA,NA,NA,0
"3485","nonsyn_all","rare",15,0.05,1,0.001,6,6,0.5,0.5,0.75,0,1,NA,NA,NA,0
"3486","nonsyn_all","rare",15,0.05,1,0.001,6,6,0.5,0.5,1,0,1,NA,NA,NA,0
"3487","nonsyn_all","rare",15,0.05,5,0.001,6,6,0.5,0.5,0.5,0,1,NA,NA,NA,0
"3488","nonsyn_all","rare",15,0.05,5,0.001,6,6,0.5,0.5,0.75,0,1,NA,NA,NA,0
"3489","nonsyn_all","rare",15,0.05,5,0.001,6,6,0.5,0.5,1,0,1,NA,NA,NA,0
"3490","nonsyn_all","rare",15,0.1,0.01,0.001,6,6,0.5,0.5,0.5,0,1,NA,NA,NA,0
"3491","nonsyn_all","rare",15,0.2,0.01,0.001,6,6,0.5,0.5,0.5,0,1,NA,NA,NA,0
"3492","nonsyn_all","rare",15,0.5,0.01,0.001,6,6,0.5,0.5,0.5,0,1,NA,NA,NA,0
"3493","nonsyn_all","rare",50,0,0.01,0.001,6,6,0.5,0.5,0.5,0,1,NA,NA,NA,0
"3494","nonsyn_all","rare",50,0.01,0.01,0.001,6,6,0.5,0.5,0.5,0,1,NA,NA,NA,0
"3495","nonsyn_all","rare",50,0.05,0.01,0,6,5,0.5,0.5,0.5,0,1,NA,NA,NA,0
"3496","nonsyn_all","rare",50,0.05,0.01,0,6,6.5,0.5,0.5,0.5,0,1,NA,NA,NA,0
"3497","nonsyn_all","rare",50,0.05,0.01,0,6,7,0.5,0.5,0.5,0,1,NA,NA,NA,0
"3498","nonsyn_all","rare",50,0.05,0.01,1e-04,6,5,0.5,0.5,0.5,0,1,NA,NA,NA,0
"3499","nonsyn_all","rare",50,0.05,0.01,1e-04,6,6,0.5,0.5,0.5,0,1,NA,NA,NA,0
"3500","nonsyn_all","rare",50,0.05,0.01,1e-04,6,6.5,0.5,0.5,0.5,0,1,NA,NA,NA,0
"3501","nonsyn_all","rare",50,0.05,0.01,1e-04,6,7,0.5,0.5,0.5,0,1,NA,NA,NA,0
"3502","nonsyn_all","rare",50,0.05,0.01,5e-04,6,5.5,0.5,0.5,0.5,0,1,NA,NA,NA,0
"3503","nonsyn_all","rare",50,0.05,0.01,5e-04,6,6,0.5,0.5,0.5,0,1,NA,NA,NA,0
"3504","nonsyn_all","rare",50,0.05,0.01,5e-04,6,6.5,0.5,0.5,0.5,0,1,NA,NA,NA,0
"3505","nonsyn_all","rare",50,0.05,0.01,5e-04,6,7,0.5,0.5,0.5,0,1,NA,NA,NA,0
"3506","nonsyn_all","rare",50,0.05,0.01,0.001,5,6,0.5,0.5,0.5,0,1,NA,NA,NA,0
"3507","nonsyn_all","rare",50,0.05,0.01,0.001,6,6,0.5,0.5,0.5,0,1,NA,NA,NA,0
"3508","nonsyn_all","rare",50,0.05,0.01,0.001,6,6,0.5,0.5,0.75,0,1,NA,NA,NA,0
"3509","nonsyn_all","rare",50,0.05,0.01,0.001,6,6,0.5,0.5,1,0,1,NA,NA,NA,0
"3510","nonsyn_all","rare",50,0.05,0.01,0.001,6,6.5,0.5,0.5,0.5,0,1,NA,NA,NA,0
"3511","nonsyn_all","rare",50,0.05,0.01,0.001,6,7,0.5,0.5,0.5,0,1,NA,NA,NA,0
"3512","nonsyn_all","rare",50,0.05,0.01,0.001,6.5,6,0.5,0.5,0.5,0,1,NA,NA,NA,0
"3513","nonsyn_all","rare",50,0.05,0.01,0.001,7,6,0.5,0.5,0.5,0,1,NA,NA,NA,0
"3514","nonsyn_all","rare",50,0.05,0.01,0.005,6,5.5,0.5,0.5,0.5,0,1,NA,NA,NA,0
"3515","nonsyn_all","rare",50,0.05,0.01,0.005,6,6,0.5,0.5,0.5,0,1,NA,NA,NA,0
"3516","nonsyn_all","rare",50,0.05,0.01,0.005,6,6.5,0.5,0.5,0.5,0,1,NA,NA,NA,0
"3517","nonsyn_all","rare",50,0.05,0.01,0.005,6,7,0.5,0.5,0.5,0,1,NA,NA,NA,0
"3518","nonsyn_all","rare",50,0.05,0.01,0.01,6,6.5,0.5,0.5,0.5,0,1,NA,NA,NA,0
"3519","nonsyn_all","rare",50,0.05,0.01,0.01,6,7,0.5,0.5,0.5,0,1,NA,NA,NA,0
"3520","nonsyn_all","rare",50,0.05,1,0.001,6,6,0.5,0.5,0.5,0,1,NA,NA,NA,0
"3521","nonsyn_all","rare",50,0.05,1,0.001,6,6,0.5,0.5,0.75,0,1,NA,NA,NA,0
"3522","nonsyn_all","rare",50,0.05,1,0.001,6,6,0.5,0.5,1,0,1,NA,NA,NA,0
"3523","nonsyn_all","rare",50,0.05,5,0.001,6,6,0.5,0.5,0.5,0,1,NA,NA,NA,0
"3524","nonsyn_all","rare",50,0.05,5,0.001,6,6,0.5,0.5,0.75,0,1,NA,NA,NA,0
"3525","nonsyn_all","rare",50,0.05,5,0.001,6,6,0.5,0.5,1,0,1,NA,NA,NA,0
"3526","nonsyn_all","rare",50,0.1,0.01,0.001,6,6,0.5,0.5,0.5,0,1,NA,NA,NA,0
"3527","nonsyn_all","rare",50,0.2,0.01,0.001,6,6,0.5,0.5,0.5,0,1,NA,NA,NA,0
"3528","nonsyn_all","rare",50,0.5,0.01,0.001,6,6,0.5,0.5,0.5,0,1,NA,NA,NA,0
"3529","nonsyn_all","rare",100,0,0.01,0.001,6,6,0.5,0.5,0.5,0,1,NA,NA,NA,0
"3530","nonsyn_all","rare",100,0.01,0.01,0.001,6,6,0.5,0.5,0.5,0,1,NA,NA,NA,0
"3531","nonsyn_all","rare",100,0.05,0.01,0,6,5,0.5,0.5,0.5,0,1,NA,NA,NA,0
"3532","nonsyn_all","rare",100,0.05,0.01,0,6,6.5,0.5,0.5,0.5,0,1,NA,NA,NA,0
"3533","nonsyn_all","rare",100,0.05,0.01,0,6,7,0.5,0.5,0.5,0,1,NA,NA,NA,0
"3534","nonsyn_all","rare",100,0.05,0.01,1e-04,6,5,0.5,0.5,0.5,0,1,NA,NA,NA,0
"3535","nonsyn_all","rare",100,0.05,0.01,1e-04,6,6,0.5,0.5,0.5,0,1,NA,NA,NA,0
"3536","nonsyn_all","rare",100,0.05,0.01,1e-04,6,6.5,0.5,0.5,0.5,0,1,NA,NA,NA,0
"3537","nonsyn_all","rare",100,0.05,0.01,1e-04,6,7,0.5,0.5,0.5,0,1,NA,NA,NA,0
"3538","nonsyn_all","rare",100,0.05,0.01,5e-04,6,5.5,0.5,0.5,0.5,0,1,NA,NA,NA,0
"3539","nonsyn_all","rare",100,0.05,0.01,5e-04,6,6,0.5,0.5,0.5,0,1,NA,NA,NA,0
"3540","nonsyn_all","rare",100,0.05,0.01,5e-04,6,6.5,0.5,0.5,0.5,0,1,NA,NA,NA,0
"3541","nonsyn_all","rare",100,0.05,0.01,5e-04,6,7,0.5,0.5,0.5,0,1,NA,NA,NA,0
"3542","nonsyn_all","rare",100,0.05,0.01,0.001,5,6,0.5,0.5,0.5,0,1,NA,NA,NA,0
"3543","nonsyn_all","rare",100,0.05,0.01,0.001,6,6,0.5,0.5,0.5,0,1,NA,NA,NA,0
"3544","nonsyn_all","rare",100,0.05,0.01,0.001,6,6,0.5,0.5,0.75,0,1,NA,NA,NA,0
"3545","nonsyn_all","rare",100,0.05,0.01,0.001,6,6,0.5,0.5,1,0,1,NA,NA,NA,0
"3546","nonsyn_all","rare",100,0.05,0.01,0.001,6,6.5,0.5,0.5,0.5,0,1,NA,NA,NA,0
"3547","nonsyn_all","rare",100,0.05,0.01,0.001,6,7,0.5,0.5,0.5,0,1,NA,NA,NA,0
"3548","nonsyn_all","rare",100,0.05,0.01,0.001,6.5,6,0.5,0.5,0.5,0,1,NA,NA,NA,0
"3549","nonsyn_all","rare",100,0.05,0.01,0.001,7,6,0.5,0.5,0.5,0,1,NA,NA,NA,0
"3550","nonsyn_all","rare",100,0.05,0.01,0.005,6,5.5,0.5,0.5,0.5,0,1,NA,NA,NA,0
"3551","nonsyn_all","rare",100,0.05,0.01,0.005,6,6,0.5,0.5,0.5,0,1,NA,NA,NA,0
"3552","nonsyn_all","rare",100,0.05,0.01,0.005,6,6.5,0.5,0.5,0.5,0,1,NA,NA,NA,0
"3553","nonsyn_all","rare",100,0.05,0.01,0.005,6,7,0.5,0.5,0.5,0,1,NA,NA,NA,0
"3554","nonsyn_all","rare",100,0.05,0.01,0.01,6,6.5,0.5,0.5,0.5,0,1,NA,NA,NA,0
"3555","nonsyn_all","rare",100,0.05,0.01,0.01,6,7,0.5,0.5,0.5,0,1,NA,NA,NA,0
"3556","nonsyn_all","rare",100,0.05,1,0.001,6,6,0.5,0.5,0.5,0,1,NA,NA,NA,0
"3557","nonsyn_all","rare",100,0.05,1,0.001,6,6,0.5,0.5,0.75,0,1,NA,NA,NA,0
"3558","nonsyn_all","rare",100,0.05,1,0.001,6,6,0.5,0.5,1,0,1,NA,NA,NA,0
"3559","nonsyn_all","rare",100,0.05,5,0.001,6,6,0.5,0.5,0.5,0,1,NA,NA,NA,0
"3560","nonsyn_all","rare",100,0.05,5,0.001,6,6,0.5,0.5,0.75,0,1,NA,NA,NA,0
"3561","nonsyn_all","rare",100,0.05,5,0.001,6,6,0.5,0.5,1,0,1,NA,NA,NA,0
"3562","nonsyn_all","rare",100,0.1,0.01,0.001,6,6,0.5,0.5,0.5,0,1,NA,NA,NA,0
"3563","nonsyn_all","rare",100,0.2,0.01,0.001,6,6,0.5,0.5,0.5,0,1,NA,NA,NA,0
"3564","nonsyn_all","rare",100,0.5,0.01,0.001,6,6,0.5,0.5,0.5,0,1,NA,NA,NA,0
"3565","nonsyn_all","rare",200,0,0.01,0.001,6,6,0.5,0.5,0.5,0,1,NA,NA,NA,0
"3566","nonsyn_all","rare",200,0.01,0.01,0.001,6,6,0.5,0.5,0.5,0,1,NA,NA,NA,0
"3567","nonsyn_all","rare",200,0.05,0.01,0,6,5,0.5,0.5,0.5,0,1,NA,NA,NA,0
"3568","nonsyn_all","rare",200,0.05,0.01,0,6,6.5,0.5,0.5,0.5,0,1,NA,NA,NA,0
"3569","nonsyn_all","rare",200,0.05,0.01,0,6,7,0.5,0.5,0.5,0,1,NA,NA,NA,0
"3570","nonsyn_all","rare",200,0.05,0.01,1e-04,6,5,0.5,0.5,0.5,0,1,NA,NA,NA,0
"3571","nonsyn_all","rare",200,0.05,0.01,1e-04,6,6,0.5,0.5,0.5,0,1,NA,NA,NA,0
"3572","nonsyn_all","rare",200,0.05,0.01,1e-04,6,6.5,0.5,0.5,0.5,0,1,NA,NA,NA,0
"3573","nonsyn_all","rare",200,0.05,0.01,1e-04,6,7,0.5,0.5,0.5,0,1,NA,NA,NA,0
"3574","nonsyn_all","rare",200,0.05,0.01,5e-04,6,5.5,0.5,0.5,0.5,0,1,NA,NA,NA,0
"3575","nonsyn_all","rare",200,0.05,0.01,5e-04,6,6,0.5,0.5,0.5,0,1,NA,NA,NA,0
"3576","nonsyn_all","rare",200,0.05,0.01,5e-04,6,6.5,0.5,0.5,0.5,0,1,NA,NA,NA,0
"3577","nonsyn_all","rare",200,0.05,0.01,5e-04,6,7,0.5,0.5,0.5,0,1,NA,NA,NA,0
"3578","nonsyn_all","rare",200,0.05,0.01,0.001,5,6,0.5,0.5,0.5,0,1,NA,NA,NA,0
"3579","nonsyn_all","rare",200,0.05,0.01,0.001,6,6,0.5,0.5,0.5,0,1,NA,NA,NA,0
"3580","nonsyn_all","rare",200,0.05,0.01,0.001,6,6,0.5,0.5,0.75,0,1,NA,NA,NA,0
"3581","nonsyn_all","rare",200,0.05,0.01,0.001,6,6,0.5,0.5,1,0,1,NA,NA,NA,0
"3582","nonsyn_all","rare",200,0.05,0.01,0.001,6,6.5,0.5,0.5,0.5,0,1,NA,NA,NA,0
"3583","nonsyn_all","rare",200,0.05,0.01,0.001,6,7,0.5,0.5,0.5,0,1,NA,NA,NA,0
"3584","nonsyn_all","rare",200,0.05,0.01,0.001,6.5,6,0.5,0.5,0.5,0,1,NA,NA,NA,0
"3585","nonsyn_all","rare",200,0.05,0.01,0.001,7,6,0.5,0.5,0.5,0,1,NA,NA,NA,0
"3586","nonsyn_all","rare",200,0.05,0.01,0.005,6,5.5,0.5,0.5,0.5,0,1,NA,NA,NA,0
"3587","nonsyn_all","rare",200,0.05,0.01,0.005,6,6,0.5,0.5,0.5,0,1,NA,NA,NA,0
"3588","nonsyn_all","rare",200,0.05,0.01,0.005,6,6.5,0.5,0.5,0.5,0,1,NA,NA,NA,0
"3589","nonsyn_all","rare",200,0.05,0.01,0.005,6,7,0.5,0.5,0.5,0,1,NA,NA,NA,0
"3590","nonsyn_all","rare",200,0.05,0.01,0.01,6,6.5,0.5,0.5,0.5,0,1,NA,NA,NA,0
"3591","nonsyn_all","rare",200,0.05,0.01,0.01,6,7,0.5,0.5,0.5,0,1,NA,NA,NA,0
"3592","nonsyn_all","rare",200,0.05,1,0.001,6,6,0.5,0.5,0.5,0,1,NA,NA,NA,0
"3593","nonsyn_all","rare",200,0.05,1,0.001,6,6,0.5,0.5,0.75,0,1,NA,NA,NA,0
"3594","nonsyn_all","rare",200,0.05,1,0.001,6,6,0.5,0.5,1,0,1,NA,NA,NA,0
"3595","nonsyn_all","rare",200,0.05,5,0.001,6,6,0.5,0.5,0.5,0,1,NA,NA,NA,0
"3596","nonsyn_all","rare",200,0.05,5,0.001,6,6,0.5,0.5,0.75,0,1,NA,NA,NA,0
"3597","nonsyn_all","rare",200,0.05,5,0.001,6,6,0.5,0.5,1,0,1,NA,NA,NA,0
"3598","nonsyn_all","rare",200,0.1,0.01,0.001,6,6,0.5,0.5,0.5,0,1,NA,NA,NA,0
"3599","nonsyn_all","rare",200,0.2,0.01,0.001,6,6,0.5,0.5,0.5,0,1,NA,NA,NA,0
"3600","nonsyn_all","rare",200,0.5,0.01,0.001,6,6,0.5,0.5,0.5,0,1,NA,NA,NA,0
"3601","nonsyn_all","rare",300,0,0.01,0.001,6,6,0.5,0.5,0.5,0,1,NA,NA,NA,0
"3602","nonsyn_all","rare",300,0.01,0.01,0.001,6,6,0.5,0.5,0.5,0,1,NA,NA,NA,0
"3603","nonsyn_all","rare",300,0.05,0.01,0,6,5,0.5,0.5,0.5,0,1,NA,NA,NA,0
"3604","nonsyn_all","rare",300,0.05,0.01,0,6,6.5,0.5,0.5,0.5,0,1,NA,NA,NA,0
"3605","nonsyn_all","rare",300,0.05,0.01,0,6,7,0.5,0.5,0.5,0,1,NA,NA,NA,0
"3606","nonsyn_all","rare",300,0.05,0.01,1e-04,6,5,0.5,0.5,0.5,0,1,NA,NA,NA,0
"3607","nonsyn_all","rare",300,0.05,0.01,1e-04,6,6,0.5,0.5,0.5,0,1,NA,NA,NA,0
"3608","nonsyn_all","rare",300,0.05,0.01,1e-04,6,6.5,0.5,0.5,0.5,0,1,NA,NA,NA,0
"3609","nonsyn_all","rare",300,0.05,0.01,1e-04,6,7,0.5,0.5,0.5,0,1,NA,NA,NA,0
"3610","nonsyn_all","rare",300,0.05,0.01,5e-04,6,5.5,0.5,0.5,0.5,0,1,NA,NA,NA,0
"3611","nonsyn_all","rare",300,0.05,0.01,5e-04,6,6,0.5,0.5,0.5,0,1,NA,NA,NA,0
"3612","nonsyn_all","rare",300,0.05,0.01,5e-04,6,6.5,0.5,0.5,0.5,0,1,NA,NA,NA,0
"3613","nonsyn_all","rare",300,0.05,0.01,5e-04,6,7,0.5,0.5,0.5,0,1,NA,NA,NA,0
"3614","nonsyn_all","rare",300,0.05,0.01,0.001,5,6,0.5,0.5,0.5,0,1,NA,NA,NA,0
"3615","nonsyn_all","rare",300,0.05,0.01,0.001,6,6,0.5,0.5,0.5,0,1,NA,NA,NA,0
"3616","nonsyn_all","rare",300,0.05,0.01,0.001,6,6,0.5,0.5,0.75,0,1,NA,NA,NA,0
"3617","nonsyn_all","rare",300,0.05,0.01,0.001,6,6,0.5,0.5,1,0,1,NA,NA,NA,0
"3618","nonsyn_all","rare",300,0.05,0.01,0.001,6,6.5,0.5,0.5,0.5,0,1,NA,NA,NA,0
"3619","nonsyn_all","rare",300,0.05,0.01,0.001,6,7,0.5,0.5,0.5,0,1,NA,NA,NA,0
"3620","nonsyn_all","rare",300,0.05,0.01,0.001,6.5,6,0.5,0.5,0.5,0,1,NA,NA,NA,0
"3621","nonsyn_all","rare",300,0.05,0.01,0.001,7,6,0.5,0.5,0.5,0,1,NA,NA,NA,0
"3622","nonsyn_all","rare",300,0.05,0.01,0.005,6,5.5,0.5,0.5,0.5,0,1,NA,NA,NA,0
"3623","nonsyn_all","rare",300,0.05,0.01,0.005,6,6,0.5,0.5,0.5,0,1,NA,NA,NA,0
"3624","nonsyn_all","rare",300,0.05,0.01,0.005,6,6.5,0.5,0.5,0.5,0,1,NA,NA,NA,0
"3625","nonsyn_all","rare",300,0.05,0.01,0.005,6,7,0.5,0.5,0.5,0,1,NA,NA,NA,0
"3626","nonsyn_all","rare",300,0.05,0.01,0.01,6,6.5,0.5,0.5,0.5,0,1,NA,NA,NA,0
"3627","nonsyn_all","rare",300,0.05,0.01,0.01,6,7,0.5,0.5,0.5,0,1,NA,NA,NA,0
"3628","nonsyn_all","rare",300,0.05,1,0.001,6,6,0.5,0.5,0.5,0,1,NA,NA,NA,0
"3629","nonsyn_all","rare",300,0.05,1,0.001,6,6,0.5,0.5,0.75,0,1,NA,NA,NA,0
"3630","nonsyn_all","rare",300,0.05,1,0.001,6,6,0.5,0.5,1,0,1,NA,NA,NA,0
"3631","nonsyn_all","rare",300,0.05,5,0.001,6,6,0.5,0.5,0.5,0,1,NA,NA,NA,0
"3632","nonsyn_all","rare",300,0.05,5,0.001,6,6,0.5,0.5,0.75,0,1,NA,NA,NA,0
"3633","nonsyn_all","rare",300,0.05,5,0.001,6,6,0.5,0.5,1,0,1,NA,NA,NA,0
"3634","nonsyn_all","rare",300,0.1,0.01,0.001,6,6,0.5,0.5,0.5,0,1,NA,NA,NA,0
"3635","nonsyn_all","rare",300,0.2,0.01,0.001,6,6,0.5,0.5,0.5,0,1,NA,NA,NA,0
"3636","nonsyn_all","rare",300,0.5,0.01,0.001,6,6,0.5,0.5,0.5,0,1,NA,NA,NA,0
"3637","nonsyn_all","rare",500,0,0.01,0.001,6,6,0.5,0.5,0.5,0,1,NA,NA,NA,0
"3638","nonsyn_all","rare",500,0.01,0.01,0.001,6,6,0.5,0.5,0.5,0,1,NA,NA,NA,0
"3639","nonsyn_all","rare",500,0.05,0.01,0,6,5,0.5,0.5,0.5,0,1,NA,NA,NA,0
"3640","nonsyn_all","rare",500,0.05,0.01,0,6,6.5,0.5,0.5,0.5,0,1,NA,NA,NA,0
"3641","nonsyn_all","rare",500,0.05,0.01,0,6,7,0.5,0.5,0.5,0,1,NA,NA,NA,0
"3642","nonsyn_all","rare",500,0.05,0.01,1e-04,6,5,0.5,0.5,0.5,0,1,NA,NA,NA,0
"3643","nonsyn_all","rare",500,0.05,0.01,1e-04,6,6,0.5,0.5,0.5,0,1,NA,NA,NA,0
"3644","nonsyn_all","rare",500,0.05,0.01,1e-04,6,6.5,0.5,0.5,0.5,0,1,NA,NA,NA,0
"3645","nonsyn_all","rare",500,0.05,0.01,1e-04,6,7,0.5,0.5,0.5,0,1,NA,NA,NA,0
"3646","nonsyn_all","rare",500,0.05,0.01,5e-04,6,5.5,0.5,0.5,0.5,0,1,NA,NA,NA,0
"3647","nonsyn_all","rare",500,0.05,0.01,5e-04,6,6,0.5,0.5,0.5,0,1,NA,NA,NA,0
"3648","nonsyn_all","rare",500,0.05,0.01,5e-04,6,6.5,0.5,0.5,0.5,0,1,NA,NA,NA,0
"3649","nonsyn_all","rare",500,0.05,0.01,5e-04,6,7,0.5,0.5,0.5,0,1,NA,NA,NA,0
"3650","nonsyn_all","rare",500,0.05,0.01,0.001,5,6,0.5,0.5,0.5,0,1,NA,NA,NA,0
"3651","nonsyn_all","rare",500,0.05,0.01,0.001,6,6,0.5,0.5,0.5,0,1,NA,NA,NA,0
"3652","nonsyn_all","rare",500,0.05,0.01,0.001,6,6,0.5,0.5,0.75,0,1,NA,NA,NA,0
"3653","nonsyn_all","rare",500,0.05,0.01,0.001,6,6,0.5,0.5,1,0,1,NA,NA,NA,0
"3654","nonsyn_all","rare",500,0.05,0.01,0.001,6,6.5,0.5,0.5,0.5,0,1,NA,NA,NA,0
"3655","nonsyn_all","rare",500,0.05,0.01,0.001,6,7,0.5,0.5,0.5,0,1,NA,NA,NA,0
"3656","nonsyn_all","rare",500,0.05,0.01,0.001,6.5,6,0.5,0.5,0.5,0,1,NA,NA,NA,0
"3657","nonsyn_all","rare",500,0.05,0.01,0.001,7,6,0.5,0.5,0.5,0,1,NA,NA,NA,0
"3658","nonsyn_all","rare",500,0.05,0.01,0.005,6,5.5,0.5,0.5,0.5,0,1,NA,NA,NA,0
"3659","nonsyn_all","rare",500,0.05,0.01,0.005,6,6,0.5,0.5,0.5,0,1,NA,NA,NA,0
"3660","nonsyn_all","rare",500,0.05,0.01,0.005,6,6.5,0.5,0.5,0.5,0,1,NA,NA,NA,0
"3661","nonsyn_all","rare",500,0.05,0.01,0.005,6,7,0.5,0.5,0.5,0,1,NA,NA,NA,0
"3662","nonsyn_all","rare",500,0.05,0.01,0.01,6,6.5,0.5,0.5,0.5,0,1,NA,NA,NA,0
"3663","nonsyn_all","rare",500,0.05,0.01,0.01,6,7,0.5,0.5,0.5,0,1,NA,NA,NA,0
"3664","nonsyn_all","rare",500,0.05,1,0.001,6,6,0.5,0.5,0.5,0,1,NA,NA,NA,0
"3665","nonsyn_all","rare",500,0.05,1,0.001,6,6,0.5,0.5,0.75,0,1,NA,NA,NA,0
"3666","nonsyn_all","rare",500,0.05,1,0.001,6,6,0.5,0.5,1,0,1,NA,NA,NA,0
"3667","nonsyn_all","rare",500,0.05,5,0.001,6,6,0.5,0.5,0.5,0,1,NA,NA,NA,0
"3668","nonsyn_all","rare",500,0.05,5,0.001,6,6,0.5,0.5,0.75,0,1,NA,NA,NA,0
"3669","nonsyn_all","rare",500,0.05,5,0.001,6,6,0.5,0.5,1,0,1,NA,NA,NA,0
"3670","nonsyn_all","rare",500,0.1,0.01,0.001,6,6,0.5,0.5,0.5,0,1,NA,NA,NA,0
"3671","nonsyn_all","rare",500,0.2,0.01,0.001,6,6,0.5,0.5,0.5,0,1,NA,NA,NA,0
"3672","nonsyn_all","rare",500,0.5,0.01,0.001,6,6,0.5,0.5,0.5,0,1,NA,NA,NA,0
"3673","nonsyn_all","rare",750,0,0.01,0.001,6,6,0.5,0.5,0.5,0,1,NA,NA,NA,0
"3674","nonsyn_all","rare",750,0.01,0.01,0.001,6,6,0.5,0.5,0.5,0,1,NA,NA,NA,0
"3675","nonsyn_all","rare",750,0.05,0.01,0,6,5,0.5,0.5,0.5,0,1,NA,NA,NA,0
"3676","nonsyn_all","rare",750,0.05,0.01,0,6,6.5,0.5,0.5,0.5,0,1,NA,NA,NA,0
"3677","nonsyn_all","rare",750,0.05,0.01,0,6,7,0.5,0.5,0.5,0,1,NA,NA,NA,0
"3678","nonsyn_all","rare",750,0.05,0.01,1e-04,6,5,0.5,0.5,0.5,0,1,NA,NA,NA,0
"3679","nonsyn_all","rare",750,0.05,0.01,1e-04,6,6,0.5,0.5,0.5,0,1,NA,NA,NA,0
"3680","nonsyn_all","rare",750,0.05,0.01,1e-04,6,6.5,0.5,0.5,0.5,0,1,NA,NA,NA,0
"3681","nonsyn_all","rare",750,0.05,0.01,1e-04,6,7,0.5,0.5,0.5,0,1,NA,NA,NA,0
"3682","nonsyn_all","rare",750,0.05,0.01,5e-04,6,5.5,0.5,0.5,0.5,0,1,NA,NA,NA,0
"3683","nonsyn_all","rare",750,0.05,0.01,5e-04,6,6,0.5,0.5,0.5,0,1,NA,NA,NA,0
"3684","nonsyn_all","rare",750,0.05,0.01,5e-04,6,6.5,0.5,0.5,0.5,0,1,NA,NA,NA,0
"3685","nonsyn_all","rare",750,0.05,0.01,5e-04,6,7,0.5,0.5,0.5,0,1,NA,NA,NA,0
"3686","nonsyn_all","rare",750,0.05,0.01,0.001,5,6,0.5,0.5,0.5,0,1,NA,NA,NA,0
"3687","nonsyn_all","rare",750,0.05,0.01,0.001,6,6,0.5,0.5,0.5,0,1,NA,NA,NA,0
"3688","nonsyn_all","rare",750,0.05,0.01,0.001,6,6,0.5,0.5,0.75,0,1,NA,NA,NA,0
"3689","nonsyn_all","rare",750,0.05,0.01,0.001,6,6,0.5,0.5,1,0,1,NA,NA,NA,0
"3690","nonsyn_all","rare",750,0.05,0.01,0.001,6,6.5,0.5,0.5,0.5,0,1,NA,NA,NA,0
"3691","nonsyn_all","rare",750,0.05,0.01,0.001,6,7,0.5,0.5,0.5,0,1,NA,NA,NA,0
"3692","nonsyn_all","rare",750,0.05,0.01,0.001,6.5,6,0.5,0.5,0.5,0,1,NA,NA,NA,0
"3693","nonsyn_all","rare",750,0.05,0.01,0.001,7,6,0.5,0.5,0.5,0,1,NA,NA,NA,0
"3694","nonsyn_all","rare",750,0.05,0.01,0.005,6,5.5,0.5,0.5,0.5,0,1,NA,NA,NA,0
"3695","nonsyn_all","rare",750,0.05,0.01,0.005,6,6,0.5,0.5,0.5,0,1,NA,NA,NA,0
"3696","nonsyn_all","rare",750,0.05,0.01,0.005,6,6.5,0.5,0.5,0.5,0,1,NA,NA,NA,0
"3697","nonsyn_all","rare",750,0.05,0.01,0.005,6,7,0.5,0.5,0.5,0,1,NA,NA,NA,0
"3698","nonsyn_all","rare",750,0.05,0.01,0.01,6,6.5,0.5,0.5,0.5,0,1,NA,NA,NA,0
"3699","nonsyn_all","rare",750,0.05,0.01,0.01,6,7,0.5,0.5,0.5,0,1,NA,NA,NA,0
"3700","nonsyn_all","rare",750,0.05,1,0.001,6,6,0.5,0.5,0.5,0,1,NA,NA,NA,0
"3701","nonsyn_all","rare",750,0.05,1,0.001,6,6,0.5,0.5,0.75,0,1,NA,NA,NA,0
"3702","nonsyn_all","rare",750,0.05,1,0.001,6,6,0.5,0.5,1,0,1,NA,NA,NA,0
"3703","nonsyn_all","rare",750,0.05,5,0.001,6,6,0.5,0.5,0.5,0,1,NA,NA,NA,0
"3704","nonsyn_all","rare",750,0.05,5,0.001,6,6,0.5,0.5,0.75,0,1,NA,NA,NA,0
"3705","nonsyn_all","rare",750,0.05,5,0.001,6,6,0.5,0.5,1,0,1,NA,NA,NA,0
"3706","nonsyn_all","rare",750,0.1,0.01,0.001,6,6,0.5,0.5,0.5,0,1,NA,NA,NA,0
"3707","nonsyn_all","rare",750,0.2,0.01,0.001,6,6,0.5,0.5,0.5,0,1,NA,NA,NA,0
"3708","nonsyn_all","rare",750,0.5,0.01,0.001,6,6,0.5,0.5,0.5,0,1,NA,NA,NA,0
"3709","nonsyn_all","rare",1000,0,0.01,0.001,6,6,0.5,0.5,0.5,0,1,NA,NA,NA,0
"3710","nonsyn_all","rare",1000,0.01,0.01,0.001,6,6,0.5,0.5,0.5,0,1,NA,NA,NA,0
"3711","nonsyn_all","rare",1000,0.05,0.01,0,6,5,0.5,0.5,0.5,0,1,NA,NA,NA,0
"3712","nonsyn_all","rare",1000,0.05,0.01,0,6,6.5,0.5,0.5,0.5,0,1,NA,NA,NA,0
"3713","nonsyn_all","rare",1000,0.05,0.01,0,6,7,0.5,0.5,0.5,0,1,NA,NA,NA,0
"3714","nonsyn_all","rare",1000,0.05,0.01,1e-04,6,5,0.5,0.5,0.5,0,1,NA,NA,NA,0
"3715","nonsyn_all","rare",1000,0.05,0.01,1e-04,6,6,0.5,0.5,0.5,0,1,NA,NA,NA,0
"3716","nonsyn_all","rare",1000,0.05,0.01,1e-04,6,6.5,0.5,0.5,0.5,0,1,NA,NA,NA,0
"3717","nonsyn_all","rare",1000,0.05,0.01,1e-04,6,7,0.5,0.5,0.5,0,1,NA,NA,NA,0
"3718","nonsyn_all","rare",1000,0.05,0.01,5e-04,6,5.5,0.5,0.5,0.5,0,1,NA,NA,NA,0
"3719","nonsyn_all","rare",1000,0.05,0.01,5e-04,6,6,0.5,0.5,0.5,0,1,NA,NA,NA,0
"3720","nonsyn_all","rare",1000,0.05,0.01,5e-04,6,6.5,0.5,0.5,0.5,0,1,NA,NA,NA,0
"3721","nonsyn_all","rare",1000,0.05,0.01,5e-04,6,7,0.5,0.5,0.5,0,1,NA,NA,NA,0
"3722","nonsyn_all","rare",1000,0.05,0.01,0.001,5,6,0.5,0.5,0.5,0,1,NA,NA,NA,0
"3723","nonsyn_all","rare",1000,0.05,0.01,0.001,6,6,0.5,0.5,0.5,0,1,NA,NA,NA,0
"3724","nonsyn_all","rare",1000,0.05,0.01,0.001,6,6,0.5,0.5,0.75,0,1,NA,NA,NA,0
"3725","nonsyn_all","rare",1000,0.05,0.01,0.001,6,6,0.5,0.5,1,0,1,NA,NA,NA,0
"3726","nonsyn_all","rare",1000,0.05,0.01,0.001,6,6.5,0.5,0.5,0.5,0,1,NA,NA,NA,0
"3727","nonsyn_all","rare",1000,0.05,0.01,0.001,6,7,0.5,0.5,0.5,0,1,NA,NA,NA,0
"3728","nonsyn_all","rare",1000,0.05,0.01,0.001,6.5,6,0.5,0.5,0.5,0,1,NA,NA,NA,0
"3729","nonsyn_all","rare",1000,0.05,0.01,0.001,7,6,0.5,0.5,0.5,0,1,NA,NA,NA,0
"3730","nonsyn_all","rare",1000,0.05,0.01,0.005,6,5.5,0.5,0.5,0.5,0,1,NA,NA,NA,0
"3731","nonsyn_all","rare",1000,0.05,0.01,0.005,6,6,0.5,0.5,0.5,0,1,NA,NA,NA,0
"3732","nonsyn_all","rare",1000,0.05,0.01,0.005,6,6.5,0.5,0.5,0.5,0,1,NA,NA,NA,0
"3733","nonsyn_all","rare",1000,0.05,0.01,0.005,6,7,0.5,0.5,0.5,0,1,NA,NA,NA,0
"3734","nonsyn_all","rare",1000,0.05,0.01,0.01,6,6.5,0.5,0.5,0.5,0,1,NA,NA,NA,0
"3735","nonsyn_all","rare",1000,0.05,0.01,0.01,6,7,0.5,0.5,0.5,0,1,NA,NA,NA,0
"3736","nonsyn_all","rare",1000,0.05,1,0.001,6,6,0.5,0.5,0.5,0,1,NA,NA,NA,0
"3737","nonsyn_all","rare",1000,0.05,1,0.001,6,6,0.5,0.5,0.75,0,1,NA,NA,NA,0
"3738","nonsyn_all","rare",1000,0.05,1,0.001,6,6,0.5,0.5,1,0,1,NA,NA,NA,0
"3739","nonsyn_all","rare",1000,0.05,5,0.001,6,6,0.5,0.5,0.5,0,1,NA,NA,NA,0
"3740","nonsyn_all","rare",1000,0.05,5,0.001,6,6,0.5,0.5,0.75,0,1,NA,NA,NA,0
"3741","nonsyn_all","rare",1000,0.05,5,0.001,6,6,0.5,0.5,1,0,1,NA,NA,NA,0
"3742","nonsyn_all","rare",1000,0.1,0.01,0.001,6,6,0.5,0.5,0.5,0,1,NA,NA,NA,0
"3743","nonsyn_all","rare",1000,0.2,0.01,0.001,6,6,0.5,0.5,0.5,0,1,NA,NA,NA,0
"3744","nonsyn_all","rare",1000,0.5,0.01,0.001,6,6,0.5,0.5,0.5,0,1,NA,NA,NA,0
"3745","nonsyn_all","rare",1500,0,0.01,0.001,6,6,0.5,0.5,0.5,0,1,NA,NA,NA,0
"3746","nonsyn_all","rare",1500,0.01,0.01,0.001,6,6,0.5,0.5,0.5,0,1,NA,NA,NA,0
"3747","nonsyn_all","rare",1500,0.05,0.01,0,6,5,0.5,0.5,0.5,0,1,NA,NA,NA,0
"3748","nonsyn_all","rare",1500,0.05,0.01,0,6,6.5,0.5,0.5,0.5,0,1,NA,NA,NA,0
"3749","nonsyn_all","rare",1500,0.05,0.01,0,6,7,0.5,0.5,0.5,0,1,NA,NA,NA,0
"3750","nonsyn_all","rare",1500,0.05,0.01,1e-04,6,5,0.5,0.5,0.5,0,1,NA,NA,NA,0
"3751","nonsyn_all","rare",1500,0.05,0.01,1e-04,6,6,0.5,0.5,0.5,0,1,NA,NA,NA,0
"3752","nonsyn_all","rare",1500,0.05,0.01,1e-04,6,6.5,0.5,0.5,0.5,0,1,NA,NA,NA,0
"3753","nonsyn_all","rare",1500,0.05,0.01,1e-04,6,7,0.5,0.5,0.5,0,1,NA,NA,NA,0
"3754","nonsyn_all","rare",1500,0.05,0.01,5e-04,6,5.5,0.5,0.5,0.5,0,1,NA,NA,NA,0
"3755","nonsyn_all","rare",1500,0.05,0.01,5e-04,6,6,0.5,0.5,0.5,0,1,NA,NA,NA,0
"3756","nonsyn_all","rare",1500,0.05,0.01,5e-04,6,6.5,0.5,0.5,0.5,0,1,NA,NA,NA,0
"3757","nonsyn_all","rare",1500,0.05,0.01,5e-04,6,7,0.5,0.5,0.5,0,1,NA,NA,NA,0
"3758","nonsyn_all","rare",1500,0.05,0.01,0.001,5,6,0.5,0.5,0.5,0,1,NA,NA,NA,0
"3759","nonsyn_all","rare",1500,0.05,0.01,0.001,6,6,0.5,0.5,0.5,0,1,NA,NA,NA,0
"3760","nonsyn_all","rare",1500,0.05,0.01,0.001,6,6,0.5,0.5,0.75,0,1,NA,NA,NA,0
"3761","nonsyn_all","rare",1500,0.05,0.01,0.001,6,6,0.5,0.5,1,0,1,NA,NA,NA,0
"3762","nonsyn_all","rare",1500,0.05,0.01,0.001,6,6.5,0.5,0.5,0.5,0,1,NA,NA,NA,0
"3763","nonsyn_all","rare",1500,0.05,0.01,0.001,6,7,0.5,0.5,0.5,0,1,NA,NA,NA,0
"3764","nonsyn_all","rare",1500,0.05,0.01,0.001,6.5,6,0.5,0.5,0.5,0,1,NA,NA,NA,0
"3765","nonsyn_all","rare",1500,0.05,0.01,0.001,7,6,0.5,0.5,0.5,0,1,NA,NA,NA,0
"3766","nonsyn_all","rare",1500,0.05,0.01,0.005,6,5.5,0.5,0.5,0.5,0,1,NA,NA,NA,0
"3767","nonsyn_all","rare",1500,0.05,0.01,0.005,6,6,0.5,0.5,0.5,0,1,NA,NA,NA,0
"3768","nonsyn_all","rare",1500,0.05,0.01,0.005,6,6.5,0.5,0.5,0.5,0,1,NA,NA,NA,0
"3769","nonsyn_all","rare",1500,0.05,0.01,0.005,6,7,0.5,0.5,0.5,0,1,NA,NA,NA,0
"3770","nonsyn_all","rare",1500,0.05,0.01,0.01,6,6.5,0.5,0.5,0.5,0,1,NA,NA,NA,0
"3771","nonsyn_all","rare",1500,0.05,0.01,0.01,6,7,0.5,0.5,0.5,0,1,NA,NA,NA,0
"3772","nonsyn_all","rare",1500,0.05,1,0.001,6,6,0.5,0.5,0.5,0,1,NA,NA,NA,0
"3773","nonsyn_all","rare",1500,0.05,1,0.001,6,6,0.5,0.5,0.75,0,1,NA,NA,NA,0
"3774","nonsyn_all","rare",1500,0.05,1,0.001,6,6,0.5,0.5,1,0,1,NA,NA,NA,0
"3775","nonsyn_all","rare",1500,0.05,5,0.001,6,6,0.5,0.5,0.5,0,1,NA,NA,NA,0
"3776","nonsyn_all","rare",1500,0.05,5,0.001,6,6,0.5,0.5,0.75,0,1,NA,NA,NA,0
"3777","nonsyn_all","rare",1500,0.05,5,0.001,6,6,0.5,0.5,1,0,1,NA,NA,NA,0
"3778","nonsyn_all","rare",1500,0.1,0.01,0.001,6,6,0.5,0.5,0.5,0,1,NA,NA,NA,0
"3779","nonsyn_all","rare",1500,0.2,0.01,0.001,6,6,0.5,0.5,0.5,0,1,NA,NA,NA,0
"3780","nonsyn_all","rare",1500,0.5,0.01,0.001,6,6,0.5,0.5,0.5,0,1,NA,NA,NA,0
"3781","nonsyn_all","rare",2000,0,0.01,0.001,6,6,0.5,0.5,0.5,0,1,NA,NA,NA,0
"3782","nonsyn_all","rare",2000,0.01,0.01,0.001,6,6,0.5,0.5,0.5,0,1,NA,NA,NA,0
"3783","nonsyn_all","rare",2000,0.05,0.01,0,6,5,0.5,0.5,0.5,0,1,NA,NA,NA,0
"3784","nonsyn_all","rare",2000,0.05,0.01,0,6,6.5,0.5,0.5,0.5,0,1,NA,NA,NA,0
"3785","nonsyn_all","rare",2000,0.05,0.01,0,6,7,0.5,0.5,0.5,0,1,NA,NA,NA,0
"3786","nonsyn_all","rare",2000,0.05,0.01,1e-04,6,5,0.5,0.5,0.5,0,1,NA,NA,NA,0
"3787","nonsyn_all","rare",2000,0.05,0.01,1e-04,6,6,0.5,0.5,0.5,0,1,NA,NA,NA,0
"3788","nonsyn_all","rare",2000,0.05,0.01,1e-04,6,6.5,0.5,0.5,0.5,0,1,NA,NA,NA,0
"3789","nonsyn_all","rare",2000,0.05,0.01,1e-04,6,7,0.5,0.5,0.5,0,1,NA,NA,NA,0
"3790","nonsyn_all","rare",2000,0.05,0.01,5e-04,6,5.5,0.5,0.5,0.5,0,1,NA,NA,NA,0
"3791","nonsyn_all","rare",2000,0.05,0.01,5e-04,6,6,0.5,0.5,0.5,0,1,NA,NA,NA,0
"3792","nonsyn_all","rare",2000,0.05,0.01,5e-04,6,6.5,0.5,0.5,0.5,0,1,NA,NA,NA,0
"3793","nonsyn_all","rare",2000,0.05,0.01,5e-04,6,7,0.5,0.5,0.5,0,1,NA,NA,NA,0
"3794","nonsyn_all","rare",2000,0.05,0.01,0.001,5,6,0.5,0.5,0.5,0,1,NA,NA,NA,0
"3795","nonsyn_all","rare",2000,0.05,0.01,0.001,6,6,0.5,0.5,0.5,0,1,NA,NA,NA,0
"3796","nonsyn_all","rare",2000,0.05,0.01,0.001,6,6,0.5,0.5,0.75,0,1,NA,NA,NA,0
"3797","nonsyn_all","rare",2000,0.05,0.01,0.001,6,6,0.5,0.5,1,0,1,NA,NA,NA,0
"3798","nonsyn_all","rare",2000,0.05,0.01,0.001,6,6.5,0.5,0.5,0.5,0,1,NA,NA,NA,0
"3799","nonsyn_all","rare",2000,0.05,0.01,0.001,6,7,0.5,0.5,0.5,0,1,NA,NA,NA,0
"3800","nonsyn_all","rare",2000,0.05,0.01,0.001,6.5,6,0.5,0.5,0.5,0,1,NA,NA,NA,0
"3801","nonsyn_all","rare",2000,0.05,0.01,0.001,7,6,0.5,0.5,0.5,0,1,NA,NA,NA,0
"3802","nonsyn_all","rare",2000,0.05,0.01,0.005,6,5.5,0.5,0.5,0.5,0,1,NA,NA,NA,0
"3803","nonsyn_all","rare",2000,0.05,0.01,0.005,6,6,0.5,0.5,0.5,0,1,NA,NA,NA,0
"3804","nonsyn_all","rare",2000,0.05,0.01,0.005,6,6.5,0.5,0.5,0.5,0,1,NA,NA,NA,0
"3805","nonsyn_all","rare",2000,0.05,0.01,0.005,6,7,0.5,0.5,0.5,0,1,NA,NA,NA,0
"3806","nonsyn_all","rare",2000,0.05,0.01,0.01,6,6.5,0.5,0.5,0.5,0,1,NA,NA,NA,0
"3807","nonsyn_all","rare",2000,0.05,0.01,0.01,6,7,0.5,0.5,0.5,0,1,NA,NA,NA,0
"3808","nonsyn_all","rare",2000,0.05,1,0.001,6,6,0.5,0.5,0.5,0,1,NA,NA,NA,0
"3809","nonsyn_all","rare",2000,0.05,1,0.001,6,6,0.5,0.5,0.75,0,1,NA,NA,NA,0
"3810","nonsyn_all","rare",2000,0.05,1,0.001,6,6,0.5,0.5,1,0,1,NA,NA,NA,0
"3811","nonsyn_all","rare",2000,0.05,5,0.001,6,6,0.5,0.5,0.5,0,1,NA,NA,NA,0
"3812","nonsyn_all","rare",2000,0.05,5,0.001,6,6,0.5,0.5,0.75,0,1,NA,NA,NA,0
"3813","nonsyn_all","rare",2000,0.05,5,0.001,6,6,0.5,0.5,1,0,1,NA,NA,NA,0
"3814","nonsyn_all","rare",2000,0.1,0.01,0.001,6,6,0.5,0.5,0.5,0,1,NA,NA,NA,0
"3815","nonsyn_all","rare",2000,0.2,0.01,0.001,6,6,0.5,0.5,0.5,0,1,NA,NA,NA,0
"3816","nonsyn_all","rare",2000,0.5,0.01,0.001,6,6,0.5,0.5,0.5,0,1,NA,NA,NA,0
"3817","nonsyn_all","rare",2500,0,0.01,0.001,6,6,0.5,0.5,0.5,0,1,NA,NA,NA,0
"3818","nonsyn_all","rare",2500,0.01,0.01,0.001,6,6,0.5,0.5,0.5,0,1,NA,NA,NA,0
"3819","nonsyn_all","rare",2500,0.05,0.01,0,6,5,0.5,0.5,0.5,0,1,NA,NA,NA,0
"3820","nonsyn_all","rare",2500,0.05,0.01,0,6,6.5,0.5,0.5,0.5,0,1,NA,NA,NA,0
"3821","nonsyn_all","rare",2500,0.05,0.01,0,6,7,0.5,0.5,0.5,0,1,NA,NA,NA,0
"3822","nonsyn_all","rare",2500,0.05,0.01,1e-04,6,5,0.5,0.5,0.5,0,1,NA,NA,NA,0
"3823","nonsyn_all","rare",2500,0.05,0.01,1e-04,6,6,0.5,0.5,0.5,0,1,NA,NA,NA,0
"3824","nonsyn_all","rare",2500,0.05,0.01,1e-04,6,6.5,0.5,0.5,0.5,0,1,NA,NA,NA,0
"3825","nonsyn_all","rare",2500,0.05,0.01,1e-04,6,7,0.5,0.5,0.5,0,1,NA,NA,NA,0
"3826","nonsyn_all","rare",2500,0.05,0.01,5e-04,6,5.5,0.5,0.5,0.5,0,1,NA,NA,NA,0
"3827","nonsyn_all","rare",2500,0.05,0.01,5e-04,6,6,0.5,0.5,0.5,0,1,NA,NA,NA,0
"3828","nonsyn_all","rare",2500,0.05,0.01,5e-04,6,6.5,0.5,0.5,0.5,0,1,NA,NA,NA,0
"3829","nonsyn_all","rare",2500,0.05,0.01,5e-04,6,7,0.5,0.5,0.5,0,1,NA,NA,NA,0
"3830","nonsyn_all","rare",2500,0.05,0.01,0.001,5,6,0.5,0.5,0.5,0,1,NA,NA,NA,0
"3831","nonsyn_all","rare",2500,0.05,0.01,0.001,6,6,0.5,0.5,0.5,0,1,NA,NA,NA,0
"3832","nonsyn_all","rare",2500,0.05,0.01,0.001,6,6,0.5,0.5,0.75,0,1,NA,NA,NA,0
"3833","nonsyn_all","rare",2500,0.05,0.01,0.001,6,6,0.5,0.5,1,0,1,NA,NA,NA,0
"3834","nonsyn_all","rare",2500,0.05,0.01,0.001,6,6.5,0.5,0.5,0.5,0,1,NA,NA,NA,0
"3835","nonsyn_all","rare",2500,0.05,0.01,0.001,6,7,0.5,0.5,0.5,0,1,NA,NA,NA,0
"3836","nonsyn_all","rare",2500,0.05,0.01,0.001,6.5,6,0.5,0.5,0.5,0,1,NA,NA,NA,0
"3837","nonsyn_all","rare",2500,0.05,0.01,0.001,7,6,0.5,0.5,0.5,0,1,NA,NA,NA,0
"3838","nonsyn_all","rare",2500,0.05,0.01,0.005,6,5.5,0.5,0.5,0.5,0,1,NA,NA,NA,0
"3839","nonsyn_all","rare",2500,0.05,0.01,0.005,6,6,0.5,0.5,0.5,0,1,NA,NA,NA,0
"3840","nonsyn_all","rare",2500,0.05,0.01,0.005,6,6.5,0.5,0.5,0.5,0,1,NA,NA,NA,0
"3841","nonsyn_all","rare",2500,0.05,0.01,0.005,6,7,0.5,0.5,0.5,0,1,NA,NA,NA,0
"3842","nonsyn_all","rare",2500,0.05,0.01,0.01,6,6.5,0.5,0.5,0.5,0,1,NA,NA,NA,0
"3843","nonsyn_all","rare",2500,0.05,0.01,0.01,6,7,0.5,0.5,0.5,0,1,NA,NA,NA,0
"3844","nonsyn_all","rare",2500,0.05,1,0.001,6,6,0.5,0.5,0.5,0,1,NA,NA,NA,0
"3845","nonsyn_all","rare",2500,0.05,1,0.001,6,6,0.5,0.5,0.75,0,1,NA,NA,NA,0
"3846","nonsyn_all","rare",2500,0.05,1,0.001,6,6,0.5,0.5,1,0,1,NA,NA,NA,0
"3847","nonsyn_all","rare",2500,0.05,5,0.001,6,6,0.5,0.5,0.5,0,1,NA,NA,NA,0
"3848","nonsyn_all","rare",2500,0.05,5,0.001,6,6,0.5,0.5,0.75,0,1,NA,NA,NA,0
"3849","nonsyn_all","rare",2500,0.05,5,0.001,6,6,0.5,0.5,1,0,1,NA,NA,NA,0
"3850","nonsyn_all","rare",2500,0.1,0.01,0.001,6,6,0.5,0.5,0.5,0,1,NA,NA,NA,0
"3851","nonsyn_all","rare",2500,0.2,0.01,0.001,6,6,0.5,0.5,0.5,0,1,NA,NA,NA,0
"3852","nonsyn_all","rare",2500,0.5,0.01,0.001,6,6,0.5,0.5,0.5,0,1,NA,NA,NA,0
"3853","nonsyn_all","rare",3000,0,0.01,0.001,6,6,0.5,0.5,0.5,0,1,NA,NA,NA,0
"3854","nonsyn_all","rare",3000,0.01,0.01,0.001,6,6,0.5,0.5,0.5,0,1,NA,NA,NA,0
"3855","nonsyn_all","rare",3000,0.05,0.01,0,6,5,0.5,0.5,0.5,0,1,NA,NA,NA,0
"3856","nonsyn_all","rare",3000,0.05,0.01,0,6,6.5,0.5,0.5,0.5,0,1,NA,NA,NA,0
"3857","nonsyn_all","rare",3000,0.05,0.01,0,6,7,0.5,0.5,0.5,0,1,NA,NA,NA,0
"3858","nonsyn_all","rare",3000,0.05,0.01,1e-04,6,5,0.5,0.5,0.5,0,1,NA,NA,NA,0
"3859","nonsyn_all","rare",3000,0.05,0.01,1e-04,6,6,0.5,0.5,0.5,0,1,NA,NA,NA,0
"3860","nonsyn_all","rare",3000,0.05,0.01,1e-04,6,6.5,0.5,0.5,0.5,0,1,NA,NA,NA,0
"3861","nonsyn_all","rare",3000,0.05,0.01,1e-04,6,7,0.5,0.5,0.5,0,1,NA,NA,NA,0
"3862","nonsyn_all","rare",3000,0.05,0.01,5e-04,6,5.5,0.5,0.5,0.5,0,1,NA,NA,NA,0
"3863","nonsyn_all","rare",3000,0.05,0.01,5e-04,6,6,0.5,0.5,0.5,0,1,NA,NA,NA,0
"3864","nonsyn_all","rare",3000,0.05,0.01,5e-04,6,6.5,0.5,0.5,0.5,0,1,NA,NA,NA,0
"3865","nonsyn_all","rare",3000,0.05,0.01,5e-04,6,7,0.5,0.5,0.5,0,1,NA,NA,NA,0
"3866","nonsyn_all","rare",3000,0.05,0.01,0.001,5,6,0.5,0.5,0.5,0,1,NA,NA,NA,0
"3867","nonsyn_all","rare",3000,0.05,0.01,0.001,6,6,0.5,0.5,0.5,0,1,NA,NA,NA,0
"3868","nonsyn_all","rare",3000,0.05,0.01,0.001,6,6,0.5,0.5,0.75,0,1,NA,NA,NA,0
"3869","nonsyn_all","rare",3000,0.05,0.01,0.001,6,6,0.5,0.5,1,0,1,NA,NA,NA,0
"3870","nonsyn_all","rare",3000,0.05,0.01,0.001,6,6.5,0.5,0.5,0.5,0,1,NA,NA,NA,0
"3871","nonsyn_all","rare",3000,0.05,0.01,0.001,6,7,0.5,0.5,0.5,0,1,NA,NA,NA,0
"3872","nonsyn_all","rare",3000,0.05,0.01,0.001,6.5,6,0.5,0.5,0.5,0,1,NA,NA,NA,0
"3873","nonsyn_all","rare",3000,0.05,0.01,0.001,7,6,0.5,0.5,0.5,0,1,NA,NA,NA,0
"3874","nonsyn_all","rare",3000,0.05,0.01,0.005,6,5.5,0.5,0.5,0.5,0,1,NA,NA,NA,0
"3875","nonsyn_all","rare",3000,0.05,0.01,0.005,6,6,0.5,0.5,0.5,0,1,NA,NA,NA,0
"3876","nonsyn_all","rare",3000,0.05,0.01,0.005,6,6.5,0.5,0.5,0.5,0,1,NA,NA,NA,0
"3877","nonsyn_all","rare",3000,0.05,0.01,0.005,6,7,0.5,0.5,0.5,0,1,NA,NA,NA,0
"3878","nonsyn_all","rare",3000,0.05,0.01,0.01,6,6.5,0.5,0.5,0.5,0,1,NA,NA,NA,0
"3879","nonsyn_all","rare",3000,0.05,0.01,0.01,6,7,0.5,0.5,0.5,0,1,NA,NA,NA,0
"3880","nonsyn_all","rare",3000,0.05,1,0.001,6,6,0.5,0.5,0.5,0,1,NA,NA,NA,0
"3881","nonsyn_all","rare",3000,0.05,1,0.001,6,6,0.5,0.5,0.75,0,1,NA,NA,NA,0
"3882","nonsyn_all","rare",3000,0.05,1,0.001,6,6,0.5,0.5,1,0,1,NA,NA,NA,0
"3883","nonsyn_all","rare",3000,0.05,5,0.001,6,6,0.5,0.5,0.5,0,1,NA,NA,NA,0
"3884","nonsyn_all","rare",3000,0.05,5,0.001,6,6,0.5,0.5,0.75,0,1,NA,NA,NA,0
"3885","nonsyn_all","rare",3000,0.05,5,0.001,6,6,0.5,0.5,1,0,1,NA,NA,NA,0
"3886","nonsyn_all","rare",3000,0.1,0.01,0.001,6,6,0.5,0.5,0.5,0,1,NA,NA,NA,0
"3887","nonsyn_all","rare",3000,0.2,0.01,0.001,6,6,0.5,0.5,0.5,0,1,NA,NA,NA,0
"3888","nonsyn_all","rare",3000,0.5,0.01,0.001,6,6,0.5,0.5,0.5,0,1,NA,NA,NA,0
"3889","nonsyn_all","rare",3500,0,0.01,0.001,6,6,0.5,0.5,0.5,0,1,NA,NA,NA,0
"3890","nonsyn_all","rare",3500,0.01,0.01,0.001,6,6,0.5,0.5,0.5,0,1,NA,NA,NA,0
"3891","nonsyn_all","rare",3500,0.05,0.01,0,6,5,0.5,0.5,0.5,0,1,NA,NA,NA,0
"3892","nonsyn_all","rare",3500,0.05,0.01,0,6,6.5,0.5,0.5,0.5,0,1,NA,NA,NA,0
"3893","nonsyn_all","rare",3500,0.05,0.01,0,6,7,0.5,0.5,0.5,0,1,NA,NA,NA,0
"3894","nonsyn_all","rare",3500,0.05,0.01,1e-04,6,5,0.5,0.5,0.5,0,1,NA,NA,NA,0
"3895","nonsyn_all","rare",3500,0.05,0.01,1e-04,6,6,0.5,0.5,0.5,0,1,NA,NA,NA,0
"3896","nonsyn_all","rare",3500,0.05,0.01,1e-04,6,6.5,0.5,0.5,0.5,0,1,NA,NA,NA,0
"3897","nonsyn_all","rare",3500,0.05,0.01,1e-04,6,7,0.5,0.5,0.5,0,1,NA,NA,NA,0
"3898","nonsyn_all","rare",3500,0.05,0.01,5e-04,6,5.5,0.5,0.5,0.5,0,1,NA,NA,NA,0
"3899","nonsyn_all","rare",3500,0.05,0.01,5e-04,6,6,0.5,0.5,0.5,0,1,NA,NA,NA,0
"3900","nonsyn_all","rare",3500,0.05,0.01,5e-04,6,6.5,0.5,0.5,0.5,0,1,NA,NA,NA,0
"3901","nonsyn_all","rare",3500,0.05,0.01,5e-04,6,7,0.5,0.5,0.5,0,1,NA,NA,NA,0
"3902","nonsyn_all","rare",3500,0.05,0.01,0.001,5,6,0.5,0.5,0.5,0,1,NA,NA,NA,0
"3903","nonsyn_all","rare",3500,0.05,0.01,0.001,6,6,0.5,0.5,0.5,0,1,NA,NA,NA,0
"3904","nonsyn_all","rare",3500,0.05,0.01,0.001,6,6,0.5,0.5,0.75,0,1,NA,NA,NA,0
"3905","nonsyn_all","rare",3500,0.05,0.01,0.001,6,6,0.5,0.5,1,0,1,NA,NA,NA,0
"3906","nonsyn_all","rare",3500,0.05,0.01,0.001,6,6.5,0.5,0.5,0.5,0,1,NA,NA,NA,0
"3907","nonsyn_all","rare",3500,0.05,0.01,0.001,6,7,0.5,0.5,0.5,0,1,NA,NA,NA,0
"3908","nonsyn_all","rare",3500,0.05,0.01,0.001,6.5,6,0.5,0.5,0.5,0,1,NA,NA,NA,0
"3909","nonsyn_all","rare",3500,0.05,0.01,0.001,7,6,0.5,0.5,0.5,0,1,NA,NA,NA,0
"3910","nonsyn_all","rare",3500,0.05,0.01,0.005,6,5.5,0.5,0.5,0.5,0,1,NA,NA,NA,0
"3911","nonsyn_all","rare",3500,0.05,0.01,0.005,6,6,0.5,0.5,0.5,0,1,NA,NA,NA,0
"3912","nonsyn_all","rare",3500,0.05,0.01,0.005,6,6.5,0.5,0.5,0.5,0,1,NA,NA,NA,0
"3913","nonsyn_all","rare",3500,0.05,0.01,0.005,6,7,0.5,0.5,0.5,0,1,NA,NA,NA,0
"3914","nonsyn_all","rare",3500,0.05,0.01,0.01,6,6.5,0.5,0.5,0.5,0,1,NA,NA,NA,0
"3915","nonsyn_all","rare",3500,0.05,0.01,0.01,6,7,0.5,0.5,0.5,0,1,NA,NA,NA,0
"3916","nonsyn_all","rare",3500,0.05,1,0.001,6,6,0.5,0.5,0.5,0,1,NA,NA,NA,0
"3917","nonsyn_all","rare",3500,0.05,1,0.001,6,6,0.5,0.5,0.75,0,1,NA,NA,NA,0
"3918","nonsyn_all","rare",3500,0.05,1,0.001,6,6,0.5,0.5,1,0,1,NA,NA,NA,0
"3919","nonsyn_all","rare",3500,0.05,5,0.001,6,6,0.5,0.5,0.5,0,1,NA,NA,NA,0
"3920","nonsyn_all","rare",3500,0.05,5,0.001,6,6,0.5,0.5,0.75,0,1,NA,NA,NA,0
"3921","nonsyn_all","rare",3500,0.05,5,0.001,6,6,0.5,0.5,1,0,1,NA,NA,NA,0
"3922","nonsyn_all","rare",3500,0.1,0.01,0.001,6,6,0.5,0.5,0.5,0,1,NA,NA,NA,0
"3923","nonsyn_all","rare",3500,0.2,0.01,0.001,6,6,0.5,0.5,0.5,0,1,NA,NA,NA,0
"3924","nonsyn_all","rare",3500,0.5,0.01,0.001,6,6,0.5,0.5,0.5,0,1,NA,NA,NA,0
"3925","nonsyn_all","rare",4000,0,0.01,0.001,6,6,0.5,0.5,0.5,0,1,NA,NA,NA,0
"3926","nonsyn_all","rare",4000,0.01,0.01,0.001,6,6,0.5,0.5,0.5,0,1,NA,NA,NA,0
"3927","nonsyn_all","rare",4000,0.05,0.01,0,6,5,0.5,0.5,0.5,0,1,NA,NA,NA,0
"3928","nonsyn_all","rare",4000,0.05,0.01,0,6,6.5,0.5,0.5,0.5,0,1,NA,NA,NA,0
"3929","nonsyn_all","rare",4000,0.05,0.01,0,6,7,0.5,0.5,0.5,0,1,NA,NA,NA,0
"3930","nonsyn_all","rare",4000,0.05,0.01,1e-04,6,5,0.5,0.5,0.5,0,1,NA,NA,NA,0
"3931","nonsyn_all","rare",4000,0.05,0.01,1e-04,6,6,0.5,0.5,0.5,0,1,NA,NA,NA,0
"3932","nonsyn_all","rare",4000,0.05,0.01,1e-04,6,6.5,0.5,0.5,0.5,0,1,NA,NA,NA,0
"3933","nonsyn_all","rare",4000,0.05,0.01,1e-04,6,7,0.5,0.5,0.5,0,1,NA,NA,NA,0
"3934","nonsyn_all","rare",4000,0.05,0.01,5e-04,6,5.5,0.5,0.5,0.5,0,1,NA,NA,NA,0
"3935","nonsyn_all","rare",4000,0.05,0.01,5e-04,6,6,0.5,0.5,0.5,0,1,NA,NA,NA,0
"3936","nonsyn_all","rare",4000,0.05,0.01,5e-04,6,6.5,0.5,0.5,0.5,0,1,NA,NA,NA,0
"3937","nonsyn_all","rare",4000,0.05,0.01,5e-04,6,7,0.5,0.5,0.5,0,1,NA,NA,NA,0
"3938","nonsyn_all","rare",4000,0.05,0.01,0.001,5,6,0.5,0.5,0.5,0,1,NA,NA,NA,0
"3939","nonsyn_all","rare",4000,0.05,0.01,0.001,6,6,0.5,0.5,0.5,0,1,NA,NA,NA,0
"3940","nonsyn_all","rare",4000,0.05,0.01,0.001,6,6,0.5,0.5,0.75,0,1,NA,NA,NA,0
"3941","nonsyn_all","rare",4000,0.05,0.01,0.001,6,6,0.5,0.5,1,0,1,NA,NA,NA,0
"3942","nonsyn_all","rare",4000,0.05,0.01,0.001,6,6.5,0.5,0.5,0.5,0,1,NA,NA,NA,0
"3943","nonsyn_all","rare",4000,0.05,0.01,0.001,6,7,0.5,0.5,0.5,0,1,NA,NA,NA,0
"3944","nonsyn_all","rare",4000,0.05,0.01,0.001,6.5,6,0.5,0.5,0.5,0,1,NA,NA,NA,0
"3945","nonsyn_all","rare",4000,0.05,0.01,0.001,7,6,0.5,0.5,0.5,0,1,NA,NA,NA,0
"3946","nonsyn_all","rare",4000,0.05,0.01,0.005,6,5.5,0.5,0.5,0.5,0,1,NA,NA,NA,0
"3947","nonsyn_all","rare",4000,0.05,0.01,0.005,6,6,0.5,0.5,0.5,0,1,NA,NA,NA,0
"3948","nonsyn_all","rare",4000,0.05,0.01,0.005,6,6.5,0.5,0.5,0.5,0,1,NA,NA,NA,0
"3949","nonsyn_all","rare",4000,0.05,0.01,0.005,6,7,0.5,0.5,0.5,0,1,NA,NA,NA,0
"3950","nonsyn_all","rare",4000,0.05,0.01,0.01,6,6.5,0.5,0.5,0.5,0,1,NA,NA,NA,0
"3951","nonsyn_all","rare",4000,0.05,0.01,0.01,6,7,0.5,0.5,0.5,0,1,NA,NA,NA,0
"3952","nonsyn_all","rare",4000,0.05,1,0.001,6,6,0.5,0.5,0.5,0,1,NA,NA,NA,0
"3953","nonsyn_all","rare",4000,0.05,1,0.001,6,6,0.5,0.5,0.75,0,1,NA,NA,NA,0
"3954","nonsyn_all","rare",4000,0.05,1,0.001,6,6,0.5,0.5,1,0,1,NA,NA,NA,0
"3955","nonsyn_all","rare",4000,0.05,5,0.001,6,6,0.5,0.5,0.5,0,1,NA,NA,NA,0
"3956","nonsyn_all","rare",4000,0.05,5,0.001,6,6,0.5,0.5,0.75,0,1,NA,NA,NA,0
"3957","nonsyn_all","rare",4000,0.05,5,0.001,6,6,0.5,0.5,1,0,1,NA,NA,NA,0
"3958","nonsyn_all","rare",4000,0.1,0.01,0.001,6,6,0.5,0.5,0.5,0,1,NA,NA,NA,0
"3959","nonsyn_all","rare",4000,0.2,0.01,0.001,6,6,0.5,0.5,0.5,0,1,NA,NA,NA,0
"3960","nonsyn_all","rare",4000,0.5,0.01,0.001,6,6,0.5,0.5,0.5,0,1,NA,NA,NA,0
"3961","nonsyn_all","rare",4500,0,0.01,0.001,6,6,0.5,0.5,0.5,0,1,NA,NA,NA,0
"3962","nonsyn_all","rare",4500,0.01,0.01,0.001,6,6,0.5,0.5,0.5,0,1,NA,NA,NA,0
"3963","nonsyn_all","rare",4500,0.05,0.01,0,6,5,0.5,0.5,0.5,0,1,NA,NA,NA,0
"3964","nonsyn_all","rare",4500,0.05,0.01,0,6,6.5,0.5,0.5,0.5,0,1,NA,NA,NA,0
"3965","nonsyn_all","rare",4500,0.05,0.01,0,6,7,0.5,0.5,0.5,0,1,NA,NA,NA,0
"3966","nonsyn_all","rare",4500,0.05,0.01,1e-04,6,5,0.5,0.5,0.5,0,1,NA,NA,NA,0
"3967","nonsyn_all","rare",4500,0.05,0.01,1e-04,6,6,0.5,0.5,0.5,0,1,NA,NA,NA,0
"3968","nonsyn_all","rare",4500,0.05,0.01,1e-04,6,6.5,0.5,0.5,0.5,0,1,NA,NA,NA,0
"3969","nonsyn_all","rare",4500,0.05,0.01,1e-04,6,7,0.5,0.5,0.5,0,1,NA,NA,NA,0
"3970","nonsyn_all","rare",4500,0.05,0.01,5e-04,6,5.5,0.5,0.5,0.5,0,1,NA,NA,NA,0
"3971","nonsyn_all","rare",4500,0.05,0.01,5e-04,6,6,0.5,0.5,0.5,0,1,NA,NA,NA,0
"3972","nonsyn_all","rare",4500,0.05,0.01,5e-04,6,6.5,0.5,0.5,0.5,0,1,NA,NA,NA,0
"3973","nonsyn_all","rare",4500,0.05,0.01,5e-04,6,7,0.5,0.5,0.5,0,1,NA,NA,NA,0
"3974","nonsyn_all","rare",4500,0.05,0.01,0.001,5,6,0.5,0.5,0.5,0,1,NA,NA,NA,0
"3975","nonsyn_all","rare",4500,0.05,0.01,0.001,6,6,0.5,0.5,0.5,0,1,NA,NA,NA,0
"3976","nonsyn_all","rare",4500,0.05,0.01,0.001,6,6,0.5,0.5,0.75,0,1,NA,NA,NA,0
"3977","nonsyn_all","rare",4500,0.05,0.01,0.001,6,6,0.5,0.5,1,0,1,NA,NA,NA,0
"3978","nonsyn_all","rare",4500,0.05,0.01,0.001,6,6.5,0.5,0.5,0.5,0,1,NA,NA,NA,0
"3979","nonsyn_all","rare",4500,0.05,0.01,0.001,6,7,0.5,0.5,0.5,0,1,NA,NA,NA,0
"3980","nonsyn_all","rare",4500,0.05,0.01,0.001,6.5,6,0.5,0.5,0.5,0,1,NA,NA,NA,0
"3981","nonsyn_all","rare",4500,0.05,0.01,0.001,7,6,0.5,0.5,0.5,0,1,NA,NA,NA,0
"3982","nonsyn_all","rare",4500,0.05,0.01,0.005,6,5.5,0.5,0.5,0.5,0,1,NA,NA,NA,0
"3983","nonsyn_all","rare",4500,0.05,0.01,0.005,6,6,0.5,0.5,0.5,0,1,NA,NA,NA,0
"3984","nonsyn_all","rare",4500,0.05,0.01,0.005,6,6.5,0.5,0.5,0.5,0,1,NA,NA,NA,0
"3985","nonsyn_all","rare",4500,0.05,0.01,0.005,6,7,0.5,0.5,0.5,0,1,NA,NA,NA,0
"3986","nonsyn_all","rare",4500,0.05,0.01,0.01,6,6.5,0.5,0.5,0.5,0,1,NA,NA,NA,0
"3987","nonsyn_all","rare",4500,0.05,0.01,0.01,6,7,0.5,0.5,0.5,0,1,NA,NA,NA,0
"3988","nonsyn_all","rare",4500,0.05,1,0.001,6,6,0.5,0.5,0.5,0,1,NA,NA,NA,0
"3989","nonsyn_all","rare",4500,0.05,1,0.001,6,6,0.5,0.5,0.75,0,1,NA,NA,NA,0
"3990","nonsyn_all","rare",4500,0.05,1,0.001,6,6,0.5,0.5,1,0,1,NA,NA,NA,0
"3991","nonsyn_all","rare",4500,0.05,5,0.001,6,6,0.5,0.5,0.5,0,1,NA,NA,NA,0
"3992","nonsyn_all","rare",4500,0.05,5,0.001,6,6,0.5,0.5,0.75,0,1,NA,NA,NA,0
"3993","nonsyn_all","rare",4500,0.05,5,0.001,6,6,0.5,0.5,1,0,1,NA,NA,NA,0
"3994","nonsyn_all","rare",4500,0.1,0.01,0.001,6,6,0.5,0.5,0.5,0,1,NA,NA,NA,0
"3995","nonsyn_all","rare",4500,0.2,0.01,0.001,6,6,0.5,0.5,0.5,0,1,NA,NA,NA,0
"3996","nonsyn_all","rare",4500,0.5,0.01,0.001,6,6,0.5,0.5,0.5,0,1,NA,NA,NA,0
"3997","nonsyn_all","rare",5000,0,0.01,0.001,6,6,0.5,0.5,0.5,0,1,NA,NA,NA,0
"3998","nonsyn_all","rare",5000,0.01,0.01,0.001,6,6,0.5,0.5,0.5,0,1,NA,NA,NA,0
"3999","nonsyn_all","rare",5000,0.05,0.01,0,6,5,0.5,0.5,0.5,0,1,NA,NA,NA,0
"4000","nonsyn_all","rare",5000,0.05,0.01,0,6,6.5,0.5,0.5,0.5,0,1,NA,NA,NA,0
"4001","nonsyn_all","rare",5000,0.05,0.01,0,6,7,0.5,0.5,0.5,0,1,NA,NA,NA,0
"4002","nonsyn_all","rare",5000,0.05,0.01,1e-04,6,5,0.5,0.5,0.5,0,1,NA,NA,NA,0
"4003","nonsyn_all","rare",5000,0.05,0.01,1e-04,6,6,0.5,0.5,0.5,0,1,NA,NA,NA,0
"4004","nonsyn_all","rare",5000,0.05,0.01,1e-04,6,6.5,0.5,0.5,0.5,0,1,NA,NA,NA,0
"4005","nonsyn_all","rare",5000,0.05,0.01,1e-04,6,7,0.5,0.5,0.5,0,1,NA,NA,NA,0
"4006","nonsyn_all","rare",5000,0.05,0.01,5e-04,6,5.5,0.5,0.5,0.5,0,1,NA,NA,NA,0
"4007","nonsyn_all","rare",5000,0.05,0.01,5e-04,6,6,0.5,0.5,0.5,0,1,NA,NA,NA,0
"4008","nonsyn_all","rare",5000,0.05,0.01,5e-04,6,6.5,0.5,0.5,0.5,0,1,NA,NA,NA,0
"4009","nonsyn_all","rare",5000,0.05,0.01,5e-04,6,7,0.5,0.5,0.5,0,1,NA,NA,NA,0
"4010","nonsyn_all","rare",5000,0.05,0.01,0.001,5,6,0.5,0.5,0.5,0,1,NA,NA,NA,0
"4011","nonsyn_all","rare",5000,0.05,0.01,0.001,6,6,0.5,0.5,0.5,0,1,NA,NA,NA,0
"4012","nonsyn_all","rare",5000,0.05,0.01,0.001,6,6,0.5,0.5,0.75,0,1,NA,NA,NA,0
"4013","nonsyn_all","rare",5000,0.05,0.01,0.001,6,6,0.5,0.5,1,0,1,NA,NA,NA,0
"4014","nonsyn_all","rare",5000,0.05,0.01,0.001,6,6.5,0.5,0.5,0.5,0,1,NA,NA,NA,0
"4015","nonsyn_all","rare",5000,0.05,0.01,0.001,6,7,0.5,0.5,0.5,0,1,NA,NA,NA,0
"4016","nonsyn_all","rare",5000,0.05,0.01,0.001,6.5,6,0.5,0.5,0.5,0,1,NA,NA,NA,0
"4017","nonsyn_all","rare",5000,0.05,0.01,0.001,7,6,0.5,0.5,0.5,0,1,NA,NA,NA,0
"4018","nonsyn_all","rare",5000,0.05,0.01,0.005,6,5.5,0.5,0.5,0.5,0,1,NA,NA,NA,0
"4019","nonsyn_all","rare",5000,0.05,0.01,0.005,6,6,0.5,0.5,0.5,0,1,NA,NA,NA,0
"4020","nonsyn_all","rare",5000,0.05,0.01,0.005,6,6.5,0.5,0.5,0.5,0,1,NA,NA,NA,0
"4021","nonsyn_all","rare",5000,0.05,0.01,0.005,6,7,0.5,0.5,0.5,0,1,NA,NA,NA,0
"4022","nonsyn_all","rare",5000,0.05,0.01,0.01,6,6.5,0.5,0.5,0.5,0,1,NA,NA,NA,0
"4023","nonsyn_all","rare",5000,0.05,0.01,0.01,6,7,0.5,0.5,0.5,0,1,NA,NA,NA,0
"4024","nonsyn_all","rare",5000,0.05,1,0.001,6,6,0.5,0.5,0.5,0,1,NA,NA,NA,0
"4025","nonsyn_all","rare",5000,0.05,1,0.001,6,6,0.5,0.5,0.75,0,1,NA,NA,NA,0
"4026","nonsyn_all","rare",5000,0.05,1,0.001,6,6,0.5,0.5,1,0,1,NA,NA,NA,0
"4027","nonsyn_all","rare",5000,0.05,5,0.001,6,6,0.5,0.5,0.5,0,1,NA,NA,NA,0
"4028","nonsyn_all","rare",5000,0.05,5,0.001,6,6,0.5,0.5,0.75,0,1,NA,NA,NA,0
"4029","nonsyn_all","rare",5000,0.05,5,0.001,6,6,0.5,0.5,1,0,1,NA,NA,NA,0
"4030","nonsyn_all","rare",5000,0.1,0.01,0.001,6,6,0.5,0.5,0.5,0,1,NA,NA,NA,0
"4031","nonsyn_all","rare",5000,0.2,0.01,0.001,6,6,0.5,0.5,0.5,0,1,NA,NA,NA,0
"4032","nonsyn_all","rare",5000,0.5,0.01,0.001,6,6,0.5,0.5,0.5,0,1,NA,NA,NA,0
"4033","nonsyn_all","rare",7500,0,0.01,0.001,6,6,0.5,0.5,0.5,0,1,NA,NA,NA,0
"4034","nonsyn_all","rare",7500,0.01,0.01,0.001,6,6,0.5,0.5,0.5,0,1,NA,NA,NA,0
"4035","nonsyn_all","rare",7500,0.05,0.01,0,6,5,0.5,0.5,0.5,0,1,NA,NA,NA,0
"4036","nonsyn_all","rare",7500,0.05,0.01,0,6,6.5,0.5,0.5,0.5,0,1,NA,NA,NA,0
"4037","nonsyn_all","rare",7500,0.05,0.01,0,6,7,0.5,0.5,0.5,0,1,NA,NA,NA,0
"4038","nonsyn_all","rare",7500,0.05,0.01,1e-04,6,5,0.5,0.5,0.5,0,1,NA,NA,NA,0
"4039","nonsyn_all","rare",7500,0.05,0.01,1e-04,6,6,0.5,0.5,0.5,0,1,NA,NA,NA,0
"4040","nonsyn_all","rare",7500,0.05,0.01,1e-04,6,6.5,0.5,0.5,0.5,0,1,NA,NA,NA,0
"4041","nonsyn_all","rare",7500,0.05,0.01,1e-04,6,7,0.5,0.5,0.5,0,1,NA,NA,NA,0
"4042","nonsyn_all","rare",7500,0.05,0.01,5e-04,6,5.5,0.5,0.5,0.5,0,1,NA,NA,NA,0
"4043","nonsyn_all","rare",7500,0.05,0.01,5e-04,6,6,0.5,0.5,0.5,0,1,NA,NA,NA,0
"4044","nonsyn_all","rare",7500,0.05,0.01,5e-04,6,6.5,0.5,0.5,0.5,0,1,NA,NA,NA,0
"4045","nonsyn_all","rare",7500,0.05,0.01,5e-04,6,7,0.5,0.5,0.5,0,1,NA,NA,NA,0
"4046","nonsyn_all","rare",7500,0.05,0.01,0.001,5,6,0.5,0.5,0.5,0,1,NA,NA,NA,0
"4047","nonsyn_all","rare",7500,0.05,0.01,0.001,6,6,0.5,0.5,0.5,0,1,NA,NA,NA,0
"4048","nonsyn_all","rare",7500,0.05,0.01,0.001,6,6,0.5,0.5,0.75,0,1,NA,NA,NA,0
"4049","nonsyn_all","rare",7500,0.05,0.01,0.001,6,6,0.5,0.5,1,0,1,NA,NA,NA,0
"4050","nonsyn_all","rare",7500,0.05,0.01,0.001,6,6.5,0.5,0.5,0.5,0,1,NA,NA,NA,0
"4051","nonsyn_all","rare",7500,0.05,0.01,0.001,6,7,0.5,0.5,0.5,0,1,NA,NA,NA,0
"4052","nonsyn_all","rare",7500,0.05,0.01,0.001,6.5,6,0.5,0.5,0.5,0,1,NA,NA,NA,0
"4053","nonsyn_all","rare",7500,0.05,0.01,0.001,7,6,0.5,0.5,0.5,0,1,NA,NA,NA,0
"4054","nonsyn_all","rare",7500,0.05,0.01,0.005,6,5.5,0.5,0.5,0.5,0,1,NA,NA,NA,0
"4055","nonsyn_all","rare",7500,0.05,0.01,0.005,6,6,0.5,0.5,0.5,0,1,NA,NA,NA,0
"4056","nonsyn_all","rare",7500,0.05,0.01,0.005,6,6.5,0.5,0.5,0.5,0,1,NA,NA,NA,0
"4057","nonsyn_all","rare",7500,0.05,0.01,0.005,6,7,0.5,0.5,0.5,0,1,NA,NA,NA,0
"4058","nonsyn_all","rare",7500,0.05,0.01,0.01,6,6.5,0.5,0.5,0.5,0,1,NA,NA,NA,0
"4059","nonsyn_all","rare",7500,0.05,0.01,0.01,6,7,0.5,0.5,0.5,0,1,NA,NA,NA,0
"4060","nonsyn_all","rare",7500,0.05,1,0.001,6,6,0.5,0.5,0.5,0,1,NA,NA,NA,0
"4061","nonsyn_all","rare",7500,0.05,1,0.001,6,6,0.5,0.5,0.75,0,1,NA,NA,NA,0
"4062","nonsyn_all","rare",7500,0.05,1,0.001,6,6,0.5,0.5,1,0,1,NA,NA,NA,0
"4063","nonsyn_all","rare",7500,0.05,5,0.001,6,6,0.5,0.5,0.5,0,1,NA,NA,NA,0
"4064","nonsyn_all","rare",7500,0.05,5,0.001,6,6,0.5,0.5,0.75,0,1,NA,NA,NA,0
"4065","nonsyn_all","rare",7500,0.05,5,0.001,6,6,0.5,0.5,1,0,1,NA,NA,NA,0
"4066","nonsyn_all","rare",7500,0.1,0.01,0.001,6,6,0.5,0.5,0.5,0,1,NA,NA,NA,0
"4067","nonsyn_all","rare",7500,0.2,0.01,0.001,6,6,0.5,0.5,0.5,0,1,NA,NA,NA,0
"4068","nonsyn_all","rare",7500,0.5,0.01,0.001,6,6,0.5,0.5,0.5,0,1,NA,NA,NA,0
"4069","nonsyn_all","rare",10000,0,0.01,0.001,6,6,0.5,0.5,0.5,0,1,NA,NA,NA,0
"4070","nonsyn_all","rare",10000,0.01,0.01,0.001,6,6,0.5,0.5,0.5,0,1,NA,NA,NA,0
"4071","nonsyn_all","rare",10000,0.05,0.01,0,6,5,0.5,0.5,0.5,0,1,NA,NA,NA,0
"4072","nonsyn_all","rare",10000,0.05,0.01,0,6,6.5,0.5,0.5,0.5,0,1,NA,NA,NA,0
"4073","nonsyn_all","rare",10000,0.05,0.01,0,6,7,0.5,0.5,0.5,0,1,NA,NA,NA,0
"4074","nonsyn_all","rare",10000,0.05,0.01,1e-04,6,5,0.5,0.5,0.5,0,1,NA,NA,NA,0
"4075","nonsyn_all","rare",10000,0.05,0.01,1e-04,6,6,0.5,0.5,0.5,0,1,NA,NA,NA,0
"4076","nonsyn_all","rare",10000,0.05,0.01,1e-04,6,6.5,0.5,0.5,0.5,0,1,NA,NA,NA,0
"4077","nonsyn_all","rare",10000,0.05,0.01,1e-04,6,7,0.5,0.5,0.5,0,1,NA,NA,NA,0
"4078","nonsyn_all","rare",10000,0.05,0.01,5e-04,6,5.5,0.5,0.5,0.5,0,1,NA,NA,NA,0
"4079","nonsyn_all","rare",10000,0.05,0.01,5e-04,6,6,0.5,0.5,0.5,0,1,NA,NA,NA,0
"4080","nonsyn_all","rare",10000,0.05,0.01,5e-04,6,6.5,0.5,0.5,0.5,0,1,NA,NA,NA,0
"4081","nonsyn_all","rare",10000,0.05,0.01,5e-04,6,7,0.5,0.5,0.5,0,1,NA,NA,NA,0
"4082","nonsyn_all","rare",10000,0.05,0.01,0.001,5,6,0.5,0.5,0.5,0,1,NA,NA,NA,0
"4083","nonsyn_all","rare",10000,0.05,0.01,0.001,6,6,0.5,0.5,0.5,0,1,NA,NA,NA,0
"4084","nonsyn_all","rare",10000,0.05,0.01,0.001,6,6,0.5,0.5,0.75,0,1,NA,NA,NA,0
"4085","nonsyn_all","rare",10000,0.05,0.01,0.001,6,6,0.5,0.5,1,0,1,NA,NA,NA,0
"4086","nonsyn_all","rare",10000,0.05,0.01,0.001,6,6.5,0.5,0.5,0.5,0,1,NA,NA,NA,0
"4087","nonsyn_all","rare",10000,0.05,0.01,0.001,6,7,0.5,0.5,0.5,0,1,NA,NA,NA,0
"4088","nonsyn_all","rare",10000,0.05,0.01,0.001,6.5,6,0.5,0.5,0.5,0,1,NA,NA,NA,0
"4089","nonsyn_all","rare",10000,0.05,0.01,0.001,7,6,0.5,0.5,0.5,0,1,NA,NA,NA,0
"4090","nonsyn_all","rare",10000,0.05,0.01,0.005,6,5.5,0.5,0.5,0.5,0,1,NA,NA,NA,0
"4091","nonsyn_all","rare",10000,0.05,0.01,0.005,6,6,0.5,0.5,0.5,0,1,NA,NA,NA,0
"4092","nonsyn_all","rare",10000,0.05,0.01,0.005,6,6.5,0.5,0.5,0.5,0,1,NA,NA,NA,0
"4093","nonsyn_all","rare",10000,0.05,0.01,0.005,6,7,0.5,0.5,0.5,0,1,NA,NA,NA,0
"4094","nonsyn_all","rare",10000,0.05,0.01,0.01,6,6.5,0.5,0.5,0.5,0,1,NA,NA,NA,0
"4095","nonsyn_all","rare",10000,0.05,0.01,0.01,6,7,0.5,0.5,0.5,0,1,NA,NA,NA,0
"4096","nonsyn_all","rare",10000,0.05,1,0.001,6,6,0.5,0.5,0.5,0,1,NA,NA,NA,0
"4097","nonsyn_all","rare",10000,0.05,1,0.001,6,6,0.5,0.5,0.75,0,1,NA,NA,NA,0
"4098","nonsyn_all","rare",10000,0.05,1,0.001,6,6,0.5,0.5,1,0,1,NA,NA,NA,0
"4099","nonsyn_all","rare",10000,0.05,5,0.001,6,6,0.5,0.5,0.5,0,1,NA,NA,NA,0
"4100","nonsyn_all","rare",10000,0.05,5,0.001,6,6,0.5,0.5,0.75,0,1,NA,NA,NA,0
"4101","nonsyn_all","rare",10000,0.05,5,0.001,6,6,0.5,0.5,1,0,1,NA,NA,NA,0
"4102","nonsyn_all","rare",10000,0.1,0.01,0.001,6,6,0.5,0.5,0.5,0,1,NA,NA,NA,0
"4103","nonsyn_all","rare",10000,0.2,0.01,0.001,6,6,0.5,0.5,0.5,0,1,NA,NA,NA,0
"4104","nonsyn_all","rare",10000,0.5,0.01,0.001,6,6,0.5,0.5,0.5,0,1,NA,NA,NA,0
"4105","nonsyn_ben","common",15,0,0.01,0.001,6,6,0.5,0.5,0.5,0,1,0.0848777777777778,0.580426648159695,0.350799752941255,18
"4106","nonsyn_ben","common",15,0.01,0.01,0.001,6,6,0.5,0.5,0.5,0,1,0.127096174863388,0.673310569973636,0.541343040379108,366
"4107","nonsyn_ben","common",15,0.05,0.01,0,6,5,0.5,0.5,0.5,0,1,0.0362848484848485,0.452793538475778,0.158679682542878,99
"4108","nonsyn_ben","common",15,0.05,0.01,0,6,6.5,0.5,0.5,0.5,0,1,0.0541064792176039,0.513179643290671,0.230559690362452,1636
"4109","nonsyn_ben","common",15,0.05,0.01,0,6,7,0.5,0.5,0.5,0,1,0.0663981308411215,0.490103911905656,0.337113371545649,535
"4110","nonsyn_ben","common",15,0.05,0.01,1e-04,6,5,0.5,0.5,0.5,0,1,0.0955411764705882,0.536973140006651,0.493263232756721,255
"4111","nonsyn_ben","common",15,0.05,0.01,1e-04,6,6,0.5,0.5,0.5,0,1,0.0783630676084763,0.551194000883758,0.340852591474067,991
"4112","nonsyn_ben","common",15,0.05,0.01,1e-04,6,6.5,0.5,0.5,0.5,0,1,0.0800049040511727,0.536630066875595,0.359498834795938,938
"4113","nonsyn_ben","common",15,0.05,0.01,1e-04,6,7,0.5,0.5,0.5,0,1,0.079196449704142,0.535445619899327,0.344729444680171,338
"4114","nonsyn_ben","common",15,0.05,0.01,5e-04,6,5.5,0.5,0.5,0.5,0,1,0.104950890207715,0.604911308044155,0.449037120374726,674
"4115","nonsyn_ben","common",15,0.05,0.01,5e-04,6,6,0.5,0.5,0.5,0,1,0.118323098201936,0.6292715249425,0.510940193053195,723
"4116","nonsyn_ben","common",15,0.05,0.01,5e-04,6,6.5,0.5,0.5,0.5,0,1,0.147574015748032,0.689696245747029,0.627780698786293,254
"4117","nonsyn_ben","common",15,0.05,0.01,5e-04,6,7,0.5,0.5,0.5,0,1,0.183046575342466,0.746131304796279,0.825322287310303,73
"4118","nonsyn_ben","common",15,0.05,0.01,0.001,5,6,0.5,0.5,0.5,0,1,0.131601312335958,0.648800371929466,0.584149795452728,381
"4119","nonsyn_ben","common",15,0.05,0.01,0.001,6,6,0.5,0.5,0.5,0,1,0.147126537997587,0.696530234309631,0.633243800324986,1658
"4120","nonsyn_ben","common",15,0.05,0.01,0.001,6,6,0.5,0.5,0.75,0,1,0.163711673151751,0.855919497707832,0.933745341649265,257
"4121","nonsyn_ben","common",15,0.05,0.01,0.001,6,6,0.5,0.5,1,0,1,NA,NA,NA,0
"4122","nonsyn_ben","common",15,0.05,0.01,0.001,6,6.5,0.5,0.5,0.5,0,1,0.166893103448276,0.750487060102237,0.716601861423411,116
"4123","nonsyn_ben","common",15,0.05,0.01,0.001,6,7,0.5,0.5,0.5,0,1,0.202216666666667,0.835214371613933,0.901825015720574,42
"4124","nonsyn_ben","common",15,0.05,0.01,0.001,6.5,6,0.5,0.5,0.5,0,1,0.138704239401496,0.7018581210761,0.594896261296141,401
"4125","nonsyn_ben","common",15,0.05,0.01,0.001,7,6,0.5,0.5,0.5,0,1,0.124696698113208,0.675754933255683,0.528404148409473,424
"4126","nonsyn_ben","common",15,0.05,0.01,0.005,6,5.5,0.5,0.5,0.5,0,1,0.136353400503778,0.702757660100392,0.57271896807354,397
"4127","nonsyn_ben","common",15,0.05,0.01,0.005,6,6,0.5,0.5,0.5,0,1,0.0914744186046512,0.628122598366248,0.35811919756516,172
"4128","nonsyn_ben","common",15,0.05,0.01,0.005,6,6.5,0.5,0.5,0.5,0,1,0.109315625,0.699208161214828,0.439153439153439,64
"4129","nonsyn_ben","common",15,0.05,0.01,0.005,6,7,0.5,0.5,0.5,0,1,0.129984615384615,0.77384929210772,0.538461538461538,13
"4130","nonsyn_ben","common",15,0.05,0.01,0.01,6,6.5,0.5,0.5,0.5,0,1,0.121773170731707,0.613219437988141,0.543310914836723,41
"4131","nonsyn_ben","common",15,0.05,0.01,0.01,6,7,0.5,0.5,0.5,0,1,0.2045,0.741116915804579,0.987335359675785,7
"4132","nonsyn_ben","common",15,0.05,1,0.001,6,6,0.5,0.5,0.5,0,1,0.060944804088586,0.298822042671869,0.348275770775604,587
"4133","nonsyn_ben","common",15,0.05,1,0.001,6,6,0.5,0.5,0.75,0,1,0.066366511627907,0.23505631416505,0.567354288396553,430
"4134","nonsyn_ben","common",15,0.05,1,0.001,6,6,0.5,0.5,1,0,1,NA,NA,NA,0
"4135","nonsyn_ben","common",15,0.05,5,0.001,6,6,0.5,0.5,0.5,0,1,0.019245,0.10889929639893,0.169164576067329,40
"4136","nonsyn_ben","common",15,0.05,5,0.001,6,6,0.5,0.5,0.75,0,1,0.0370090909090909,0.148521883680488,0.360006532073848,11
"4137","nonsyn_ben","common",15,0.05,5,0.001,6,6,0.5,0.5,1,0,1,NA,NA,NA,0
"4138","nonsyn_ben","common",15,0.1,0.01,0.001,6,6,0.5,0.5,0.5,0,1,0.154401,0.709231890458218,0.679871097009865,400
"4139","nonsyn_ben","common",15,0.2,0.01,0.001,6,6,0.5,0.5,0.5,0,1,0.151728919860627,0.708542317543963,0.647353834584668,574
"4140","nonsyn_ben","common",15,0.5,0.01,0.001,6,6,0.5,0.5,0.5,0,1,0.149857659208262,0.712068272917671,0.667205240728826,581
"4141","nonsyn_ben","common",50,0,0.01,0.001,6,6,0.5,0.5,0.5,0,1,-0.0234999999999999,0.504403040484795,-0.189580117926178,24
"4142","nonsyn_ben","common",50,0.01,0.01,0.001,6,6,0.5,0.5,0.5,0,1,0.135752135231317,0.690669266051154,0.577029484952089,562
"4143","nonsyn_ben","common",50,0.05,0.01,0,6,5,0.5,0.5,0.5,0,1,0.0343201492537313,0.4666618996345,0.135354598783245,134
"4144","nonsyn_ben","common",50,0.05,0.01,0,6,6.5,0.5,0.5,0.5,0,1,0.0564783375314861,0.50279529987367,0.249259929859734,2382
"4145","nonsyn_ben","common",50,0.05,0.01,0,6,7,0.5,0.5,0.5,0,1,0.0506754512635379,0.492066472171709,0.224063472841296,831
"4146","nonsyn_ben","common",50,0.05,0.01,1e-04,6,5,0.5,0.5,0.5,0,1,0.0598260869565218,0.525344702827721,0.24383851826665,368
"4147","nonsyn_ben","common",50,0.05,0.01,1e-04,6,6,0.5,0.5,0.5,0,1,0.0857442524916943,0.539377841950169,0.393294761285909,1505
"4148","nonsyn_ben","common",50,0.05,0.01,1e-04,6,6.5,0.5,0.5,0.5,0,1,0.0861561378320173,0.537316496944485,0.402885415257095,1393
"4149","nonsyn_ben","common",50,0.05,0.01,1e-04,6,7,0.5,0.5,0.5,0,1,0.085116247582205,0.54215598952062,0.39146933731773,517
"4150","nonsyn_ben","common",50,0.05,0.01,5e-04,6,5.5,0.5,0.5,0.5,0,1,0.106504822834646,0.60866230797344,0.459549998514083,1016
"4151","nonsyn_ben","common",50,0.05,0.01,5e-04,6,6,0.5,0.5,0.5,0,1,0.12519964253798,0.634493813688699,0.557909801061293,1119
"4152","nonsyn_ben","common",50,0.05,0.01,5e-04,6,6.5,0.5,0.5,0.5,0,1,0.154866492146597,0.706466555576084,0.664155084657149,382
"4153","nonsyn_ben","common",50,0.05,0.01,5e-04,6,7,0.5,0.5,0.5,0,1,0.182596721311475,0.743684292195309,0.820875781926708,122
"4154","nonsyn_ben","common",50,0.05,0.01,0.001,5,6,0.5,0.5,0.5,0,1,0.125845740740741,0.606498998930899,0.557972629164657,540
"4155","nonsyn_ben","common",50,0.05,0.01,0.001,6,6,0.5,0.5,0.5,0,1,0.151492193598751,0.6994772693501,0.660641033637643,2562
"4156","nonsyn_ben","common",50,0.05,0.01,0.001,6,6,0.5,0.5,0.75,0,1,0.164117711171662,0.871217798017374,0.925484144180148,367
"4157","nonsyn_ben","common",50,0.05,0.01,0.001,6,6,0.5,0.5,1,0,1,NA,NA,NA,0
"4158","nonsyn_ben","common",50,0.05,0.01,0.001,6,6.5,0.5,0.5,0.5,0,1,0.176566509433962,0.755996684279898,0.781630005076801,212
"4159","nonsyn_ben","common",50,0.05,0.01,0.001,6,7,0.5,0.5,0.5,0,1,0.173565079365079,0.797822750186457,0.705916845734475,63
"4160","nonsyn_ben","common",50,0.05,0.01,0.001,6.5,6,0.5,0.5,0.5,0,1,0.134202556818182,0.678985373923552,0.58401018396133,704
"4161","nonsyn_ben","common",50,0.05,0.01,0.001,7,6,0.5,0.5,0.5,0,1,0.139241290322581,0.689312651723203,0.612503509717124,620
"4162","nonsyn_ben","common",50,0.05,0.01,0.005,6,5.5,0.5,0.5,0.5,0,1,0.129321314102564,0.691673105668756,0.552651286997041,624
"4163","nonsyn_ben","common",50,0.05,0.01,0.005,6,6,0.5,0.5,0.5,0,1,0.108027586206896,0.61902433185701,0.479272020495041,261
"4164","nonsyn_ben","common",50,0.05,0.01,0.005,6,6.5,0.5,0.5,0.5,0,1,0.115757142857143,0.641118533087984,0.506714835462908,77
"4165","nonsyn_ben","common",50,0.05,0.01,0.005,6,7,0.5,0.5,0.5,0,1,0.1543875,0.634257672432473,0.743481600850446,16
"4166","nonsyn_ben","common",50,0.05,0.01,0.01,6,6.5,0.5,0.5,0.5,0,1,0.122740740740741,0.629880718803337,0.518235015161118,54
"4167","nonsyn_ben","common",50,0.05,0.01,0.01,6,7,0.5,0.5,0.5,0,1,0.166394117647059,0.778732495752724,0.65206508135169,17
"4168","nonsyn_ben","common",50,0.05,1,0.001,6,6,0.5,0.5,0.5,0,1,0.0656605292171996,0.28934195279467,0.374923365869593,907
"4169","nonsyn_ben","common",50,0.05,1,0.001,6,6,0.5,0.5,0.75,0,1,0.0636600311041991,0.246428154529436,0.53649958335151,643
"4170","nonsyn_ben","common",50,0.05,1,0.001,6,6,0.5,0.5,1,0,1,NA,NA,NA,0
"4171","nonsyn_ben","common",50,0.05,5,0.001,6,6,0.5,0.5,0.5,0,1,0.0173348837209302,0.127341230955197,0.184051229920075,86
"4172","nonsyn_ben","common",50,0.05,5,0.001,6,6,0.5,0.5,0.75,0,1,0.0435142857142857,0.082848154262891,0.422375532572168,14
"4173","nonsyn_ben","common",50,0.05,5,0.001,6,6,0.5,0.5,1,0,1,NA,NA,NA,0
"4174","nonsyn_ben","common",50,0.1,0.01,0.001,6,6,0.5,0.5,0.5,0,1,0.156458466453674,0.706696555950117,0.687282721393783,626
"4175","nonsyn_ben","common",50,0.2,0.01,0.001,6,6,0.5,0.5,0.5,0,1,0.161846024096386,0.721316522173393,0.707104250036137,830
"4176","nonsyn_ben","common",50,0.5,0.01,0.001,6,6,0.5,0.5,0.5,0,1,0.156496176821983,0.727489733340048,0.683095758168618,837
"4177","nonsyn_ben","common",100,0,0.01,0.001,6,6,0.5,0.5,0.5,0,1,0.0299738095238096,0.494665998143311,0.0072477140041834,84
"4178","nonsyn_ben","common",100,0.01,0.01,0.001,6,6,0.5,0.5,0.5,0,1,0.132962961011591,0.629608053986026,0.593939855491082,1898
"4179","nonsyn_ben","common",100,0.05,0.01,0,6,5,0.5,0.5,0.5,0,1,0.0351985386221295,0.455477573234233,0.161252151279752,479
"4180","nonsyn_ben","common",100,0.05,0.01,0,6,6.5,0.5,0.5,0.5,0,1,0.0570907940298508,0.488913791831303,0.259811523643152,8375
"4181","nonsyn_ben","common",100,0.05,0.01,0,6,7,0.5,0.5,0.5,0,1,0.0615555728760717,0.49156581644078,0.290042134762544,2566
"4182","nonsyn_ben","common",100,0.05,0.01,1e-04,6,5,0.5,0.5,0.5,0,1,0.0666829861111111,0.510684643143796,0.299358093448065,1152
"4183","nonsyn_ben","common",100,0.05,0.01,1e-04,6,6,0.5,0.5,0.5,0,1,0.0771075556423272,0.525412873686379,0.346943691897566,5122
"4184","nonsyn_ben","common",100,0.05,0.01,1e-04,6,6.5,0.5,0.5,0.5,0,1,0.0831138359391733,0.535652042903202,0.37152300571632,4669
"4185","nonsyn_ben","common",100,0.05,0.01,1e-04,6,7,0.5,0.5,0.5,0,1,0.0803973668095529,0.530944371942114,0.361457772045532,1633
"4186","nonsyn_ben","common",100,0.05,0.01,5e-04,6,5.5,0.5,0.5,0.5,0,1,0.103883754305396,0.598725572050681,0.44609951443924,3484
"4187","nonsyn_ben","common",100,0.05,0.01,5e-04,6,6,0.5,0.5,0.5,0,1,0.128959274193549,0.629323232746803,0.572704606673822,3720
"4188","nonsyn_ben","common",100,0.05,0.01,5e-04,6,6.5,0.5,0.5,0.5,0,1,0.15919854961832,0.67663684894441,0.706518249859244,1310
"4189","nonsyn_ben","common",100,0.05,0.01,5e-04,6,7,0.5,0.5,0.5,0,1,0.171676878612716,0.71459111709917,0.740283267581613,346
"4190","nonsyn_ben","common",100,0.05,0.01,0.001,5,6,0.5,0.5,0.5,0,1,0.114290633459664,0.514904913474893,0.518821444477537,1847
"4191","nonsyn_ben","common",100,0.05,0.01,0.001,6,6,0.5,0.5,0.5,0,1,0.150086055045872,0.683755718854289,0.659086176469953,8720
"4192","nonsyn_ben","common",100,0.05,0.01,0.001,6,6,0.5,0.5,0.75,0,1,0.155150857142857,0.814334906250478,0.893891451401317,1225
"4193","nonsyn_ben","common",100,0.05,0.01,0.001,6,6,0.5,0.5,1,0,1,NA,NA,NA,0
"4194","nonsyn_ben","common",100,0.05,0.01,0.001,6,6.5,0.5,0.5,0.5,0,1,0.184454036243822,0.765205027872108,0.801471260186108,607
"4195","nonsyn_ben","common",100,0.05,0.01,0.001,6,7,0.5,0.5,0.5,0,1,0.204058163265306,0.808192648246384,0.89498497786361,196
"4196","nonsyn_ben","common",100,0.05,0.01,0.001,6.5,6,0.5,0.5,0.5,0,1,0.134232019486271,0.680910047535098,0.577606730876785,2258
"4197","nonsyn_ben","common",100,0.05,0.01,0.001,7,6,0.5,0.5,0.5,0,1,0.131082722513089,0.684102512650405,0.569611848936208,2101
"4198","nonsyn_ben","common",100,0.05,0.01,0.005,6,5.5,0.5,0.5,0.5,0,1,0.128872667604313,0.678258695409152,0.556157405029047,2133
"4199","nonsyn_ben","common",100,0.05,0.01,0.005,6,6,0.5,0.5,0.5,0,1,0.110454764638347,0.637786184692904,0.459615592316982,871
"4200","nonsyn_ben","common",100,0.05,0.01,0.005,6,6.5,0.5,0.5,0.5,0,1,0.120232936507936,0.63517141267971,0.523756849340775,252
"4201","nonsyn_ben","common",100,0.05,0.01,0.005,6,7,0.5,0.5,0.5,0,1,0.139667692307692,0.697583211521669,0.596298363528615,65
"4202","nonsyn_ben","common",100,0.05,0.01,0.01,6,6.5,0.5,0.5,0.5,0,1,0.0923262032085561,0.581912233929423,0.418737000945543,187
"4203","nonsyn_ben","common",100,0.05,0.01,0.01,6,7,0.5,0.5,0.5,0,1,0.12446,0.613248834941048,0.548129580114874,40
"4204","nonsyn_ben","common",100,0.05,1,0.001,6,6,0.5,0.5,0.5,0,1,0.066431122278057,0.284392074951905,0.38265735163153,2985
"4205","nonsyn_ben","common",100,0.05,1,0.001,6,6,0.5,0.5,0.75,0,1,0.0662921719457014,0.248566737060117,0.556235203434019,2210
"4206","nonsyn_ben","common",100,0.05,1,0.001,6,6,0.5,0.5,1,0,1,NA,NA,NA,0
"4207","nonsyn_ben","common",100,0.05,5,0.001,6,6,0.5,0.5,0.5,0,1,0.0138915,0.111163886536166,0.14525452465866,200
"4208","nonsyn_ben","common",100,0.05,5,0.001,6,6,0.5,0.5,0.75,0,1,0.032524,0.0985129968528252,0.4110285195106,50
"4209","nonsyn_ben","common",100,0.05,5,0.001,6,6,0.5,0.5,1,0,1,NA,NA,NA,0
"4210","nonsyn_ben","common",100,0.1,0.01,0.001,6,6,0.5,0.5,0.5,0,1,0.151544091360477,0.692882561906769,0.666942994646379,2014
"4211","nonsyn_ben","common",100,0.2,0.01,0.001,6,6,0.5,0.5,0.5,0,1,0.157138442906574,0.707551961484521,0.693711872229027,2890
"4212","nonsyn_ben","common",100,0.5,0.01,0.001,6,6,0.5,0.5,0.5,0,1,0.157067077592458,0.721669963701127,0.686516407620208,2758
"4213","nonsyn_ben","common",200,0,0.01,0.001,6,6,0.5,0.5,0.5,0,1,0.00435153846153847,0.333085612747074,-0.0363868373235805,130
"4214","nonsyn_ben","common",200,0.01,0.01,0.001,6,6,0.5,0.5,0.5,0,1,0.122395051875499,0.543866995726435,0.566751035016441,3759
"4215","nonsyn_ben","common",200,0.05,0.01,0,6,5,0.5,0.5,0.5,0,1,0.0238248971193416,0.410186113263743,0.0930578337639879,972
"4216","nonsyn_ben","common",200,0.05,0.01,0,6,6.5,0.5,0.5,0.5,0,1,0.0537445104562737,0.465928970577577,0.240040639108686,16832
"4217","nonsyn_ben","common",200,0.05,0.01,0,6,7,0.5,0.5,0.5,0,1,0.0555370661553212,0.468822764018938,0.251675156355705,5215
"4218","nonsyn_ben","common",200,0.05,0.01,1e-04,6,5,0.5,0.5,0.5,0,1,0.0567644102148358,0.485772853770011,0.246392678386415,2467
"4219","nonsyn_ben","common",200,0.05,0.01,1e-04,6,6,0.5,0.5,0.5,0,1,0.0755366501313102,0.504181786281199,0.333187786581205,10281
"4220","nonsyn_ben","common",200,0.05,0.01,1e-04,6,6.5,0.5,0.5,0.5,0,1,0.0771848289695946,0.502371123632423,0.346526864946196,9472
"4221","nonsyn_ben","common",200,0.05,0.01,1e-04,6,7,0.5,0.5,0.5,0,1,0.0795395105938526,0.504058375003298,0.357461812307501,3351
"4222","nonsyn_ben","common",200,0.05,0.01,5e-04,6,5.5,0.5,0.5,0.5,0,1,0.0947863766867643,0.563932434925396,0.409651967819388,6966
"4223","nonsyn_ben","common",200,0.05,0.01,5e-04,6,6,0.5,0.5,0.5,0,1,0.120660757616608,0.595156921562495,0.532672149692709,7418
"4224","nonsyn_ben","common",200,0.05,0.01,5e-04,6,6.5,0.5,0.5,0.5,0,1,0.153996821793416,0.65250168764606,0.690000026959387,2643
"4225","nonsyn_ben","common",200,0.05,0.01,5e-04,6,7,0.5,0.5,0.5,0,1,0.174758024691358,0.698637570152594,0.775812036182831,729
"4226","nonsyn_ben","common",200,0.05,0.01,0.001,5,6,0.5,0.5,0.5,0,1,0.0834450844854071,0.345490136258499,0.404396419784638,3906
"4227","nonsyn_ben","common",200,0.05,0.01,0.001,6,6,0.5,0.5,0.5,0,1,0.145672309559588,0.655772442119366,0.637716592735473,17302
"4228","nonsyn_ben","common",200,0.05,0.01,0.001,6,6,0.5,0.5,0.75,0,1,0.147409254992319,0.745505796208971,0.851202783343705,2604
"4229","nonsyn_ben","common",200,0.05,0.01,0.001,6,6,0.5,0.5,1,0,1,NA,NA,NA,0
"4230","nonsyn_ben","common",200,0.05,0.01,0.001,6,6.5,0.5,0.5,0.5,0,1,0.174063177710843,0.718687742502626,0.75873607170667,1328
"4231","nonsyn_ben","common",200,0.05,0.01,0.001,6,7,0.5,0.5,0.5,0,1,0.189584841075794,0.757696265477165,0.833150767290425,409
"4232","nonsyn_ben","common",200,0.05,0.01,0.001,6.5,6,0.5,0.5,0.5,0,1,0.131436247010219,0.663700381028614,0.572877491101388,4599
"4233","nonsyn_ben","common",200,0.05,0.01,0.001,7,6,0.5,0.5,0.5,0,1,0.127841073919107,0.678798951334018,0.553709100508961,4302
"4234","nonsyn_ben","common",200,0.05,0.01,0.005,6,5.5,0.5,0.5,0.5,0,1,0.119069098922625,0.62845430412345,0.525294005083546,4084
"4235","nonsyn_ben","common",200,0.05,0.01,0.005,6,6,0.5,0.5,0.5,0,1,0.0975037925264919,0.566949074421613,0.433319345124118,1793
"4236","nonsyn_ben","common",200,0.05,0.01,0.005,6,6.5,0.5,0.5,0.5,0,1,0.120112552301255,0.613466489615243,0.537998000092169,478
"4237","nonsyn_ben","common",200,0.05,0.01,0.005,6,7,0.5,0.5,0.5,0,1,0.136956862745098,0.65307944351266,0.590277544518006,102
"4238","nonsyn_ben","common",200,0.05,0.01,0.01,6,6.5,0.5,0.5,0.5,0,1,0.0819827586206896,0.534268577564356,0.367220697750855,377
"4239","nonsyn_ben","common",200,0.05,0.01,0.01,6,7,0.5,0.5,0.5,0,1,0.103091489361702,0.580084252166105,0.473075170086125,94
"4240","nonsyn_ben","common",200,0.05,1,0.001,6,6,0.5,0.5,0.5,0,1,0.0652228650586702,0.276439274661693,0.375210493899338,6136
"4241","nonsyn_ben","common",200,0.05,1,0.001,6,6,0.5,0.5,0.75,0,1,0.0631475629109045,0.235424242718297,0.53141049199753,4411
"4242","nonsyn_ben","common",200,0.05,1,0.001,6,6,0.5,0.5,1,0,1,NA,NA,NA,0
"4243","nonsyn_ben","common",200,0.05,5,0.001,6,6,0.5,0.5,0.5,0,1,0.0207115384615385,0.100174350482054,0.187743041251771,390
"4244","nonsyn_ben","common",200,0.05,5,0.001,6,6,0.5,0.5,0.75,0,1,0.0329495412844037,0.0726873670967118,0.431602113604506,109
"4245","nonsyn_ben","common",200,0.05,5,0.001,6,6,0.5,0.5,1,0,1,NA,NA,NA,0
"4246","nonsyn_ben","common",200,0.1,0.01,0.001,6,6,0.5,0.5,0.5,0,1,0.149472921159837,0.675138011163774,0.660426970087656,4173
"4247","nonsyn_ben","common",200,0.2,0.01,0.001,6,6,0.5,0.5,0.5,0,1,0.153950583318823,0.69707114216981,0.677995733984564,5743
"4248","nonsyn_ben","common",200,0.5,0.01,0.001,6,6,0.5,0.5,0.5,0,1,0.158631637207641,0.71587817755529,0.704976847753548,5601
"4249","nonsyn_ben","common",300,0,0.01,0.001,6,6,0.5,0.5,0.5,0,1,0.0255023529411765,0.29997820697854,0.0944090348676348,85
"4250","nonsyn_ben","common",300,0.01,0.01,0.001,6,6,0.5,0.5,0.5,0,1,0.107112653061224,0.461754096751478,0.511317232108119,2940
"4251","nonsyn_ben","common",300,0.05,0.01,0,6,5,0.5,0.5,0.5,0,1,0.0288461964038728,0.376518466545113,0.136912191288556,723
"4252","nonsyn_ben","common",300,0.05,0.01,0,6,6.5,0.5,0.5,0.5,0,1,0.0558790974440895,0.449743413946055,0.254896237645861,12520
"4253","nonsyn_ben","common",300,0.05,0.01,0,6,7,0.5,0.5,0.5,0,1,0.05342633723892,0.448283112896138,0.234575408183899,3926
"4254","nonsyn_ben","common",300,0.05,0.01,1e-04,6,5,0.5,0.5,0.5,0,1,0.063861286744315,0.47584825988236,0.285179303002658,1803
"4255","nonsyn_ben","common",300,0.05,0.01,1e-04,6,6,0.5,0.5,0.5,0,1,0.0744040805981498,0.4778327365146,0.326915587051172,7891
"4256","nonsyn_ben","common",300,0.05,0.01,1e-04,6,6.5,0.5,0.5,0.5,0,1,0.0761969861111111,0.476862534774313,0.343799578310414,7200
"4257","nonsyn_ben","common",300,0.05,0.01,1e-04,6,7,0.5,0.5,0.5,0,1,0.0814968594408273,0.483100557531084,0.368562844585248,2611
"4258","nonsyn_ben","common",300,0.05,0.01,5e-04,6,5.5,0.5,0.5,0.5,0,1,0.0977320861471072,0.532208697679464,0.436680869592094,5479
"4259","nonsyn_ben","common",300,0.05,0.01,5e-04,6,6,0.5,0.5,0.5,0,1,0.113749415101028,0.563775781519926,0.500537327523775,5642
"4260","nonsyn_ben","common",300,0.05,0.01,5e-04,6,6.5,0.5,0.5,0.5,0,1,0.148513962635201,0.620725625942243,0.655370857479959,2034
"4261","nonsyn_ben","common",300,0.05,0.01,5e-04,6,7,0.5,0.5,0.5,0,1,0.169037739130435,0.660057891397238,0.746051488754145,575
"4262","nonsyn_ben","common",300,0.05,0.01,0.001,5,6,0.5,0.5,0.5,0,1,0.0602928943937418,0.222712172258762,0.320435548749948,3068
"4263","nonsyn_ben","common",300,0.05,0.01,0.001,6,6,0.5,0.5,0.5,0,1,0.139841456347694,0.621360399851756,0.617348367403238,13115
"4264","nonsyn_ben","common",300,0.05,0.01,0.001,6,6,0.5,0.5,0.75,0,1,0.140264456981664,0.67789000975961,0.82714810337475,2127
"4265","nonsyn_ben","common",300,0.05,0.01,0.001,6,6,0.5,0.5,1,0,1,NA,NA,NA,0
"4266","nonsyn_ben","common",300,0.05,0.01,0.001,6,6.5,0.5,0.5,0.5,0,1,0.165722603430878,0.689153040595374,0.716068969407432,991
"4267","nonsyn_ben","common",300,0.05,0.01,0.001,6,7,0.5,0.5,0.5,0,1,0.188686281588447,0.732861872066797,0.837627025102015,277
"4268","nonsyn_ben","common",300,0.05,0.01,0.001,6.5,6,0.5,0.5,0.5,0,1,0.131373790201383,0.660893159894485,0.570775761731196,3327
"4269","nonsyn_ben","common",300,0.05,0.01,0.001,7,6,0.5,0.5,0.5,0,1,0.130081106277191,0.677838316396632,0.559516577433566,3218
"4270","nonsyn_ben","common",300,0.05,0.01,0.005,6,5.5,0.5,0.5,0.5,0,1,0.111584884090188,0.583715544431775,0.498347165539414,3149
"4271","nonsyn_ben","common",300,0.05,0.01,0.005,6,6,0.5,0.5,0.5,0,1,0.109744111498258,0.574131227819402,0.490349774437136,1435
"4272","nonsyn_ben","common",300,0.05,0.01,0.005,6,6.5,0.5,0.5,0.5,0,1,0.110710093896714,0.578143361385001,0.487659319519873,426
"4273","nonsyn_ben","common",300,0.05,0.01,0.005,6,7,0.5,0.5,0.5,0,1,0.164863829787234,0.721351232807295,0.737461812695012,94
"4274","nonsyn_ben","common",300,0.05,0.01,0.01,6,6.5,0.5,0.5,0.5,0,1,0.0865534722222222,0.523226904575291,0.402082142448281,288
"4275","nonsyn_ben","common",300,0.05,0.01,0.01,6,7,0.5,0.5,0.5,0,1,0.124841666666667,0.542809821243545,0.601151072478168,60
"4276","nonsyn_ben","common",300,0.05,1,0.001,6,6,0.5,0.5,0.5,0,1,0.0645171345160565,0.267844282715967,0.364350805989692,4453
"4277","nonsyn_ben","common",300,0.05,1,0.001,6,6,0.5,0.5,0.75,0,1,0.0611501850709439,0.216965696273263,0.525813779797003,3242
"4278","nonsyn_ben","common",300,0.05,1,0.001,6,6,0.5,0.5,1,0,1,NA,NA,NA,0
"4279","nonsyn_ben","common",300,0.05,5,0.001,6,6,0.5,0.5,0.5,0,1,0.0222678807947019,0.105299286051013,0.186455768808685,302
"4280","nonsyn_ben","common",300,0.05,5,0.001,6,6,0.5,0.5,0.75,0,1,0.0220677966101695,0.0759028616252293,0.306245782020415,59
"4281","nonsyn_ben","common",300,0.05,5,0.001,6,6,0.5,0.5,1,0,1,NA,NA,NA,0
"4282","nonsyn_ben","common",300,0.1,0.01,0.001,6,6,0.5,0.5,0.5,0,1,0.145093584423875,0.658518858036131,0.633874618662565,3133
"4283","nonsyn_ben","common",300,0.2,0.01,0.001,6,6,0.5,0.5,0.5,0,1,0.153451818397908,0.682873191466617,0.676835062535537,4207
"4284","nonsyn_ben","common",300,0.5,0.01,0.001,6,6,0.5,0.5,0.5,0,1,0.154290721649485,0.703333185074279,0.680485838167277,4365
"4285","nonsyn_ben","common",500,0,0.01,0.001,6,6,0.5,0.5,0.5,0,1,0.0214238095238095,0.190774895505325,0.0984038467529515,273
"4286","nonsyn_ben","common",500,0.01,0.01,0.001,6,6,0.5,0.5,0.5,0,1,0.0877910272914521,0.35428394592982,0.446979156716169,7768
"4287","nonsyn_ben","common",500,0.05,0.01,0,6,5,0.5,0.5,0.5,0,1,0.0292043676993397,0.370617648812373,0.131220653414534,1969
"4288","nonsyn_ben","common",500,0.05,0.01,0,6,6.5,0.5,0.5,0.5,0,1,0.0495983049873592,0.412540756707536,0.218229817864094,34808
"4289","nonsyn_ben","common",500,0.05,0.01,0,6,7,0.5,0.5,0.5,0,1,0.0488816479739508,0.411729071056817,0.211936147791019,11056
"4290","nonsyn_ben","common",500,0.05,0.01,1e-04,6,5,0.5,0.5,0.5,0,1,0.0581795518207283,0.436085258257609,0.250844343808439,4998
"4291","nonsyn_ben","common",500,0.05,0.01,1e-04,6,6,0.5,0.5,0.5,0,1,0.069669606751994,0.440226000220435,0.308080301776409,21564
"4292","nonsyn_ben","common",500,0.05,0.01,1e-04,6,6.5,0.5,0.5,0.5,0,1,0.0726334179528839,0.440634853692102,0.323136883823971,19696
"4293","nonsyn_ben","common",500,0.05,0.01,1e-04,6,7,0.5,0.5,0.5,0,1,0.0733674025229358,0.439504503588748,0.325851963818939,6976
"4294","nonsyn_ben","common",500,0.05,0.01,5e-04,6,5.5,0.5,0.5,0.5,0,1,0.0913682608401543,0.493635730607179,0.40626537667709,14783
"4295","nonsyn_ben","common",500,0.05,0.01,5e-04,6,6,0.5,0.5,0.5,0,1,0.110764946996466,0.524620160715701,0.489525923615977,15565
"4296","nonsyn_ben","common",500,0.05,0.01,5e-04,6,6.5,0.5,0.5,0.5,0,1,0.139730683713174,0.574036703440859,0.618882230720885,5397
"4297","nonsyn_ben","common",500,0.05,0.01,5e-04,6,7,0.5,0.5,0.5,0,1,0.160179432176656,0.609238470684691,0.712951464191515,1585
"4298","nonsyn_ben","common",500,0.05,0.01,0.001,5,6,0.5,0.5,0.5,0,1,0.0422434798357885,0.132666574897011,0.255862314688766,8282
"4299","nonsyn_ben","common",500,0.05,0.01,0.001,6,6,0.5,0.5,0.5,0,1,0.133531049717577,0.574124659767338,0.59742217695145,35762
"4300","nonsyn_ben","common",500,0.05,0.01,0.001,6,6,0.5,0.5,0.75,0,1,0.130782801687763,0.587810304578482,0.788566360986419,5925
"4301","nonsyn_ben","common",500,0.05,0.01,0.001,6,6,0.5,0.5,1,0,1,NA,NA,NA,0
"4302","nonsyn_ben","common",500,0.05,0.01,0.001,6,6.5,0.5,0.5,0.5,0,1,0.159936559969148,0.63726266133309,0.711576626265295,2593
"4303","nonsyn_ben","common",500,0.05,0.01,0.001,6,7,0.5,0.5,0.5,0,1,0.176931764705882,0.671741278524895,0.788969360094698,765
"4304","nonsyn_ben","common",500,0.05,0.01,0.001,6.5,6,0.5,0.5,0.5,0,1,0.131059650481142,0.640468499536323,0.57116694854655,9041
"4305","nonsyn_ben","common",500,0.05,0.01,0.001,7,6,0.5,0.5,0.5,0,1,0.125829090477321,0.669337943622415,0.537437164206104,8422
"4306","nonsyn_ben","common",500,0.05,0.01,0.005,6,5.5,0.5,0.5,0.5,0,1,0.107227952991965,0.53198324064538,0.495598077905152,8339
"4307","nonsyn_ben","common",500,0.05,0.01,0.005,6,6,0.5,0.5,0.5,0,1,0.0927019841269841,0.504414759710459,0.418883744337858,3780
"4308","nonsyn_ben","common",500,0.05,0.01,0.005,6,6.5,0.5,0.5,0.5,0,1,0.119196786757546,0.549365494803658,0.546674886382125,1027
"4309","nonsyn_ben","common",500,0.05,0.01,0.005,6,7,0.5,0.5,0.5,0,1,0.120046473029046,0.570476892866974,0.547237376243465,241
"4310","nonsyn_ben","common",500,0.05,0.01,0.01,6,6.5,0.5,0.5,0.5,0,1,0.0817082932692308,0.463114782254946,0.385674568671968,832
"4311","nonsyn_ben","common",500,0.05,0.01,0.01,6,7,0.5,0.5,0.5,0,1,0.0964465838509318,0.493382933269591,0.453046743561351,161
"4312","nonsyn_ben","common",500,0.05,1,0.001,6,6,0.5,0.5,0.5,0,1,0.061722902400792,0.248210443215277,0.358180285520162,12121
"4313","nonsyn_ben","common",500,0.05,1,0.001,6,6,0.5,0.5,0.75,0,1,0.0571899607208873,0.203621036937015,0.499466039331018,8656
"4314","nonsyn_ben","common",500,0.05,1,0.001,6,6,0.5,0.5,1,0,1,NA,NA,NA,0
"4315","nonsyn_ben","common",500,0.05,5,0.001,6,6,0.5,0.5,0.5,0,1,0.0195372576177285,0.0814496163039836,0.181430756233411,722
"4316","nonsyn_ben","common",500,0.05,5,0.001,6,6,0.5,0.5,0.75,0,1,0.0272194174757282,0.0743244972561187,0.3488547753202,206
"4317","nonsyn_ben","common",500,0.05,5,0.001,6,6,0.5,0.5,1,0,1,NA,NA,NA,0
"4318","nonsyn_ben","common",500,0.1,0.01,0.001,6,6,0.5,0.5,0.5,0,1,0.14268802561624,0.629809952068518,0.626863415782917,8276
"4319","nonsyn_ben","common",500,0.2,0.01,0.001,6,6,0.5,0.5,0.5,0,1,0.150887596626845,0.667662837553824,0.663453560291827,11384
"4320","nonsyn_ben","common",500,0.5,0.01,0.001,6,6,0.5,0.5,0.5,0,1,0.156496478369682,0.701491137150261,0.69234603136167,11188
"4321","nonsyn_ben","common",750,0,0.01,0.001,6,6,0.5,0.5,0.5,0,1,0.00951560509554139,0.106212957161721,0.0491723499341904,314
"4322","nonsyn_ben","common",750,0.01,0.01,0.001,6,6,0.5,0.5,0.5,0,1,0.06617237006237,0.246271460134991,0.359080581950467,9620
"4323","nonsyn_ben","common",750,0.05,0.01,0,6,5,0.5,0.5,0.5,0,1,0.0240686290003951,0.314921674996096,0.0979006995238397,2531
"4324","nonsyn_ben","common",750,0.05,0.01,0,6,6.5,0.5,0.5,0.5,0,1,0.0446996778307269,0.361877180454003,0.19455189154764,44697
"4325","nonsyn_ben","common",750,0.05,0.01,0,6,7,0.5,0.5,0.5,0,1,0.0459907923799006,0.358608493457377,0.200243423208906,14488
"4326","nonsyn_ben","common",750,0.05,0.01,1e-04,6,5,0.5,0.5,0.5,0,1,0.0527254121306376,0.38135308947917,0.225667025181491,6430
"4327","nonsyn_ben","common",750,0.05,0.01,1e-04,6,6,0.5,0.5,0.5,0,1,0.0606127068815331,0.386847745187121,0.26438095823172,27552
"4328","nonsyn_ben","common",750,0.05,0.01,1e-04,6,6.5,0.5,0.5,0.5,0,1,0.0658537644106345,0.387007305521873,0.28881074067797,25502
"4329","nonsyn_ben","common",750,0.05,0.01,1e-04,6,7,0.5,0.5,0.5,0,1,0.067212584319363,0.388295696807512,0.294028176457578,9043
"4330","nonsyn_ben","common",750,0.05,0.01,5e-04,6,5.5,0.5,0.5,0.5,0,1,0.0818688759731258,0.430298962701055,0.365635537180901,18754
"4331","nonsyn_ben","common",750,0.05,0.01,5e-04,6,6,0.5,0.5,0.5,0,1,0.102196455709113,0.463311807632536,0.457210542207299,19609
"4332","nonsyn_ben","common",750,0.05,0.01,5e-04,6,6.5,0.5,0.5,0.5,0,1,0.129168655004302,0.503051565722076,0.582777506584138,6974
"4333","nonsyn_ben","common",750,0.05,0.01,5e-04,6,7,0.5,0.5,0.5,0,1,0.151337989103517,0.558876402566375,0.671975982039896,2019
"4334","nonsyn_ben","common",750,0.05,0.01,0.001,5,6,0.5,0.5,0.5,0,1,0.0219787395129937,0.0618218882570636,0.152233191512703,9774
"4335","nonsyn_ben","common",750,0.05,0.01,0.001,6,6,0.5,0.5,0.5,0,1,0.122572622961528,0.507287160904224,0.556127685965,45929
"4336","nonsyn_ben","common",750,0.05,0.01,0.001,6,6,0.5,0.5,0.75,0,1,0.114344438814289,0.479308689818262,0.720382173193021,7894
"4337","nonsyn_ben","common",750,0.05,0.01,0.001,6,6,0.5,0.5,1,0,1,NA,NA,NA,0
"4338","nonsyn_ben","common",750,0.05,0.01,0.001,6,6.5,0.5,0.5,0.5,0,1,0.151687232742822,0.573277273436067,0.693426125561688,3274
"4339","nonsyn_ben","common",750,0.05,0.01,0.001,6,7,0.5,0.5,0.5,0,1,0.170080957562568,0.617071524699152,0.775430797330006,919
"4340","nonsyn_ben","common",750,0.05,0.01,0.001,6.5,6,0.5,0.5,0.5,0,1,0.127021204592186,0.612221649102977,0.559542963344527,11672
"4341","nonsyn_ben","common",750,0.05,0.01,0.001,7,6,0.5,0.5,0.5,0,1,0.127711520223152,0.660538940942924,0.55365794764726,10755
"4342","nonsyn_ben","common",750,0.05,0.01,0.005,6,5.5,0.5,0.5,0.5,0,1,0.097019349593496,0.456060209600238,0.470087374132067,10455
"4343","nonsyn_ben","common",750,0.05,0.01,0.005,6,6,0.5,0.5,0.5,0,1,0.0887901853411963,0.444773124406579,0.423731802235573,4748
"4344","nonsyn_ben","common",750,0.05,0.01,0.005,6,6.5,0.5,0.5,0.5,0,1,0.102324430479183,0.484431119308105,0.478486818736553,1273
"4345","nonsyn_ben","common",750,0.05,0.01,0.005,6,7,0.5,0.5,0.5,0,1,0.113038110749186,0.513331998132133,0.539587339366414,307
"4346","nonsyn_ben","common",750,0.05,0.01,0.01,6,6.5,0.5,0.5,0.5,0,1,0.0741607035175879,0.397614809989195,0.36745683393823,995
"4347","nonsyn_ben","common",750,0.05,0.01,0.01,6,7,0.5,0.5,0.5,0,1,0.0905723981900454,0.437087328737201,0.435230275069638,221
"4348","nonsyn_ben","common",750,0.05,1,0.001,6,6,0.5,0.5,0.5,0,1,0.0575386261334725,0.225019861415126,0.338618861325316,15329
"4349","nonsyn_ben","common",750,0.05,1,0.001,6,6,0.5,0.5,0.75,0,1,0.053407267468137,0.179863942723527,0.475837251719874,11063
"4350","nonsyn_ben","common",750,0.05,1,0.001,6,6,0.5,0.5,1,0,1,NA,NA,NA,0
"4351","nonsyn_ben","common",750,0.05,5,0.001,6,6,0.5,0.5,0.5,0,1,0.0205224016145308,0.0728361220231389,0.183129619715961,991
"4352","nonsyn_ben","common",750,0.05,5,0.001,6,6,0.5,0.5,0.75,0,1,0.0226113636363636,0.063853020554358,0.30599222111034,220
"4353","nonsyn_ben","common",750,0.05,5,0.001,6,6,0.5,0.5,1,0,1,NA,NA,NA,0
"4354","nonsyn_ben","common",750,0.1,0.01,0.001,6,6,0.5,0.5,0.5,0,1,0.136307089906862,0.58572087943918,0.604763121808813,10522
"4355","nonsyn_ben","common",750,0.2,0.01,0.001,6,6,0.5,0.5,0.5,0,1,0.144899332777314,0.639023027095259,0.635515529580366,14388
"4356","nonsyn_ben","common",750,0.5,0.01,0.001,6,6,0.5,0.5,0.5,0,1,0.150385239276852,0.681580010868958,0.66149419866771,14105
"4357","nonsyn_ben","common",1000,0,0.01,0.001,6,6,0.5,0.5,0.5,0,1,0.00913013698630137,0.0753672161299367,0.0586025065287173,292
"4358","nonsyn_ben","common",1000,0.01,0.01,0.001,6,6,0.5,0.5,0.5,0,1,0.050923879007349,0.172727785770649,0.294450969741819,9389
"4359","nonsyn_ben","common",1000,0.05,0.01,0,6,5,0.5,0.5,0.5,0,1,0.0215018426647768,0.301202627361983,0.0863999222274812,2822
"4360","nonsyn_ben","common",1000,0.05,0.01,0,6,6.5,0.5,0.5,0.5,0,1,0.0417363780167162,0.316804616338432,0.182849085715845,46781
"4361","nonsyn_ben","common",1000,0.05,0.01,0,6,7,0.5,0.5,0.5,0,1,0.0403770870810847,0.31181665445536,0.172857837321898,15009
"4362","nonsyn_ben","common",1000,0.05,0.01,1e-04,6,5,0.5,0.5,0.5,0,1,0.0447472056033854,0.330416111566087,0.18856870615327,6853
"4363","nonsyn_ben","common",1000,0.05,0.01,1e-04,6,6,0.5,0.5,0.5,0,1,0.0574965756060023,0.338283433162479,0.253370749600059,28589
"4364","nonsyn_ben","common",1000,0.05,0.01,1e-04,6,6.5,0.5,0.5,0.5,0,1,0.0589573832417582,0.337133551445533,0.256852162708675,26208
"4365","nonsyn_ben","common",1000,0.05,0.01,1e-04,6,7,0.5,0.5,0.5,0,1,0.0614580379403794,0.337554469484184,0.272470257708199,9225
"4366","nonsyn_ben","common",1000,0.05,0.01,5e-04,6,5.5,0.5,0.5,0.5,0,1,0.0748450498612111,0.37457371239899,0.341963613904318,19454
"4367","nonsyn_ben","common",1000,0.05,0.01,5e-04,6,6,0.5,0.5,0.5,0,1,0.0925990761436448,0.402487636393615,0.422240780703716,20133
"4368","nonsyn_ben","common",1000,0.05,0.01,5e-04,6,6.5,0.5,0.5,0.5,0,1,0.117836243798724,0.442164614707038,0.539090287288451,7055
"4369","nonsyn_ben","common",1000,0.05,0.01,5e-04,6,7,0.5,0.5,0.5,0,1,0.1352235,0.476094240197804,0.632400244431933,2000
"4370","nonsyn_ben","common",1000,0.05,0.01,0.001,5,6,0.5,0.5,0.5,0,1,0.0098665677872995,0.0292538176856198,0.0730975826511198,9102
"4371","nonsyn_ben","common",1000,0.05,0.01,0.001,6,6,0.5,0.5,0.5,0,1,0.112564794550173,0.44395854444566,0.524196971392698,46240
"4372","nonsyn_ben","common",1000,0.05,0.01,0.001,6,6,0.5,0.5,0.75,0,1,0.101363493773946,0.388247282266354,0.670504539835102,8352
"4373","nonsyn_ben","common",1000,0.05,0.01,0.001,6,6,0.5,0.5,1,0,1,NA,NA,NA,0
"4374","nonsyn_ben","common",1000,0.05,0.01,0.001,6,6.5,0.5,0.5,0.5,0,1,0.136326224282817,0.499052082611835,0.639866507324871,3451
"4375","nonsyn_ben","common",1000,0.05,0.01,0.001,6,7,0.5,0.5,0.5,0,1,0.152396721311475,0.525397312082016,0.720811417081632,976
"4376","nonsyn_ben","common",1000,0.05,0.01,0.001,6.5,6,0.5,0.5,0.5,0,1,0.12196253431709,0.586360476955063,0.537178756685735,11656
"4377","nonsyn_ben","common",1000,0.05,0.01,0.001,7,6,0.5,0.5,0.5,0,1,0.12819749130196,0.652824322061203,0.559176461789224,10922
"4378","nonsyn_ben","common",1000,0.05,0.01,0.005,6,5.5,0.5,0.5,0.5,0,1,0.0846609144974164,0.38219978080884,0.433404978827562,10257
"4379","nonsyn_ben","common",1000,0.05,0.01,0.005,6,6,0.5,0.5,0.5,0,1,0.079234807846277,0.381254796479609,0.385819136363171,4996
"4380","nonsyn_ben","common",1000,0.05,0.01,0.005,6,6.5,0.5,0.5,0.5,0,1,0.0887043090638931,0.408811626584538,0.439519312055946,1346
"4381","nonsyn_ben","common",1000,0.05,0.01,0.005,6,7,0.5,0.5,0.5,0,1,0.103073667711599,0.461516136825514,0.493419829901817,319
"4382","nonsyn_ben","common",1000,0.05,0.01,0.01,6,6.5,0.5,0.5,0.5,0,1,0.0697755836575875,0.34611784196845,0.361765489744188,1028
"4383","nonsyn_ben","common",1000,0.05,0.01,0.01,6,7,0.5,0.5,0.5,0,1,0.0713159482758622,0.368938459893926,0.360262511464683,232
"4384","nonsyn_ben","common",1000,0.05,1,0.001,6,6,0.5,0.5,0.5,0,1,0.0542806449498591,0.203673608582952,0.325840590516984,15257
"4385","nonsyn_ben","common",1000,0.05,1,0.001,6,6,0.5,0.5,0.75,0,1,0.0480511288180611,0.156406961966396,0.442342477027814,11295
"4386","nonsyn_ben","common",1000,0.05,1,0.001,6,6,0.5,0.5,1,0,1,NA,NA,NA,0
"4387","nonsyn_ben","common",1000,0.05,5,0.001,6,6,0.5,0.5,0.5,0,1,0.017322550052687,0.0662167146140586,0.163206025178212,949
"4388","nonsyn_ben","common",1000,0.05,5,0.001,6,6,0.5,0.5,0.75,0,1,0.0166416243654822,0.0675682978575846,0.261227769407,197
"4389","nonsyn_ben","common",1000,0.05,5,0.001,6,6,0.5,0.5,1,0,1,NA,NA,NA,0
"4390","nonsyn_ben","common",1000,0.1,0.01,0.001,6,6,0.5,0.5,0.5,0,1,0.128555423055082,0.539932740604883,0.573464500580858,10566
"4391","nonsyn_ben","common",1000,0.2,0.01,0.001,6,6,0.5,0.5,0.5,0,1,0.14171040529476,0.6124954027227,0.625793743365471,14656
"4392","nonsyn_ben","common",1000,0.5,0.01,0.001,6,6,0.5,0.5,0.5,0,1,0.151230569875993,0.67022748444125,0.667274667596823,14354
"4393","nonsyn_ben","common",1500,0,0.01,0.001,6,6,0.5,0.5,0.5,0,1,0.00738402903811251,0.0505898072864204,0.0459469491451304,551
"4394","nonsyn_ben","common",1500,0.01,0.01,0.001,6,6,0.5,0.5,0.5,0,1,0.0353473573851372,0.112685696416862,0.218080994128915,16215
"4395","nonsyn_ben","common",1500,0.05,0.01,0,6,5,0.5,0.5,0.5,0,1,0.020548747553816,0.240783179275148,0.0921293087693384,5110
"4396","nonsyn_ben","common",1500,0.05,0.01,0,6,6.5,0.5,0.5,0.5,0,1,0.0348434119628352,0.260759106894939,0.152509024960434,87287
"4397","nonsyn_ben","common",1500,0.05,0.01,0,6,7,0.5,0.5,0.5,0,1,0.0367307265788147,0.262102426830059,0.163385387967716,27774
"4398","nonsyn_ben","common",1500,0.05,0.01,1e-04,6,5,0.5,0.5,0.5,0,1,0.0401685749272922,0.257609863880408,0.172266903634046,13066
"4399","nonsyn_ben","common",1500,0.05,0.01,1e-04,6,6,0.5,0.5,0.5,0,1,0.0493365925201662,0.280379920353284,0.217609817361646,53183
"4400","nonsyn_ben","common",1500,0.05,0.01,1e-04,6,6.5,0.5,0.5,0.5,0,1,0.0519306821657999,0.281725239599009,0.229108313443777,49035
"4401","nonsyn_ben","common",1500,0.05,0.01,1e-04,6,7,0.5,0.5,0.5,0,1,0.052631247861298,0.280083570564741,0.231972711478168,17534
"4402","nonsyn_ben","common",1500,0.05,0.01,5e-04,6,5.5,0.5,0.5,0.5,0,1,0.0659398235788295,0.313708262664209,0.309154600053324,35710
"4403","nonsyn_ben","common",1500,0.05,0.01,5e-04,6,6,0.5,0.5,0.5,0,1,0.0822268466782515,0.338344755259287,0.38289012630182,37405
"4404","nonsyn_ben","common",1500,0.05,0.01,5e-04,6,6.5,0.5,0.5,0.5,0,1,0.106335501772776,0.376204205206024,0.500563238760173,12974
"4405","nonsyn_ben","common",1500,0.05,0.01,5e-04,6,7,0.5,0.5,0.5,0,1,0.12349167826329,0.407421643535538,0.583768650172528,3593
"4406","nonsyn_ben","common",1500,0.05,0.01,0.001,5,6,0.5,0.5,0.5,0,1,0.00372392451834257,0.0167884851454712,0.0284225873880396,15156
"4407","nonsyn_ben","common",1500,0.05,0.01,0.001,6,6,0.5,0.5,0.5,0,1,0.0997164798166961,0.372375805619081,0.481594422802573,85541
"4408","nonsyn_ben","common",1500,0.05,0.01,0.001,6,6,0.5,0.5,0.75,0,1,0.0865675289864107,0.29726546944551,0.611300755633378,16042
"4409","nonsyn_ben","common",1500,0.05,0.01,0.001,6,6,0.5,0.5,1,0,1,NA,NA,NA,0
"4410","nonsyn_ben","common",1500,0.05,0.01,0.001,6,6.5,0.5,0.5,0.5,0,1,0.124379570581638,0.427261396745895,0.601997820821078,6241
"4411","nonsyn_ben","common",1500,0.05,0.01,0.001,6,7,0.5,0.5,0.5,0,1,0.136520257611241,0.450353677864965,0.677368987106353,1708
"4412","nonsyn_ben","common",1500,0.05,0.01,0.001,6.5,6,0.5,0.5,0.5,0,1,0.11807025959368,0.54748895868793,0.525275403098743,21264
"4413","nonsyn_ben","common",1500,0.05,0.01,0.001,7,6,0.5,0.5,0.5,0,1,0.124711648884078,0.636281261991586,0.542678312085423,19401
"4414","nonsyn_ben","common",1500,0.05,0.01,0.005,6,5.5,0.5,0.5,0.5,0,1,0.071677482109727,0.313958117436327,0.381934479856548,18865
"4415","nonsyn_ben","common",1500,0.05,0.01,0.005,6,6,0.5,0.5,0.5,0,1,0.0666819118488838,0.308578800843795,0.346133139241837,8735
"4416","nonsyn_ben","common",1500,0.05,0.01,0.005,6,6.5,0.5,0.5,0.5,0,1,0.0754156585156585,0.337741445799361,0.383079914728268,2331
"4417","nonsyn_ben","common",1500,0.05,0.01,0.005,6,7,0.5,0.5,0.5,0,1,0.0930566420664207,0.36407133903114,0.494217799735302,542
"4418","nonsyn_ben","common",1500,0.05,0.01,0.01,6,6.5,0.5,0.5,0.5,0,1,0.0574113782051282,0.285779371002964,0.297433522045582,1872
"4419","nonsyn_ben","common",1500,0.05,0.01,0.01,6,7,0.5,0.5,0.5,0,1,0.0664377192982456,0.306166609394077,0.361967111555605,456
"4420","nonsyn_ben","common",1500,0.05,1,0.001,6,6,0.5,0.5,0.5,0,1,0.0486912458907399,0.179488741934623,0.299880540219251,27073
"4421","nonsyn_ben","common",1500,0.05,1,0.001,6,6,0.5,0.5,0.75,0,1,0.0438463164017061,0.1328465648243,0.415028423312269,20632
"4422","nonsyn_ben","common",1500,0.05,1,0.001,6,6,0.5,0.5,1,0,1,NA,NA,NA,0
"4423","nonsyn_ben","common",1500,0.05,5,0.001,6,6,0.5,0.5,0.5,0,1,0.0169302028985507,0.0586156016064177,0.162629896669483,1725
"4424","nonsyn_ben","common",1500,0.05,5,0.001,6,6,0.5,0.5,0.75,0,1,0.0182405529953917,0.0491854188918227,0.265617825385339,434
"4425","nonsyn_ben","common",1500,0.05,5,0.001,6,6,0.5,0.5,1,0,1,NA,NA,NA,0
"4426","nonsyn_ben","common",1500,0.1,0.01,0.001,6,6,0.5,0.5,0.5,0,1,0.120248686434168,0.485619882719359,0.545342664995426,19527
"4427","nonsyn_ben","common",1500,0.2,0.01,0.001,6,6,0.5,0.5,0.5,0,1,0.135273426886616,0.573325904862645,0.599349153631123,26794
"4428","nonsyn_ben","common",1500,0.5,0.01,0.001,6,6,0.5,0.5,0.5,0,1,0.147646946710376,0.647723780670254,0.651885722297662,26234
"4429","nonsyn_ben","common",2000,0,0.01,0.001,6,6,0.5,0.5,0.5,0,1,0.00484,0.037527676309417,0.0394429406219161,550
"4430","nonsyn_ben","common",2000,0.01,0.01,0.001,6,6,0.5,0.5,0.5,0,1,0.0232029139930535,0.0703207644431756,0.15045224917615,16987
"4431","nonsyn_ben","common",2000,0.05,0.01,0,6,5,0.5,0.5,0.5,0,1,0.019061764206955,0.201317752107523,0.079857689993383,5895
"4432","nonsyn_ben","common",2000,0.05,0.01,0,6,6.5,0.5,0.5,0.5,0,1,0.0299257765055511,0.207895360096211,0.132252203257164,100611
"4433","nonsyn_ben","common",2000,0.05,0.01,0,6,7,0.5,0.5,0.5,0,1,0.0304658701687619,0.207885356989672,0.135665173174645,32057
"4434","nonsyn_ben","common",2000,0.05,0.01,1e-04,6,5,0.5,0.5,0.5,0,1,0.0321061309249127,0.201089152402897,0.142091877896094,15169
"4435","nonsyn_ben","common",2000,0.05,0.01,1e-04,6,6,0.5,0.5,0.5,0,1,0.0417776280587276,0.222768688306514,0.187320270434948,61300
"4436","nonsyn_ben","common",2000,0.05,0.01,1e-04,6,6.5,0.5,0.5,0.5,0,1,0.0438470699964826,0.222933226878553,0.197058039069247,56860
"4437","nonsyn_ben","common",2000,0.05,0.01,1e-04,6,7,0.5,0.5,0.5,0,1,0.0450722577764548,0.224479532555977,0.20246742821215,20157
"4438","nonsyn_ben","common",2000,0.05,0.01,5e-04,6,5.5,0.5,0.5,0.5,0,1,0.0564998648083966,0.249969894098725,0.275440940890033,40683
"4439","nonsyn_ben","common",2000,0.05,0.01,5e-04,6,6,0.5,0.5,0.5,0,1,0.0702750888522382,0.268914844486948,0.341121373555117,43049
"4440","nonsyn_ben","common",2000,0.05,0.01,5e-04,6,6.5,0.5,0.5,0.5,0,1,0.0922447895053878,0.300766216288782,0.452904527250149,14941
"4441","nonsyn_ben","common",2000,0.05,0.01,5e-04,6,7,0.5,0.5,0.5,0,1,0.103695767575323,0.319101156918705,0.510080286392901,4182
"4442","nonsyn_ben","common",2000,0.05,0.01,0.001,5,6,0.5,0.5,0.5,0,1,0.00120243769987329,0.0127318988039405,0.00908926153523454,16573
"4443","nonsyn_ben","common",2000,0.05,0.01,0.001,6,6,0.5,0.5,0.5,0,1,0.0858246343824668,0.297073354309255,0.436365248819112,97096
"4444","nonsyn_ben","common",2000,0.05,0.01,0.001,6,6,0.5,0.5,0.75,0,1,0.0704989578496621,0.213240116178215,0.544778153627578,19383
"4445","nonsyn_ben","common",2000,0.05,0.01,0.001,6,6,0.5,0.5,1,0,1,NA,NA,NA,0
"4446","nonsyn_ben","common",2000,0.05,0.01,0.001,6,6.5,0.5,0.5,0.5,0,1,0.107736197440585,0.341838608392906,0.556750520510083,7111
"4447","nonsyn_ben","common",2000,0.05,0.01,0.001,6,7,0.5,0.5,0.5,0,1,0.121880204081633,0.367574509966662,0.639415085700943,1960
"4448","nonsyn_ben","common",2000,0.05,0.01,0.001,6.5,6,0.5,0.5,0.5,0,1,0.11079258733077,0.504091727411905,0.500606227586353,23932
"4449","nonsyn_ben","common",2000,0.05,0.01,0.001,7,6,0.5,0.5,0.5,0,1,0.120200358114234,0.618114121862002,0.522376850133462,22060
"4450","nonsyn_ben","common",2000,0.05,0.01,0.005,6,5.5,0.5,0.5,0.5,0,1,0.0592773238889967,0.245995902836092,0.335460186732403,20612
"4451","nonsyn_ben","common",2000,0.05,0.01,0.005,6,6,0.5,0.5,0.5,0,1,0.0549658563315732,0.245333806931512,0.298379591031261,10037
"4452","nonsyn_ben","common",2000,0.05,0.01,0.005,6,6.5,0.5,0.5,0.5,0,1,0.0635458083832335,0.267111066550594,0.342952862124172,2672
"4453","nonsyn_ben","common",2000,0.05,0.01,0.005,6,7,0.5,0.5,0.5,0,1,0.0896452261306532,0.314037576809826,0.505410320421805,597
"4454","nonsyn_ben","common",2000,0.05,0.01,0.01,6,6.5,0.5,0.5,0.5,0,1,0.041658197104157,0.218967864830779,0.220079216784064,2141
"4455","nonsyn_ben","common",2000,0.05,0.01,0.01,6,7,0.5,0.5,0.5,0,1,0.0592302013422819,0.239002912356508,0.327793813055518,447
"4456","nonsyn_ben","common",2000,0.05,1,0.001,6,6,0.5,0.5,0.5,0,1,0.0426374851798182,0.149424113748096,0.269773432810412,30364
"4457","nonsyn_ben","common",2000,0.05,1,0.001,6,6,0.5,0.5,0.75,0,1,0.0376813343519226,0.106463973770679,0.376262457307541,23562
"4458","nonsyn_ben","common",2000,0.05,1,0.001,6,6,0.5,0.5,1,0,1,NA,NA,NA,0
"4459","nonsyn_ben","common",2000,0.05,5,0.001,6,6,0.5,0.5,0.5,0,1,0.0159950828433992,0.0515958249158199,0.1533083598975,1871
"4460","nonsyn_ben","common",2000,0.05,5,0.001,6,6,0.5,0.5,0.75,0,1,0.0179076576576576,0.0466226877714802,0.257941159730749,444
"4461","nonsyn_ben","common",2000,0.05,5,0.001,6,6,0.5,0.5,1,0,1,NA,NA,NA,0
"4462","nonsyn_ben","common",2000,0.1,0.01,0.001,6,6,0.5,0.5,0.5,0,1,0.11118784414159,0.428997969439785,0.51587615598182,21866
"4463","nonsyn_ben","common",2000,0.2,0.01,0.001,6,6,0.5,0.5,0.5,0,1,0.129283993570639,0.526461822088548,0.580740838700881,29863
"4464","nonsyn_ben","common",2000,0.5,0.01,0.001,6,6,0.5,0.5,0.5,0,1,0.143887509488648,0.620675354673707,0.635907494727993,28982
"4465","nonsyn_ben","common",2500,0,0.01,0.001,6,6,0.5,0.5,0.5,0,1,0.00116388888888889,0.0305420731546568,0.0161033443925476,108
"4466","nonsyn_ben","common",2500,0.01,0.01,0.001,6,6,0.5,0.5,0.5,0,1,0.0165726805681475,0.0524156353199911,0.111194202968152,3309
"4467","nonsyn_ben","common",2500,0.05,0.01,0,6,5,0.5,0.5,0.5,0,1,0.0130914587332054,0.173830241560687,0.0517412662082594,1042
"4468","nonsyn_ben","common",2500,0.05,0.01,0,6,6.5,0.5,0.5,0.5,0,1,0.0261523249650653,0.179423245753108,0.116573515166497,20753
"4469","nonsyn_ben","common",2500,0.05,0.01,0,6,7,0.5,0.5,0.5,0,1,0.027156814724673,0.17976138663757,0.121973978299391,6574
"4470","nonsyn_ben","common",2500,0.05,0.01,1e-04,6,5,0.5,0.5,0.5,0,1,0.0274975577987626,0.172613156916643,0.122217147755389,3071
"4471","nonsyn_ben","common",2500,0.05,0.01,1e-04,6,6,0.5,0.5,0.5,0,1,0.0376679967948718,0.192929014683467,0.17215789208617,12480
"4472","nonsyn_ben","common",2500,0.05,0.01,1e-04,6,6.5,0.5,0.5,0.5,0,1,0.0408273093401885,0.19528710689614,0.189143169531198,11670
"4473","nonsyn_ben","common",2500,0.05,0.01,1e-04,6,7,0.5,0.5,0.5,0,1,0.0409711089728169,0.195480554169488,0.183142781095212,4157
"4474","nonsyn_ben","common",2500,0.05,0.01,5e-04,6,5.5,0.5,0.5,0.5,0,1,0.0513198489751888,0.217309251487969,0.255531380695393,8343
"4475","nonsyn_ben","common",2500,0.05,0.01,5e-04,6,6,0.5,0.5,0.5,0,1,0.0625525615212528,0.233074156661288,0.309431874367198,8940
"4476","nonsyn_ben","common",2500,0.05,0.01,5e-04,6,6.5,0.5,0.5,0.5,0,1,0.0805693756194252,0.257567949004023,0.401921609854238,3027
"4477","nonsyn_ben","common",2500,0.05,0.01,5e-04,6,7,0.5,0.5,0.5,0,1,0.0949065060240964,0.287824979695927,0.470874625467783,830
"4478","nonsyn_ben","common",2500,0.05,0.01,0.001,5,6,0.5,0.5,0.5,0,1,0.000660855164107196,0.0122850441788675,0.00567585700750307,3321
"4479","nonsyn_ben","common",2500,0.05,0.01,0.001,6,6,0.5,0.5,0.5,0,1,0.0771999066244748,0.257414543247674,0.406152842648578,19277
"4480","nonsyn_ben","common",2500,0.05,0.01,0.001,6,6,0.5,0.5,0.75,0,1,0.0629595316041299,0.177552643988183,0.510476360183995,3971
"4481","nonsyn_ben","common",2500,0.05,0.01,0.001,6,6,0.5,0.5,1,0,1,NA,NA,NA,0
"4482","nonsyn_ben","common",2500,0.05,0.01,0.001,6,6.5,0.5,0.5,0.5,0,1,0.0956940072202166,0.29430051382215,0.515444464836987,1385
"4483","nonsyn_ben","common",2500,0.05,0.01,0.001,6,7,0.5,0.5,0.5,0,1,0.111926109660574,0.334172697182794,0.613695926603676,383
"4484","nonsyn_ben","common",2500,0.05,0.01,0.001,6.5,6,0.5,0.5,0.5,0,1,0.1089536900369,0.483554753836994,0.491253509577611,4878
"4485","nonsyn_ben","common",2500,0.05,0.01,0.001,7,6,0.5,0.5,0.5,0,1,0.123885522973909,0.611067989589743,0.544491418282675,4331
"4486","nonsyn_ben","common",2500,0.05,0.01,0.005,6,5.5,0.5,0.5,0.5,0,1,0.0511042654028436,0.207690013211393,0.300685899353641,4009
"4487","nonsyn_ben","common",2500,0.05,0.01,0.005,6,6,0.5,0.5,0.5,0,1,0.0464156154628688,0.206507041161828,0.256669436185696,1966
"4488","nonsyn_ben","common",2500,0.05,0.01,0.005,6,6.5,0.5,0.5,0.5,0,1,0.0535847145488029,0.21880896927086,0.302229947396004,543
"4489","nonsyn_ben","common",2500,0.05,0.01,0.005,6,7,0.5,0.5,0.5,0,1,0.0736411764705882,0.259676584341873,0.443425129301259,102
"4490","nonsyn_ben","common",2500,0.05,0.01,0.01,6,6.5,0.5,0.5,0.5,0,1,0.0366782407407407,0.200413614617923,0.201151236968489,432
"4491","nonsyn_ben","common",2500,0.05,0.01,0.01,6,7,0.5,0.5,0.5,0,1,0.0464152941176471,0.217750228469884,0.268308016273058,85
"4492","nonsyn_ben","common",2500,0.05,1,0.001,6,6,0.5,0.5,0.5,0,1,0.0387622625791403,0.13144520143018,0.248512606325299,6002
"4493","nonsyn_ben","common",2500,0.05,1,0.001,6,6,0.5,0.5,0.75,0,1,0.0339343348528802,0.0921467733107018,0.356382859266756,4826
"4494","nonsyn_ben","common",2500,0.05,1,0.001,6,6,0.5,0.5,1,0,1,NA,NA,NA,0
"4495","nonsyn_ben","common",2500,0.05,5,0.001,6,6,0.5,0.5,0.5,0,1,0.0158284653465347,0.0463983317535138,0.14766386337627,404
"4496","nonsyn_ben","common",2500,0.05,5,0.001,6,6,0.5,0.5,0.75,0,1,0.0166588235294118,0.0423504465083947,0.233380169147743,102
"4497","nonsyn_ben","common",2500,0.05,5,0.001,6,6,0.5,0.5,1,0,1,NA,NA,NA,0
"4498","nonsyn_ben","common",2500,0.1,0.01,0.001,6,6,0.5,0.5,0.5,0,1,0.107187139689579,0.39532651128931,0.507394641456686,4510
"4499","nonsyn_ben","common",2500,0.2,0.01,0.001,6,6,0.5,0.5,0.5,0,1,0.124184669887279,0.501618293885892,0.5584175992655,6210
"4500","nonsyn_ben","common",2500,0.5,0.01,0.001,6,6,0.5,0.5,0.5,0,1,0.140772997438087,0.602961797020476,0.620433192972297,5855
"4501","nonsyn_ben","common",3000,0,0.01,0.001,6,6,0.5,0.5,0.5,0,1,0.00206416083916084,0.0263674060098348,0.0168574469675895,572
"4502","nonsyn_ben","common",3000,0.01,0.01,0.001,6,6,0.5,0.5,0.5,0,1,0.0131356445908038,0.0436466630241734,0.089401424823393,16398
"4503","nonsyn_ben","common",3000,0.05,0.01,0,6,5,0.5,0.5,0.5,0,1,0.0135496871913072,0.151032082862448,0.0541853699297281,6074
"4504","nonsyn_ben","common",3000,0.05,0.01,0,6,6.5,0.5,0.5,0.5,0,1,0.0236257167248302,0.157813231062449,0.106982714138459,106596
"4505","nonsyn_ben","common",3000,0.05,0.01,0,6,7,0.5,0.5,0.5,0,1,0.0244236111523501,0.158160607323549,0.111529347677864,33679
"4506","nonsyn_ben","common",3000,0.05,0.01,1e-04,6,5,0.5,0.5,0.5,0,1,0.0255485661365523,0.151823423054708,0.116708468221706,15657
"4507","nonsyn_ben","common",3000,0.05,0.01,1e-04,6,6,0.5,0.5,0.5,0,1,0.0340152455460883,0.168046307853803,0.159622153466842,64550
"4508","nonsyn_ben","common",3000,0.05,0.01,1e-04,6,6.5,0.5,0.5,0.5,0,1,0.0362819804153301,0.170692829526349,0.169133530670789,59230
"4509","nonsyn_ben","common",3000,0.05,0.01,1e-04,6,7,0.5,0.5,0.5,0,1,0.0365501951930765,0.168575969697898,0.170684411216912,21261
"4510","nonsyn_ben","common",3000,0.05,0.01,5e-04,6,5.5,0.5,0.5,0.5,0,1,0.0459430297727434,0.189795900293875,0.234968644132371,42287
"4511","nonsyn_ben","common",3000,0.05,0.01,5e-04,6,6,0.5,0.5,0.5,0,1,0.0588750551627865,0.2066590222134,0.301831313421939,44414
"4512","nonsyn_ben","common",3000,0.05,0.01,5e-04,6,6.5,0.5,0.5,0.5,0,1,0.074636439453638,0.227274458044544,0.387283269976637,15228
"4513","nonsyn_ben","common",3000,0.05,0.01,5e-04,6,7,0.5,0.5,0.5,0,1,0.0890291285507944,0.250005571912606,0.468448231683365,4154
"4514","nonsyn_ben","common",3000,0.05,0.01,0.001,5,6,0.5,0.5,0.5,0,1,0.000217920949583944,0.0115815616869711,0.00240039111202053,16344
"4515","nonsyn_ben","common",3000,0.05,0.01,0.001,6,6,0.5,0.5,0.5,0,1,0.071207010528034,0.227143810695063,0.385528201394324,98024
"4516","nonsyn_ben","common",3000,0.05,0.01,0.001,6,6,0.5,0.5,0.75,0,1,0.0551146695536637,0.146421138013633,0.472760389180986,20321
"4517","nonsyn_ben","common",3000,0.05,0.01,0.001,6,6,0.5,0.5,1,0,1,NA,NA,NA,0
"4518","nonsyn_ben","common",3000,0.05,0.01,0.001,6,6.5,0.5,0.5,0.5,0,1,0.0883496380558428,0.257914692985386,0.493859017447091,6769
"4519","nonsyn_ben","common",3000,0.05,0.01,0.001,6,7,0.5,0.5,0.5,0,1,0.103949733759318,0.292066010108341,0.586988792775632,1878
"4520","nonsyn_ben","common",3000,0.05,0.01,0.001,6.5,6,0.5,0.5,0.5,0,1,0.103391053719008,0.454474744095544,0.474524676819969,24200
"4521","nonsyn_ben","common",3000,0.05,0.01,0.001,7,6,0.5,0.5,0.5,0,1,0.120231008813993,0.595723363880776,0.527941130563091,21897
"4522","nonsyn_ben","common",3000,0.05,0.01,0.005,6,5.5,0.5,0.5,0.5,0,1,0.0474476618882847,0.186357155260801,0.280661369335043,20230
"4523","nonsyn_ben","common",3000,0.05,0.01,0.005,6,6,0.5,0.5,0.5,0,1,0.0428595152690257,0.182702198210871,0.247092422161733,10315
"4524","nonsyn_ben","common",3000,0.05,0.01,0.005,6,6.5,0.5,0.5,0.5,0,1,0.0501822821728035,0.200353722429496,0.292776726102132,2743
"4525","nonsyn_ben","common",3000,0.05,0.01,0.005,6,7,0.5,0.5,0.5,0,1,0.0600199306759099,0.215627929886534,0.362620441724272,577
"4526","nonsyn_ben","common",3000,0.05,0.01,0.01,6,6.5,0.5,0.5,0.5,0,1,0.0340427862939585,0.166016982576267,0.18965776899594,2218
"4527","nonsyn_ben","common",3000,0.05,0.01,0.01,6,7,0.5,0.5,0.5,0,1,0.0354588486140725,0.177766655218851,0.200211226513465,469
"4528","nonsyn_ben","common",3000,0.05,1,0.001,6,6,0.5,0.5,0.5,0,1,0.0360760729294199,0.118855110049866,0.236379133982317,30221
"4529","nonsyn_ben","common",3000,0.05,1,0.001,6,6,0.5,0.5,0.75,0,1,0.0306328974507054,0.0806913563769105,0.330325154622143,24242
"4530","nonsyn_ben","common",3000,0.05,1,0.001,6,6,0.5,0.5,1,0,1,NA,NA,NA,0
"4531","nonsyn_ben","common",3000,0.05,5,0.001,6,6,0.5,0.5,0.5,0,1,0.0134853878852285,0.044784433213559,0.128152543975456,1882
"4532","nonsyn_ben","common",3000,0.05,5,0.001,6,6,0.5,0.5,0.75,0,1,0.018612356979405,0.0386527105132931,0.238970992127239,437
"4533","nonsyn_ben","common",3000,0.05,5,0.001,6,6,0.5,0.5,1,0,1,NA,NA,NA,0
"4534","nonsyn_ben","common",3000,0.1,0.01,0.001,6,6,0.5,0.5,0.5,0,1,0.0981710914843132,0.359295026176303,0.472643794905521,22758
"4535","nonsyn_ben","common",3000,0.2,0.01,0.001,6,6,0.5,0.5,0.5,0,1,0.121603191314361,0.479277441026164,0.55224737701952,30395
"4536","nonsyn_ben","common",3000,0.5,0.01,0.001,6,6,0.5,0.5,0.5,0,1,0.13897150057898,0.588804185006525,0.614407065794813,29362
"4537","nonsyn_ben","common",3500,0,0.01,0.001,6,6,0.5,0.5,0.5,0,1,0.000487410071942445,0.0245287802749158,0.00346808196997015,556
"4538","nonsyn_ben","common",3500,0.01,0.01,0.001,6,6,0.5,0.5,0.5,0,1,0.00881498771498771,0.0319206316670651,0.0613568885019483,16280
"4539","nonsyn_ben","common",3500,0.05,0.01,0,6,5,0.5,0.5,0.5,0,1,0.0124186611279757,0.11942165086625,0.0531134905176974,6259
"4540","nonsyn_ben","common",3500,0.05,0.01,0,6,6.5,0.5,0.5,0.5,0,1,0.0200672550067248,0.125761034206957,0.0947657559955866,108554
"4541","nonsyn_ben","common",3500,0.05,0.01,0,6,7,0.5,0.5,0.5,0,1,0.0206735278940428,0.126766726574091,0.0979332572985276,34882
"4542","nonsyn_ben","common",3500,0.05,0.01,1e-04,6,5,0.5,0.5,0.5,0,1,0.0218145100264851,0.129234315389531,0.104245770198427,15858
"4543","nonsyn_ben","common",3500,0.05,0.01,1e-04,6,6,0.5,0.5,0.5,0,1,0.0290002804245567,0.135228947894857,0.141038692633387,66328
"4544","nonsyn_ben","common",3500,0.05,0.01,1e-04,6,6.5,0.5,0.5,0.5,0,1,0.0303287360083786,0.137202406553314,0.146304144476152,61108
"4545","nonsyn_ben","common",3500,0.05,0.01,1e-04,6,7,0.5,0.5,0.5,0,1,0.03097705729995,0.135200960006818,0.149486685056044,22007
"4546","nonsyn_ben","common",3500,0.05,0.01,5e-04,6,5.5,0.5,0.5,0.5,0,1,0.0396677007174581,0.154784290789696,0.212434223106435,43905
"4547","nonsyn_ben","common",3500,0.05,0.01,5e-04,6,6,0.5,0.5,0.5,0,1,0.0503416631414895,0.167158651160994,0.271514081750716,44915
"4548","nonsyn_ben","common",3500,0.05,0.01,5e-04,6,6.5,0.5,0.5,0.5,0,1,0.0643865219911134,0.185463988310184,0.347831976968272,15529
"4549","nonsyn_ben","common",3500,0.05,0.01,5e-04,6,7,0.5,0.5,0.5,0,1,0.0755185926100259,0.199478281724547,0.414980817971047,4249
"4550","nonsyn_ben","common",3500,0.05,0.01,0.001,5,6,0.5,0.5,0.5,0,1,0.000128154091131797,0.0109117694005542,0.00135956504435187,16328
"4551","nonsyn_ben","common",3500,0.05,0.01,0.001,6,6,0.5,0.5,0.5,0,1,0.0615406194211799,0.185322061383079,0.350295601873367,98027
"4552","nonsyn_ben","common",3500,0.05,0.01,0.001,6,6,0.5,0.5,0.75,0,1,0.0470575644520974,0.114013699848191,0.435073016670722,20907
"4553","nonsyn_ben","common",3500,0.05,0.01,0.001,6,6,0.5,0.5,1,0,1,NA,NA,NA,0
"4554","nonsyn_ben","common",3500,0.05,0.01,0.001,6,6.5,0.5,0.5,0.5,0,1,0.0794711687195646,0.219489434733419,0.462698252567183,6982
"4555","nonsyn_ben","common",3500,0.05,0.01,0.001,6,7,0.5,0.5,0.5,0,1,0.0926364994663821,0.242651321552443,0.548721074129347,1874
"4556","nonsyn_ben","common",3500,0.05,0.01,0.001,6.5,6,0.5,0.5,0.5,0,1,0.097573065649468,0.418616392576651,0.454061661853861,24905
"4557","nonsyn_ben","common",3500,0.05,0.01,0.001,7,6,0.5,0.5,0.5,0,1,0.118378741278002,0.583557379444778,0.520704559376656,21784
"4558","nonsyn_ben","common",3500,0.05,0.01,0.005,6,5.5,0.5,0.5,0.5,0,1,0.0397362044014172,0.150448326940475,0.24452901707567,20039
"4559","nonsyn_ben","common",3500,0.05,0.01,0.005,6,6,0.5,0.5,0.5,0,1,0.0363529646189736,0.14870300972975,0.216008293093748,10288
"4560","nonsyn_ben","common",3500,0.05,0.01,0.005,6,6.5,0.5,0.5,0.5,0,1,0.0425444570563753,0.164008204703422,0.259549045995893,2643
"4561","nonsyn_ben","common",3500,0.05,0.01,0.005,6,7,0.5,0.5,0.5,0,1,0.0551046065259117,0.191194871302498,0.342750720672738,521
"4562","nonsyn_ben","common",3500,0.05,0.01,0.01,6,6.5,0.5,0.5,0.5,0,1,0.0265249192431934,0.131318473357058,0.148831366623954,2167
"4563","nonsyn_ben","common",3500,0.05,0.01,0.01,6,7,0.5,0.5,0.5,0,1,0.0248689903846154,0.143630705660068,0.142994081394808,416
"4564","nonsyn_ben","common",3500,0.05,1,0.001,6,6,0.5,0.5,0.5,0,1,0.0319116817892657,0.101059576203167,0.214703628492069,29867
"4565","nonsyn_ben","common",3500,0.05,1,0.001,6,6,0.5,0.5,0.75,0,1,0.0261388225079588,0.0663411421551989,0.295153873845169,24187
"4566","nonsyn_ben","common",3500,0.05,1,0.001,6,6,0.5,0.5,1,0,1,NA,NA,NA,0
"4567","nonsyn_ben","common",3500,0.05,5,0.001,6,6,0.5,0.5,0.5,0,1,0.0107182012847966,0.0375414143477565,0.108572643490302,1868
"4568","nonsyn_ben","common",3500,0.05,5,0.001,6,6,0.5,0.5,0.75,0,1,0.0115325056433409,0.0342211620419084,0.200641175768869,443
"4569","nonsyn_ben","common",3500,0.05,5,0.001,6,6,0.5,0.5,1,0,1,NA,NA,NA,0
"4570","nonsyn_ben","common",3500,0.1,0.01,0.001,6,6,0.5,0.5,0.5,0,1,0.0904404239639327,0.313693961908722,0.450587277392274,23068
"4571","nonsyn_ben","common",3500,0.2,0.01,0.001,6,6,0.5,0.5,0.5,0,1,0.1153777095716,0.441442337157374,0.532722799520616,30789
"4572","nonsyn_ben","common",3500,0.5,0.01,0.001,6,6,0.5,0.5,0.5,0,1,0.136276368424562,0.564969325751115,0.606251056679485,29998
"4573","nonsyn_ben","common",4000,0,0.01,0.001,6,6,0.5,0.5,0.5,0,1,0.00151749571183533,0.0196930602383508,0.00783360977315712,583
"4574","nonsyn_ben","common",4000,0.01,0.01,0.001,6,6,0.5,0.5,0.5,0,1,0.00615273089018677,0.0255168478423516,0.0442635004617901,15581
"4575","nonsyn_ben","common",4000,0.05,0.01,0,6,5,0.5,0.5,0.5,0,1,0.0101284452853989,0.0932405181907839,0.0417153880995008,6342
"4576","nonsyn_ben","common",4000,0.05,0.01,0,6,6.5,0.5,0.5,0.5,0,1,0.0172777058312511,0.103324827710344,0.0848444933200951,111657
"4577","nonsyn_ben","common",4000,0.05,0.01,0,6,7,0.5,0.5,0.5,0,1,0.0181356487843181,0.103925022541604,0.0894062271388225,35659
"4578","nonsyn_ben","common",4000,0.05,0.01,1e-04,6,5,0.5,0.5,0.5,0,1,0.0181412241441877,0.100268033098463,0.0898571361438595,16534
"4579","nonsyn_ben","common",4000,0.05,0.01,1e-04,6,6,0.5,0.5,0.5,0,1,0.0248884198008027,0.110651725112087,0.126035197516928,67270
"4580","nonsyn_ben","common",4000,0.05,0.01,1e-04,6,6.5,0.5,0.5,0.5,0,1,0.0258583505487411,0.112138197995965,0.129014671002012,61960
"4581","nonsyn_ben","common",4000,0.05,0.01,1e-04,6,7,0.5,0.5,0.5,0,1,0.0253157336343115,0.108856629752297,0.126831554130857,22150
"4582","nonsyn_ben","common",4000,0.05,0.01,5e-04,6,5.5,0.5,0.5,0.5,0,1,0.0331110322203748,0.124485885308812,0.184007256443311,44506
"4583","nonsyn_ben","common",4000,0.05,0.01,5e-04,6,6,0.5,0.5,0.5,0,1,0.0430299220423577,0.135625475613825,0.240500463150134,45281
"4584","nonsyn_ben","common",4000,0.05,0.01,5e-04,6,6.5,0.5,0.5,0.5,0,1,0.0564002654752655,0.152803815677028,0.321549053384696,15444
"4585","nonsyn_ben","common",4000,0.05,0.01,5e-04,6,7,0.5,0.5,0.5,0,1,0.0672843958573072,0.166643057920862,0.387167713957569,4345
"4586","nonsyn_ben","common",4000,0.05,0.01,0.001,5,6,0.5,0.5,0.5,0,1,0.000179709361676574,0.0111400526693171,0.00196988191732315,16653
"4587","nonsyn_ben","common",4000,0.05,0.01,0.001,6,6,0.5,0.5,0.5,0,1,0.0531923622504611,0.151713355421695,0.316182566785495,98131
"4588","nonsyn_ben","common",4000,0.05,0.01,0.001,6,6,0.5,0.5,0.75,0,1,0.0391932999669484,0.0870963481965572,0.390815231578481,21179
"4589","nonsyn_ben","common",4000,0.05,0.01,0.001,6,6,0.5,0.5,1,0,1,NA,NA,NA,0
"4590","nonsyn_ben","common",4000,0.05,0.01,0.001,6,6.5,0.5,0.5,0.5,0,1,0.0697120926756353,0.180985242314142,0.425678584972165,6690
"4591","nonsyn_ben","common",4000,0.05,0.01,0.001,6,7,0.5,0.5,0.5,0,1,0.0823421987784564,0.201021788418126,0.510046677499076,1801
"4592","nonsyn_ben","common",4000,0.05,0.01,0.001,6.5,6,0.5,0.5,0.5,0,1,0.0945062056239721,0.38834628402983,0.447983164035662,24929
"4593","nonsyn_ben","common",4000,0.05,0.01,0.001,7,6,0.5,0.5,0.5,0,1,0.114818243390867,0.563985177501784,0.507242042851465,22885
"4594","nonsyn_ben","common",4000,0.05,0.01,0.005,6,5.5,0.5,0.5,0.5,0,1,0.0319623020167241,0.119709122626167,0.203718978599171,20330
"4595","nonsyn_ben","common",4000,0.05,0.01,0.005,6,6,0.5,0.5,0.5,0,1,0.0267135946856287,0.117088755943006,0.163619359151567,10688
"4596","nonsyn_ben","common",4000,0.05,0.01,0.005,6,6.5,0.5,0.5,0.5,0,1,0.0341309523809524,0.129948348312628,0.213426561883004,2730
"4597","nonsyn_ben","common",4000,0.05,0.01,0.005,6,7,0.5,0.5,0.5,0,1,0.0483817307692308,0.154409603264509,0.329503241447493,520
"4598","nonsyn_ben","common",4000,0.05,0.01,0.01,6,6.5,0.5,0.5,0.5,0,1,0.0206842618384401,0.110093721773476,0.119188491265799,2154
"4599","nonsyn_ben","common",4000,0.05,0.01,0.01,6,7,0.5,0.5,0.5,0,1,0.0230578828828829,0.109447638492073,0.141056996689996,444
"4600","nonsyn_ben","common",4000,0.05,1,0.001,6,6,0.5,0.5,0.5,0,1,0.0273188388348216,0.0854284416219871,0.189919136344399,29901
"4601","nonsyn_ben","common",4000,0.05,1,0.001,6,6,0.5,0.5,0.75,0,1,0.0218577716245816,0.0545938736946736,0.262721996918655,24197
"4602","nonsyn_ben","common",4000,0.05,1,0.001,6,6,0.5,0.5,1,0,1,NA,NA,NA,0
"4603","nonsyn_ben","common",4000,0.05,5,0.001,6,6,0.5,0.5,0.5,0,1,0.0105967265047518,0.0361563663900974,0.105332475731877,1894
"4604","nonsyn_ben","common",4000,0.05,5,0.001,6,6,0.5,0.5,0.75,0,1,0.0107928746928747,0.0315764675400982,0.165693409507855,407
"4605","nonsyn_ben","common",4000,0.05,5,0.001,6,6,0.5,0.5,1,0,1,NA,NA,NA,0
"4606","nonsyn_ben","common",4000,0.1,0.01,0.001,6,6,0.5,0.5,0.5,0,1,0.0832547122239611,0.278766865993579,0.429363795191272,23004
"4607","nonsyn_ben","common",4000,0.2,0.01,0.001,6,6,0.5,0.5,0.5,0,1,0.109352020331181,0.405788649911413,0.513448462651219,31282
"4608","nonsyn_ben","common",4000,0.5,0.01,0.001,6,6,0.5,0.5,0.5,0,1,0.133698237157881,0.545135159975568,0.595751666356595,29668
"4609","nonsyn_ben","common",4500,0,0.01,0.001,6,6,0.5,0.5,0.5,0,1,0.000914402618657937,0.0157435041848769,0.00260952319652653,611
"4610","nonsyn_ben","common",4500,0.01,0.01,0.001,6,6,0.5,0.5,0.5,0,1,0.00426127260981912,0.0212237600990991,0.0298355019915476,15480
"4611","nonsyn_ben","common",4500,0.05,0.01,0,6,5,0.5,0.5,0.5,0,1,0.00794016330303497,0.0794062587253671,0.0371914889953554,6491
"4612","nonsyn_ben","common",4500,0.05,0.01,0,6,6.5,0.5,0.5,0.5,0,1,0.0145632119026309,0.0842422933276523,0.0737399266998936,112849
"4613","nonsyn_ben","common",4500,0.05,0.01,0,6,7,0.5,0.5,0.5,0,1,0.0154300971940036,0.085014696062834,0.0782102203651163,36422
"4614","nonsyn_ben","common",4500,0.05,0.01,1e-04,6,5,0.5,0.5,0.5,0,1,0.0162862887158123,0.0854429814799268,0.0841655286728077,16563
"4615","nonsyn_ben","common",4500,0.05,0.01,1e-04,6,6,0.5,0.5,0.5,0,1,0.0209979336808572,0.091208558120609,0.110901354534074,69060
"4616","nonsyn_ben","common",4500,0.05,0.01,1e-04,6,6.5,0.5,0.5,0.5,0,1,0.0222891199218688,0.0922104621538804,0.115843333825765,63483
"4617","nonsyn_ben","common",4500,0.05,0.01,1e-04,6,7,0.5,0.5,0.5,0,1,0.0223757347135714,0.0904373474708193,0.117891536662909,22798
"4618","nonsyn_ben","common",4500,0.05,0.01,5e-04,6,5.5,0.5,0.5,0.5,0,1,0.0289351038900172,0.103125417663296,0.168767947757298,44807
"4619","nonsyn_ben","common",4500,0.05,0.01,5e-04,6,6,0.5,0.5,0.5,0,1,0.0369787035614755,0.111790753977768,0.214947194830748,45571
"4620","nonsyn_ben","common",4500,0.05,0.01,5e-04,6,6.5,0.5,0.5,0.5,0,1,0.0484870776373485,0.123676807260621,0.285763221436079,15508
"4621","nonsyn_ben","common",4500,0.05,0.01,5e-04,6,7,0.5,0.5,0.5,0,1,0.0591638237384506,0.137302749870488,0.353833601575698,4221
"4622","nonsyn_ben","common",4500,0.05,0.01,0.001,5,6,0.5,0.5,0.5,0,1,0.000204630411190159,0.0106850871967787,0.0018866630827302,16586
"4623","nonsyn_ben","common",4500,0.05,0.01,0.001,6,6,0.5,0.5,0.5,0,1,0.0468196848027686,0.125898066481331,0.28959031288257,96511
"4624","nonsyn_ben","common",4500,0.05,0.01,0.001,6,6,0.5,0.5,0.75,0,1,0.0330048145224941,0.0696844758443836,0.352055168672874,21539
"4625","nonsyn_ben","common",4500,0.05,0.01,0.001,6,6,0.5,0.5,1,0,1,NA,NA,NA,0
"4626","nonsyn_ben","common",4500,0.05,0.01,0.001,6,6.5,0.5,0.5,0.5,0,1,0.0603593419861153,0.149189255779122,0.387970363179644,6626
"4627","nonsyn_ben","common",4500,0.05,0.01,0.001,6,7,0.5,0.5,0.5,0,1,0.0729482030804335,0.169368306701809,0.476780736838919,1753
"4628","nonsyn_ben","common",4500,0.05,0.01,0.001,6.5,6,0.5,0.5,0.5,0,1,0.0905188453331226,0.360858808856938,0.436429088765402,25306
"4629","nonsyn_ben","common",4500,0.05,0.01,0.001,7,6,0.5,0.5,0.5,0,1,0.114303152994906,0.549405491336498,0.508210176038731,22772
"4630","nonsyn_ben","common",4500,0.05,0.01,0.005,6,5.5,0.5,0.5,0.5,0,1,0.0265466482343811,0.099517427583799,0.173811425338314,20616
"4631","nonsyn_ben","common",4500,0.05,0.01,0.005,6,6,0.5,0.5,0.5,0,1,0.0225982635715591,0.0947999013024775,0.141830332585575,10942
"4632","nonsyn_ben","common",4500,0.05,0.01,0.005,6,6.5,0.5,0.5,0.5,0,1,0.0286304093567251,0.108826229730758,0.186258935101365,2736
"4633","nonsyn_ben","common",4500,0.05,0.01,0.005,6,7,0.5,0.5,0.5,0,1,0.0335187258687259,0.117134027101374,0.228976092325316,518
"4634","nonsyn_ben","common",4500,0.05,0.01,0.01,6,6.5,0.5,0.5,0.5,0,1,0.0173471552116523,0.0896904538237112,0.102519113601872,2197
"4635","nonsyn_ben","common",4500,0.05,0.01,0.01,6,7,0.5,0.5,0.5,0,1,0.0223454545454545,0.100438083979632,0.136595787763578,418
"4636","nonsyn_ben","common",4500,0.05,1,0.001,6,6,0.5,0.5,0.5,0,1,0.0233773630845174,0.0721692191903556,0.167530196502279,29982
"4637","nonsyn_ben","common",4500,0.05,1,0.001,6,6,0.5,0.5,0.75,0,1,0.018697264999384,0.0448848808675309,0.23582128333489,24351
"4638","nonsyn_ben","common",4500,0.05,1,0.001,6,6,0.5,0.5,1,0,1,NA,NA,NA,0
"4639","nonsyn_ben","common",4500,0.05,5,0.001,6,6,0.5,0.5,0.5,0,1,0.00803107810781078,0.0309627619219569,0.0882020328748443,1818
"4640","nonsyn_ben","common",4500,0.05,5,0.001,6,6,0.5,0.5,0.75,0,1,0.0110724137931034,0.0256829211913562,0.172848085653512,406
"4641","nonsyn_ben","common",4500,0.05,5,0.001,6,6,0.5,0.5,1,0,1,NA,NA,NA,0
"4642","nonsyn_ben","common",4500,0.1,0.01,0.001,6,6,0.5,0.5,0.5,0,1,0.076355640632976,0.245576016789426,0.404448512894147,23508
"4643","nonsyn_ben","common",4500,0.2,0.01,0.001,6,6,0.5,0.5,0.5,0,1,0.103906824823252,0.376697554367566,0.494858017380677,31825
"4644","nonsyn_ben","common",4500,0.5,0.01,0.001,6,6,0.5,0.5,0.5,0,1,0.13006907617181,0.521167517017528,0.5850454510583,30103
"4645","nonsyn_ben","common",5000,0,0.01,0.001,6,6,0.5,0.5,0.5,0,1,0.00256758241758242,0.015541981285057,0.00983493297667139,546
"4646","nonsyn_ben","common",5000,0.01,0.01,0.001,6,6,0.5,0.5,0.5,0,1,0.00332843484656014,0.019057300880619,0.024196181705352,14957
"4647","nonsyn_ben","common",5000,0.05,0.01,0,6,5,0.5,0.5,0.5,0,1,0.00783900511390051,0.0665372429775091,0.0360956709430318,6453
"4648","nonsyn_ben","common",5000,0.05,0.01,0,6,6.5,0.5,0.5,0.5,0,1,0.0126500178036389,0.07108614065824,0.0662522300517594,115145
"4649","nonsyn_ben","common",5000,0.05,0.01,0,6,7,0.5,0.5,0.5,0,1,0.0125421886936593,0.0712415370408098,0.0651667321176234,36652
"4650","nonsyn_ben","common",5000,0.05,0.01,1e-04,6,5,0.5,0.5,0.5,0,1,0.0139345648890438,0.0694670952910326,0.0730641730429106,17214
"4651","nonsyn_ben","common",5000,0.05,0.01,1e-04,6,6,0.5,0.5,0.5,0,1,0.0184068288617127,0.0757816194634871,0.0999477620933117,69587
"4652","nonsyn_ben","common",5000,0.05,0.01,1e-04,6,6.5,0.5,0.5,0.5,0,1,0.0188011542936933,0.0765267674451799,0.100395805263371,64455
"4653","nonsyn_ben","common",5000,0.05,0.01,1e-04,6,7,0.5,0.5,0.5,0,1,0.0191570286359884,0.0758213004624029,0.103354367485608,23013
"4654","nonsyn_ben","common",5000,0.05,0.01,5e-04,6,5.5,0.5,0.5,0.5,0,1,0.0253163008916461,0.0869521747414706,0.151286142242202,44973
"4655","nonsyn_ben","common",5000,0.05,0.01,5e-04,6,6,0.5,0.5,0.5,0,1,0.032175644363447,0.0927017244975171,0.193385875983232,46092
"4656","nonsyn_ben","common",5000,0.05,0.01,5e-04,6,6.5,0.5,0.5,0.5,0,1,0.0430381289359216,0.103675330559784,0.264209911635068,15403
"4657","nonsyn_ben","common",5000,0.05,0.01,5e-04,6,7,0.5,0.5,0.5,0,1,0.0498526957794584,0.113641162441351,0.31061474841409,4099
"4658","nonsyn_ben","common",5000,0.05,0.01,0.001,5,6,0.5,0.5,0.5,0,1,6.80175246440297e-05,0.010592413983767,0.001234652239349,16434
"4659","nonsyn_ben","common",5000,0.05,0.01,0.001,6,6,0.5,0.5,0.5,0,1,0.0401862632723281,0.105179461447427,0.256961233312205,94746
"4660","nonsyn_ben","common",5000,0.05,0.01,0.001,6,6,0.5,0.5,0.75,0,1,0.0283723855444247,0.0575353815788289,0.321974281560893,21362
"4661","nonsyn_ben","common",5000,0.05,0.01,0.001,6,6,0.5,0.5,1,0,1,NA,NA,NA,0
"4662","nonsyn_ben","common",5000,0.05,0.01,0.001,6,6.5,0.5,0.5,0.5,0,1,0.052688568787552,0.125727682173259,0.349027025421775,6491
"4663","nonsyn_ben","common",5000,0.05,0.01,0.001,6,7,0.5,0.5,0.5,0,1,0.0653773079213818,0.145627912836828,0.437763376524969,1679
"4664","nonsyn_ben","common",5000,0.05,0.01,0.001,6.5,6,0.5,0.5,0.5,0,1,0.0872903830901015,0.336216922305732,0.428235391865911,25216
"4665","nonsyn_ben","common",5000,0.05,0.01,0.001,7,6,0.5,0.5,0.5,0,1,0.111851510476925,0.535744664520183,0.497413317050779,23337
"4666","nonsyn_ben","common",5000,0.05,0.01,0.005,6,5.5,0.5,0.5,0.5,0,1,0.0212413052553458,0.0801160163989664,0.141410147328009,21559
"4667","nonsyn_ben","common",5000,0.05,0.01,0.005,6,6,0.5,0.5,0.5,0,1,0.0189620898100173,0.0790266153800909,0.119769817475579,11580
"4668","nonsyn_ben","common",5000,0.05,0.01,0.005,6,6.5,0.5,0.5,0.5,0,1,0.0226623639191291,0.0873127799413783,0.14890785071792,2572
"4669","nonsyn_ben","common",5000,0.05,0.01,0.005,6,7,0.5,0.5,0.5,0,1,0.0247313725490196,0.0910352462520426,0.175825459839364,510
"4670","nonsyn_ben","common",5000,0.05,0.01,0.01,6,6.5,0.5,0.5,0.5,0,1,0.0151022737819026,0.0733945730453783,0.0854122944640119,2155
"4671","nonsyn_ben","common",5000,0.05,0.01,0.01,6,7,0.5,0.5,0.5,0,1,0.0141798076923077,0.0743887260103226,0.0938011687923728,416
"4672","nonsyn_ben","common",5000,0.05,1,0.001,6,6,0.5,0.5,0.5,0,1,0.019787481576103,0.0620854933879205,0.144412590411838,30531
"4673","nonsyn_ben","common",5000,0.05,1,0.001,6,6,0.5,0.5,0.75,0,1,0.016404489465154,0.0385888246379267,0.211391451589391,24680
"4674","nonsyn_ben","common",5000,0.05,1,0.001,6,6,0.5,0.5,1,0,1,NA,NA,NA,0
"4675","nonsyn_ben","common",5000,0.05,5,0.001,6,6,0.5,0.5,0.5,0,1,0.00655739957716702,0.0284751036929877,0.0726449287543213,1892
"4676","nonsyn_ben","common",5000,0.05,5,0.001,6,6,0.5,0.5,0.75,0,1,0.00770098765432098,0.0237493624946204,0.140888566178015,405
"4677","nonsyn_ben","common",5000,0.05,5,0.001,6,6,0.5,0.5,1,0,1,NA,NA,NA,0
"4678","nonsyn_ben","common",5000,0.1,0.01,0.001,6,6,0.5,0.5,0.5,0,1,0.0712483595524523,0.218956939814434,0.390707498958715,23774
"4679","nonsyn_ben","common",5000,0.2,0.01,0.001,6,6,0.5,0.5,0.5,0,1,0.0997607959828901,0.350456618263737,0.48491651839933,32262
"4680","nonsyn_ben","common",5000,0.5,0.01,0.001,6,6,0.5,0.5,0.5,0,1,0.126892158789427,0.500950100646986,0.573194987649983,30531
"4681","nonsyn_ben","common",7500,0,0.01,0.001,6,6,0.5,0.5,0.5,0,1,0.00142016393442623,0.017398657808686,0.0103581777014129,610
"4682","nonsyn_ben","common",7500,0.01,0.01,0.001,6,6,0.5,0.5,0.5,0,1,0.00212567877003598,0.0172953075717336,0.0164100738820542,15285
"4683","nonsyn_ben","common",7500,0.05,0.01,0,6,5,0.5,0.5,0.5,0,1,0.00625005350863782,0.0567403844632856,0.028767696382572,6541
"4684","nonsyn_ben","common",7500,0.05,0.01,0,6,6.5,0.5,0.5,0.5,0,1,0.0112081086643342,0.0597427023515882,0.0606829227506637,116616
"4685","nonsyn_ben","common",7500,0.05,0.01,0,6,7,0.5,0.5,0.5,0,1,0.0107860181885869,0.0601656583974412,0.0575210589659268,37606
"4686","nonsyn_ben","common",7500,0.05,0.01,1e-04,6,5,0.5,0.5,0.5,0,1,0.011688121577218,0.0593468811812547,0.060536942972894,18260
"4687","nonsyn_ben","common",7500,0.05,0.01,1e-04,6,6,0.5,0.5,0.5,0,1,0.0155534650694133,0.0639318513378308,0.086000708360924,71456
"4688","nonsyn_ben","common",7500,0.05,0.01,1e-04,6,6.5,0.5,0.5,0.5,0,1,0.0167375101708706,0.0647883652533513,0.0918460026086243,65137
"4689","nonsyn_ben","common",7500,0.05,0.01,1e-04,6,7,0.5,0.5,0.5,0,1,0.0163698232758621,0.0630293239332483,0.0919834863280558,23200
"4690","nonsyn_ben","common",7500,0.05,0.01,5e-04,6,5.5,0.5,0.5,0.5,0,1,0.0220627843474973,0.0718177269403129,0.135663094503087,47609
"4691","nonsyn_ben","common",7500,0.05,0.01,5e-04,6,6,0.5,0.5,0.5,0,1,0.0283002873187933,0.0780825714245174,0.176484591179304,45942
"4692","nonsyn_ben","common",7500,0.05,0.01,5e-04,6,6.5,0.5,0.5,0.5,0,1,0.0371588380469584,0.0867579350339523,0.235169180997705,14992
"4693","nonsyn_ben","common",7500,0.05,0.01,5e-04,6,7,0.5,0.5,0.5,0,1,0.0437383646245059,0.0942541453663637,0.282687479275131,4048
"4694","nonsyn_ben","common",7500,0.05,0.01,0.001,5,6,0.5,0.5,0.5,0,1,0.000234956761950516,0.0106900494026434,0.00197146819417126,16652
"4695","nonsyn_ben","common",7500,0.05,0.01,0.001,6,6,0.5,0.5,0.5,0,1,0.0351052562778047,0.0886638540789538,0.231764012586915,94858
"4696","nonsyn_ben","common",7500,0.05,0.01,0.001,6,6,0.5,0.5,0.75,0,1,0.0239430703526818,0.0469044117827228,0.286902197588098,21776
"4697","nonsyn_ben","common",7500,0.05,0.01,0.001,6,6,0.5,0.5,1,0,1,NA,NA,NA,0
"4698","nonsyn_ben","common",7500,0.05,0.01,0.001,6,6.5,0.5,0.5,0.5,0,1,0.0455853471242752,0.105270095374011,0.312493913879595,6381
"4699","nonsyn_ben","common",7500,0.05,0.01,0.001,6,7,0.5,0.5,0.5,0,1,0.0570966645689113,0.12002228512466,0.401550743186054,1589
"4700","nonsyn_ben","common",7500,0.05,0.01,0.001,6.5,6,0.5,0.5,0.5,0,1,0.0847619768477293,0.313485574704254,0.424215802385924,25829
"4701","nonsyn_ben","common",7500,0.05,0.01,0.001,7,6,0.5,0.5,0.5,0,1,0.110289102291117,0.519374270410849,0.492164499916422,23482
"4702","nonsyn_ben","common",7500,0.05,0.01,0.005,6,5.5,0.5,0.5,0.5,0,1,0.0162496673439305,0.0649390704186761,0.108595986924696,25101
"4703","nonsyn_ben","common",7500,0.05,0.01,0.005,6,6,0.5,0.5,0.5,0,1,0.0147292031903972,0.0645867466950732,0.0927649302167403,12663
"4704","nonsyn_ben","common",7500,0.05,0.01,0.005,6,6.5,0.5,0.5,0.5,0,1,0.0177750721500721,0.0712527666934797,0.114440241611334,2772
"4705","nonsyn_ben","common",7500,0.05,0.01,0.005,6,7,0.5,0.5,0.5,0,1,0.0258469667318982,0.0875205033567121,0.185185113454407,511
"4706","nonsyn_ben","common",7500,0.05,0.01,0.01,6,6.5,0.5,0.5,0.5,0,1,0.0126452920662598,0.0595557101019622,0.0747633679683454,2294
"4707","nonsyn_ben","common",7500,0.05,0.01,0.01,6,7,0.5,0.5,0.5,0,1,0.0104403301886792,0.0641794822210471,0.0638012194546478,424
"4708","nonsyn_ben","common",7500,0.05,1,0.001,6,6,0.5,0.5,0.5,0,1,0.0171704536909387,0.0527499104105127,0.126924805386708,31916
"4709","nonsyn_ben","common",7500,0.05,1,0.001,6,6,0.5,0.5,0.75,0,1,0.013952203962525,0.0330715410089298,0.189057633965919,26044
"4710","nonsyn_ben","common",7500,0.05,1,0.001,6,6,0.5,0.5,1,0,1,NA,NA,NA,0
"4711","nonsyn_ben","common",7500,0.05,5,0.001,6,6,0.5,0.5,0.5,0,1,0.00599062957540263,0.0271578023074424,0.065547950543846,2049
"4712","nonsyn_ben","common",7500,0.05,5,0.001,6,6,0.5,0.5,0.75,0,1,0.00836168831168831,0.0244957196155329,0.139315357742315,462
"4713","nonsyn_ben","common",7500,0.05,5,0.001,6,6,0.5,0.5,1,0,1,NA,NA,NA,0
"4714","nonsyn_ben","common",7500,0.1,0.01,0.001,6,6,0.5,0.5,0.5,0,1,0.0652834454518865,0.195482081384372,0.36844038935991,23933
"4715","nonsyn_ben","common",7500,0.2,0.01,0.001,6,6,0.5,0.5,0.5,0,1,0.0937545667447307,0.323834234041414,0.464391284713952,32879
"4716","nonsyn_ben","common",7500,0.5,0.01,0.001,6,6,0.5,0.5,0.5,0,1,0.124419030162711,0.48469852469979,0.566611457374831,31098
"4717","nonsyn_ben","common",10000,0,0.01,0.001,6,6,0.5,0.5,0.5,0,1,NA,NA,NA,0
"4718","nonsyn_ben","common",10000,0.01,0.01,0.001,6,6,0.5,0.5,0.5,0,1,NA,NA,NA,0
"4719","nonsyn_ben","common",10000,0.05,0.01,0,6,5,0.5,0.5,0.5,0,1,NA,NA,NA,0
"4720","nonsyn_ben","common",10000,0.05,0.01,0,6,6.5,0.5,0.5,0.5,0,1,NA,NA,NA,0
"4721","nonsyn_ben","common",10000,0.05,0.01,0,6,7,0.5,0.5,0.5,0,1,NA,NA,NA,0
"4722","nonsyn_ben","common",10000,0.05,0.01,1e-04,6,5,0.5,0.5,0.5,0,1,NA,NA,NA,0
"4723","nonsyn_ben","common",10000,0.05,0.01,1e-04,6,6,0.5,0.5,0.5,0,1,NA,NA,NA,0
"4724","nonsyn_ben","common",10000,0.05,0.01,1e-04,6,6.5,0.5,0.5,0.5,0,1,NA,NA,NA,0
"4725","nonsyn_ben","common",10000,0.05,0.01,1e-04,6,7,0.5,0.5,0.5,0,1,NA,NA,NA,0
"4726","nonsyn_ben","common",10000,0.05,0.01,5e-04,6,5.5,0.5,0.5,0.5,0,1,NA,NA,NA,0
"4727","nonsyn_ben","common",10000,0.05,0.01,5e-04,6,6,0.5,0.5,0.5,0,1,NA,NA,NA,0
"4728","nonsyn_ben","common",10000,0.05,0.01,5e-04,6,6.5,0.5,0.5,0.5,0,1,NA,NA,NA,0
"4729","nonsyn_ben","common",10000,0.05,0.01,5e-04,6,7,0.5,0.5,0.5,0,1,NA,NA,NA,0
"4730","nonsyn_ben","common",10000,0.05,0.01,0.001,5,6,0.5,0.5,0.5,0,1,NA,NA,NA,0
"4731","nonsyn_ben","common",10000,0.05,0.01,0.001,6,6,0.5,0.5,0.5,0,1,NA,NA,NA,0
"4732","nonsyn_ben","common",10000,0.05,0.01,0.001,6,6,0.5,0.5,0.75,0,1,NA,NA,NA,0
"4733","nonsyn_ben","common",10000,0.05,0.01,0.001,6,6,0.5,0.5,1,0,1,NA,NA,NA,0
"4734","nonsyn_ben","common",10000,0.05,0.01,0.001,6,6.5,0.5,0.5,0.5,0,1,NA,NA,NA,0
"4735","nonsyn_ben","common",10000,0.05,0.01,0.001,6,7,0.5,0.5,0.5,0,1,NA,NA,NA,0
"4736","nonsyn_ben","common",10000,0.05,0.01,0.001,6.5,6,0.5,0.5,0.5,0,1,NA,NA,NA,0
"4737","nonsyn_ben","common",10000,0.05,0.01,0.001,7,6,0.5,0.5,0.5,0,1,NA,NA,NA,0
"4738","nonsyn_ben","common",10000,0.05,0.01,0.005,6,5.5,0.5,0.5,0.5,0,1,NA,NA,NA,0
"4739","nonsyn_ben","common",10000,0.05,0.01,0.005,6,6,0.5,0.5,0.5,0,1,NA,NA,NA,0
"4740","nonsyn_ben","common",10000,0.05,0.01,0.005,6,6.5,0.5,0.5,0.5,0,1,NA,NA,NA,0
"4741","nonsyn_ben","common",10000,0.05,0.01,0.005,6,7,0.5,0.5,0.5,0,1,NA,NA,NA,0
"4742","nonsyn_ben","common",10000,0.05,0.01,0.01,6,6.5,0.5,0.5,0.5,0,1,NA,NA,NA,0
"4743","nonsyn_ben","common",10000,0.05,0.01,0.01,6,7,0.5,0.5,0.5,0,1,NA,NA,NA,0
"4744","nonsyn_ben","common",10000,0.05,1,0.001,6,6,0.5,0.5,0.5,0,1,NA,NA,NA,0
"4745","nonsyn_ben","common",10000,0.05,1,0.001,6,6,0.5,0.5,0.75,0,1,NA,NA,NA,0
"4746","nonsyn_ben","common",10000,0.05,1,0.001,6,6,0.5,0.5,1,0,1,NA,NA,NA,0
"4747","nonsyn_ben","common",10000,0.05,5,0.001,6,6,0.5,0.5,0.5,0,1,NA,NA,NA,0
"4748","nonsyn_ben","common",10000,0.05,5,0.001,6,6,0.5,0.5,0.75,0,1,NA,NA,NA,0
"4749","nonsyn_ben","common",10000,0.05,5,0.001,6,6,0.5,0.5,1,0,1,NA,NA,NA,0
"4750","nonsyn_ben","common",10000,0.1,0.01,0.001,6,6,0.5,0.5,0.5,0,1,NA,NA,NA,0
"4751","nonsyn_ben","common",10000,0.2,0.01,0.001,6,6,0.5,0.5,0.5,0,1,NA,NA,NA,0
"4752","nonsyn_ben","common",10000,0.5,0.01,0.001,6,6,0.5,0.5,0.5,0,1,NA,NA,NA,0
"4753","nonsyn_ben","int",15,0,0.01,0.001,6,6,0.5,0.5,0.5,0,1,NA,NA,NA,0
"4754","nonsyn_ben","int",15,0.01,0.01,0.001,6,6,0.5,0.5,0.5,0,1,NA,NA,NA,0
"4755","nonsyn_ben","int",15,0.05,0.01,0,6,5,0.5,0.5,0.5,0,1,NA,NA,NA,0
"4756","nonsyn_ben","int",15,0.05,0.01,0,6,6.5,0.5,0.5,0.5,0,1,0.0650666666666667,0.673373399529658,1,3
"4757","nonsyn_ben","int",15,0.05,0.01,0,6,7,0.5,0.5,0.5,0,1,-0.0344,0.367712453940875,0,2
"4758","nonsyn_ben","int",15,0.05,0.01,1e-04,6,5,0.5,0.5,0.5,0,1,NA,NA,NA,0
"4759","nonsyn_ben","int",15,0.05,0.01,1e-04,6,6,0.5,0.5,0.5,0,1,-0.1148,0.741602067183462,-1,1
"4760","nonsyn_ben","int",15,0.05,0.01,1e-04,6,6.5,0.5,0.5,0.5,0,1,0.0650999999999999,0.999999999999999,1,1
"4761","nonsyn_ben","int",15,0.05,0.01,1e-04,6,7,0.5,0.5,0.5,0,1,NA,NA,NA,0
"4762","nonsyn_ben","int",15,0.05,0.01,5e-04,6,5.5,0.5,0.5,0.5,0,1,0.0063,0.00744416873449132,1,1
"4763","nonsyn_ben","int",15,0.05,0.01,5e-04,6,6,0.5,0.5,0.5,0,1,-0.016,0.119431384236757,-0.0498866213151927,3
"4764","nonsyn_ben","int",15,0.05,0.01,5e-04,6,6.5,0.5,0.5,0.5,0,1,-0.1539,1,-1,1
"4765","nonsyn_ben","int",15,0.05,0.01,5e-04,6,7,0.5,0.5,0.5,0,1,NA,NA,NA,0
"4766","nonsyn_ben","int",15,0.05,0.01,0.001,5,6,0.5,0.5,0.5,0,1,NA,NA,NA,0
"4767","nonsyn_ben","int",15,0.05,0.01,0.001,6,6,0.5,0.5,0.5,0,1,NA,NA,NA,0
"4768","nonsyn_ben","int",15,0.05,0.01,0.001,6,6,0.5,0.5,0.75,0,1,0.0624571428571429,0.647304527213653,0.518609033324395,70
"4769","nonsyn_ben","int",15,0.05,0.01,0.001,6,6,0.5,0.5,1,0,1,NA,NA,NA,0
"4770","nonsyn_ben","int",15,0.05,0.01,0.001,6,6.5,0.5,0.5,0.5,0,1,0.0054,0.00631283610007014,1,1
"4771","nonsyn_ben","int",15,0.05,0.01,0.001,6,7,0.5,0.5,0.5,0,1,0.0072,0.00871342956300956,1,2
"4772","nonsyn_ben","int",15,0.05,0.01,0.001,6.5,6,0.5,0.5,0.5,0,1,NA,NA,NA,0
"4773","nonsyn_ben","int",15,0.05,0.01,0.001,7,6,0.5,0.5,0.5,0,1,NA,NA,NA,0
"4774","nonsyn_ben","int",15,0.05,0.01,0.005,6,5.5,0.5,0.5,0.5,0,1,NA,NA,NA,0
"4775","nonsyn_ben","int",15,0.05,0.01,0.005,6,6,0.5,0.5,0.5,0,1,NA,NA,NA,0
"4776","nonsyn_ben","int",15,0.05,0.01,0.005,6,6.5,0.5,0.5,0.5,0,1,NA,NA,NA,0
"4777","nonsyn_ben","int",15,0.05,0.01,0.005,6,7,0.5,0.5,0.5,0,1,NA,NA,NA,0
"4778","nonsyn_ben","int",15,0.05,0.01,0.01,6,6.5,0.5,0.5,0.5,0,1,NA,NA,NA,0
"4779","nonsyn_ben","int",15,0.05,0.01,0.01,6,7,0.5,0.5,0.5,0,1,NA,NA,NA,0
"4780","nonsyn_ben","int",15,0.05,1,0.001,6,6,0.5,0.5,0.5,0,1,-0.00543243243243244,0.377622831534958,0.292561421774905,37
"4781","nonsyn_ben","int",15,0.05,1,0.001,6,6,0.5,0.5,0.75,0,1,0.0105401360544218,0.172403364030805,0.438570627273382,147
"4782","nonsyn_ben","int",15,0.05,1,0.001,6,6,0.5,0.5,1,0,1,NA,NA,NA,0
"4783","nonsyn_ben","int",15,0.05,5,0.001,6,6,0.5,0.5,0.5,0,1,0.01319,0.136438500819544,0.584725706436077,10
"4784","nonsyn_ben","int",15,0.05,5,0.001,6,6,0.5,0.5,0.75,0,1,0.0046695652173913,0.0618220211068401,0.672701453786533,23
"4785","nonsyn_ben","int",15,0.05,5,0.001,6,6,0.5,0.5,1,0,1,NA,NA,NA,0
"4786","nonsyn_ben","int",15,0.1,0.01,0.001,6,6,0.5,0.5,0.5,0,1,-0.0564,0.999999999999999,-1,1
"4787","nonsyn_ben","int",15,0.2,0.01,0.001,6,6,0.5,0.5,0.5,0,1,0.0144,0.0188383045525903,1,1
"4788","nonsyn_ben","int",15,0.5,0.01,0.001,6,6,0.5,0.5,0.5,0,1,NA,NA,NA,0
"4789","nonsyn_ben","int",50,0,0.01,0.001,6,6,0.5,0.5,0.5,0,1,NA,NA,NA,0
"4790","nonsyn_ben","int",50,0.01,0.01,0.001,6,6,0.5,0.5,0.5,0,1,NA,NA,NA,0
"4791","nonsyn_ben","int",50,0.05,0.01,0,6,5,0.5,0.5,0.5,0,1,NA,NA,NA,0
"4792","nonsyn_ben","int",50,0.05,0.01,0,6,6.5,0.5,0.5,0.5,0,1,-0.0327666666666667,0.536176744537507,-0.439156819555491,6
"4793","nonsyn_ben","int",50,0.05,0.01,0,6,7,0.5,0.5,0.5,0,1,NA,NA,NA,2
"4794","nonsyn_ben","int",50,0.05,0.01,1e-04,6,5,0.5,0.5,0.5,0,1,NA,NA,NA,0
"4795","nonsyn_ben","int",50,0.05,0.01,1e-04,6,6,0.5,0.5,0.5,0,1,-0.00398333333333334,0.155818892495166,0.514227642276423,6
"4796","nonsyn_ben","int",50,0.05,0.01,1e-04,6,6.5,0.5,0.5,0.5,0,1,NA,NA,NA,2
"4797","nonsyn_ben","int",50,0.05,0.01,1e-04,6,7,0.5,0.5,0.5,0,1,NA,NA,NA,0
"4798","nonsyn_ben","int",50,0.05,0.01,5e-04,6,5.5,0.5,0.5,0.5,0,1,NA,NA,NA,2
"4799","nonsyn_ben","int",50,0.05,0.01,5e-04,6,6,0.5,0.5,0.5,0,1,NA,NA,NA,0
"4800","nonsyn_ben","int",50,0.05,0.01,5e-04,6,6.5,0.5,0.5,0.5,0,1,NA,NA,NA,0
"4801","nonsyn_ben","int",50,0.05,0.01,5e-04,6,7,0.5,0.5,0.5,0,1,NA,NA,NA,0
"4802","nonsyn_ben","int",50,0.05,0.01,0.001,5,6,0.5,0.5,0.5,0,1,NA,NA,NA,0
"4803","nonsyn_ben","int",50,0.05,0.01,0.001,6,6,0.5,0.5,0.5,0,1,NA,NA,NA,4
"4804","nonsyn_ben","int",50,0.05,0.01,0.001,6,6,0.5,0.5,0.75,0,1,0.0634851851851852,0.61116997262029,0.577831073277977,81
"4805","nonsyn_ben","int",50,0.05,0.01,0.001,6,6,0.5,0.5,1,0,1,NA,NA,NA,0
"4806","nonsyn_ben","int",50,0.05,0.01,0.001,6,6.5,0.5,0.5,0.5,0,1,NA,NA,NA,0
"4807","nonsyn_ben","int",50,0.05,0.01,0.001,6,7,0.5,0.5,0.5,0,1,NA,NA,NA,0
"4808","nonsyn_ben","int",50,0.05,0.01,0.001,6.5,6,0.5,0.5,0.5,0,1,NA,NA,NA,0
"4809","nonsyn_ben","int",50,0.05,0.01,0.001,7,6,0.5,0.5,0.5,0,1,NA,NA,NA,0
"4810","nonsyn_ben","int",50,0.05,0.01,0.005,6,5.5,0.5,0.5,0.5,0,1,NA,NA,NA,0
"4811","nonsyn_ben","int",50,0.05,0.01,0.005,6,6,0.5,0.5,0.5,0,1,NA,NA,NA,0
"4812","nonsyn_ben","int",50,0.05,0.01,0.005,6,6.5,0.5,0.5,0.5,0,1,NA,NA,NA,0
"4813","nonsyn_ben","int",50,0.05,0.01,0.005,6,7,0.5,0.5,0.5,0,1,NA,NA,NA,0
"4814","nonsyn_ben","int",50,0.05,0.01,0.01,6,6.5,0.5,0.5,0.5,0,1,NA,NA,NA,0
"4815","nonsyn_ben","int",50,0.05,0.01,0.01,6,7,0.5,0.5,0.5,0,1,NA,NA,NA,0
"4816","nonsyn_ben","int",50,0.05,1,0.001,6,6,0.5,0.5,0.5,0,1,-0.00844150943396227,0.27242739474151,0.367833565484948,53
"4817","nonsyn_ben","int",50,0.05,1,0.001,6,6,0.5,0.5,0.75,0,1,0.00211860465116279,0.172825575767953,0.276096447814959,215
"4818","nonsyn_ben","int",50,0.05,1,0.001,6,6,0.5,0.5,1,0,1,NA,NA,NA,0
"4819","nonsyn_ben","int",50,0.05,5,0.001,6,6,0.5,0.5,0.5,0,1,-0.0177117647058824,0.123942710403834,0.201594126640879,17
"4820","nonsyn_ben","int",50,0.05,5,0.001,6,6,0.5,0.5,0.75,0,1,-5.26315789473745e-05,0.0369229550901589,0.38653811229545,19
"4821","nonsyn_ben","int",50,0.05,5,0.001,6,6,0.5,0.5,1,0,1,NA,NA,NA,0
"4822","nonsyn_ben","int",50,0.1,0.01,0.001,6,6,0.5,0.5,0.5,0,1,NA,NA,NA,0
"4823","nonsyn_ben","int",50,0.2,0.01,0.001,6,6,0.5,0.5,0.5,0,1,NA,NA,NA,0
"4824","nonsyn_ben","int",50,0.5,0.01,0.001,6,6,0.5,0.5,0.5,0,1,NA,NA,NA,1
"4825","nonsyn_ben","int",100,0,0.01,0.001,6,6,0.5,0.5,0.5,0,1,NA,NA,NA,0
"4826","nonsyn_ben","int",100,0.01,0.01,0.001,6,6,0.5,0.5,0.5,0,1,NA,NA,NA,0
"4827","nonsyn_ben","int",100,0.05,0.01,0,6,5,0.5,0.5,0.5,0,1,NA,NA,NA,0
"4828","nonsyn_ben","int",100,0.05,0.01,0,6,6.5,0.5,0.5,0.5,0,1,-0.0338833333333333,0.204504108467467,-0.340791167233889,12
"4829","nonsyn_ben","int",100,0.05,0.01,0,6,7,0.5,0.5,0.5,0,1,-0.00609166666666666,0.169529586091797,0.284774078852486,12
"4830","nonsyn_ben","int",100,0.05,0.01,1e-04,6,5,0.5,0.5,0.5,0,1,NA,NA,NA,0
"4831","nonsyn_ben","int",100,0.05,0.01,1e-04,6,6,0.5,0.5,0.5,0,1,-0.0441666666666667,0.328852509818474,-0.265643788431042,9
"4832","nonsyn_ben","int",100,0.05,0.01,1e-04,6,6.5,0.5,0.5,0.5,0,1,-0.0185583333333333,0.539139205221995,-0.0685883046994158,12
"4833","nonsyn_ben","int",100,0.05,0.01,1e-04,6,7,0.5,0.5,0.5,0,1,-0.0091,0.425936179812148,0.0290697674418607,4
"4834","nonsyn_ben","int",100,0.05,0.01,5e-04,6,5.5,0.5,0.5,0.5,0,1,0.01128,0.299269091718353,0.341802641802642,5
"4835","nonsyn_ben","int",100,0.05,0.01,5e-04,6,6,0.5,0.5,0.5,0,1,NA,NA,NA,3
"4836","nonsyn_ben","int",100,0.05,0.01,5e-04,6,6.5,0.5,0.5,0.5,0,1,-0.00674,0.098822854784278,0.6,5
"4837","nonsyn_ben","int",100,0.05,0.01,5e-04,6,7,0.5,0.5,0.5,0,1,NA,NA,NA,2
"4838","nonsyn_ben","int",100,0.05,0.01,0.001,5,6,0.5,0.5,0.5,0,1,NA,NA,NA,2
"4839","nonsyn_ben","int",100,0.05,0.01,0.001,6,6,0.5,0.5,0.5,0,1,NA,NA,NA,1
"4840","nonsyn_ben","int",100,0.05,0.01,0.001,6,6,0.5,0.5,0.75,0,1,0.0556842490842491,0.563636844488702,0.468419789133773,273
"4841","nonsyn_ben","int",100,0.05,0.01,0.001,6,6,0.5,0.5,1,0,1,NA,NA,NA,0
"4842","nonsyn_ben","int",100,0.05,0.01,0.001,6,6.5,0.5,0.5,0.5,0,1,NA,NA,NA,0
"4843","nonsyn_ben","int",100,0.05,0.01,0.001,6,7,0.5,0.5,0.5,0,1,NA,NA,NA,0
"4844","nonsyn_ben","int",100,0.05,0.01,0.001,6.5,6,0.5,0.5,0.5,0,1,NA,NA,NA,0
"4845","nonsyn_ben","int",100,0.05,0.01,0.001,7,6,0.5,0.5,0.5,0,1,NA,NA,NA,0
"4846","nonsyn_ben","int",100,0.05,0.01,0.005,6,5.5,0.5,0.5,0.5,0,1,NA,NA,NA,0
"4847","nonsyn_ben","int",100,0.05,0.01,0.005,6,6,0.5,0.5,0.5,0,1,NA,NA,NA,1
"4848","nonsyn_ben","int",100,0.05,0.01,0.005,6,6.5,0.5,0.5,0.5,0,1,NA,NA,NA,1
"4849","nonsyn_ben","int",100,0.05,0.01,0.005,6,7,0.5,0.5,0.5,0,1,NA,NA,NA,0
"4850","nonsyn_ben","int",100,0.05,0.01,0.01,6,6.5,0.5,0.5,0.5,0,1,NA,NA,NA,0
"4851","nonsyn_ben","int",100,0.05,0.01,0.01,6,7,0.5,0.5,0.5,0,1,NA,NA,NA,0
"4852","nonsyn_ben","int",100,0.05,1,0.001,6,6,0.5,0.5,0.5,0,1,-0.00599946808510638,0.23509578305224,0.337507057366668,188
"4853","nonsyn_ben","int",100,0.05,1,0.001,6,6,0.5,0.5,0.75,0,1,0.00166683937823834,0.173303091278347,0.22991292070042,772
"4854","nonsyn_ben","int",100,0.05,1,0.001,6,6,0.5,0.5,1,0,1,NA,NA,NA,0
"4855","nonsyn_ben","int",100,0.05,5,0.001,6,6,0.5,0.5,0.5,0,1,-0.00410153846153846,0.155047364741969,0.43877641445725,65
"4856","nonsyn_ben","int",100,0.05,5,0.001,6,6,0.5,0.5,0.75,0,1,0.00658723404255319,0.0636823191114969,0.576316358900443,94
"4857","nonsyn_ben","int",100,0.05,5,0.001,6,6,0.5,0.5,1,0,1,NA,NA,NA,0
"4858","nonsyn_ben","int",100,0.1,0.01,0.001,6,6,0.5,0.5,0.5,0,1,NA,NA,NA,1
"4859","nonsyn_ben","int",100,0.2,0.01,0.001,6,6,0.5,0.5,0.5,0,1,NA,NA,NA,1
"4860","nonsyn_ben","int",100,0.5,0.01,0.001,6,6,0.5,0.5,0.5,0,1,-0.00883333333333333,0.404300472370772,-0.0476186764767013,3
"4861","nonsyn_ben","int",200,0,0.01,0.001,6,6,0.5,0.5,0.5,0,1,NA,NA,NA,0
"4862","nonsyn_ben","int",200,0.01,0.01,0.001,6,6,0.5,0.5,0.5,0,1,NA,NA,NA,2
"4863","nonsyn_ben","int",200,0.05,0.01,0,6,5,0.5,0.5,0.5,0,1,NA,NA,NA,0
"4864","nonsyn_ben","int",200,0.05,0.01,0,6,6.5,0.5,0.5,0.5,0,1,-0.00163529411764704,0.277834534408892,0.199920203771744,17
"4865","nonsyn_ben","int",200,0.05,0.01,0,6,7,0.5,0.5,0.5,0,1,NA,NA,NA,6
"4866","nonsyn_ben","int",200,0.05,0.01,1e-04,6,5,0.5,0.5,0.5,0,1,NA,NA,NA,0
"4867","nonsyn_ben","int",200,0.05,0.01,1e-04,6,6,0.5,0.5,0.5,0,1,-0.0129225,0.297164017731127,0.00461274281951039,40
"4868","nonsyn_ben","int",200,0.05,0.01,1e-04,6,6.5,0.5,0.5,0.5,0,1,-0.000876923076923069,0.152678978097251,0.176679039934823,26
"4869","nonsyn_ben","int",200,0.05,0.01,1e-04,6,7,0.5,0.5,0.5,0,1,-0.0177,0.24043904367841,0.299483648881239,7
"4870","nonsyn_ben","int",200,0.05,0.01,5e-04,6,5.5,0.5,0.5,0.5,0,1,NA,NA,NA,5
"4871","nonsyn_ben","int",200,0.05,0.01,5e-04,6,6,0.5,0.5,0.5,0,1,NA,NA,NA,4
"4872","nonsyn_ben","int",200,0.05,0.01,5e-04,6,6.5,0.5,0.5,0.5,0,1,0.000866666666666665,0.0758952177338914,0.570818070818071,9
"4873","nonsyn_ben","int",200,0.05,0.01,5e-04,6,7,0.5,0.5,0.5,0,1,NA,NA,NA,2
"4874","nonsyn_ben","int",200,0.05,0.01,0.001,5,6,0.5,0.5,0.5,0,1,NA,NA,NA,2
"4875","nonsyn_ben","int",200,0.05,0.01,0.001,6,6,0.5,0.5,0.5,0,1,NA,NA,NA,13
"4876","nonsyn_ben","int",200,0.05,0.01,0.001,6,6,0.5,0.5,0.75,0,1,0.0444255597014926,0.500501407375059,0.385391306654636,536
"4877","nonsyn_ben","int",200,0.05,0.01,0.001,6,6,0.5,0.5,1,0,1,NA,NA,NA,0
"4878","nonsyn_ben","int",200,0.05,0.01,0.001,6,6.5,0.5,0.5,0.5,0,1,NA,NA,NA,3
"4879","nonsyn_ben","int",200,0.05,0.01,0.001,6,7,0.5,0.5,0.5,0,1,NA,NA,NA,0
"4880","nonsyn_ben","int",200,0.05,0.01,0.001,6.5,6,0.5,0.5,0.5,0,1,NA,NA,NA,2
"4881","nonsyn_ben","int",200,0.05,0.01,0.001,7,6,0.5,0.5,0.5,0,1,NA,NA,NA,3
"4882","nonsyn_ben","int",200,0.05,0.01,0.005,6,5.5,0.5,0.5,0.5,0,1,NA,NA,NA,0
"4883","nonsyn_ben","int",200,0.05,0.01,0.005,6,6,0.5,0.5,0.5,0,1,NA,NA,NA,0
"4884","nonsyn_ben","int",200,0.05,0.01,0.005,6,6.5,0.5,0.5,0.5,0,1,NA,NA,NA,0
"4885","nonsyn_ben","int",200,0.05,0.01,0.005,6,7,0.5,0.5,0.5,0,1,NA,NA,NA,0
"4886","nonsyn_ben","int",200,0.05,0.01,0.01,6,6.5,0.5,0.5,0.5,0,1,NA,NA,NA,2
"4887","nonsyn_ben","int",200,0.05,0.01,0.01,6,7,0.5,0.5,0.5,0,1,NA,NA,NA,0
"4888","nonsyn_ben","int",200,0.05,1,0.001,6,6,0.5,0.5,0.5,0,1,-0.00492687861271676,0.151122685163752,0.387049688682164,346
"4889","nonsyn_ben","int",200,0.05,1,0.001,6,6,0.5,0.5,0.75,0,1,0.00173099870298314,0.138065420405483,0.284338423985297,1542
"4890","nonsyn_ben","int",200,0.05,1,0.001,6,6,0.5,0.5,1,0,1,NA,NA,NA,0
"4891","nonsyn_ben","int",200,0.05,5,0.001,6,6,0.5,0.5,0.5,0,1,-0.000604166666666667,0.0658689316231504,0.468663017120266,144
"4892","nonsyn_ben","int",200,0.05,5,0.001,6,6,0.5,0.5,0.75,0,1,0.00309700598802395,0.0428397054286571,0.487580355900327,167
"4893","nonsyn_ben","int",200,0.05,5,0.001,6,6,0.5,0.5,1,0,1,NA,NA,NA,0
"4894","nonsyn_ben","int",200,0.1,0.01,0.001,6,6,0.5,0.5,0.5,0,1,NA,NA,NA,2
"4895","nonsyn_ben","int",200,0.2,0.01,0.001,6,6,0.5,0.5,0.5,0,1,NA,NA,NA,2
"4896","nonsyn_ben","int",200,0.5,0.01,0.001,6,6,0.5,0.5,0.5,0,1,NA,NA,NA,0
"4897","nonsyn_ben","int",300,0,0.01,0.001,6,6,0.5,0.5,0.5,0,1,NA,NA,NA,0
"4898","nonsyn_ben","int",300,0.01,0.01,0.001,6,6,0.5,0.5,0.5,0,1,NA,NA,NA,1
"4899","nonsyn_ben","int",300,0.05,0.01,0,6,5,0.5,0.5,0.5,0,1,NA,NA,NA,0
"4900","nonsyn_ben","int",300,0.05,0.01,0,6,6.5,0.5,0.5,0.5,0,1,-0.0191714285714286,0.185881690615604,0.0194816610459148,14
"4901","nonsyn_ben","int",300,0.05,0.01,0,6,7,0.5,0.5,0.5,0,1,0.0123,0.112635357395925,0.194205554721706,6
"4902","nonsyn_ben","int",300,0.05,0.01,1e-04,6,5,0.5,0.5,0.5,0,1,NA,NA,NA,0
"4903","nonsyn_ben","int",300,0.05,0.01,1e-04,6,6,0.5,0.5,0.5,0,1,-0.0293285714285714,0.176693980617863,-0.437423616111303,14
"4904","nonsyn_ben","int",300,0.05,0.01,1e-04,6,6.5,0.5,0.5,0.5,0,1,-0.0288,0.203099784438822,-0.226064280206228,12
"4905","nonsyn_ben","int",300,0.05,0.01,1e-04,6,7,0.5,0.5,0.5,0,1,-0.0197666666666667,0.130373845816455,-0.0835393816025093,6
"4906","nonsyn_ben","int",300,0.05,0.01,5e-04,6,5.5,0.5,0.5,0.5,0,1,NA,NA,NA,0
"4907","nonsyn_ben","int",300,0.05,0.01,5e-04,6,6,0.5,0.5,0.5,0,1,NA,NA,NA,3
"4908","nonsyn_ben","int",300,0.05,0.01,5e-04,6,6.5,0.5,0.5,0.5,0,1,0.01,0.0127621116570651,1,3
"4909","nonsyn_ben","int",300,0.05,0.01,5e-04,6,7,0.5,0.5,0.5,0,1,-0.0439,0.377012082894678,0.0478927203065135,2
"4910","nonsyn_ben","int",300,0.05,0.01,0.001,5,6,0.5,0.5,0.5,0,1,0.008,0.00878079124096718,0.652505446623093,4
"4911","nonsyn_ben","int",300,0.05,0.01,0.001,6,6,0.5,0.5,0.5,0,1,NA,NA,NA,9
"4912","nonsyn_ben","int",300,0.05,0.01,0.001,6,6,0.5,0.5,0.75,0,1,0.0382655660377358,0.416851086296122,0.379650643758493,424
"4913","nonsyn_ben","int",300,0.05,0.01,0.001,6,6,0.5,0.5,1,0,1,NA,NA,NA,0
"4914","nonsyn_ben","int",300,0.05,0.01,0.001,6,6.5,0.5,0.5,0.5,0,1,-0.0183333333333333,0.247333011345823,-0.0246913580246914,3
"4915","nonsyn_ben","int",300,0.05,0.01,0.001,6,7,0.5,0.5,0.5,0,1,NA,NA,NA,1
"4916","nonsyn_ben","int",300,0.05,0.01,0.001,6.5,6,0.5,0.5,0.5,0,1,0.04838,0.390904676322425,1,5
"4917","nonsyn_ben","int",300,0.05,0.01,0.001,7,6,0.5,0.5,0.5,0,1,-0.0215666666666666,0.559709493497696,-0.333333333333333,3
"4918","nonsyn_ben","int",300,0.05,0.01,0.005,6,5.5,0.5,0.5,0.5,0,1,NA,NA,NA,0
"4919","nonsyn_ben","int",300,0.05,0.01,0.005,6,6,0.5,0.5,0.5,0,1,NA,NA,NA,1
"4920","nonsyn_ben","int",300,0.05,0.01,0.005,6,6.5,0.5,0.5,0.5,0,1,NA,NA,NA,1
"4921","nonsyn_ben","int",300,0.05,0.01,0.005,6,7,0.5,0.5,0.5,0,1,NA,NA,NA,0
"4922","nonsyn_ben","int",300,0.05,0.01,0.01,6,6.5,0.5,0.5,0.5,0,1,NA,NA,NA,0
"4923","nonsyn_ben","int",300,0.05,0.01,0.01,6,7,0.5,0.5,0.5,0,1,NA,NA,NA,1
"4924","nonsyn_ben","int",300,0.05,1,0.001,6,6,0.5,0.5,0.5,0,1,-0.00642274368231047,0.139528772096945,0.285217038853718,277
"4925","nonsyn_ben","int",300,0.05,1,0.001,6,6,0.5,0.5,0.75,0,1,-0.00164370044052863,0.129040126251716,0.212601161167601,1135
"4926","nonsyn_ben","int",300,0.05,1,0.001,6,6,0.5,0.5,1,0,1,NA,NA,NA,0
"4927","nonsyn_ben","int",300,0.05,5,0.001,6,6,0.5,0.5,0.5,0,1,0.000879807692307695,0.056853086922898,0.50127072343401,104
"4928","nonsyn_ben","int",300,0.05,5,0.001,6,6,0.5,0.5,0.75,0,1,0.0030256,0.0373923878731486,0.529893984188979,125
"4929","nonsyn_ben","int",300,0.05,5,0.001,6,6,0.5,0.5,1,0,1,NA,NA,NA,0
"4930","nonsyn_ben","int",300,0.1,0.01,0.001,6,6,0.5,0.5,0.5,0,1,NA,NA,NA,0
"4931","nonsyn_ben","int",300,0.2,0.01,0.001,6,6,0.5,0.5,0.5,0,1,NA,NA,NA,0
"4932","nonsyn_ben","int",300,0.5,0.01,0.001,6,6,0.5,0.5,0.5,0,1,NA,NA,NA,1
"4933","nonsyn_ben","int",500,0,0.01,0.001,6,6,0.5,0.5,0.5,0,1,NA,NA,NA,0
"4934","nonsyn_ben","int",500,0.01,0.01,0.001,6,6,0.5,0.5,0.5,0,1,NA,NA,NA,3
"4935","nonsyn_ben","int",500,0.05,0.01,0,6,5,0.5,0.5,0.5,0,1,NA,NA,NA,0
"4936","nonsyn_ben","int",500,0.05,0.01,0,6,6.5,0.5,0.5,0.5,0,1,-0.00250000000000001,0.0818643286661704,0.0811216343988965,42
"4937","nonsyn_ben","int",500,0.05,0.01,0,6,7,0.5,0.5,0.5,0,1,NA,NA,NA,11
"4938","nonsyn_ben","int",500,0.05,0.01,1e-04,6,5,0.5,0.5,0.5,0,1,NA,NA,NA,0
"4939","nonsyn_ben","int",500,0.05,0.01,1e-04,6,6,0.5,0.5,0.5,0,1,-0.00836285714285713,0.101992224415747,0.18334355808271,35
"4940","nonsyn_ben","int",500,0.05,0.01,1e-04,6,6.5,0.5,0.5,0.5,0,1,-0.00802926829268293,0.0925090444890596,0.241493216941592,41
"4941","nonsyn_ben","int",500,0.05,0.01,1e-04,6,7,0.5,0.5,0.5,0,1,0.00547142857142858,0.154577502795126,0.218704985646819,14
"4942","nonsyn_ben","int",500,0.05,0.01,5e-04,6,5.5,0.5,0.5,0.5,0,1,-0.0186125,0.0787500582175432,-0.126673397066567,8
"4943","nonsyn_ben","int",500,0.05,0.01,5e-04,6,6,0.5,0.5,0.5,0,1,NA,NA,NA,4
"4944","nonsyn_ben","int",500,0.05,0.01,5e-04,6,6.5,0.5,0.5,0.5,0,1,-0.00384000000000001,0.0377657178402597,0.411517860970665,15
"4945","nonsyn_ben","int",500,0.05,0.01,5e-04,6,7,0.5,0.5,0.5,0,1,NA,NA,NA,3
"4946","nonsyn_ben","int",500,0.05,0.01,0.001,5,6,0.5,0.5,0.5,0,1,-0.00404,0.0137370283708097,0.112792459979161,5
"4947","nonsyn_ben","int",500,0.05,0.01,0.001,6,6,0.5,0.5,0.5,0,1,NA,NA,NA,17
"4948","nonsyn_ben","int",500,0.05,0.01,0.001,6,6,0.5,0.5,0.75,0,1,0.0257272222222222,0.33895703374661,0.26938528707945,1080
"4949","nonsyn_ben","int",500,0.05,0.01,0.001,6,6,0.5,0.5,1,0,1,NA,NA,NA,0
"4950","nonsyn_ben","int",500,0.05,0.01,0.001,6,6.5,0.5,0.5,0.5,0,1,-0.01112,0.259484756709275,-0.164495637253112,5
"4951","nonsyn_ben","int",500,0.05,0.01,0.001,6,7,0.5,0.5,0.5,0,1,NA,NA,NA,1
"4952","nonsyn_ben","int",500,0.05,0.01,0.001,6.5,6,0.5,0.5,0.5,0,1,-0.00660909090909091,0.425197712776546,0.33044733044733,11
"4953","nonsyn_ben","int",500,0.05,0.01,0.001,7,6,0.5,0.5,0.5,0,1,NA,NA,NA,5
"4954","nonsyn_ben","int",500,0.05,0.01,0.005,6,5.5,0.5,0.5,0.5,0,1,NA,NA,NA,0
"4955","nonsyn_ben","int",500,0.05,0.01,0.005,6,6,0.5,0.5,0.5,0,1,NA,NA,NA,3
"4956","nonsyn_ben","int",500,0.05,0.01,0.005,6,6.5,0.5,0.5,0.5,0,1,NA,NA,NA,2
"4957","nonsyn_ben","int",500,0.05,0.01,0.005,6,7,0.5,0.5,0.5,0,1,NA,NA,NA,0
"4958","nonsyn_ben","int",500,0.05,0.01,0.01,6,6.5,0.5,0.5,0.5,0,1,NA,NA,NA,0
"4959","nonsyn_ben","int",500,0.05,0.01,0.01,6,7,0.5,0.5,0.5,0,1,NA,NA,NA,0
"4960","nonsyn_ben","int",500,0.05,1,0.001,6,6,0.5,0.5,0.5,0,1,-0.00531521164021164,0.0868285280890711,0.33518520220604,756
"4961","nonsyn_ben","int",500,0.05,1,0.001,6,6,0.5,0.5,0.75,0,1,0.00013529606351307,0.101846185688134,0.255568103406255,3023
"4962","nonsyn_ben","int",500,0.05,1,0.001,6,6,0.5,0.5,1,0,1,NA,NA,NA,0
"4963","nonsyn_ben","int",500,0.05,5,0.001,6,6,0.5,0.5,0.5,0,1,0.00224310344827586,0.0513957805641266,0.470049930000788,232
"4964","nonsyn_ben","int",500,0.05,5,0.001,6,6,0.5,0.5,0.75,0,1,0.0028737003058104,0.0377821588163589,0.432854321378235,327
"4965","nonsyn_ben","int",500,0.05,5,0.001,6,6,0.5,0.5,1,0,1,NA,NA,NA,0
"4966","nonsyn_ben","int",500,0.1,0.01,0.001,6,6,0.5,0.5,0.5,0,1,NA,NA,NA,1
"4967","nonsyn_ben","int",500,0.2,0.01,0.001,6,6,0.5,0.5,0.5,0,1,-0.0217714285714286,0.12892591550073,-0.118784850554584,7
"4968","nonsyn_ben","int",500,0.5,0.01,0.001,6,6,0.5,0.5,0.5,0,1,NA,NA,NA,3
"4969","nonsyn_ben","int",750,0,0.01,0.001,6,6,0.5,0.5,0.5,0,1,NA,NA,NA,0
"4970","nonsyn_ben","int",750,0.01,0.01,0.001,6,6,0.5,0.5,0.5,0,1,NA,NA,NA,1
"4971","nonsyn_ben","int",750,0.05,0.01,0,6,5,0.5,0.5,0.5,0,1,NA,NA,NA,0
"4972","nonsyn_ben","int",750,0.05,0.01,0,6,6.5,0.5,0.5,0.5,0,1,-0.00375172413793103,0.0886837208794717,0.100250075935876,58
"4973","nonsyn_ben","int",750,0.05,0.01,0,6,7,0.5,0.5,0.5,0,1,0.00633157894736842,0.0365471740713859,0.46907347108675,19
"4974","nonsyn_ben","int",750,0.05,0.01,1e-04,6,5,0.5,0.5,0.5,0,1,NA,NA,NA,0
"4975","nonsyn_ben","int",750,0.05,0.01,1e-04,6,6,0.5,0.5,0.5,0,1,-0.00907297297297295,0.0665291683368323,0.0809066469581914,37
"4976","nonsyn_ben","int",750,0.05,0.01,1e-04,6,6.5,0.5,0.5,0.5,0,1,-0.011098,0.0659194633248272,-0.00424010309918166,50
"4977","nonsyn_ben","int",750,0.05,0.01,1e-04,6,7,0.5,0.5,0.5,0,1,-0.00860909090909091,0.0277884979811059,0.0176735604056181,11
"4978","nonsyn_ben","int",750,0.05,0.01,5e-04,6,5.5,0.5,0.5,0.5,0,1,-0.000559999999999998,0.00963429273846676,0.346958619247776,10
"4979","nonsyn_ben","int",750,0.05,0.01,5e-04,6,6,0.5,0.5,0.5,0,1,NA,NA,NA,5
"4980","nonsyn_ben","int",750,0.05,0.01,5e-04,6,6.5,0.5,0.5,0.5,0,1,NA,NA,NA,18
"4981","nonsyn_ben","int",750,0.05,0.01,5e-04,6,7,0.5,0.5,0.5,0,1,NA,NA,NA,8
"4982","nonsyn_ben","int",750,0.05,0.01,0.001,5,6,0.5,0.5,0.5,0,1,NA,NA,NA,7
"4983","nonsyn_ben","int",750,0.05,0.01,0.001,6,6,0.5,0.5,0.5,0,1,NA,NA,NA,24
"4984","nonsyn_ben","int",750,0.05,0.01,0.001,6,6,0.5,0.5,0.75,0,1,0.0130858379228954,0.232078445451105,0.21368874655695,1271
"4985","nonsyn_ben","int",750,0.05,0.01,0.001,6,6,0.5,0.5,1,0,1,NA,NA,NA,0
"4986","nonsyn_ben","int",750,0.05,0.01,0.001,6,6.5,0.5,0.5,0.5,0,1,NA,NA,NA,5
"4987","nonsyn_ben","int",750,0.05,0.01,0.001,6,7,0.5,0.5,0.5,0,1,NA,NA,NA,4
"4988","nonsyn_ben","int",750,0.05,0.01,0.001,6.5,6,0.5,0.5,0.5,0,1,-0.00668000000000002,0.324280915114017,0.371169063910999,10
"4989","nonsyn_ben","int",750,0.05,0.01,0.001,7,6,0.5,0.5,0.5,0,1,NA,NA,NA,5
"4990","nonsyn_ben","int",750,0.05,0.01,0.005,6,5.5,0.5,0.5,0.5,0,1,NA,NA,NA,0
"4991","nonsyn_ben","int",750,0.05,0.01,0.005,6,6,0.5,0.5,0.5,0,1,NA,NA,NA,4
"4992","nonsyn_ben","int",750,0.05,0.01,0.005,6,6.5,0.5,0.5,0.5,0,1,NA,NA,NA,0
"4993","nonsyn_ben","int",750,0.05,0.01,0.005,6,7,0.5,0.5,0.5,0,1,NA,NA,NA,0
"4994","nonsyn_ben","int",750,0.05,0.01,0.01,6,6.5,0.5,0.5,0.5,0,1,NA,NA,NA,2
"4995","nonsyn_ben","int",750,0.05,0.01,0.01,6,7,0.5,0.5,0.5,0,1,NA,NA,NA,0
"4996","nonsyn_ben","int",750,0.05,1,0.001,6,6,0.5,0.5,0.5,0,1,-0.00294817961165048,0.0559116945273414,0.340078672795729,824
"4997","nonsyn_ben","int",750,0.05,1,0.001,6,6,0.5,0.5,0.75,0,1,-0.00132946204122674,0.0829963061262183,0.24083870680642,3978
"4998","nonsyn_ben","int",750,0.05,1,0.001,6,6,0.5,0.5,1,0,1,NA,NA,NA,0
"4999","nonsyn_ben","int",750,0.05,5,0.001,6,6,0.5,0.5,0.5,0,1,0.00137068965517241,0.0413454136835996,0.454205648024099,348
"5000","nonsyn_ben","int",750,0.05,5,0.001,6,6,0.5,0.5,0.75,0,1,0.00078134490238612,0.0347972360307906,0.405464962595518,461
"5001","nonsyn_ben","int",750,0.05,5,0.001,6,6,0.5,0.5,1,0,1,NA,NA,NA,0
"5002","nonsyn_ben","int",750,0.1,0.01,0.001,6,6,0.5,0.5,0.5,0,1,NA,NA,NA,4
"5003","nonsyn_ben","int",750,0.2,0.01,0.001,6,6,0.5,0.5,0.5,0,1,NA,NA,NA,10
"5004","nonsyn_ben","int",750,0.5,0.01,0.001,6,6,0.5,0.5,0.5,0,1,-0.0159666666666667,0.0667490165649637,-0.061457241911222,6
"5005","nonsyn_ben","int",1000,0,0.01,0.001,6,6,0.5,0.5,0.5,0,1,NA,NA,NA,0
"5006","nonsyn_ben","int",1000,0.01,0.01,0.001,6,6,0.5,0.5,0.5,0,1,NA,NA,NA,5
"5007","nonsyn_ben","int",1000,0.05,0.01,0,6,5,0.5,0.5,0.5,0,1,NA,NA,NA,0
"5008","nonsyn_ben","int",1000,0.05,0.01,0,6,6.5,0.5,0.5,0.5,0,1,0.00429152542372881,0.0415514607863614,0.243815015165413,59
"5009","nonsyn_ben","int",1000,0.05,0.01,0,6,7,0.5,0.5,0.5,0,1,0.00119642857142858,0.0146126988083806,0.214771883655477,28
"5010","nonsyn_ben","int",1000,0.05,0.01,1e-04,6,5,0.5,0.5,0.5,0,1,NA,NA,NA,0
"5011","nonsyn_ben","int",1000,0.05,0.01,1e-04,6,6,0.5,0.5,0.5,0,1,-0.0035408163265306,0.0427254438998453,0.0426750512179552,49
"5012","nonsyn_ben","int",1000,0.05,0.01,1e-04,6,6.5,0.5,0.5,0.5,0,1,-0.0085032786885246,0.0488250049476067,0.0585633302078307,61
"5013","nonsyn_ben","int",1000,0.05,0.01,1e-04,6,7,0.5,0.5,0.5,0,1,-0.00444666666666666,0.0442045254170581,0.408873946299351,15
"5014","nonsyn_ben","int",1000,0.05,0.01,5e-04,6,5.5,0.5,0.5,0.5,0,1,-0.00447777777777778,0.0440611310039385,0.234989018645691,9
"5015","nonsyn_ben","int",1000,0.05,0.01,5e-04,6,6,0.5,0.5,0.5,0,1,-0.00716666666666668,0.075876005638624,0.136597434351763,12
"5016","nonsyn_ben","int",1000,0.05,0.01,5e-04,6,6.5,0.5,0.5,0.5,0,1,NA,NA,NA,14
"5017","nonsyn_ben","int",1000,0.05,0.01,5e-04,6,7,0.5,0.5,0.5,0,1,NA,NA,NA,3
"5018","nonsyn_ben","int",1000,0.05,0.01,0.001,5,6,0.5,0.5,0.5,0,1,NA,NA,NA,16
"5019","nonsyn_ben","int",1000,0.05,0.01,0.001,6,6,0.5,0.5,0.5,0,1,NA,NA,NA,25
"5020","nonsyn_ben","int",1000,0.05,0.01,0.001,6,6,0.5,0.5,0.75,0,1,0.00258167613636364,0.153489769810555,0.157174303151757,1408
"5021","nonsyn_ben","int",1000,0.05,0.01,0.001,6,6,0.5,0.5,1,0,1,NA,NA,NA,0
"5022","nonsyn_ben","int",1000,0.05,0.01,0.001,6,6.5,0.5,0.5,0.5,0,1,NA,NA,NA,2
"5023","nonsyn_ben","int",1000,0.05,0.01,0.001,6,7,0.5,0.5,0.5,0,1,NA,NA,NA,2
"5024","nonsyn_ben","int",1000,0.05,0.01,0.001,6.5,6,0.5,0.5,0.5,0,1,-0.0249692307692308,0.22581710468387,0.211875871219487,13
"5025","nonsyn_ben","int",1000,0.05,0.01,0.001,7,6,0.5,0.5,0.5,0,1,NA,NA,NA,4
"5026","nonsyn_ben","int",1000,0.05,0.01,0.005,6,5.5,0.5,0.5,0.5,0,1,NA,NA,NA,0
"5027","nonsyn_ben","int",1000,0.05,0.01,0.005,6,6,0.5,0.5,0.5,0,1,NA,NA,NA,2
"5028","nonsyn_ben","int",1000,0.05,0.01,0.005,6,6.5,0.5,0.5,0.5,0,1,NA,NA,NA,0
"5029","nonsyn_ben","int",1000,0.05,0.01,0.005,6,7,0.5,0.5,0.5,0,1,NA,NA,NA,0
"5030","nonsyn_ben","int",1000,0.05,0.01,0.01,6,6.5,0.5,0.5,0.5,0,1,-0.0038,0.0290372270279327,0.253553936700004,5
"5031","nonsyn_ben","int",1000,0.05,0.01,0.01,6,7,0.5,0.5,0.5,0,1,NA,NA,NA,0
"5032","nonsyn_ben","int",1000,0.05,1,0.001,6,6,0.5,0.5,0.5,0,1,-0.00212527233115468,0.0434775765302656,0.307645461584467,918
"5033","nonsyn_ben","int",1000,0.05,1,0.001,6,6,0.5,0.5,0.75,0,1,-0.00185778048780488,0.065602806005824,0.225027306804922,4100
"5034","nonsyn_ben","int",1000,0.05,1,0.001,6,6,0.5,0.5,1,0,1,NA,NA,NA,0
"5035","nonsyn_ben","int",1000,0.05,5,0.001,6,6,0.5,0.5,0.5,0,1,0.00250169014084507,0.0278553401243377,0.483403149288983,355
"5036","nonsyn_ben","int",1000,0.05,5,0.001,6,6,0.5,0.5,0.75,0,1,0.00247626050420168,0.0258311706620655,0.420324623903849,476
"5037","nonsyn_ben","int",1000,0.05,5,0.001,6,6,0.5,0.5,1,0,1,NA,NA,NA,0
"5038","nonsyn_ben","int",1000,0.1,0.01,0.001,6,6,0.5,0.5,0.5,0,1,NA,NA,NA,4
"5039","nonsyn_ben","int",1000,0.2,0.01,0.001,6,6,0.5,0.5,0.5,0,1,-0.00249166666666667,0.0417655373054358,0.453347446423293,12
"5040","nonsyn_ben","int",1000,0.5,0.01,0.001,6,6,0.5,0.5,0.5,0,1,NA,NA,NA,3
"5041","nonsyn_ben","int",1500,0,0.01,0.001,6,6,0.5,0.5,0.5,0,1,NA,NA,NA,0
"5042","nonsyn_ben","int",1500,0.01,0.01,0.001,6,6,0.5,0.5,0.5,0,1,NA,NA,NA,5
"5043","nonsyn_ben","int",1500,0.05,0.01,0,6,5,0.5,0.5,0.5,0,1,NA,NA,NA,0
"5044","nonsyn_ben","int",1500,0.05,0.01,0,6,6.5,0.5,0.5,0.5,0,1,-0.0104451327433628,0.0404644314255792,-0.0263012569074092,113
"5045","nonsyn_ben","int",1500,0.05,0.01,0,6,7,0.5,0.5,0.5,0,1,-0.00293809523809522,0.0498318382535525,0.156334670005159,42
"5046","nonsyn_ben","int",1500,0.05,0.01,1e-04,6,5,0.5,0.5,0.5,0,1,NA,NA,NA,0
"5047","nonsyn_ben","int",1500,0.05,0.01,1e-04,6,6,0.5,0.5,0.5,0,1,-0.00143768115942029,0.0240203667698632,0.180795925994932,69
"5048","nonsyn_ben","int",1500,0.05,0.01,1e-04,6,6.5,0.5,0.5,0.5,0,1,-0.00290108695652175,0.0369595696750133,0.143977229134312,92
"5049","nonsyn_ben","int",1500,0.05,0.01,1e-04,6,7,0.5,0.5,0.5,0,1,NA,NA,NA,23
"5050","nonsyn_ben","int",1500,0.05,0.01,5e-04,6,5.5,0.5,0.5,0.5,0,1,-0.00334347826086957,0.0207073105652675,0.346168602013392,23
"5051","nonsyn_ben","int",1500,0.05,0.01,5e-04,6,6,0.5,0.5,0.5,0,1,NA,NA,NA,10
"5052","nonsyn_ben","int",1500,0.05,0.01,5e-04,6,6.5,0.5,0.5,0.5,0,1,-0.0117142857142857,0.0428121912512591,0.00523880183628497,28
"5053","nonsyn_ben","int",1500,0.05,0.01,5e-04,6,7,0.5,0.5,0.5,0,1,NA,NA,NA,6
"5054","nonsyn_ben","int",1500,0.05,0.01,0.001,5,6,0.5,0.5,0.5,0,1,NA,NA,NA,26
"5055","nonsyn_ben","int",1500,0.05,0.01,0.001,6,6,0.5,0.5,0.5,0,1,NA,NA,NA,54
"5056","nonsyn_ben","int",1500,0.05,0.01,0.001,6,6,0.5,0.5,0.75,0,1,-0.00349187265917603,0.100508351654783,0.116149669024309,2670
"5057","nonsyn_ben","int",1500,0.05,0.01,0.001,6,6,0.5,0.5,1,0,1,NA,NA,NA,0
"5058","nonsyn_ben","int",1500,0.05,0.01,0.001,6,6.5,0.5,0.5,0.5,0,1,NA,NA,NA,9
"5059","nonsyn_ben","int",1500,0.05,0.01,0.001,6,7,0.5,0.5,0.5,0,1,NA,NA,NA,2
"5060","nonsyn_ben","int",1500,0.05,0.01,0.001,6.5,6,0.5,0.5,0.5,0,1,NA,NA,NA,19
"5061","nonsyn_ben","int",1500,0.05,0.01,0.001,7,6,0.5,0.5,0.5,0,1,NA,NA,NA,7
"5062","nonsyn_ben","int",1500,0.05,0.01,0.005,6,5.5,0.5,0.5,0.5,0,1,NA,NA,NA,0
"5063","nonsyn_ben","int",1500,0.05,0.01,0.005,6,6,0.5,0.5,0.5,0,1,NA,NA,NA,1
"5064","nonsyn_ben","int",1500,0.05,0.01,0.005,6,6.5,0.5,0.5,0.5,0,1,NA,NA,NA,5
"5065","nonsyn_ben","int",1500,0.05,0.01,0.005,6,7,0.5,0.5,0.5,0,1,NA,NA,NA,2
"5066","nonsyn_ben","int",1500,0.05,0.01,0.01,6,6.5,0.5,0.5,0.5,0,1,NA,NA,NA,8
"5067","nonsyn_ben","int",1500,0.05,0.01,0.01,6,7,0.5,0.5,0.5,0,1,NA,NA,NA,1
"5068","nonsyn_ben","int",1500,0.05,1,0.001,6,6,0.5,0.5,0.5,0,1,-0.00220747875354108,0.0369654797617966,0.300567270798729,1765
"5069","nonsyn_ben","int",1500,0.05,1,0.001,6,6,0.5,0.5,0.75,0,1,-0.00171338309097928,0.0512711201105896,0.234695118543407,7771
"5070","nonsyn_ben","int",1500,0.05,1,0.001,6,6,0.5,0.5,1,0,1,NA,NA,NA,0
"5071","nonsyn_ben","int",1500,0.05,5,0.001,6,6,0.5,0.5,0.5,0,1,0.00150049019607843,0.0262063218773651,0.44824455204199,612
"5072","nonsyn_ben","int",1500,0.05,5,0.001,6,6,0.5,0.5,0.75,0,1,0.00222821158690176,0.0268172427552122,0.382729462418077,794
"5073","nonsyn_ben","int",1500,0.05,5,0.001,6,6,0.5,0.5,1,0,1,NA,NA,NA,0
"5074","nonsyn_ben","int",1500,0.1,0.01,0.001,6,6,0.5,0.5,0.5,0,1,-0.0161923076923077,0.0643501023939402,-0.198649225470221,13
"5075","nonsyn_ben","int",1500,0.2,0.01,0.001,6,6,0.5,0.5,0.5,0,1,NA,NA,NA,15
"5076","nonsyn_ben","int",1500,0.5,0.01,0.001,6,6,0.5,0.5,0.5,0,1,NA,NA,NA,5
"5077","nonsyn_ben","int",2000,0,0.01,0.001,6,6,0.5,0.5,0.5,0,1,NA,NA,NA,0
"5078","nonsyn_ben","int",2000,0.01,0.01,0.001,6,6,0.5,0.5,0.5,0,1,-0.00465,0.0136703020635505,0.172711104069727,8
"5079","nonsyn_ben","int",2000,0.05,0.01,0,6,5,0.5,0.5,0.5,0,1,NA,NA,NA,0
"5080","nonsyn_ben","int",2000,0.05,0.01,0,6,6.5,0.5,0.5,0.5,0,1,-0.001955,0.036771065004174,0.12084433492364,120
"5081","nonsyn_ben","int",2000,0.05,0.01,0,6,7,0.5,0.5,0.5,0,1,-0.00491136363636363,0.0223128067009546,0.069669121393499,44
"5082","nonsyn_ben","int",2000,0.05,0.01,1e-04,6,5,0.5,0.5,0.5,0,1,NA,NA,NA,0
"5083","nonsyn_ben","int",2000,0.05,0.01,1e-04,6,6,0.5,0.5,0.5,0,1,-0.00642692307692308,0.0294655773536345,0.0953032257004093,78
"5084","nonsyn_ben","int",2000,0.05,0.01,1e-04,6,6.5,0.5,0.5,0.5,0,1,-0.00444628099173554,0.029544754098255,0.119569655994762,121
"5085","nonsyn_ben","int",2000,0.05,0.01,1e-04,6,7,0.5,0.5,0.5,0,1,-0.00436363636363636,0.0321424194859513,0.158752700754187,33
"5086","nonsyn_ben","int",2000,0.05,0.01,5e-04,6,5.5,0.5,0.5,0.5,0,1,-0.00513571428571428,0.0154164825871354,0.0633858612705323,14
"5087","nonsyn_ben","int",2000,0.05,0.01,5e-04,6,6,0.5,0.5,0.5,0,1,-0.00406153846153846,0.0270088815191598,0.119568475712153,13
"5088","nonsyn_ben","int",2000,0.05,0.01,5e-04,6,6.5,0.5,0.5,0.5,0,1,-0.0055625,0.0287445480325542,0.273620262216,40
"5089","nonsyn_ben","int",2000,0.05,0.01,5e-04,6,7,0.5,0.5,0.5,0,1,NA,NA,NA,9
"5090","nonsyn_ben","int",2000,0.05,0.01,0.001,5,6,0.5,0.5,0.5,0,1,0.000775000000000005,0.0103024739204877,0.284725754822757,24
"5091","nonsyn_ben","int",2000,0.05,0.01,0.001,6,6,0.5,0.5,0.5,0,1,NA,NA,NA,39
"5092","nonsyn_ben","int",2000,0.05,0.01,0.001,6,6,0.5,0.5,0.75,0,1,-0.00417784142297256,0.0637977354741172,0.137440872878891,3317
"5093","nonsyn_ben","int",2000,0.05,0.01,0.001,6,6,0.5,0.5,1,0,1,NA,NA,NA,0
"5094","nonsyn_ben","int",2000,0.05,0.01,0.001,6,6.5,0.5,0.5,0.5,0,1,-0.00514117647058823,0.0432027428597482,0.245673419792024,17
"5095","nonsyn_ben","int",2000,0.05,0.01,0.001,6,7,0.5,0.5,0.5,0,1,NA,NA,NA,6
"5096","nonsyn_ben","int",2000,0.05,0.01,0.001,6.5,6,0.5,0.5,0.5,0,1,0.00207368421052629,0.101459138664495,0.296483296344288,19
"5097","nonsyn_ben","int",2000,0.05,0.01,0.001,7,6,0.5,0.5,0.5,0,1,NA,NA,NA,9
"5098","nonsyn_ben","int",2000,0.05,0.01,0.005,6,5.5,0.5,0.5,0.5,0,1,NA,NA,NA,0
"5099","nonsyn_ben","int",2000,0.05,0.01,0.005,6,6,0.5,0.5,0.5,0,1,NA,NA,NA,7
"5100","nonsyn_ben","int",2000,0.05,0.01,0.005,6,6.5,0.5,0.5,0.5,0,1,NA,NA,NA,2
"5101","nonsyn_ben","int",2000,0.05,0.01,0.005,6,7,0.5,0.5,0.5,0,1,NA,NA,NA,1
"5102","nonsyn_ben","int",2000,0.05,0.01,0.01,6,6.5,0.5,0.5,0.5,0,1,-0.00716249999999999,0.0380708033563923,0.221332968028275,8
"5103","nonsyn_ben","int",2000,0.05,0.01,0.01,6,7,0.5,0.5,0.5,0,1,NA,NA,NA,0
"5104","nonsyn_ben","int",2000,0.05,1,0.001,6,6,0.5,0.5,0.5,0,1,-0.00100030769230769,0.027393883184343,0.327001914573941,1950
"5105","nonsyn_ben","int",2000,0.05,1,0.001,6,6,0.5,0.5,0.75,0,1,-0.000912867030201341,0.0384209635439744,0.266857683212162,9536
"5106","nonsyn_ben","int",2000,0.05,1,0.001,6,6,0.5,0.5,1,0,1,NA,NA,NA,0
"5107","nonsyn_ben","int",2000,0.05,5,0.001,6,6,0.5,0.5,0.5,0,1,0.00103305322128852,0.0248230534944547,0.442495199716732,714
"5108","nonsyn_ben","int",2000,0.05,5,0.001,6,6,0.5,0.5,0.75,0,1,0.00210925024342746,0.0219512083443027,0.386075575385854,1027
"5109","nonsyn_ben","int",2000,0.05,5,0.001,6,6,0.5,0.5,1,0,1,NA,NA,NA,0
"5110","nonsyn_ben","int",2000,0.1,0.01,0.001,6,6,0.5,0.5,0.5,0,1,-0.0121375,0.0664601823908945,0.293718569659412,8
"5111","nonsyn_ben","int",2000,0.2,0.01,0.001,6,6,0.5,0.5,0.5,0,1,NA,NA,NA,14
"5112","nonsyn_ben","int",2000,0.5,0.01,0.001,6,6,0.5,0.5,0.5,0,1,-0.00332000000000003,0.0985301815562933,-0.0718700278216221,10
"5113","nonsyn_ben","int",2500,0,0.01,0.001,6,6,0.5,0.5,0.5,0,1,NA,NA,NA,0
"5114","nonsyn_ben","int",2500,0.01,0.01,0.001,6,6,0.5,0.5,0.5,0,1,NA,NA,NA,0
"5115","nonsyn_ben","int",2500,0.05,0.01,0,6,5,0.5,0.5,0.5,0,1,NA,NA,NA,0
"5116","nonsyn_ben","int",2500,0.05,0.01,0,6,6.5,0.5,0.5,0.5,0,1,-0.00410370370370371,0.0224884930724979,-0.0199358481537285,27
"5117","nonsyn_ben","int",2500,0.05,0.01,0,6,7,0.5,0.5,0.5,0,1,-0.00144444444444444,0.0238052351100789,0.139289439097868,9
"5118","nonsyn_ben","int",2500,0.05,0.01,1e-04,6,5,0.5,0.5,0.5,0,1,NA,NA,NA,0
"5119","nonsyn_ben","int",2500,0.05,0.01,1e-04,6,6,0.5,0.5,0.5,0,1,-0.00457857142857143,0.0375462340098992,0.261948452510043,14
"5120","nonsyn_ben","int",2500,0.05,0.01,1e-04,6,6.5,0.5,0.5,0.5,0,1,-0.00411428571428572,0.0238696394700372,0.167241090013085,28
"5121","nonsyn_ben","int",2500,0.05,0.01,1e-04,6,7,0.5,0.5,0.5,0,1,0.00207499999999999,0.00319477700738309,0.519933371226474,4
"5122","nonsyn_ben","int",2500,0.05,0.01,5e-04,6,5.5,0.5,0.5,0.5,0,1,-0.00882,0.0133082598717068,-0.119163560764921,5
"5123","nonsyn_ben","int",2500,0.05,0.01,5e-04,6,6,0.5,0.5,0.5,0,1,-0.0366,0.167018447333054,-0.46458633958634,6
"5124","nonsyn_ben","int",2500,0.05,0.01,5e-04,6,6.5,0.5,0.5,0.5,0,1,-0.00684000000000001,0.0287912815929669,0.147771788142881,10
"5125","nonsyn_ben","int",2500,0.05,0.01,5e-04,6,7,0.5,0.5,0.5,0,1,0.000666666666666673,0.00513366490862869,0.315051404482299,3
"5126","nonsyn_ben","int",2500,0.05,0.01,0.001,5,6,0.5,0.5,0.5,0,1,0.000529999999999998,0.0159754954458243,0.45492064861135,10
"5127","nonsyn_ben","int",2500,0.05,0.01,0.001,6,6,0.5,0.5,0.5,0,1,-0.000435294117647059,0.0145039485304002,0.341107811857593,17
"5128","nonsyn_ben","int",2500,0.05,0.01,0.001,6,6,0.5,0.5,0.75,0,1,-0.00436165951359084,0.0524089321367541,0.159612940477323,699
"5129","nonsyn_ben","int",2500,0.05,0.01,0.001,6,6,0.5,0.5,1,0,1,NA,NA,NA,0
"5130","nonsyn_ben","int",2500,0.05,0.01,0.001,6,6.5,0.5,0.5,0.5,0,1,0.005525,0.00642494148275976,0.776785714285714,4
"5131","nonsyn_ben","int",2500,0.05,0.01,0.001,6,7,0.5,0.5,0.5,0,1,0.0078,0.0095377842993397,1,1
"5132","nonsyn_ben","int",2500,0.05,0.01,0.001,6.5,6,0.5,0.5,0.5,0,1,-0.00113333333333333,0.0236920309876984,0.241129747236244,3
"5133","nonsyn_ben","int",2500,0.05,0.01,0.001,7,6,0.5,0.5,0.5,0,1,-0.0298,0.111590291076697,-0.598393574297189,1
"5134","nonsyn_ben","int",2500,0.05,0.01,0.005,6,5.5,0.5,0.5,0.5,0,1,NA,NA,NA,0
"5135","nonsyn_ben","int",2500,0.05,0.01,0.005,6,6,0.5,0.5,0.5,0,1,0.0079,0.00971111761574254,1,3
"5136","nonsyn_ben","int",2500,0.05,0.01,0.005,6,6.5,0.5,0.5,0.5,0,1,NA,NA,NA,0
"5137","nonsyn_ben","int",2500,0.05,0.01,0.005,6,7,0.5,0.5,0.5,0,1,NA,NA,NA,0
"5138","nonsyn_ben","int",2500,0.05,0.01,0.01,6,6.5,0.5,0.5,0.5,0,1,0.0107,0.0136061985852667,1,2
"5139","nonsyn_ben","int",2500,0.05,0.01,0.01,6,7,0.5,0.5,0.5,0,1,NA,NA,NA,0
"5140","nonsyn_ben","int",2500,0.05,1,0.001,6,6,0.5,0.5,0.5,0,1,-0.000818784530386741,0.0241542201201201,0.32563895365537,362
"5141","nonsyn_ben","int",2500,0.05,1,0.001,6,6,0.5,0.5,0.75,0,1,-0.00187635370094386,0.0347505315977593,0.246020426565031,2013
"5142","nonsyn_ben","int",2500,0.05,1,0.001,6,6,0.5,0.5,1,0,1,NA,NA,NA,0
"5143","nonsyn_ben","int",2500,0.05,5,0.001,6,6,0.5,0.5,0.5,0,1,0.00203475177304965,0.0173935024813314,0.4452163228379,141
"5144","nonsyn_ben","int",2500,0.05,5,0.001,6,6,0.5,0.5,0.75,0,1,0.00330301507537688,0.0183511464584626,0.425980315415726,199
"5145","nonsyn_ben","int",2500,0.05,5,0.001,6,6,0.5,0.5,1,0,1,NA,NA,NA,0
"5146","nonsyn_ben","int",2500,0.1,0.01,0.001,6,6,0.5,0.5,0.5,0,1,0.0063,0.00753162636367708,1,2
"5147","nonsyn_ben","int",2500,0.2,0.01,0.001,6,6,0.5,0.5,0.5,0,1,-0.05255,0.243665178252448,-0.762583095916429,2
"5148","nonsyn_ben","int",2500,0.5,0.01,0.001,6,6,0.5,0.5,0.5,0,1,-0.0095,0.0239294098474667,-0.153925784360567,2
"5149","nonsyn_ben","int",3000,0,0.01,0.001,6,6,0.5,0.5,0.5,0,1,NA,NA,NA,0
"5150","nonsyn_ben","int",3000,0.01,0.01,0.001,6,6,0.5,0.5,0.5,0,1,-0.00433333333333333,0.0715103087973869,0.342712842712843,6
"5151","nonsyn_ben","int",3000,0.05,0.01,0,6,5,0.5,0.5,0.5,0,1,NA,NA,NA,0
"5152","nonsyn_ben","int",3000,0.05,0.01,0,6,6.5,0.5,0.5,0.5,0,1,-0.0040172131147541,0.0377789002897866,0.11286937602162,122
"5153","nonsyn_ben","int",3000,0.05,0.01,0,6,7,0.5,0.5,0.5,0,1,-0.00409019607843138,0.0238656796021113,0.0708564133229315,51
"5154","nonsyn_ben","int",3000,0.05,0.01,1e-04,6,5,0.5,0.5,0.5,0,1,NA,NA,NA,0
"5155","nonsyn_ben","int",3000,0.05,0.01,1e-04,6,6,0.5,0.5,0.5,0,1,-0.00620612244897959,0.0273755792688247,0.0462313421430707,98
"5156","nonsyn_ben","int",3000,0.05,0.01,1e-04,6,6.5,0.5,0.5,0.5,0,1,-0.00525128205128205,0.0216361990686488,0.109178116145402,117
"5157","nonsyn_ben","int",3000,0.05,0.01,1e-04,6,7,0.5,0.5,0.5,0,1,-0.00325428571428571,0.0264491736421597,0.240673093672164,35
"5158","nonsyn_ben","int",3000,0.05,0.01,5e-04,6,5.5,0.5,0.5,0.5,0,1,0.00226,0.00918983204687829,0.437129268317583,20
"5159","nonsyn_ben","int",3000,0.05,0.01,5e-04,6,6,0.5,0.5,0.5,0,1,-0.00502,0.0342240880365319,0.237863112416684,20
"5160","nonsyn_ben","int",3000,0.05,0.01,5e-04,6,6.5,0.5,0.5,0.5,0,1,0.00250555555555555,0.0139574843066186,0.458292972304757,36
"5161","nonsyn_ben","int",3000,0.05,0.01,5e-04,6,7,0.5,0.5,0.5,0,1,-0.000988888888888886,0.00850173697003266,0.206231386648006,9
"5162","nonsyn_ben","int",3000,0.05,0.01,0.001,5,6,0.5,0.5,0.5,0,1,0.00175,0.010868864723316,0.551765271529705,22
"5163","nonsyn_ben","int",3000,0.05,0.01,0.001,6,6,0.5,0.5,0.5,0,1,-0.000669696969696971,0.013366881976798,0.333878423806595,66
"5164","nonsyn_ben","int",3000,0.05,0.01,0.001,6,6,0.5,0.5,0.75,0,1,-0.00330109170305677,0.0419158011008486,0.177621052138121,3664
"5165","nonsyn_ben","int",3000,0.05,0.01,0.001,6,6,0.5,0.5,1,0,1,NA,NA,NA,0
"5166","nonsyn_ben","int",3000,0.05,0.01,0.001,6,6.5,0.5,0.5,0.5,0,1,-0.00181052631578947,0.0120139388673367,0.261185719508155,19
"5167","nonsyn_ben","int",3000,0.05,0.01,0.001,6,7,0.5,0.5,0.5,0,1,-0.003275,0.0135672062387528,0.160428519471073,4
"5168","nonsyn_ben","int",3000,0.05,0.01,0.001,6.5,6,0.5,0.5,0.5,0,1,-0.00626818181818183,0.0764079433515218,0.271522443709241,22
"5169","nonsyn_ben","int",3000,0.05,0.01,0.001,7,6,0.5,0.5,0.5,0,1,0.00207777777777778,0.115751213058235,0.611025772316095,9
"5170","nonsyn_ben","int",3000,0.05,0.01,0.005,6,5.5,0.5,0.5,0.5,0,1,NA,NA,NA,0
"5171","nonsyn_ben","int",3000,0.05,0.01,0.005,6,6,0.5,0.5,0.5,0,1,0.00251666666666667,0.0279596723012419,0.345280292541956,6
"5172","nonsyn_ben","int",3000,0.05,0.01,0.005,6,6.5,0.5,0.5,0.5,0,1,NA,NA,NA,0
"5173","nonsyn_ben","int",3000,0.05,0.01,0.005,6,7,0.5,0.5,0.5,0,1,NA,NA,NA,0
"5174","nonsyn_ben","int",3000,0.05,0.01,0.01,6,6.5,0.5,0.5,0.5,0,1,-0.0062,0.0201043196434902,0.127943485086342,4
"5175","nonsyn_ben","int",3000,0.05,0.01,0.01,6,7,0.5,0.5,0.5,0,1,NA,NA,NA,0
"5176","nonsyn_ben","int",3000,0.05,1,0.001,6,6,0.5,0.5,0.5,0,1,-0.000501339950372208,0.0242976247904473,0.325327854084695,2015
"5177","nonsyn_ben","int",3000,0.05,1,0.001,6,6,0.5,0.5,0.75,0,1,-0.000758422635833803,0.0294733926502349,0.266521784458469,10638
"5178","nonsyn_ben","int",3000,0.05,1,0.001,6,6,0.5,0.5,1,0,1,NA,NA,NA,0
"5179","nonsyn_ben","int",3000,0.05,5,0.001,6,6,0.5,0.5,0.5,0,1,0.001540058910162,0.0184694474588436,0.409401596942348,679
"5180","nonsyn_ben","int",3000,0.05,5,0.001,6,6,0.5,0.5,0.75,0,1,0.00149907321594069,0.0199973860483746,0.365273084666313,1079
"5181","nonsyn_ben","int",3000,0.05,5,0.001,6,6,0.5,0.5,1,0,1,NA,NA,NA,0
"5182","nonsyn_ben","int",3000,0.1,0.01,0.001,6,6,0.5,0.5,0.5,0,1,0.000480000000000001,0.0132776406155067,0.398270034556356,10
"5183","nonsyn_ben","int",3000,0.2,0.01,0.001,6,6,0.5,0.5,0.5,0,1,-0.00658333333333333,0.0531481497724667,0.168216822925891,18
"5184","nonsyn_ben","int",3000,0.5,0.01,0.001,6,6,0.5,0.5,0.5,0,1,-0.0166111111111111,0.0617714287746295,-0.251873684408133,9
"5185","nonsyn_ben","int",3500,0,0.01,0.001,6,6,0.5,0.5,0.5,0,1,NA,NA,NA,0
"5186","nonsyn_ben","int",3500,0.01,0.01,0.001,6,6,0.5,0.5,0.5,0,1,NA,NA,NA,0
"5187","nonsyn_ben","int",3500,0.05,0.01,0,6,5,0.5,0.5,0.5,0,1,NA,NA,NA,0
"5188","nonsyn_ben","int",3500,0.05,0.01,0,6,6.5,0.5,0.5,0.5,0,1,-0.002196875,0.0306770160162691,0.118035609419366,128
"5189","nonsyn_ben","int",3500,0.05,0.01,0,6,7,0.5,0.5,0.5,0,1,-0.00148461538461538,0.0207991927961,0.18570220614705,39
"5190","nonsyn_ben","int",3500,0.05,0.01,1e-04,6,5,0.5,0.5,0.5,0,1,NA,NA,NA,0
"5191","nonsyn_ben","int",3500,0.05,0.01,1e-04,6,6,0.5,0.5,0.5,0,1,-0.00380851063829787,0.023460366583236,0.146682946829885,94
"5192","nonsyn_ben","int",3500,0.05,0.01,1e-04,6,6.5,0.5,0.5,0.5,0,1,-0.0010135593220339,0.0200460532121286,0.249761537316683,118
"5193","nonsyn_ben","int",3500,0.05,0.01,1e-04,6,7,0.5,0.5,0.5,0,1,-0.00201333333333333,0.014201729610332,0.340095081291796,30
"5194","nonsyn_ben","int",3500,0.05,0.01,5e-04,6,5.5,0.5,0.5,0.5,0,1,-0.00185454545454546,0.0107838178040757,0.266893508311755,22
"5195","nonsyn_ben","int",3500,0.05,0.01,5e-04,6,6,0.5,0.5,0.5,0,1,-0.00167619047619048,0.0128739049330292,0.159586405509775,21
"5196","nonsyn_ben","int",3500,0.05,0.01,5e-04,6,6.5,0.5,0.5,0.5,0,1,-0.00145833333333334,0.012289359371941,0.333439090297232,48
"5197","nonsyn_ben","int",3500,0.05,0.01,5e-04,6,7,0.5,0.5,0.5,0,1,-0.00933333333333333,0.0599660038374685,0.104241456375603,6
"5198","nonsyn_ben","int",3500,0.05,0.01,0.001,5,6,0.5,0.5,0.5,0,1,-0.00182424242424242,0.0117730435095699,0.361158427978429,33
"5199","nonsyn_ben","int",3500,0.05,0.01,0.001,6,6,0.5,0.5,0.5,0,1,-0.00437384615384616,0.0270703348160321,0.152879058811266,65
"5200","nonsyn_ben","int",3500,0.05,0.01,0.001,6,6,0.5,0.5,0.75,0,1,-0.00316671583087512,0.0323877402770084,0.176749470241577,4068
"5201","nonsyn_ben","int",3500,0.05,0.01,0.001,6,6,0.5,0.5,1,0,1,NA,NA,NA,0
"5202","nonsyn_ben","int",3500,0.05,0.01,0.001,6,6.5,0.5,0.5,0.5,0,1,0.00134761904761905,0.0142231199057006,0.309268813251005,21
"5203","nonsyn_ben","int",3500,0.05,0.01,0.001,6,7,0.5,0.5,0.5,0,1,0.00198,0.0126807537614293,0.545960422167871,10
"5204","nonsyn_ben","int",3500,0.05,0.01,0.001,6.5,6,0.5,0.5,0.5,0,1,-0.00382000000000001,0.0535562367549383,0.295843110298757,20
"5205","nonsyn_ben","int",3500,0.05,0.01,0.001,7,6,0.5,0.5,0.5,0,1,0.00194000000000001,0.0365764309612108,0.241913686492,5
"5206","nonsyn_ben","int",3500,0.05,0.01,0.005,6,5.5,0.5,0.5,0.5,0,1,NA,NA,NA,0
"5207","nonsyn_ben","int",3500,0.05,0.01,0.005,6,6,0.5,0.5,0.5,0,1,0.000514285714285714,0.0133552455700159,0.513129889547578,7
"5208","nonsyn_ben","int",3500,0.05,0.01,0.005,6,6.5,0.5,0.5,0.5,0,1,-0.0491,0.160007991074421,-0.551066217732884,1
"5209","nonsyn_ben","int",3500,0.05,0.01,0.005,6,7,0.5,0.5,0.5,0,1,NA,NA,NA,0
"5210","nonsyn_ben","int",3500,0.05,0.01,0.01,6,6.5,0.5,0.5,0.5,0,1,-0.00634,0.0202400457569322,0.0833246118960404,5
"5211","nonsyn_ben","int",3500,0.05,0.01,0.01,6,7,0.5,0.5,0.5,0,1,0.00440000000000002,0.00178213738659127,0.305555555555557,1
"5212","nonsyn_ben","int",3500,0.05,1,0.001,6,6,0.5,0.5,0.5,0,1,-0.00013753986332574,0.0218675788039024,0.329289090838027,2195
"5213","nonsyn_ben","int",3500,0.05,1,0.001,6,6,0.5,0.5,0.75,0,1,-0.000202305683148698,0.0253123214495671,0.274533430960573,11103
"5214","nonsyn_ben","int",3500,0.05,1,0.001,6,6,0.5,0.5,1,0,1,NA,NA,NA,0
"5215","nonsyn_ben","int",3500,0.05,5,0.001,6,6,0.5,0.5,0.5,0,1,0.000518010752688173,0.0192536759956693,0.375032754416583,744
"5216","nonsyn_ben","int",3500,0.05,5,0.001,6,6,0.5,0.5,0.75,0,1,0.00105805860805861,0.0197558612451282,0.344245814965848,1092
"5217","nonsyn_ben","int",3500,0.05,5,0.001,6,6,0.5,0.5,1,0,1,NA,NA,NA,0
"5218","nonsyn_ben","int",3500,0.1,0.01,0.001,6,6,0.5,0.5,0.5,0,1,-0.00875,0.0465840791671026,0.167938982724908,16
"5219","nonsyn_ben","int",3500,0.2,0.01,0.001,6,6,0.5,0.5,0.5,0,1,-0.00221176470588235,0.0222303691711502,0.25760604371643,17
"5220","nonsyn_ben","int",3500,0.5,0.01,0.001,6,6,0.5,0.5,0.5,0,1,-0.006275,0.0330314136187274,0.029168086006854,8
"5221","nonsyn_ben","int",4000,0,0.01,0.001,6,6,0.5,0.5,0.5,0,1,NA,NA,NA,0
"5222","nonsyn_ben","int",4000,0.01,0.01,0.001,6,6,0.5,0.5,0.5,0,1,-0.00582222222222222,0.0168672653535236,0.0522407936733184,9
"5223","nonsyn_ben","int",4000,0.05,0.01,0,6,5,0.5,0.5,0.5,0,1,NA,NA,NA,0
"5224","nonsyn_ben","int",4000,0.05,0.01,0,6,6.5,0.5,0.5,0.5,0,1,0.00292871287128712,0.0252711910450739,0.283387087507052,101
"5225","nonsyn_ben","int",4000,0.05,0.01,0,6,7,0.5,0.5,0.5,0,1,-0.00517878787878788,0.0178042931497917,0.114715157256141,33
"5226","nonsyn_ben","int",4000,0.05,0.01,1e-04,6,5,0.5,0.5,0.5,0,1,NA,NA,NA,0
"5227","nonsyn_ben","int",4000,0.05,0.01,1e-04,6,6,0.5,0.5,0.5,0,1,-0.00177272727272727,0.0183409074428573,0.177880647305292,99
"5228","nonsyn_ben","int",4000,0.05,0.01,1e-04,6,6.5,0.5,0.5,0.5,0,1,-0.00225208333333334,0.0157386470464367,0.243719570758912,96
"5229","nonsyn_ben","int",4000,0.05,0.01,1e-04,6,7,0.5,0.5,0.5,0,1,-0.000494117647058822,0.0217227587156751,0.290534444366034,34
"5230","nonsyn_ben","int",4000,0.05,0.01,5e-04,6,5.5,0.5,0.5,0.5,0,1,-0.00361176470588235,0.0183025431290832,0.341433465383045,17
"5231","nonsyn_ben","int",4000,0.05,0.01,5e-04,6,6,0.5,0.5,0.5,0,1,-0.00172631578947368,0.019871720176123,0.261760445105321,19
"5232","nonsyn_ben","int",4000,0.05,0.01,5e-04,6,6.5,0.5,0.5,0.5,0,1,0.00162222222222222,0.0171994185292181,0.4109909928365,36
"5233","nonsyn_ben","int",4000,0.05,0.01,5e-04,6,7,0.5,0.5,0.5,0,1,-0.00485555555555556,0.0266289601221353,0.196099400134757,9
"5234","nonsyn_ben","int",4000,0.05,0.01,0.001,5,6,0.5,0.5,0.5,0,1,-0.0033304347826087,0.0137714109225742,0.162323429945772,23
"5235","nonsyn_ben","int",4000,0.05,0.01,0.001,6,6,0.5,0.5,0.5,0,1,-0.00213506493506494,0.0173186661037824,0.246168822241546,77
"5236","nonsyn_ben","int",4000,0.05,0.01,0.001,6,6,0.5,0.5,0.75,0,1,-0.00156697983501375,0.0263075738631619,0.218118046799726,4364
"5237","nonsyn_ben","int",4000,0.05,0.01,0.001,6,6,0.5,0.5,1,0,1,NA,NA,NA,0
"5238","nonsyn_ben","int",4000,0.05,0.01,0.001,6,6.5,0.5,0.5,0.5,0,1,0.00182857142857143,0.00852065832517458,0.469049957403994,14
"5239","nonsyn_ben","int",4000,0.05,0.01,0.001,6,7,0.5,0.5,0.5,0,1,0.000128571428571429,0.019283435012332,0.477897526051619,7
"5240","nonsyn_ben","int",4000,0.05,0.01,0.001,6.5,6,0.5,0.5,0.5,0,1,-0.00177307692307692,0.0433201538722499,0.313299319920342,26
"5241","nonsyn_ben","int",4000,0.05,0.01,0.001,7,6,0.5,0.5,0.5,0,1,-0.00758571428571429,0.040012624937315,0.0966377745629752,7
"5242","nonsyn_ben","int",4000,0.05,0.01,0.005,6,5.5,0.5,0.5,0.5,0,1,NA,NA,NA,0
"5243","nonsyn_ben","int",4000,0.05,0.01,0.005,6,6,0.5,0.5,0.5,0,1,0.0055,0.0155711521323183,0.260376308829612,7
"5244","nonsyn_ben","int",4000,0.05,0.01,0.005,6,6.5,0.5,0.5,0.5,0,1,0.0119,0.0154165047285918,1,1
"5245","nonsyn_ben","int",4000,0.05,0.01,0.005,6,7,0.5,0.5,0.5,0,1,NA,NA,NA,0
"5246","nonsyn_ben","int",4000,0.05,0.01,0.01,6,6.5,0.5,0.5,0.5,0,1,0.00205999999999998,0.00156210079822968,0.100950319315677,5
"5247","nonsyn_ben","int",4000,0.05,0.01,0.01,6,7,0.5,0.5,0.5,0,1,0.0082,0.00493785818565289,0.45054945054945,1
"5248","nonsyn_ben","int",4000,0.05,1,0.001,6,6,0.5,0.5,0.5,0,1,0.000192132320071525,0.0204912295293182,0.336066659575977,2237
"5249","nonsyn_ben","int",4000,0.05,1,0.001,6,6,0.5,0.5,0.75,0,1,-5.97904778127919e-05,0.022430920795343,0.280735900965906,11741
"5250","nonsyn_ben","int",4000,0.05,1,0.001,6,6,0.5,0.5,1,0,1,NA,NA,NA,0
"5251","nonsyn_ben","int",4000,0.05,5,0.001,6,6,0.5,0.5,0.5,0,1,0.000828304597701148,0.0167329470362923,0.398961789347532,696
"5252","nonsyn_ben","int",4000,0.05,5,0.001,6,6,0.5,0.5,0.75,0,1,0.00153230361871139,0.0179122236141406,0.344235375854605,1133
"5253","nonsyn_ben","int",4000,0.05,5,0.001,6,6,0.5,0.5,1,0,1,NA,NA,NA,0
"5254","nonsyn_ben","int",4000,0.1,0.01,0.001,6,6,0.5,0.5,0.5,0,1,-0.00105555555555556,0.0234304689586381,0.21836138128257,9
"5255","nonsyn_ben","int",4000,0.2,0.01,0.001,6,6,0.5,0.5,0.5,0,1,-0.000928000000000003,0.0107244617571287,0.27202890705131,25
"5256","nonsyn_ben","int",4000,0.5,0.01,0.001,6,6,0.5,0.5,0.5,0,1,-0.0093,0.0458129976244415,0.165609420612871,9
"5257","nonsyn_ben","int",4500,0,0.01,0.001,6,6,0.5,0.5,0.5,0,1,NA,NA,NA,0
"5258","nonsyn_ben","int",4500,0.01,0.01,0.001,6,6,0.5,0.5,0.5,0,1,-0.0154,0.0905285120710652,-0.227272727272728,2
"5259","nonsyn_ben","int",4500,0.05,0.01,0,6,5,0.5,0.5,0.5,0,1,NA,NA,NA,0
"5260","nonsyn_ben","int",4500,0.05,0.01,0,6,6.5,0.5,0.5,0.5,0,1,-0.0033296,0.0208806225483596,0.0745414811418325,125
"5261","nonsyn_ben","int",4500,0.05,0.01,0,6,7,0.5,0.5,0.5,0,1,-0.00606052631578947,0.0220102646203021,0.0758008801236493,38
"5262","nonsyn_ben","int",4500,0.05,0.01,1e-04,6,5,0.5,0.5,0.5,0,1,NA,NA,NA,0
"5263","nonsyn_ben","int",4500,0.05,0.01,1e-04,6,6,0.5,0.5,0.5,0,1,-0.00301071428571428,0.0176500102390277,0.1306877644406,84
"5264","nonsyn_ben","int",4500,0.05,0.01,1e-04,6,6.5,0.5,0.5,0.5,0,1,-0.00353069306930693,0.016818391310442,0.135824467113831,101
"5265","nonsyn_ben","int",4500,0.05,0.01,1e-04,6,7,0.5,0.5,0.5,0,1,-0.00623469387755101,0.0338828689227222,0.105780775458359,49
"5266","nonsyn_ben","int",4500,0.05,0.01,5e-04,6,5.5,0.5,0.5,0.5,0,1,0.00184,0.00946256984341659,0.472140243321241,20
"5267","nonsyn_ben","int",4500,0.05,0.01,5e-04,6,6,0.5,0.5,0.5,0,1,-0.00257391304347826,0.0169133478065561,0.243786177613606,23
"5268","nonsyn_ben","int",4500,0.05,0.01,5e-04,6,6.5,0.5,0.5,0.5,0,1,-0.0014037037037037,0.017973841376148,0.316598003041777,54
"5269","nonsyn_ben","int",4500,0.05,0.01,5e-04,6,7,0.5,0.5,0.5,0,1,-0.000566666666666666,0.0158005130162623,0.395506530647364,12
"5270","nonsyn_ben","int",4500,0.05,0.01,0.001,5,6,0.5,0.5,0.5,0,1,-0.002176,0.00945645995076472,0.269120376057156,25
"5271","nonsyn_ben","int",4500,0.05,0.01,0.001,6,6,0.5,0.5,0.5,0,1,-0.0036,0.0175717066238434,0.199098487122437,48
"5272","nonsyn_ben","int",4500,0.05,0.01,0.001,6,6,0.5,0.5,0.75,0,1,-0.00120945606694561,0.0236434864651706,0.221813539211915,4780
"5273","nonsyn_ben","int",4500,0.05,0.01,0.001,6,6,0.5,0.5,1,0,1,NA,NA,NA,0
"5274","nonsyn_ben","int",4500,0.05,0.01,0.001,6,6.5,0.5,0.5,0.5,0,1,0.0015,0.00958849845719083,0.252177901456529,13
"5275","nonsyn_ben","int",4500,0.05,0.01,0.001,6,7,0.5,0.5,0.5,0,1,-0.00414,0.0393108897833783,0.226689817250693,5
"5276","nonsyn_ben","int",4500,0.05,0.01,0.001,6.5,6,0.5,0.5,0.5,0,1,-0.00927727272727273,0.0526875480583223,0.0833782238141148,22
"5277","nonsyn_ben","int",4500,0.05,0.01,0.001,7,6,0.5,0.5,0.5,0,1,0.00141428571428572,0.0227929932354205,0.40869085750279,7
"5278","nonsyn_ben","int",4500,0.05,0.01,0.005,6,5.5,0.5,0.5,0.5,0,1,NA,NA,NA,0
"5279","nonsyn_ben","int",4500,0.05,0.01,0.005,6,6,0.5,0.5,0.5,0,1,-0.0066,0.0176738414391814,0.241498339059315,3
"5280","nonsyn_ben","int",4500,0.05,0.01,0.005,6,6.5,0.5,0.5,0.5,0,1,-0.0079,0.0283770525710652,0.237956911159525,3
"5281","nonsyn_ben","int",4500,0.05,0.01,0.005,6,7,0.5,0.5,0.5,0,1,0.00283333333333333,0.00741243151612002,0.430960367602066,6
"5282","nonsyn_ben","int",4500,0.05,0.01,0.01,6,6.5,0.5,0.5,0.5,0,1,-0.003,0.0464454581634211,0.295995508055129,6
"5283","nonsyn_ben","int",4500,0.05,0.01,0.01,6,7,0.5,0.5,0.5,0,1,NA,NA,NA,0
"5284","nonsyn_ben","int",4500,0.05,1,0.001,6,6,0.5,0.5,0.5,0,1,0.000650407608695652,0.0185015248790864,0.340292943499944,2208
"5285","nonsyn_ben","int",4500,0.05,1,0.001,6,6,0.5,0.5,0.75,0,1,0.000230063109581183,0.0201006114272267,0.286663721425515,12201
"5286","nonsyn_ben","int",4500,0.05,1,0.001,6,6,0.5,0.5,1,0,1,NA,NA,NA,0
"5287","nonsyn_ben","int",4500,0.05,5,0.001,6,6,0.5,0.5,0.5,0,1,0.000621688500727802,0.0177762260422646,0.393356252836884,687
"5288","nonsyn_ben","int",4500,0.05,5,0.001,6,6,0.5,0.5,0.75,0,1,0.00140027247956403,0.0166508221260059,0.349991033979595,1101
"5289","nonsyn_ben","int",4500,0.05,5,0.001,6,6,0.5,0.5,1,0,1,NA,NA,NA,0
"5290","nonsyn_ben","int",4500,0.1,0.01,0.001,6,6,0.5,0.5,0.5,0,1,-0.00205454545454545,0.031336982365487,0.267359343586623,11
"5291","nonsyn_ben","int",4500,0.2,0.01,0.001,6,6,0.5,0.5,0.5,0,1,-0.00416666666666668,0.017006989605142,0.148898398638309,18
"5292","nonsyn_ben","int",4500,0.5,0.01,0.001,6,6,0.5,0.5,0.5,0,1,-0.012,0.0399939518430759,0.0248110164187007,5
"5293","nonsyn_ben","int",5000,0,0.01,0.001,6,6,0.5,0.5,0.5,0,1,NA,NA,NA,0
"5294","nonsyn_ben","int",5000,0.01,0.01,0.001,6,6,0.5,0.5,0.5,0,1,0.00217777777777778,0.00610511707157623,0.324463411026719,9
"5295","nonsyn_ben","int",5000,0.05,0.01,0,6,5,0.5,0.5,0.5,0,1,NA,NA,NA,0
"5296","nonsyn_ben","int",5000,0.05,0.01,0,6,6.5,0.5,0.5,0.5,0,1,-0.00169922480620155,0.0173281195155108,0.192604946164804,129
"5297","nonsyn_ben","int",5000,0.05,0.01,0,6,7,0.5,0.5,0.5,0,1,0.00146666666666667,0.0213425868754679,0.260946780824594,42
"5298","nonsyn_ben","int",5000,0.05,0.01,1e-04,6,5,0.5,0.5,0.5,0,1,NA,NA,NA,0
"5299","nonsyn_ben","int",5000,0.05,0.01,1e-04,6,6,0.5,0.5,0.5,0,1,-0.000388505747126432,0.0205310185266376,0.255736925829974,87
"5300","nonsyn_ben","int",5000,0.05,0.01,1e-04,6,6.5,0.5,0.5,0.5,0,1,-0.00422967032967033,0.0202425721009801,0.16613750016539,91
"5301","nonsyn_ben","int",5000,0.05,0.01,1e-04,6,7,0.5,0.5,0.5,0,1,-0.00245135135135136,0.0255084539038152,0.136097506670274,37
"5302","nonsyn_ben","int",5000,0.05,0.01,5e-04,6,5.5,0.5,0.5,0.5,0,1,0.00197999999999999,0.00882137639836007,0.491264605094835,20
"5303","nonsyn_ben","int",5000,0.05,0.01,5e-04,6,6,0.5,0.5,0.5,0,1,-0.00324,0.0179763867994293,0.179382076257076,20
"5304","nonsyn_ben","int",5000,0.05,0.01,5e-04,6,6.5,0.5,0.5,0.5,0,1,-0.00092888888888889,0.0172280188203787,0.415833027937891,45
"5305","nonsyn_ben","int",5000,0.05,0.01,5e-04,6,7,0.5,0.5,0.5,0,1,-0.00425,0.0134615205767929,0.130474961906551,12
"5306","nonsyn_ben","int",5000,0.05,0.01,0.001,5,6,0.5,0.5,0.5,0,1,-0.00053428571428571,0.00951299679204742,0.214845695207748,35
"5307","nonsyn_ben","int",5000,0.05,0.01,0.001,6,6,0.5,0.5,0.5,0,1,0.000854054054054055,0.0135601100678917,0.378711865299807,74
"5308","nonsyn_ben","int",5000,0.05,0.01,0.001,6,6,0.5,0.5,0.75,0,1,-0.000877365930599368,0.0206856349634248,0.232507842382362,5072
"5309","nonsyn_ben","int",5000,0.05,0.01,0.001,6,6,0.5,0.5,1,0,1,NA,NA,NA,0
"5310","nonsyn_ben","int",5000,0.05,0.01,0.001,6,6.5,0.5,0.5,0.5,0,1,-0.000505555555555563,0.00951744419576122,0.286258671972758,18
"5311","nonsyn_ben","int",5000,0.05,0.01,0.001,6,7,0.5,0.5,0.5,0,1,0.00183333333333333,0.00803193920575481,0.315701509638387,6
"5312","nonsyn_ben","int",5000,0.05,0.01,0.001,6.5,6,0.5,0.5,0.5,0,1,-0.00347000000000001,0.0236215104037354,0.266680328965135,20
"5313","nonsyn_ben","int",5000,0.05,0.01,0.001,7,6,0.5,0.5,0.5,0,1,-0.00952,0.0504632727670145,0.00414298345332844,5
"5314","nonsyn_ben","int",5000,0.05,0.01,0.005,6,5.5,0.5,0.5,0.5,0,1,NA,NA,NA,0
"5315","nonsyn_ben","int",5000,0.05,0.01,0.005,6,6,0.5,0.5,0.5,0,1,0.002,0.0133217275500057,0.301726485613402,8
"5316","nonsyn_ben","int",5000,0.05,0.01,0.005,6,6.5,0.5,0.5,0.5,0,1,-0.0089,0.0269750942644905,0.338753387533876,2
"5317","nonsyn_ben","int",5000,0.05,0.01,0.005,6,7,0.5,0.5,0.5,0,1,NA,NA,NA,0
"5318","nonsyn_ben","int",5000,0.05,0.01,0.01,6,6.5,0.5,0.5,0.5,0,1,0.00159999999999999,0.0195071620706017,0.415790613434128,8
"5319","nonsyn_ben","int",5000,0.05,0.01,0.01,6,7,0.5,0.5,0.5,0,1,NA,NA,NA,0
"5320","nonsyn_ben","int",5000,0.05,1,0.001,6,6,0.5,0.5,0.5,0,1,0.000676419394944053,0.0169140199447047,0.354854060600872,2413
"5321","nonsyn_ben","int",5000,0.05,1,0.001,6,6,0.5,0.5,0.75,0,1,0.000711627191633344,0.0181492888968664,0.295471474515841,13004
"5322","nonsyn_ben","int",5000,0.05,1,0.001,6,6,0.5,0.5,1,0,1,NA,NA,NA,0
"5323","nonsyn_ben","int",5000,0.05,5,0.001,6,6,0.5,0.5,0.5,0,1,0.000261624649859944,0.0150544743900858,0.358702288472526,714
"5324","nonsyn_ben","int",5000,0.05,5,0.001,6,6,0.5,0.5,0.75,0,1,0.00270609555189456,0.0164515880884085,0.373710190292784,1214
"5325","nonsyn_ben","int",5000,0.05,5,0.001,6,6,0.5,0.5,1,0,1,NA,NA,NA,0
"5326","nonsyn_ben","int",5000,0.1,0.01,0.001,6,6,0.5,0.5,0.5,0,1,-0.0019695652173913,0.0164408933595096,0.37616323494539,23
"5327","nonsyn_ben","int",5000,0.2,0.01,0.001,6,6,0.5,0.5,0.5,0,1,-0.007,0.0178203964131581,0.154344497901479,20
"5328","nonsyn_ben","int",5000,0.5,0.01,0.001,6,6,0.5,0.5,0.5,0,1,-0.008,0.0222037472891763,-0.0302838608221763,13
"5329","nonsyn_ben","int",7500,0,0.01,0.001,6,6,0.5,0.5,0.5,0,1,NA,NA,NA,0
"5330","nonsyn_ben","int",7500,0.01,0.01,0.001,6,6,0.5,0.5,0.5,0,1,-0.00462857142857143,0.0243826008898106,0.175528784081416,7
"5331","nonsyn_ben","int",7500,0.05,0.01,0,6,5,0.5,0.5,0.5,0,1,NA,NA,NA,0
"5332","nonsyn_ben","int",7500,0.05,0.01,0,6,6.5,0.5,0.5,0.5,0,1,-0.00191342281879195,0.017875973897868,0.17145516123515,149
"5333","nonsyn_ben","int",7500,0.05,0.01,0,6,7,0.5,0.5,0.5,0,1,-0.000772727272727279,0.0195641136485418,0.224702028950811,33
"5334","nonsyn_ben","int",7500,0.05,0.01,1e-04,6,5,0.5,0.5,0.5,0,1,NA,NA,NA,0
"5335","nonsyn_ben","int",7500,0.05,0.01,1e-04,6,6,0.5,0.5,0.5,0,1,-0.00424660194174757,0.0257930854514065,0.161731122145154,103
"5336","nonsyn_ben","int",7500,0.05,0.01,1e-04,6,6.5,0.5,0.5,0.5,0,1,-0.001002,0.0184895360179719,0.164897525625028,100
"5337","nonsyn_ben","int",7500,0.05,0.01,1e-04,6,7,0.5,0.5,0.5,0,1,-0.000354285714285712,0.0155032840408537,0.331910939953729,35
"5338","nonsyn_ben","int",7500,0.05,0.01,5e-04,6,5.5,0.5,0.5,0.5,0,1,0.000549999999999989,0.007879614073101,0.458718862709639,28
"5339","nonsyn_ben","int",7500,0.05,0.01,5e-04,6,6,0.5,0.5,0.5,0,1,0.0054,0.0121848081651838,0.495204059067934,26
"5340","nonsyn_ben","int",7500,0.05,0.01,5e-04,6,6.5,0.5,0.5,0.5,0,1,0.00205306122448979,0.0182077322425996,0.478912106585761,49
"5341","nonsyn_ben","int",7500,0.05,0.01,5e-04,6,7,0.5,0.5,0.5,0,1,0.00605714285714286,0.0106836631039406,0.485392505234068,14
"5342","nonsyn_ben","int",7500,0.05,0.01,0.001,5,6,0.5,0.5,0.5,0,1,9.64285714285727e-05,0.0112101050292583,0.421026020099484,28
"5343","nonsyn_ben","int",7500,0.05,0.01,0.001,6,6,0.5,0.5,0.5,0,1,-0.000785074626865675,0.0134698056928986,0.308667066237393,67
"5344","nonsyn_ben","int",7500,0.05,0.01,0.001,6,6,0.5,0.5,0.75,0,1,0.000691969236272582,0.0190789860035848,0.268899461051934,5591
"5345","nonsyn_ben","int",7500,0.05,0.01,0.001,6,6,0.5,0.5,1,0,1,NA,NA,NA,0
"5346","nonsyn_ben","int",7500,0.05,0.01,0.001,6,6.5,0.5,0.5,0.5,0,1,0.00412173913043478,0.00822896811997391,0.520742871452259,23
"5347","nonsyn_ben","int",7500,0.05,0.01,0.001,6,7,0.5,0.5,0.5,0,1,0.00143333333333334,0.0238343813168101,0.46063197909539,9
"5348","nonsyn_ben","int",7500,0.05,0.01,0.001,6.5,6,0.5,0.5,0.5,0,1,-0.00644705882352941,0.0351504776890204,0.214894394174681,17
"5349","nonsyn_ben","int",7500,0.05,0.01,0.001,7,6,0.5,0.5,0.5,0,1,-0.00945833333333332,0.0641311192742854,-0.0185235204478991,12
"5350","nonsyn_ben","int",7500,0.05,0.01,0.005,6,5.5,0.5,0.5,0.5,0,1,NA,NA,NA,0
"5351","nonsyn_ben","int",7500,0.05,0.01,0.005,6,6,0.5,0.5,0.5,0,1,0.00692,0.00919762702581799,0.533307344962142,10
"5352","nonsyn_ben","int",7500,0.05,0.01,0.005,6,6.5,0.5,0.5,0.5,0,1,-0.0026,0.0117517554526174,0.197568837919715,4
"5353","nonsyn_ben","int",7500,0.05,0.01,0.005,6,7,0.5,0.5,0.5,0,1,NA,NA,NA,0
"5354","nonsyn_ben","int",7500,0.05,0.01,0.01,6,6.5,0.5,0.5,0.5,0,1,0.00302000000000001,0.0111159058385516,0.338547125389231,5
"5355","nonsyn_ben","int",7500,0.05,0.01,0.01,6,7,0.5,0.5,0.5,0,1,NA,NA,NA,0
"5356","nonsyn_ben","int",7500,0.05,1,0.001,6,6,0.5,0.5,0.5,0,1,0.000178640776699029,0.0164238665754839,0.324936628588381,2678
"5357","nonsyn_ben","int",7500,0.05,1,0.001,6,6,0.5,0.5,0.75,0,1,0.000859089276736336,0.0168051432533536,0.290017363688173,13923
"5358","nonsyn_ben","int",7500,0.05,1,0.001,6,6,0.5,0.5,1,0,1,NA,NA,NA,0
"5359","nonsyn_ben","int",7500,0.05,5,0.001,6,6,0.5,0.5,0.5,0,1,0.000640264423076924,0.0142017981638252,0.349790491198558,832
"5360","nonsyn_ben","int",7500,0.05,5,0.001,6,6,0.5,0.5,0.75,0,1,0.00153179142136249,0.0175478247264238,0.354029259359922,1189
"5361","nonsyn_ben","int",7500,0.05,5,0.001,6,6,0.5,0.5,1,0,1,NA,NA,NA,0
"5362","nonsyn_ben","int",7500,0.1,0.01,0.001,6,6,0.5,0.5,0.5,0,1,-0.00495,0.0176934054803756,0.245098019100863,14
"5363","nonsyn_ben","int",7500,0.2,0.01,0.001,6,6,0.5,0.5,0.5,0,1,-0.00288620689655173,0.0266262607760198,0.325513824208721,29
"5364","nonsyn_ben","int",7500,0.5,0.01,0.001,6,6,0.5,0.5,0.5,0,1,-0.009675,0.0319964607010989,-0.127951757230868,8
"5365","nonsyn_ben","int",10000,0,0.01,0.001,6,6,0.5,0.5,0.5,0,1,NA,NA,NA,0
"5366","nonsyn_ben","int",10000,0.01,0.01,0.001,6,6,0.5,0.5,0.5,0,1,NA,NA,NA,0
"5367","nonsyn_ben","int",10000,0.05,0.01,0,6,5,0.5,0.5,0.5,0,1,NA,NA,NA,0
"5368","nonsyn_ben","int",10000,0.05,0.01,0,6,6.5,0.5,0.5,0.5,0,1,NA,NA,NA,0
"5369","nonsyn_ben","int",10000,0.05,0.01,0,6,7,0.5,0.5,0.5,0,1,NA,NA,NA,0
"5370","nonsyn_ben","int",10000,0.05,0.01,1e-04,6,5,0.5,0.5,0.5,0,1,NA,NA,NA,0
"5371","nonsyn_ben","int",10000,0.05,0.01,1e-04,6,6,0.5,0.5,0.5,0,1,NA,NA,NA,0
"5372","nonsyn_ben","int",10000,0.05,0.01,1e-04,6,6.5,0.5,0.5,0.5,0,1,NA,NA,NA,0
"5373","nonsyn_ben","int",10000,0.05,0.01,1e-04,6,7,0.5,0.5,0.5,0,1,NA,NA,NA,0
"5374","nonsyn_ben","int",10000,0.05,0.01,5e-04,6,5.5,0.5,0.5,0.5,0,1,NA,NA,NA,0
"5375","nonsyn_ben","int",10000,0.05,0.01,5e-04,6,6,0.5,0.5,0.5,0,1,NA,NA,NA,0
"5376","nonsyn_ben","int",10000,0.05,0.01,5e-04,6,6.5,0.5,0.5,0.5,0,1,NA,NA,NA,0
"5377","nonsyn_ben","int",10000,0.05,0.01,5e-04,6,7,0.5,0.5,0.5,0,1,NA,NA,NA,0
"5378","nonsyn_ben","int",10000,0.05,0.01,0.001,5,6,0.5,0.5,0.5,0,1,NA,NA,NA,0
"5379","nonsyn_ben","int",10000,0.05,0.01,0.001,6,6,0.5,0.5,0.5,0,1,NA,NA,NA,0
"5380","nonsyn_ben","int",10000,0.05,0.01,0.001,6,6,0.5,0.5,0.75,0,1,NA,NA,NA,0
"5381","nonsyn_ben","int",10000,0.05,0.01,0.001,6,6,0.5,0.5,1,0,1,NA,NA,NA,0
"5382","nonsyn_ben","int",10000,0.05,0.01,0.001,6,6.5,0.5,0.5,0.5,0,1,NA,NA,NA,0
"5383","nonsyn_ben","int",10000,0.05,0.01,0.001,6,7,0.5,0.5,0.5,0,1,NA,NA,NA,0
"5384","nonsyn_ben","int",10000,0.05,0.01,0.001,6.5,6,0.5,0.5,0.5,0,1,NA,NA,NA,0
"5385","nonsyn_ben","int",10000,0.05,0.01,0.001,7,6,0.5,0.5,0.5,0,1,NA,NA,NA,0
"5386","nonsyn_ben","int",10000,0.05,0.01,0.005,6,5.5,0.5,0.5,0.5,0,1,NA,NA,NA,0
"5387","nonsyn_ben","int",10000,0.05,0.01,0.005,6,6,0.5,0.5,0.5,0,1,NA,NA,NA,0
"5388","nonsyn_ben","int",10000,0.05,0.01,0.005,6,6.5,0.5,0.5,0.5,0,1,NA,NA,NA,0
"5389","nonsyn_ben","int",10000,0.05,0.01,0.005,6,7,0.5,0.5,0.5,0,1,NA,NA,NA,0
"5390","nonsyn_ben","int",10000,0.05,0.01,0.01,6,6.5,0.5,0.5,0.5,0,1,NA,NA,NA,0
"5391","nonsyn_ben","int",10000,0.05,0.01,0.01,6,7,0.5,0.5,0.5,0,1,NA,NA,NA,0
"5392","nonsyn_ben","int",10000,0.05,1,0.001,6,6,0.5,0.5,0.5,0,1,NA,NA,NA,0
"5393","nonsyn_ben","int",10000,0.05,1,0.001,6,6,0.5,0.5,0.75,0,1,NA,NA,NA,0
"5394","nonsyn_ben","int",10000,0.05,1,0.001,6,6,0.5,0.5,1,0,1,NA,NA,NA,0
"5395","nonsyn_ben","int",10000,0.05,5,0.001,6,6,0.5,0.5,0.5,0,1,NA,NA,NA,0
"5396","nonsyn_ben","int",10000,0.05,5,0.001,6,6,0.5,0.5,0.75,0,1,NA,NA,NA,0
"5397","nonsyn_ben","int",10000,0.05,5,0.001,6,6,0.5,0.5,1,0,1,NA,NA,NA,0
"5398","nonsyn_ben","int",10000,0.1,0.01,0.001,6,6,0.5,0.5,0.5,0,1,NA,NA,NA,0
"5399","nonsyn_ben","int",10000,0.2,0.01,0.001,6,6,0.5,0.5,0.5,0,1,NA,NA,NA,0
"5400","nonsyn_ben","int",10000,0.5,0.01,0.001,6,6,0.5,0.5,0.5,0,1,NA,NA,NA,0
"5401","nonsyn_ben","rare",15,0,0.01,0.001,6,6,0.5,0.5,0.5,0,1,-4e-04,0.00041649312786339,-1,1
"5402","nonsyn_ben","rare",15,0.01,0.01,0.001,6,6,0.5,0.5,0.5,0,1,NA,NA,NA,0
"5403","nonsyn_ben","rare",15,0.05,0.01,0,6,5,0.5,0.5,0.5,0,1,NA,NA,NA,0
"5404","nonsyn_ben","rare",15,0.05,0.01,0,6,6.5,0.5,0.5,0.5,0,1,NA,NA,NA,0
"5405","nonsyn_ben","rare",15,0.05,0.01,0,6,7,0.5,0.5,0.5,0,1,NA,NA,NA,0
"5406","nonsyn_ben","rare",15,0.05,0.01,1e-04,6,5,0.5,0.5,0.5,0,1,NA,NA,NA,0
"5407","nonsyn_ben","rare",15,0.05,0.01,1e-04,6,6,0.5,0.5,0.5,0,1,0.00426666666666667,0.334383171145705,1,3
"5408","nonsyn_ben","rare",15,0.05,0.01,1e-04,6,6.5,0.5,0.5,0.5,0,1,NA,NA,NA,0
"5409","nonsyn_ben","rare",15,0.05,0.01,1e-04,6,7,0.5,0.5,0.5,0,1,NA,NA,NA,0
"5410","nonsyn_ben","rare",15,0.05,0.01,5e-04,6,5.5,0.5,0.5,0.5,0,1,NA,NA,NA,0
"5411","nonsyn_ben","rare",15,0.05,0.01,5e-04,6,6,0.5,0.5,0.5,0,1,0.0196000000000001,1,1,1
"5412","nonsyn_ben","rare",15,0.05,0.01,5e-04,6,6.5,0.5,0.5,0.5,0,1,NA,NA,NA,0
"5413","nonsyn_ben","rare",15,0.05,0.01,5e-04,6,7,0.5,0.5,0.5,0,1,NA,NA,NA,0
"5414","nonsyn_ben","rare",15,0.05,0.01,0.001,5,6,0.5,0.5,0.5,0,1,NA,NA,NA,0
"5415","nonsyn_ben","rare",15,0.05,0.01,0.001,6,6,0.5,0.5,0.5,0,1,NA,NA,NA,0
"5416","nonsyn_ben","rare",15,0.05,0.01,0.001,6,6,0.5,0.5,0.75,0,1,NA,NA,NA,0
"5417","nonsyn_ben","rare",15,0.05,0.01,0.001,6,6,0.5,0.5,1,0,1,NA,NA,NA,0
"5418","nonsyn_ben","rare",15,0.05,0.01,0.001,6,6.5,0.5,0.5,0.5,0,1,NA,NA,NA,0
"5419","nonsyn_ben","rare",15,0.05,0.01,0.001,6,7,0.5,0.5,0.5,0,1,NA,NA,NA,0
"5420","nonsyn_ben","rare",15,0.05,0.01,0.001,6.5,6,0.5,0.5,0.5,0,1,NA,NA,NA,0
"5421","nonsyn_ben","rare",15,0.05,0.01,0.001,7,6,0.5,0.5,0.5,0,1,NA,NA,NA,0
"5422","nonsyn_ben","rare",15,0.05,0.01,0.005,6,5.5,0.5,0.5,0.5,0,1,NA,NA,NA,0
"5423","nonsyn_ben","rare",15,0.05,0.01,0.005,6,6,0.5,0.5,0.5,0,1,NA,NA,NA,0
"5424","nonsyn_ben","rare",15,0.05,0.01,0.005,6,6.5,0.5,0.5,0.5,0,1,NA,NA,NA,0
"5425","nonsyn_ben","rare",15,0.05,0.01,0.005,6,7,0.5,0.5,0.5,0,1,NA,NA,NA,0
"5426","nonsyn_ben","rare",15,0.05,0.01,0.01,6,6.5,0.5,0.5,0.5,0,1,NA,NA,NA,0
"5427","nonsyn_ben","rare",15,0.05,0.01,0.01,6,7,0.5,0.5,0.5,0,1,NA,NA,NA,0
"5428","nonsyn_ben","rare",15,0.05,1,0.001,6,6,0.5,0.5,0.5,0,1,-0.004605,0.245275891955719,0.376044492674986,40
"5429","nonsyn_ben","rare",15,0.05,1,0.001,6,6,0.5,0.5,0.75,0,1,-0.00165744680851063,0.206556382660922,0.574468085106388,47
"5430","nonsyn_ben","rare",15,0.05,1,0.001,6,6,0.5,0.5,1,0,1,NA,NA,NA,0
"5431","nonsyn_ben","rare",15,0.05,5,0.001,6,6,0.5,0.5,0.5,0,1,-0.00581111111111111,0.15479961438931,0.555555555555554,9
"5432","nonsyn_ben","rare",15,0.05,5,0.001,6,6,0.5,0.5,0.75,0,1,-0.00691538461538461,0.196390584690653,0.257759784075574,13
"5433","nonsyn_ben","rare",15,0.05,5,0.001,6,6,0.5,0.5,1,0,1,NA,NA,NA,0
"5434","nonsyn_ben","rare",15,0.1,0.01,0.001,6,6,0.5,0.5,0.5,0,1,NA,NA,NA,0
"5435","nonsyn_ben","rare",15,0.2,0.01,0.001,6,6,0.5,0.5,0.5,0,1,-0.00606666666666667,0.333827173481076,0.333333333333333,3
"5436","nonsyn_ben","rare",15,0.5,0.01,0.001,6,6,0.5,0.5,0.5,0,1,NA,NA,NA,0
"5437","nonsyn_ben","rare",50,0,0.01,0.001,6,6,0.5,0.5,0.5,0,1,NA,NA,NA,1
"5438","nonsyn_ben","rare",50,0.01,0.01,0.001,6,6,0.5,0.5,0.5,0,1,NA,NA,NA,2
"5439","nonsyn_ben","rare",50,0.05,0.01,0,6,5,0.5,0.5,0.5,0,1,NA,NA,NA,0
"5440","nonsyn_ben","rare",50,0.05,0.01,0,6,6.5,0.5,0.5,0.5,0,1,NA,NA,NA,1
"5441","nonsyn_ben","rare",50,0.05,0.01,0,6,7,0.5,0.5,0.5,0,1,NA,NA,NA,0
"5442","nonsyn_ben","rare",50,0.05,0.01,1e-04,6,5,0.5,0.5,0.5,0,1,NA,NA,NA,0
"5443","nonsyn_ben","rare",50,0.05,0.01,1e-04,6,6,0.5,0.5,0.5,0,1,0.00460000000000001,0.299700345946762,1,5
"5444","nonsyn_ben","rare",50,0.05,0.01,1e-04,6,6.5,0.5,0.5,0.5,0,1,NA,NA,NA,0
"5445","nonsyn_ben","rare",50,0.05,0.01,1e-04,6,7,0.5,0.5,0.5,0,1,NA,NA,NA,0
"5446","nonsyn_ben","rare",50,0.05,0.01,5e-04,6,5.5,0.5,0.5,0.5,0,1,NA,NA,NA,2
"5447","nonsyn_ben","rare",50,0.05,0.01,5e-04,6,6,0.5,0.5,0.5,0,1,NA,NA,NA,1
"5448","nonsyn_ben","rare",50,0.05,0.01,5e-04,6,6.5,0.5,0.5,0.5,0,1,NA,NA,NA,0
"5449","nonsyn_ben","rare",50,0.05,0.01,5e-04,6,7,0.5,0.5,0.5,0,1,NA,NA,NA,0
"5450","nonsyn_ben","rare",50,0.05,0.01,0.001,5,6,0.5,0.5,0.5,0,1,NA,NA,NA,0
"5451","nonsyn_ben","rare",50,0.05,0.01,0.001,6,6,0.5,0.5,0.5,0,1,NA,NA,NA,2
"5452","nonsyn_ben","rare",50,0.05,0.01,0.001,6,6,0.5,0.5,0.75,0,1,NA,NA,NA,1
"5453","nonsyn_ben","rare",50,0.05,0.01,0.001,6,6,0.5,0.5,1,0,1,NA,NA,NA,0
"5454","nonsyn_ben","rare",50,0.05,0.01,0.001,6,6.5,0.5,0.5,0.5,0,1,NA,NA,NA,0
"5455","nonsyn_ben","rare",50,0.05,0.01,0.001,6,7,0.5,0.5,0.5,0,1,NA,NA,NA,0
"5456","nonsyn_ben","rare",50,0.05,0.01,0.001,6.5,6,0.5,0.5,0.5,0,1,NA,NA,NA,0
"5457","nonsyn_ben","rare",50,0.05,0.01,0.001,7,6,0.5,0.5,0.5,0,1,NA,NA,NA,0
"5458","nonsyn_ben","rare",50,0.05,0.01,0.005,6,5.5,0.5,0.5,0.5,0,1,NA,NA,NA,0
"5459","nonsyn_ben","rare",50,0.05,0.01,0.005,6,6,0.5,0.5,0.5,0,1,NA,NA,NA,0
"5460","nonsyn_ben","rare",50,0.05,0.01,0.005,6,6.5,0.5,0.5,0.5,0,1,NA,NA,NA,0
"5461","nonsyn_ben","rare",50,0.05,0.01,0.005,6,7,0.5,0.5,0.5,0,1,NA,NA,NA,0
"5462","nonsyn_ben","rare",50,0.05,0.01,0.01,6,6.5,0.5,0.5,0.5,0,1,NA,NA,NA,0
"5463","nonsyn_ben","rare",50,0.05,0.01,0.01,6,7,0.5,0.5,0.5,0,1,NA,NA,NA,0
"5464","nonsyn_ben","rare",50,0.05,1,0.001,6,6,0.5,0.5,0.5,0,1,-0.00081590909090909,0.121885141022895,0.756501924223297,44
"5465","nonsyn_ben","rare",50,0.05,1,0.001,6,6,0.5,0.5,0.75,0,1,-0.000199999999999998,0.127650237050308,0.719398148148149,75
"5466","nonsyn_ben","rare",50,0.05,1,0.001,6,6,0.5,0.5,1,0,1,NA,NA,NA,0
"5467","nonsyn_ben","rare",50,0.05,5,0.001,6,6,0.5,0.5,0.5,0,1,-0.0062,0.207062470101586,0.322533136966126,14
"5468","nonsyn_ben","rare",50,0.05,5,0.001,6,6,0.5,0.5,0.75,0,1,-0.00515833333333332,0.324816183656174,0.333333333333333,12
"5469","nonsyn_ben","rare",50,0.05,5,0.001,6,6,0.5,0.5,1,0,1,NA,NA,NA,0
"5470","nonsyn_ben","rare",50,0.1,0.01,0.001,6,6,0.5,0.5,0.5,0,1,NA,NA,NA,1
"5471","nonsyn_ben","rare",50,0.2,0.01,0.001,6,6,0.5,0.5,0.5,0,1,NA,NA,NA,0
"5472","nonsyn_ben","rare",50,0.5,0.01,0.001,6,6,0.5,0.5,0.5,0,1,NA,NA,NA,1
"5473","nonsyn_ben","rare",100,0,0.01,0.001,6,6,0.5,0.5,0.5,0,1,NA,NA,NA,1
"5474","nonsyn_ben","rare",100,0.01,0.01,0.001,6,6,0.5,0.5,0.5,0,1,NA,NA,NA,1
"5475","nonsyn_ben","rare",100,0.05,0.01,0,6,5,0.5,0.5,0.5,0,1,NA,NA,NA,0
"5476","nonsyn_ben","rare",100,0.05,0.01,0,6,6.5,0.5,0.5,0.5,0,1,0.00371428571428572,0.286675872557919,0.999999999999999,7
"5477","nonsyn_ben","rare",100,0.05,0.01,0,6,7,0.5,0.5,0.5,0,1,-0.0475,0.999999999999999,-1,2
"5478","nonsyn_ben","rare",100,0.05,0.01,1e-04,6,5,0.5,0.5,0.5,0,1,NA,NA,NA,0
"5479","nonsyn_ben","rare",100,0.05,0.01,1e-04,6,6,0.5,0.5,0.5,0,1,NA,NA,NA,5
"5480","nonsyn_ben","rare",100,0.05,0.01,1e-04,6,6.5,0.5,0.5,0.5,0,1,NA,NA,NA,1
"5481","nonsyn_ben","rare",100,0.05,0.01,1e-04,6,7,0.5,0.5,0.5,0,1,NA,NA,NA,0
"5482","nonsyn_ben","rare",100,0.05,0.01,5e-04,6,5.5,0.5,0.5,0.5,0,1,0.0012,0.00129215588658116,1,4
"5483","nonsyn_ben","rare",100,0.05,0.01,5e-04,6,6,0.5,0.5,0.5,0,1,0.00520000000000005,0.250312369845898,1,4
"5484","nonsyn_ben","rare",100,0.05,0.01,5e-04,6,6.5,0.5,0.5,0.5,0,1,NA,NA,NA,2
"5485","nonsyn_ben","rare",100,0.05,0.01,5e-04,6,7,0.5,0.5,0.5,0,1,NA,NA,NA,1
"5486","nonsyn_ben","rare",100,0.05,0.01,0.001,5,6,0.5,0.5,0.5,0,1,0.000900000000000001,0.000962226996061583,1,2
"5487","nonsyn_ben","rare",100,0.05,0.01,0.001,6,6,0.5,0.5,0.5,0,1,NA,NA,NA,9
"5488","nonsyn_ben","rare",100,0.05,0.01,0.001,6,6,0.5,0.5,0.75,0,1,-0.0026,0.49822493821021,0.4,10
"5489","nonsyn_ben","rare",100,0.05,0.01,0.001,6,6,0.5,0.5,1,0,1,NA,NA,NA,0
"5490","nonsyn_ben","rare",100,0.05,0.01,0.001,6,6.5,0.5,0.5,0.5,0,1,0.001475,0.00160180362387313,1,4
"5491","nonsyn_ben","rare",100,0.05,0.01,0.001,6,7,0.5,0.5,0.5,0,1,NA,NA,NA,1
"5492","nonsyn_ben","rare",100,0.05,0.01,0.001,6.5,6,0.5,0.5,0.5,0,1,NA,NA,NA,0
"5493","nonsyn_ben","rare",100,0.05,0.01,0.001,7,6,0.5,0.5,0.5,0,1,NA,NA,NA,3
"5494","nonsyn_ben","rare",100,0.05,0.01,0.005,6,5.5,0.5,0.5,0.5,0,1,NA,NA,NA,0
"5495","nonsyn_ben","rare",100,0.05,0.01,0.005,6,6,0.5,0.5,0.5,0,1,NA,NA,NA,1
"5496","nonsyn_ben","rare",100,0.05,0.01,0.005,6,6.5,0.5,0.5,0.5,0,1,NA,NA,NA,1
"5497","nonsyn_ben","rare",100,0.05,0.01,0.005,6,7,0.5,0.5,0.5,0,1,NA,NA,NA,0
"5498","nonsyn_ben","rare",100,0.05,0.01,0.01,6,6.5,0.5,0.5,0.5,0,1,NA,NA,NA,1
"5499","nonsyn_ben","rare",100,0.05,0.01,0.01,6,7,0.5,0.5,0.5,0,1,NA,NA,NA,0
"5500","nonsyn_ben","rare",100,0.05,1,0.001,6,6,0.5,0.5,0.5,0,1,-0.00290661764705882,0.107576036231134,0.6937564499484,136
"5501","nonsyn_ben","rare",100,0.05,1,0.001,6,6,0.5,0.5,0.75,0,1,-0.0021953488372093,0.143317335086511,0.676800594948981,258
"5502","nonsyn_ben","rare",100,0.05,1,0.001,6,6,0.5,0.5,1,0,1,NA,NA,NA,0
"5503","nonsyn_ben","rare",100,0.05,5,0.001,6,6,0.5,0.5,0.5,0,1,-0.00273333333333333,0.125721814090134,0.592592592592593,54
"5504","nonsyn_ben","rare",100,0.05,5,0.001,6,6,0.5,0.5,0.75,0,1,-0.00333414634146341,0.122921159097905,0.639530737412637,41
"5505","nonsyn_ben","rare",100,0.05,5,0.001,6,6,0.5,0.5,1,0,1,NA,NA,NA,0
"5506","nonsyn_ben","rare",100,0.1,0.01,0.001,6,6,0.5,0.5,0.5,0,1,NA,NA,NA,2
"5507","nonsyn_ben","rare",100,0.2,0.01,0.001,6,6,0.5,0.5,0.5,0,1,-0.00430999999999999,0.300466006771007,0.6,10
"5508","nonsyn_ben","rare",100,0.5,0.01,0.001,6,6,0.5,0.5,0.5,0,1,NA,NA,NA,1
"5509","nonsyn_ben","rare",200,0,0.01,0.001,6,6,0.5,0.5,0.5,0,1,NA,NA,NA,8
"5510","nonsyn_ben","rare",200,0.01,0.01,0.001,6,6,0.5,0.5,0.5,0,1,-0.0061875,0.0936613436012403,0.381578947368421,8
"5511","nonsyn_ben","rare",200,0.05,0.01,0,6,5,0.5,0.5,0.5,0,1,NA,NA,NA,0
"5512","nonsyn_ben","rare",200,0.05,0.01,0,6,6.5,0.5,0.5,0.5,0,1,0.00212857142857143,0.14362047685738,0.999999999999998,7
"5513","nonsyn_ben","rare",200,0.05,0.01,0,6,7,0.5,0.5,0.5,0,1,NA,NA,NA,2
"5514","nonsyn_ben","rare",200,0.05,0.01,1e-04,6,5,0.5,0.5,0.5,0,1,NA,NA,NA,0
"5515","nonsyn_ben","rare",200,0.05,0.01,1e-04,6,6,0.5,0.5,0.5,0,1,-0.00504827586206896,0.158983466670889,0.379310344827586,29
"5516","nonsyn_ben","rare",200,0.05,0.01,1e-04,6,6.5,0.5,0.5,0.5,0,1,NA,NA,NA,1
"5517","nonsyn_ben","rare",200,0.05,0.01,1e-04,6,7,0.5,0.5,0.5,0,1,NA,NA,NA,5
"5518","nonsyn_ben","rare",200,0.05,0.01,5e-04,6,5.5,0.5,0.5,0.5,0,1,0.000933333333333333,0.00099647047158508,1,9
"5519","nonsyn_ben","rare",200,0.05,0.01,5e-04,6,6,0.5,0.5,0.5,0,1,NA,NA,NA,7
"5520","nonsyn_ben","rare",200,0.05,0.01,5e-04,6,6.5,0.5,0.5,0.5,0,1,NA,NA,NA,1
"5521","nonsyn_ben","rare",200,0.05,0.01,5e-04,6,7,0.5,0.5,0.5,0,1,NA,NA,NA,2
"5522","nonsyn_ben","rare",200,0.05,0.01,0.001,5,6,0.5,0.5,0.5,0,1,-0.00296,0.050324621486184,0.670175438596491,5
"5523","nonsyn_ben","rare",200,0.05,0.01,0.001,6,6,0.5,0.5,0.5,0,1,NA,NA,NA,15
"5524","nonsyn_ben","rare",200,0.05,0.01,0.001,6,6,0.5,0.5,0.75,0,1,NA,NA,NA,8
"5525","nonsyn_ben","rare",200,0.05,0.01,0.001,6,6,0.5,0.5,1,0,1,NA,NA,NA,0
"5526","nonsyn_ben","rare",200,0.05,0.01,0.001,6,6.5,0.5,0.5,0.5,0,1,NA,NA,NA,0
"5527","nonsyn_ben","rare",200,0.05,0.01,0.001,6,7,0.5,0.5,0.5,0,1,NA,NA,NA,2
"5528","nonsyn_ben","rare",200,0.05,0.01,0.001,6.5,6,0.5,0.5,0.5,0,1,NA,NA,NA,0
"5529","nonsyn_ben","rare",200,0.05,0.01,0.001,7,6,0.5,0.5,0.5,0,1,NA,NA,NA,1
"5530","nonsyn_ben","rare",200,0.05,0.01,0.005,6,5.5,0.5,0.5,0.5,0,1,NA,NA,NA,0
"5531","nonsyn_ben","rare",200,0.05,0.01,0.005,6,6,0.5,0.5,0.5,0,1,NA,NA,NA,1
"5532","nonsyn_ben","rare",200,0.05,0.01,0.005,6,6.5,0.5,0.5,0.5,0,1,NA,NA,NA,2
"5533","nonsyn_ben","rare",200,0.05,0.01,0.005,6,7,0.5,0.5,0.5,0,1,NA,NA,NA,0
"5534","nonsyn_ben","rare",200,0.05,0.01,0.01,6,6.5,0.5,0.5,0.5,0,1,NA,NA,NA,0
"5535","nonsyn_ben","rare",200,0.05,0.01,0.01,6,7,0.5,0.5,0.5,0,1,NA,NA,NA,0
"5536","nonsyn_ben","rare",200,0.05,1,0.001,6,6,0.5,0.5,0.5,0,1,-0.00147405247813411,0.0766773111965264,0.761019829467427,343
"5537","nonsyn_ben","rare",200,0.05,1,0.001,6,6,0.5,0.5,0.75,0,1,-0.00183431952662722,0.107539310847463,0.653968827838028,507
"5538","nonsyn_ben","rare",200,0.05,1,0.001,6,6,0.5,0.5,1,0,1,NA,NA,NA,0
"5539","nonsyn_ben","rare",200,0.05,5,0.001,6,6,0.5,0.5,0.5,0,1,-0.00227327586206896,0.0850154186034516,0.676841368552024,116
"5540","nonsyn_ben","rare",200,0.05,5,0.001,6,6,0.5,0.5,0.75,0,1,-0.00248018867924528,0.0922631040624968,0.652681035870328,106
"5541","nonsyn_ben","rare",200,0.05,5,0.001,6,6,0.5,0.5,1,0,1,NA,NA,NA,0
"5542","nonsyn_ben","rare",200,0.1,0.01,0.001,6,6,0.5,0.5,0.5,0,1,NA,NA,NA,5
"5543","nonsyn_ben","rare",200,0.2,0.01,0.001,6,6,0.5,0.5,0.5,0,1,-0.00492857142857143,0.198876550061612,0.428571428571428,7
"5544","nonsyn_ben","rare",200,0.5,0.01,0.001,6,6,0.5,0.5,0.5,0,1,NA,NA,NA,0
"5545","nonsyn_ben","rare",300,0,0.01,0.001,6,6,0.5,0.5,0.5,0,1,NA,NA,NA,2
"5546","nonsyn_ben","rare",300,0.01,0.01,0.001,6,6,0.5,0.5,0.5,0,1,-0.0032,0.098639455782313,0.6,5
"5547","nonsyn_ben","rare",300,0.05,0.01,0,6,5,0.5,0.5,0.5,0,1,NA,NA,NA,0
"5548","nonsyn_ben","rare",300,0.05,0.01,0,6,6.5,0.5,0.5,0.5,0,1,0.000757142857142857,0.000813182666472,0.999999999999998,7
"5549","nonsyn_ben","rare",300,0.05,0.01,0,6,7,0.5,0.5,0.5,0,1,NA,NA,NA,2
"5550","nonsyn_ben","rare",300,0.05,0.01,1e-04,6,5,0.5,0.5,0.5,0,1,NA,NA,NA,0
"5551","nonsyn_ben","rare",300,0.05,0.01,1e-04,6,6,0.5,0.5,0.5,0,1,-0.000368421052631577,0.0439914458567849,0.684210526315794,19
"5552","nonsyn_ben","rare",300,0.05,0.01,1e-04,6,6.5,0.5,0.5,0.5,0,1,0.000525,0.000555971194766399,0.999999999999998,4
"5553","nonsyn_ben","rare",300,0.05,0.01,1e-04,6,7,0.5,0.5,0.5,0,1,-0.00186666666666667,0.0125573436904693,0.596491228070175,3
"5554","nonsyn_ben","rare",300,0.05,0.01,5e-04,6,5.5,0.5,0.5,0.5,0,1,-0.0056,0.177259415512144,0.555555555555555,9
"5555","nonsyn_ben","rare",300,0.05,0.01,5e-04,6,6,0.5,0.5,0.5,0,1,-6.66666666666663e-05,0.462723865056226,0.333333333333333,3
"5556","nonsyn_ben","rare",300,0.05,0.01,5e-04,6,6.5,0.5,0.5,0.5,0,1,0.000499999999999999,0.000526027864024915,0.999999999999996,2
"5557","nonsyn_ben","rare",300,0.05,0.01,5e-04,6,7,0.5,0.5,0.5,0,1,NA,NA,NA,2
"5558","nonsyn_ben","rare",300,0.05,0.01,0.001,5,6,0.5,0.5,0.5,0,1,-0.000816666666666666,0.00935023399772613,0.783625730994152,6
"5559","nonsyn_ben","rare",300,0.05,0.01,0.001,6,6,0.5,0.5,0.5,0,1,NA,NA,NA,10
"5560","nonsyn_ben","rare",300,0.05,0.01,0.001,6,6,0.5,0.5,0.75,0,1,0.000900000000000001,0.000959920050494428,1,4
"5561","nonsyn_ben","rare",300,0.05,0.01,0.001,6,6,0.5,0.5,1,0,1,NA,NA,NA,0
"5562","nonsyn_ben","rare",300,0.05,0.01,0.001,6,6.5,0.5,0.5,0.5,0,1,NA,NA,NA,1
"5563","nonsyn_ben","rare",300,0.05,0.01,0.001,6,7,0.5,0.5,0.5,0,1,NA,NA,NA,0
"5564","nonsyn_ben","rare",300,0.05,0.01,0.001,6.5,6,0.5,0.5,0.5,0,1,NA,NA,NA,0
"5565","nonsyn_ben","rare",300,0.05,0.01,0.001,7,6,0.5,0.5,0.5,0,1,NA,NA,NA,2
"5566","nonsyn_ben","rare",300,0.05,0.01,0.005,6,5.5,0.5,0.5,0.5,0,1,NA,NA,NA,0
"5567","nonsyn_ben","rare",300,0.05,0.01,0.005,6,6,0.5,0.5,0.5,0,1,NA,NA,NA,0
"5568","nonsyn_ben","rare",300,0.05,0.01,0.005,6,6.5,0.5,0.5,0.5,0,1,NA,NA,NA,0
"5569","nonsyn_ben","rare",300,0.05,0.01,0.005,6,7,0.5,0.5,0.5,0,1,NA,NA,NA,1
"5570","nonsyn_ben","rare",300,0.05,0.01,0.01,6,6.5,0.5,0.5,0.5,0,1,NA,NA,NA,0
"5571","nonsyn_ben","rare",300,0.05,0.01,0.01,6,7,0.5,0.5,0.5,0,1,NA,NA,NA,1
"5572","nonsyn_ben","rare",300,0.05,1,0.001,6,6,0.5,0.5,0.5,0,1,-0.00166367713004484,0.0614053317136244,0.770253997403553,223
"5573","nonsyn_ben","rare",300,0.05,1,0.001,6,6,0.5,0.5,0.75,0,1,-0.00222148760330578,0.0823707125567681,0.663905208442145,363
"5574","nonsyn_ben","rare",300,0.05,1,0.001,6,6,0.5,0.5,1,0,1,NA,NA,NA,0
"5575","nonsyn_ben","rare",300,0.05,5,0.001,6,6,0.5,0.5,0.5,0,1,-0.00188282828282828,0.0521859795644889,0.758491346210642,99
"5576","nonsyn_ben","rare",300,0.05,5,0.001,6,6,0.5,0.5,0.75,0,1,-0.00362105263157895,0.107968725537924,0.583440696859939,76
"5577","nonsyn_ben","rare",300,0.05,5,0.001,6,6,0.5,0.5,1,0,1,NA,NA,NA,0
"5578","nonsyn_ben","rare",300,0.1,0.01,0.001,6,6,0.5,0.5,0.5,0,1,0.000533333333333334,0.000559617914070741,1,3
"5579","nonsyn_ben","rare",300,0.2,0.01,0.001,6,6,0.5,0.5,0.5,0,1,-0.000716666666666667,0.00650651555501519,0.798245614035087,6
"5580","nonsyn_ben","rare",300,0.5,0.01,0.001,6,6,0.5,0.5,0.5,0,1,NA,NA,NA,3
"5581","nonsyn_ben","rare",500,0,0.01,0.001,6,6,0.5,0.5,0.5,0,1,0.0016,0.0436225861408453,-0.777777777777778,9
"5582","nonsyn_ben","rare",500,0.01,0.01,0.001,6,6,0.5,0.5,0.5,0,1,-0.00245555555555556,0.0865840710760279,0.613425925925926,9
"5583","nonsyn_ben","rare",500,0.05,0.01,0,6,5,0.5,0.5,0.5,0,1,NA,NA,NA,0
"5584","nonsyn_ben","rare",500,0.05,0.01,0,6,6.5,0.5,0.5,0.5,0,1,NA,NA,NA,15
"5585","nonsyn_ben","rare",500,0.05,0.01,0,6,7,0.5,0.5,0.5,0,1,NA,NA,NA,3
"5586","nonsyn_ben","rare",500,0.05,0.01,1e-04,6,5,0.5,0.5,0.5,0,1,NA,NA,NA,0
"5587","nonsyn_ben","rare",500,0.05,0.01,1e-04,6,6,0.5,0.5,0.5,0,1,-0.00326041666666667,0.0902249987101194,0.515907685740392,48
"5588","nonsyn_ben","rare",500,0.05,0.01,1e-04,6,6.5,0.5,0.5,0.5,0,1,NA,NA,NA,1
"5589","nonsyn_ben","rare",500,0.05,0.01,1e-04,6,7,0.5,0.5,0.5,0,1,NA,NA,NA,7
"5590","nonsyn_ben","rare",500,0.05,0.01,5e-04,6,5.5,0.5,0.5,0.5,0,1,0.000685714285714282,0.000962871452069875,0.571428571428568,14
"5591","nonsyn_ben","rare",500,0.05,0.01,5e-04,6,6,0.5,0.5,0.5,0,1,NA,NA,NA,6
"5592","nonsyn_ben","rare",500,0.05,0.01,5e-04,6,6.5,0.5,0.5,0.5,0,1,-0.0018,0.0831484533810937,0.749999999999998,8
"5593","nonsyn_ben","rare",500,0.05,0.01,5e-04,6,7,0.5,0.5,0.5,0,1,NA,NA,NA,1
"5594","nonsyn_ben","rare",500,0.05,0.01,0.001,5,6,0.5,0.5,0.5,0,1,0.000516666666666667,0.00421139298064217,0.899122807017544,12
"5595","nonsyn_ben","rare",500,0.05,0.01,0.001,6,6,0.5,0.5,0.5,0,1,NA,NA,NA,23
"5596","nonsyn_ben","rare",500,0.05,0.01,0.001,6,6,0.5,0.5,0.75,0,1,-0.0013125,0.0636718693637125,0.875,16
"5597","nonsyn_ben","rare",500,0.05,0.01,0.001,6,6,0.5,0.5,1,0,1,NA,NA,NA,0
"5598","nonsyn_ben","rare",500,0.05,0.01,0.001,6,6.5,0.5,0.5,0.5,0,1,NA,NA,NA,2
"5599","nonsyn_ben","rare",500,0.05,0.01,0.001,6,7,0.5,0.5,0.5,0,1,NA,NA,NA,3
"5600","nonsyn_ben","rare",500,0.05,0.01,0.001,6.5,6,0.5,0.5,0.5,0,1,NA,NA,NA,0
"5601","nonsyn_ben","rare",500,0.05,0.01,0.001,7,6,0.5,0.5,0.5,0,1,NA,NA,NA,1
"5602","nonsyn_ben","rare",500,0.05,0.01,0.005,6,5.5,0.5,0.5,0.5,0,1,NA,NA,NA,0
"5603","nonsyn_ben","rare",500,0.05,0.01,0.005,6,6,0.5,0.5,0.5,0,1,NA,NA,NA,2
"5604","nonsyn_ben","rare",500,0.05,0.01,0.005,6,6.5,0.5,0.5,0.5,0,1,NA,NA,NA,1
"5605","nonsyn_ben","rare",500,0.05,0.01,0.005,6,7,0.5,0.5,0.5,0,1,NA,NA,NA,0
"5606","nonsyn_ben","rare",500,0.05,0.01,0.01,6,6.5,0.5,0.5,0.5,0,1,NA,NA,NA,1
"5607","nonsyn_ben","rare",500,0.05,0.01,0.01,6,7,0.5,0.5,0.5,0,1,NA,NA,NA,0
"5608","nonsyn_ben","rare",500,0.05,1,0.001,6,6,0.5,0.5,0.5,0,1,-0.000456521739130434,0.0372561539007367,0.822948719965045,598
"5609","nonsyn_ben","rare",500,0.05,1,0.001,6,6,0.5,0.5,0.75,0,1,-0.00167590725806452,0.0579444755292296,0.698037671891817,992
"5610","nonsyn_ben","rare",500,0.05,1,0.001,6,6,0.5,0.5,1,0,1,NA,NA,NA,0
"5611","nonsyn_ben","rare",500,0.05,5,0.001,6,6,0.5,0.5,0.5,0,1,-0.00024170616113744,0.0294398908608045,0.857346707308328,211
"5612","nonsyn_ben","rare",500,0.05,5,0.001,6,6,0.5,0.5,0.75,0,1,-0.00153640552995391,0.0453374669334521,0.710513113221498,217
"5613","nonsyn_ben","rare",500,0.05,5,0.001,6,6,0.5,0.5,1,0,1,NA,NA,NA,0
"5614","nonsyn_ben","rare",500,0.1,0.01,0.001,6,6,0.5,0.5,0.5,0,1,NA,NA,NA,6
"5615","nonsyn_ben","rare",500,0.2,0.01,0.001,6,6,0.5,0.5,0.5,0,1,-0.00452666666666667,0.168785871764608,0.508771929824562,15
"5616","nonsyn_ben","rare",500,0.5,0.01,0.001,6,6,0.5,0.5,0.5,0,1,NA,NA,NA,8
"5617","nonsyn_ben","rare",750,0,0.01,0.001,6,6,0.5,0.5,0.5,0,1,NA,NA,NA,5
"5618","nonsyn_ben","rare",750,0.01,0.01,0.001,6,6,0.5,0.5,0.5,0,1,2.38095238095252e-05,0.0243280221135969,0.904761904761905,21
"5619","nonsyn_ben","rare",750,0.05,0.01,0,6,5,0.5,0.5,0.5,0,1,NA,NA,NA,0
"5620","nonsyn_ben","rare",750,0.05,0.01,0,6,6.5,0.5,0.5,0.5,0,1,-0.000249999999999997,0.0238605756743712,0.571428571428585,14
"5621","nonsyn_ben","rare",750,0.05,0.01,0,6,7,0.5,0.5,0.5,0,1,NA,NA,NA,3
"5622","nonsyn_ben","rare",750,0.05,0.01,1e-04,6,5,0.5,0.5,0.5,0,1,NA,NA,NA,0
"5623","nonsyn_ben","rare",750,0.05,0.01,1e-04,6,6,0.5,0.5,0.5,0,1,-0.0017828125,0.0504875453717009,0.71424031852324,64
"5624","nonsyn_ben","rare",750,0.05,0.01,1e-04,6,6.5,0.5,0.5,0.5,0,1,-0.001,0.0137897772351833,0.773279352226722,13
"5625","nonsyn_ben","rare",750,0.05,0.01,1e-04,6,7,0.5,0.5,0.5,0,1,NA,NA,NA,10
"5626","nonsyn_ben","rare",750,0.05,0.01,5e-04,6,5.5,0.5,0.5,0.5,0,1,0.00102272727272727,0.00124589265530349,0.90909090909091,22
"5627","nonsyn_ben","rare",750,0.05,0.01,5e-04,6,6,0.5,0.5,0.5,0,1,0.000583333333333334,0.000614780592088159,1,12
"5628","nonsyn_ben","rare",750,0.05,0.01,5e-04,6,6.5,0.5,0.5,0.5,0,1,0.000609999999999999,0.000648489389672241,0.999999999999996,10
"5629","nonsyn_ben","rare",750,0.05,0.01,5e-04,6,7,0.5,0.5,0.5,0,1,NA,NA,NA,4
"5630","nonsyn_ben","rare",750,0.05,0.01,0.001,5,6,0.5,0.5,0.5,0,1,9.09090909090913e-05,0.00888876142336955,0.866028708133971,11
"5631","nonsyn_ben","rare",750,0.05,0.01,0.001,6,6,0.5,0.5,0.5,0,1,NA,NA,NA,41
"5632","nonsyn_ben","rare",750,0.05,0.01,0.001,6,6,0.5,0.5,0.75,0,1,-0.0012,0.037986715647362,0.779629629629629,15
"5633","nonsyn_ben","rare",750,0.05,0.01,0.001,6,6,0.5,0.5,1,0,1,NA,NA,NA,0
"5634","nonsyn_ben","rare",750,0.05,0.01,0.001,6,6.5,0.5,0.5,0.5,0,1,NA,NA,NA,6
"5635","nonsyn_ben","rare",750,0.05,0.01,0.001,6,7,0.5,0.5,0.5,0,1,NA,NA,NA,0
"5636","nonsyn_ben","rare",750,0.05,0.01,0.001,6.5,6,0.5,0.5,0.5,0,1,NA,NA,NA,0
"5637","nonsyn_ben","rare",750,0.05,0.01,0.001,7,6,0.5,0.5,0.5,0,1,NA,NA,NA,5
"5638","nonsyn_ben","rare",750,0.05,0.01,0.005,6,5.5,0.5,0.5,0.5,0,1,NA,NA,NA,0
"5639","nonsyn_ben","rare",750,0.05,0.01,0.005,6,6,0.5,0.5,0.5,0,1,NA,NA,NA,2
"5640","nonsyn_ben","rare",750,0.05,0.01,0.005,6,6.5,0.5,0.5,0.5,0,1,NA,NA,NA,1
"5641","nonsyn_ben","rare",750,0.05,0.01,0.005,6,7,0.5,0.5,0.5,0,1,NA,NA,NA,1
"5642","nonsyn_ben","rare",750,0.05,0.01,0.01,6,6.5,0.5,0.5,0.5,0,1,NA,NA,NA,0
"5643","nonsyn_ben","rare",750,0.05,0.01,0.01,6,7,0.5,0.5,0.5,0,1,NA,NA,NA,1
"5644","nonsyn_ben","rare",750,0.05,1,0.001,6,6,0.5,0.5,0.5,0,1,-0.000539370078740157,0.0292561128135644,0.803561674409979,762
"5645","nonsyn_ben","rare",750,0.05,1,0.001,6,6,0.5,0.5,0.75,0,1,-0.00119323990107172,0.0404141229793652,0.716055622767486,1213
"5646","nonsyn_ben","rare",750,0.05,1,0.001,6,6,0.5,0.5,1,0,1,NA,NA,NA,0
"5647","nonsyn_ben","rare",750,0.05,5,0.001,6,6,0.5,0.5,0.5,0,1,-0.000316776315789473,0.027052155308545,0.859301802666085,304
"5648","nonsyn_ben","rare",750,0.05,5,0.001,6,6,0.5,0.5,0.75,0,1,-0.000725106382978723,0.0306992191415995,0.756016512893857,235
"5649","nonsyn_ben","rare",750,0.05,5,0.001,6,6,0.5,0.5,1,0,1,NA,NA,NA,0
"5650","nonsyn_ben","rare",750,0.1,0.01,0.001,6,6,0.5,0.5,0.5,0,1,-0.000444444444444444,0.0131070464655288,0.835648148148148,9
"5651","nonsyn_ben","rare",750,0.2,0.01,0.001,6,6,0.5,0.5,0.5,0,1,-0.000333333333333331,0.0115855386813003,0.816561078622483,27
"5652","nonsyn_ben","rare",750,0.5,0.01,0.001,6,6,0.5,0.5,0.5,0,1,-0.00301818181818182,0.15911399652278,0.365491651205937,11
"5653","nonsyn_ben","rare",1000,0,0.01,0.001,6,6,0.5,0.5,0.5,0,1,-0.0005875,0.000619727970251739,-1,16
"5654","nonsyn_ben","rare",1000,0.01,0.01,0.001,6,6,0.5,0.5,0.5,0,1,0.000886666666666666,0.00107843918081597,0.866666666666666,15
"5655","nonsyn_ben","rare",1000,0.05,0.01,0,6,5,0.5,0.5,0.5,0,1,NA,NA,NA,0
"5656","nonsyn_ben","rare",1000,0.05,0.01,0,6,6.5,0.5,0.5,0.5,0,1,NA,NA,NA,7
"5657","nonsyn_ben","rare",1000,0.05,0.01,0,6,7,0.5,0.5,0.5,0,1,NA,NA,NA,3
"5658","nonsyn_ben","rare",1000,0.05,0.01,1e-04,6,5,0.5,0.5,0.5,0,1,NA,NA,NA,0
"5659","nonsyn_ben","rare",1000,0.05,0.01,1e-04,6,6,0.5,0.5,0.5,0,1,-0.00145555555555555,0.0489731093437054,0.618852513161064,81
"5660","nonsyn_ben","rare",1000,0.05,0.01,1e-04,6,6.5,0.5,0.5,0.5,0,1,-0.00066470588235294,0.0136963524404792,0.708333333333339,17
"5661","nonsyn_ben","rare",1000,0.05,0.01,1e-04,6,7,0.5,0.5,0.5,0,1,0.000618181818181818,0.000658819167426674,0.999999999999999,11
"5662","nonsyn_ben","rare",1000,0.05,0.01,5e-04,6,5.5,0.5,0.5,0.5,0,1,0.000153333333333336,0.0432401126727482,0.802061855670103,15
"5663","nonsyn_ben","rare",1000,0.05,0.01,5e-04,6,6,0.5,0.5,0.5,0,1,NA,NA,NA,9
"5664","nonsyn_ben","rare",1000,0.05,0.01,5e-04,6,6.5,0.5,0.5,0.5,0,1,-0.00119166666666667,0.0363214561945893,0.861970217640319,12
"5665","nonsyn_ben","rare",1000,0.05,0.01,5e-04,6,7,0.5,0.5,0.5,0,1,NA,NA,NA,7
"5666","nonsyn_ben","rare",1000,0.05,0.01,0.001,5,6,0.5,0.5,0.5,0,1,-0.00226923076923077,0.0257679706626869,0.579462136705761,13
"5667","nonsyn_ben","rare",1000,0.05,0.01,0.001,6,6,0.5,0.5,0.5,0,1,NA,NA,NA,38
"5668","nonsyn_ben","rare",1000,0.05,0.01,0.001,6,6,0.5,0.5,0.75,0,1,-0.00256296296296296,0.086985154720178,0.703703703703704,27
"5669","nonsyn_ben","rare",1000,0.05,0.01,0.001,6,6,0.5,0.5,1,0,1,NA,NA,NA,0
"5670","nonsyn_ben","rare",1000,0.05,0.01,0.001,6,6.5,0.5,0.5,0.5,0,1,NA,NA,NA,4
"5671","nonsyn_ben","rare",1000,0.05,0.01,0.001,6,7,0.5,0.5,0.5,0,1,NA,NA,NA,3
"5672","nonsyn_ben","rare",1000,0.05,0.01,0.001,6.5,6,0.5,0.5,0.5,0,1,NA,NA,NA,0
"5673","nonsyn_ben","rare",1000,0.05,0.01,0.001,7,6,0.5,0.5,0.5,0,1,NA,NA,NA,8
"5674","nonsyn_ben","rare",1000,0.05,0.01,0.005,6,5.5,0.5,0.5,0.5,0,1,NA,NA,NA,0
"5675","nonsyn_ben","rare",1000,0.05,0.01,0.005,6,6,0.5,0.5,0.5,0,1,NA,NA,NA,1
"5676","nonsyn_ben","rare",1000,0.05,0.01,0.005,6,6.5,0.5,0.5,0.5,0,1,NA,NA,NA,0
"5677","nonsyn_ben","rare",1000,0.05,0.01,0.005,6,7,0.5,0.5,0.5,0,1,NA,NA,NA,1
"5678","nonsyn_ben","rare",1000,0.05,0.01,0.01,6,6.5,0.5,0.5,0.5,0,1,NA,NA,NA,0
"5679","nonsyn_ben","rare",1000,0.05,0.01,0.01,6,7,0.5,0.5,0.5,0,1,NA,NA,NA,2
"5680","nonsyn_ben","rare",1000,0.05,1,0.001,6,6,0.5,0.5,0.5,0,1,-0.000522029372496662,0.0306715495549448,0.808940045726138,749
"5681","nonsyn_ben","rare",1000,0.05,1,0.001,6,6,0.5,0.5,0.75,0,1,-0.00109544401544402,0.0418443951762055,0.732038501406117,1295
"5682","nonsyn_ben","rare",1000,0.05,1,0.001,6,6,0.5,0.5,1,0,1,NA,NA,NA,0
"5683","nonsyn_ben","rare",1000,0.05,5,0.001,6,6,0.5,0.5,0.5,0,1,-0.000482578397212542,0.030247009956365,0.813644426127351,287
"5684","nonsyn_ben","rare",1000,0.05,5,0.001,6,6,0.5,0.5,0.75,0,1,-0.000623404255319148,0.026193957861832,0.79334782625256,235
"5685","nonsyn_ben","rare",1000,0.05,5,0.001,6,6,0.5,0.5,1,0,1,NA,NA,NA,0
"5686","nonsyn_ben","rare",1000,0.1,0.01,0.001,6,6,0.5,0.5,0.5,0,1,-0.0019,0.125581372646172,0.75,8
"5687","nonsyn_ben","rare",1000,0.2,0.01,0.001,6,6,0.5,0.5,0.5,0,1,-0.00214230769230769,0.0503780494915891,0.639676113360324,26
"5688","nonsyn_ben","rare",1000,0.5,0.01,0.001,6,6,0.5,0.5,0.5,0,1,NA,NA,NA,8
"5689","nonsyn_ben","rare",1500,0,0.01,0.001,6,6,0.5,0.5,0.5,0,1,NA,NA,NA,18
"5690","nonsyn_ben","rare",1500,0.01,0.01,0.001,6,6,0.5,0.5,0.5,0,1,NA,NA,NA,25
"5691","nonsyn_ben","rare",1500,0.05,0.01,0,6,5,0.5,0.5,0.5,0,1,NA,NA,NA,0
"5692","nonsyn_ben","rare",1500,0.05,0.01,0,6,6.5,0.5,0.5,0.5,0,1,NA,NA,NA,17
"5693","nonsyn_ben","rare",1500,0.05,0.01,0,6,7,0.5,0.5,0.5,0,1,NA,NA,NA,8
"5694","nonsyn_ben","rare",1500,0.05,0.01,1e-04,6,5,0.5,0.5,0.5,0,1,NA,NA,NA,0
"5695","nonsyn_ben","rare",1500,0.05,0.01,1e-04,6,6,0.5,0.5,0.5,0,1,-0.000865853658536583,0.0385102569291827,0.805601047396801,123
"5696","nonsyn_ben","rare",1500,0.05,0.01,1e-04,6,6.5,0.5,0.5,0.5,0,1,NA,NA,NA,14
"5697","nonsyn_ben","rare",1500,0.05,0.01,1e-04,6,7,0.5,0.5,0.5,0,1,NA,NA,NA,9
"5698","nonsyn_ben","rare",1500,0.05,0.01,5e-04,6,5.5,0.5,0.5,0.5,0,1,-0.000274999999999997,0.0126804959860193,0.768717124103216,32
"5699","nonsyn_ben","rare",1500,0.05,0.01,5e-04,6,6,0.5,0.5,0.5,0,1,NA,NA,NA,14
"5700","nonsyn_ben","rare",1500,0.05,0.01,5e-04,6,6.5,0.5,0.5,0.5,0,1,NA,NA,NA,10
"5701","nonsyn_ben","rare",1500,0.05,0.01,5e-04,6,7,0.5,0.5,0.5,0,1,NA,NA,NA,13
"5702","nonsyn_ben","rare",1500,0.05,0.01,0.001,5,6,0.5,0.5,0.5,0,1,-0.00158,0.0325558450350169,0.716469745793054,30
"5703","nonsyn_ben","rare",1500,0.05,0.01,0.001,6,6,0.5,0.5,0.5,0,1,NA,NA,NA,55
"5704","nonsyn_ben","rare",1500,0.05,0.01,0.001,6,6,0.5,0.5,0.75,0,1,0.000173170731707318,0.0166183984116006,0.891902011125374,41
"5705","nonsyn_ben","rare",1500,0.05,0.01,0.001,6,6,0.5,0.5,1,0,1,NA,NA,NA,0
"5706","nonsyn_ben","rare",1500,0.05,0.01,0.001,6,6.5,0.5,0.5,0.5,0,1,NA,NA,NA,3
"5707","nonsyn_ben","rare",1500,0.05,0.01,0.001,6,7,0.5,0.5,0.5,0,1,NA,NA,NA,4
"5708","nonsyn_ben","rare",1500,0.05,0.01,0.001,6.5,6,0.5,0.5,0.5,0,1,NA,NA,NA,0
"5709","nonsyn_ben","rare",1500,0.05,0.01,0.001,7,6,0.5,0.5,0.5,0,1,NA,NA,NA,12
"5710","nonsyn_ben","rare",1500,0.05,0.01,0.005,6,5.5,0.5,0.5,0.5,0,1,NA,NA,NA,0
"5711","nonsyn_ben","rare",1500,0.05,0.01,0.005,6,6,0.5,0.5,0.5,0,1,NA,NA,NA,1
"5712","nonsyn_ben","rare",1500,0.05,0.01,0.005,6,6.5,0.5,0.5,0.5,0,1,NA,NA,NA,6
"5713","nonsyn_ben","rare",1500,0.05,0.01,0.005,6,7,0.5,0.5,0.5,0,1,NA,NA,NA,2
"5714","nonsyn_ben","rare",1500,0.05,0.01,0.01,6,6.5,0.5,0.5,0.5,0,1,NA,NA,NA,0
"5715","nonsyn_ben","rare",1500,0.05,0.01,0.01,6,7,0.5,0.5,0.5,0,1,NA,NA,NA,1
"5716","nonsyn_ben","rare",1500,0.05,1,0.001,6,6,0.5,0.5,0.5,0,1,-0.000656876295784381,0.02867972766275,0.817133932518001,1447
"5717","nonsyn_ben","rare",1500,0.05,1,0.001,6,6,0.5,0.5,0.75,0,1,-0.000886942416869423,0.0302139373766764,0.746020210415185,2466
"5718","nonsyn_ben","rare",1500,0.05,1,0.001,6,6,0.5,0.5,1,0,1,NA,NA,NA,0
"5719","nonsyn_ben","rare",1500,0.05,5,0.001,6,6,0.5,0.5,0.5,0,1,-0.000510928961748633,0.0278016061206178,0.818129230684644,549
"5720","nonsyn_ben","rare",1500,0.05,5,0.001,6,6,0.5,0.5,0.75,0,1,-0.000361330561330561,0.017141625370905,0.826853969914585,481
"5721","nonsyn_ben","rare",1500,0.05,5,0.001,6,6,0.5,0.5,1,0,1,NA,NA,NA,0
"5722","nonsyn_ben","rare",1500,0.1,0.01,0.001,6,6,0.5,0.5,0.5,0,1,NA,NA,NA,18
"5723","nonsyn_ben","rare",1500,0.2,0.01,0.001,6,6,0.5,0.5,0.5,0,1,-0.00154666666666666,0.0773757563322831,0.591812865497078,45
"5724","nonsyn_ben","rare",1500,0.5,0.01,0.001,6,6,0.5,0.5,0.5,0,1,NA,NA,NA,19
"5725","nonsyn_ben","rare",2000,0,0.01,0.001,6,6,0.5,0.5,0.5,0,1,-6e-04,0.000633784603405439,-1,19
"5726","nonsyn_ben","rare",2000,0.01,0.01,0.001,6,6,0.5,0.5,0.5,0,1,-0.00124705882352941,0.0470667425479308,0.787606523890077,34
"5727","nonsyn_ben","rare",2000,0.05,0.01,0,6,5,0.5,0.5,0.5,0,1,NA,NA,NA,0
"5728","nonsyn_ben","rare",2000,0.05,0.01,0,6,6.5,0.5,0.5,0.5,0,1,0.000153333333333334,0.0226482349797338,0.733333333333339,15
"5729","nonsyn_ben","rare",2000,0.05,0.01,0,6,7,0.5,0.5,0.5,0,1,0.000928571428571444,0.00131304750409578,0.71428571428573,7
"5730","nonsyn_ben","rare",2000,0.05,0.01,1e-04,6,5,0.5,0.5,0.5,0,1,NA,NA,NA,0
"5731","nonsyn_ben","rare",2000,0.05,0.01,1e-04,6,6,0.5,0.5,0.5,0,1,-0.000202362204724408,0.0254434026503337,0.888941940159968,127
"5732","nonsyn_ben","rare",2000,0.05,0.01,1e-04,6,6.5,0.5,0.5,0.5,0,1,-0.000388888888888888,0.0307929261316686,0.777777777777779,27
"5733","nonsyn_ben","rare",2000,0.05,0.01,1e-04,6,7,0.5,0.5,0.5,0,1,0.000259090909090907,0.0312319120850669,0.909090909090908,22
"5734","nonsyn_ben","rare",2000,0.05,0.01,5e-04,6,5.5,0.5,0.5,0.5,0,1,-0.00108085106382979,0.0168075109612107,0.718887131552651,47
"5735","nonsyn_ben","rare",2000,0.05,0.01,5e-04,6,6,0.5,0.5,0.5,0,1,0.00021,0.0127290759283771,0.925510204081633,20
"5736","nonsyn_ben","rare",2000,0.05,0.01,5e-04,6,6.5,0.5,0.5,0.5,0,1,0.00065,0.000693972884719172,0.999999999999997,18
"5737","nonsyn_ben","rare",2000,0.05,0.01,5e-04,6,7,0.5,0.5,0.5,0,1,NA,NA,NA,9
"5738","nonsyn_ben","rare",2000,0.05,0.01,0.001,5,6,0.5,0.5,0.5,0,1,0.000589130434782609,0.00330728521522114,0.943554538520214,46
"5739","nonsyn_ben","rare",2000,0.05,0.01,0.001,6,6,0.5,0.5,0.5,0,1,NA,NA,NA,66
"5740","nonsyn_ben","rare",2000,0.05,0.01,0.001,6,6,0.5,0.5,0.75,0,1,-2.70833333333323e-05,0.0216166933292483,0.893198708576997,48
"5741","nonsyn_ben","rare",2000,0.05,0.01,0.001,6,6,0.5,0.5,1,0,1,NA,NA,NA,0
"5742","nonsyn_ben","rare",2000,0.05,0.01,0.001,6,6.5,0.5,0.5,0.5,0,1,NA,NA,NA,7
"5743","nonsyn_ben","rare",2000,0.05,0.01,0.001,6,7,0.5,0.5,0.5,0,1,NA,NA,NA,6
"5744","nonsyn_ben","rare",2000,0.05,0.01,0.001,6.5,6,0.5,0.5,0.5,0,1,NA,NA,NA,0
"5745","nonsyn_ben","rare",2000,0.05,0.01,0.001,7,6,0.5,0.5,0.5,0,1,NA,NA,NA,13
"5746","nonsyn_ben","rare",2000,0.05,0.01,0.005,6,5.5,0.5,0.5,0.5,0,1,NA,NA,NA,0
"5747","nonsyn_ben","rare",2000,0.05,0.01,0.005,6,6,0.5,0.5,0.5,0,1,NA,NA,NA,5
"5748","nonsyn_ben","rare",2000,0.05,0.01,0.005,6,6.5,0.5,0.5,0.5,0,1,NA,NA,NA,3
"5749","nonsyn_ben","rare",2000,0.05,0.01,0.005,6,7,0.5,0.5,0.5,0,1,NA,NA,NA,0
"5750","nonsyn_ben","rare",2000,0.05,0.01,0.01,6,6.5,0.5,0.5,0.5,0,1,NA,NA,NA,1
"5751","nonsyn_ben","rare",2000,0.05,0.01,0.01,6,7,0.5,0.5,0.5,0,1,NA,NA,NA,1
"5752","nonsyn_ben","rare",2000,0.05,1,0.001,6,6,0.5,0.5,0.5,0,1,-0.000537378640776698,0.0263125833636437,0.825079473187575,1648
"5753","nonsyn_ben","rare",2000,0.05,1,0.001,6,6,0.5,0.5,0.75,0,1,-0.000811494252873563,0.0300376348683449,0.772957646994157,2784
"5754","nonsyn_ben","rare",2000,0.05,1,0.001,6,6,0.5,0.5,1,0,1,NA,NA,NA,0
"5755","nonsyn_ben","rare",2000,0.05,5,0.001,6,6,0.5,0.5,0.5,0,1,-0.000209803921568627,0.016998538082092,0.82926522713394,612
"5756","nonsyn_ben","rare",2000,0.05,5,0.001,6,6,0.5,0.5,0.75,0,1,-0.000804092526690391,0.0288149719705064,0.777279302940815,562
"5757","nonsyn_ben","rare",2000,0.05,5,0.001,6,6,0.5,0.5,1,0,1,NA,NA,NA,0
"5758","nonsyn_ben","rare",2000,0.1,0.01,0.001,6,6,0.5,0.5,0.5,0,1,-0.00145333333333333,0.0297115937316566,0.703823546962645,15
"5759","nonsyn_ben","rare",2000,0.2,0.01,0.001,6,6,0.5,0.5,0.5,0,1,-0.002575,0.0759607356461966,0.625912996777658,40
"5760","nonsyn_ben","rare",2000,0.5,0.01,0.001,6,6,0.5,0.5,0.5,0,1,-0.00114666666666667,0.0183389398074148,0.803508771929825,15
"5761","nonsyn_ben","rare",2500,0,0.01,0.001,6,6,0.5,0.5,0.5,0,1,-0.000466666666666667,0.000488055520967065,-1,3
"5762","nonsyn_ben","rare",2500,0.01,0.01,0.001,6,6,0.5,0.5,0.5,0,1,-0.0038,0.0243509513180272,0.390625,2
"5763","nonsyn_ben","rare",2500,0.05,0.01,0,6,5,0.5,0.5,0.5,0,1,NA,NA,NA,0
"5764","nonsyn_ben","rare",2500,0.05,0.01,0,6,6.5,0.5,0.5,0.5,0,1,0.000666666666666667,0.000710898092883985,1,3
"5765","nonsyn_ben","rare",2500,0.05,0.01,0,6,7,0.5,0.5,0.5,0,1,0.00133333333333331,0.00183156588973768,0.333333333333297,3
"5766","nonsyn_ben","rare",2500,0.05,0.01,1e-04,6,5,0.5,0.5,0.5,0,1,NA,NA,NA,0
"5767","nonsyn_ben","rare",2500,0.05,0.01,1e-04,6,6,0.5,0.5,0.5,0,1,-0.000704545454545454,0.0377564601054195,0.818181818181817,22
"5768","nonsyn_ben","rare",2500,0.05,0.01,1e-04,6,6.5,0.5,0.5,0.5,0,1,0.000280000000000009,0.000462059939532795,0.600000000000019,5
"5769","nonsyn_ben","rare",2500,0.05,0.01,1e-04,6,7,0.5,0.5,0.5,0,1,0.000933333333333333,0.000997984652352528,0.999999999999999,3
"5770","nonsyn_ben","rare",2500,0.05,0.01,5e-04,6,5.5,0.5,0.5,0.5,0,1,-0.00257272727272727,0.0289791695900229,0.510975188674592,11
"5771","nonsyn_ben","rare",2500,0.05,0.01,5e-04,6,6,0.5,0.5,0.5,0,1,-0.00593333333333333,0.248868496557233,0.333333333333333,6
"5772","nonsyn_ben","rare",2500,0.05,0.01,5e-04,6,6.5,0.5,0.5,0.5,0,1,0.000366666666666667,0.000383241914906127,1,3
"5773","nonsyn_ben","rare",2500,0.05,0.01,5e-04,6,7,0.5,0.5,0.5,0,1,0.000800000000000002,0.000850340136054426,1,1
"5774","nonsyn_ben","rare",2500,0.05,0.01,0.001,5,6,0.5,0.5,0.5,0,1,0.000766666666666667,0.000820255682637811,1,3
"5775","nonsyn_ben","rare",2500,0.05,0.01,0.001,6,6,0.5,0.5,0.5,0,1,NA,NA,NA,17
"5776","nonsyn_ben","rare",2500,0.05,0.01,0.001,6,6,0.5,0.5,0.75,0,1,-0.00108888888888889,0.0124391575600676,0.720435347628328,9
"5777","nonsyn_ben","rare",2500,0.05,0.01,0.001,6,6,0.5,0.5,1,0,1,NA,NA,NA,0
"5778","nonsyn_ben","rare",2500,0.05,0.01,0.001,6,6.5,0.5,0.5,0.5,0,1,0.0011,0.00118138682494159,1,2
"5779","nonsyn_ben","rare",2500,0.05,0.01,0.001,6,7,0.5,0.5,0.5,0,1,NA,NA,NA,0
"5780","nonsyn_ben","rare",2500,0.05,0.01,0.001,6.5,6,0.5,0.5,0.5,0,1,NA,NA,NA,0
"5781","nonsyn_ben","rare",2500,0.05,0.01,0.001,7,6,0.5,0.5,0.5,0,1,NA,NA,NA,0
"5782","nonsyn_ben","rare",2500,0.05,0.01,0.005,6,5.5,0.5,0.5,0.5,0,1,NA,NA,NA,0
"5783","nonsyn_ben","rare",2500,0.05,0.01,0.005,6,6,0.5,0.5,0.5,0,1,NA,NA,NA,0
"5784","nonsyn_ben","rare",2500,0.05,0.01,0.005,6,6.5,0.5,0.5,0.5,0,1,6e-04,0.000631180307174415,1,1
"5785","nonsyn_ben","rare",2500,0.05,0.01,0.005,6,7,0.5,0.5,0.5,0,1,NA,NA,NA,0
"5786","nonsyn_ben","rare",2500,0.05,0.01,0.01,6,6.5,0.5,0.5,0.5,0,1,NA,NA,NA,0
"5787","nonsyn_ben","rare",2500,0.05,0.01,0.01,6,7,0.5,0.5,0.5,0,1,6e-04,0.000631180307174415,0.999999999999999,1
"5788","nonsyn_ben","rare",2500,0.05,1,0.001,6,6,0.5,0.5,0.5,0,1,-0.000643729903536977,0.0324083472279849,0.801945572706491,311
"5789","nonsyn_ben","rare",2500,0.05,1,0.001,6,6,0.5,0.5,0.75,0,1,-0.00060903119868637,0.024862176273305,0.770019718773179,609
"5790","nonsyn_ben","rare",2500,0.05,1,0.001,6,6,0.5,0.5,1,0,1,NA,NA,NA,0
"5791","nonsyn_ben","rare",2500,0.05,5,0.001,6,6,0.5,0.5,0.5,0,1,-0.000458333333333333,0.0228945130982246,0.828461856061998,108
"5792","nonsyn_ben","rare",2500,0.05,5,0.001,6,6,0.5,0.5,0.75,0,1,-0.000444827586206896,0.0213347493992999,0.815701672529172,116
"5793","nonsyn_ben","rare",2500,0.05,5,0.001,6,6,0.5,0.5,1,0,1,NA,NA,NA,0
"5794","nonsyn_ben","rare",2500,0.1,0.01,0.001,6,6,0.5,0.5,0.5,0,1,0.000700000000000001,0.00074076022161442,1,2
"5795","nonsyn_ben","rare",2500,0.2,0.01,0.001,6,6,0.5,0.5,0.5,0,1,-0.000177777777777777,0.00662667550893269,0.855750487329434,9
"5796","nonsyn_ben","rare",2500,0.5,0.01,0.001,6,6,0.5,0.5,0.5,0,1,0.000600000000000001,0.000632671190364078,1,3
"5797","nonsyn_ben","rare",3000,0,0.01,0.001,6,6,0.5,0.5,0.5,0,1,-0.000466666666666667,0.000488959466985217,-1,15
"5798","nonsyn_ben","rare",3000,0.01,0.01,0.001,6,6,0.5,0.5,0.5,0,1,-0.00104516129032258,0.0269362402655085,0.685307382190097,31
"5799","nonsyn_ben","rare",3000,0.05,0.01,0,6,5,0.5,0.5,0.5,0,1,NA,NA,NA,0
"5800","nonsyn_ben","rare",3000,0.05,0.01,0,6,6.5,0.5,0.5,0.5,0,1,0.000736842105263158,0.000785329894864447,0.999999999999998,19
"5801","nonsyn_ben","rare",3000,0.05,0.01,0,6,7,0.5,0.5,0.5,0,1,0.000625,0.00482766910202411,0.855263157894737,8
"5802","nonsyn_ben","rare",3000,0.05,0.01,1e-04,6,5,0.5,0.5,0.5,0,1,NA,NA,NA,0
"5803","nonsyn_ben","rare",3000,0.05,0.01,1e-04,6,6,0.5,0.5,0.5,0,1,-0.000689682539682539,0.0350688005695939,0.775641405202581,126
"5804","nonsyn_ben","rare",3000,0.05,0.01,1e-04,6,6.5,0.5,0.5,0.5,0,1,0.000447368421052632,0.000470767032755957,0.999999999999998,19
"5805","nonsyn_ben","rare",3000,0.05,0.01,1e-04,6,7,0.5,0.5,0.5,0,1,-0.00127333333333333,0.0316330176285315,0.703092783505155,15
"5806","nonsyn_ben","rare",3000,0.05,0.01,5e-04,6,5.5,0.5,0.5,0.5,0,1,-0.001888,0.0232311448090693,0.627583649846265,50
"5807","nonsyn_ben","rare",3000,0.05,0.01,5e-04,6,6,0.5,0.5,0.5,0,1,-0.00192631578947368,0.0872127678323164,0.711340206185567,19
"5808","nonsyn_ben","rare",3000,0.05,0.01,5e-04,6,6.5,0.5,0.5,0.5,0,1,-0.000953846153846154,0.0195417024732581,0.873144399460187,13
"5809","nonsyn_ben","rare",3000,0.05,0.01,5e-04,6,7,0.5,0.5,0.5,0,1,0.000566666666666667,0.000596867404673001,0.999999999999999,6
"5810","nonsyn_ben","rare",3000,0.05,0.01,0.001,5,6,0.5,0.5,0.5,0,1,-0.000665714285714285,0.0198114345582698,0.767841864286215,35
"5811","nonsyn_ben","rare",3000,0.05,0.01,0.001,6,6,0.5,0.5,0.5,0,1,NA,NA,NA,72
"5812","nonsyn_ben","rare",3000,0.05,0.01,0.001,6,6,0.5,0.5,0.75,0,1,-0.000467272727272727,0.0282266308948456,0.851325757575757,55
"5813","nonsyn_ben","rare",3000,0.05,0.01,0.001,6,6,0.5,0.5,1,0,1,NA,NA,NA,0
"5814","nonsyn_ben","rare",3000,0.05,0.01,0.001,6,6.5,0.5,0.5,0.5,0,1,-0.00132727272727273,0.0268707811558172,0.740031897926635,11
"5815","nonsyn_ben","rare",3000,0.05,0.01,0.001,6,7,0.5,0.5,0.5,0,1,-0.00308,0.1328297875247,0.6,5
"5816","nonsyn_ben","rare",3000,0.05,0.01,0.001,6.5,6,0.5,0.5,0.5,0,1,NA,NA,NA,0
"5817","nonsyn_ben","rare",3000,0.05,0.01,0.001,7,6,0.5,0.5,0.5,0,1,7e-04,0.000739630531774831,1,12
"5818","nonsyn_ben","rare",3000,0.05,0.01,0.005,6,5.5,0.5,0.5,0.5,0,1,NA,NA,NA,0
"5819","nonsyn_ben","rare",3000,0.05,0.01,0.005,6,6,0.5,0.5,0.5,0,1,0.00133333333333333,0.00144322514681401,1,3
"5820","nonsyn_ben","rare",3000,0.05,0.01,0.005,6,6.5,0.5,0.5,0.5,0,1,0.001,0.00107411385606874,1,1
"5821","nonsyn_ben","rare",3000,0.05,0.01,0.005,6,7,0.5,0.5,0.5,0,1,0.000199999999999999,0.000206143063285918,0.999999999999993,1
"5822","nonsyn_ben","rare",3000,0.05,0.01,0.01,6,6.5,0.5,0.5,0.5,0,1,NA,NA,NA,0
"5823","nonsyn_ben","rare",3000,0.05,0.01,0.01,6,7,0.5,0.5,0.5,0,1,0.000400000000000001,0.000416493127863392,1,1
"5824","nonsyn_ben","rare",3000,0.05,1,0.001,6,6,0.5,0.5,0.5,0,1,-0.000387389100126742,0.0190567806901597,0.813928409478459,1578
"5825","nonsyn_ben","rare",3000,0.05,1,0.001,6,6,0.5,0.5,0.75,0,1,-0.000772551055728625,0.025100953481774,0.774895416197143,2889
"5826","nonsyn_ben","rare",3000,0.05,1,0.001,6,6,0.5,0.5,1,0,1,NA,NA,NA,0
"5827","nonsyn_ben","rare",3000,0.05,5,0.001,6,6,0.5,0.5,0.5,0,1,-0.000288163884673747,0.0184841297870428,0.849442039111208,659
"5828","nonsyn_ben","rare",3000,0.05,5,0.001,6,6,0.5,0.5,0.75,0,1,-0.000717424242424241,0.0257558242349968,0.788005281723914,660
"5829","nonsyn_ben","rare",3000,0.05,5,0.001,6,6,0.5,0.5,1,0,1,NA,NA,NA,0
"5830","nonsyn_ben","rare",3000,0.1,0.01,0.001,6,6,0.5,0.5,0.5,0,1,-0.00237647058823529,0.0484743975380356,0.563378186326077,17
"5831","nonsyn_ben","rare",3000,0.2,0.01,0.001,6,6,0.5,0.5,0.5,0,1,-0.000738709677419354,0.0430328515816848,0.809327466130765,31
"5832","nonsyn_ben","rare",3000,0.5,0.01,0.001,6,6,0.5,0.5,0.5,0,1,-6.24999999999935e-06,0.00602575771109267,0.907894736842105,16
"5833","nonsyn_ben","rare",3500,0,0.01,0.001,6,6,0.5,0.5,0.5,0,1,-0.00055,0.000579766023365949,-1,20
"5834","nonsyn_ben","rare",3500,0.01,0.01,0.001,6,6,0.5,0.5,0.5,0,1,6.27906976744187e-05,0.0184265662471554,0.876531740323396,43
"5835","nonsyn_ben","rare",3500,0.05,0.01,0,6,5,0.5,0.5,0.5,0,1,NA,NA,NA,0
"5836","nonsyn_ben","rare",3500,0.05,0.01,0,6,6.5,0.5,0.5,0.5,0,1,-0.000171428571428571,0.0178610210556792,0.857142857142857,14
"5837","nonsyn_ben","rare",3500,0.05,0.01,0,6,7,0.5,0.5,0.5,0,1,0.00164285714285714,0.00179426247304065,1,7
"5838","nonsyn_ben","rare",3500,0.05,0.01,1e-04,6,5,0.5,0.5,0.5,0,1,NA,NA,NA,0
"5839","nonsyn_ben","rare",3500,0.05,0.01,1e-04,6,6,0.5,0.5,0.5,0,1,0.00027450980392157,0.0126257651574957,0.853299214422613,102
"5840","nonsyn_ben","rare",3500,0.05,0.01,1e-04,6,6.5,0.5,0.5,0.5,0,1,-0.000403999999999995,0.0298713689723958,0.780408163265309,25
"5841","nonsyn_ben","rare",3500,0.05,0.01,1e-04,6,7,0.5,0.5,0.5,0,1,-8.78787878787875e-05,0.0101364026702888,0.874003189792663,33
"5842","nonsyn_ben","rare",3500,0.05,0.01,5e-04,6,5.5,0.5,0.5,0.5,0,1,-1.48936170212766e-05,0.0118173690987714,0.877620130607281,47
"5843","nonsyn_ben","rare",3500,0.05,0.01,5e-04,6,6,0.5,0.5,0.5,0,1,-7.05882352941168e-05,0.0146313710575087,0.912364945978391,17
"5844","nonsyn_ben","rare",3500,0.05,0.01,5e-04,6,6.5,0.5,0.5,0.5,0,1,0.0004125,0.000432765691712293,0.999999999999998,8
"5845","nonsyn_ben","rare",3500,0.05,0.01,5e-04,6,7,0.5,0.5,0.5,0,1,-0.000125,0.00497388105745338,0.891812865497074,12
"5846","nonsyn_ben","rare",3500,0.05,0.01,0.001,5,6,0.5,0.5,0.5,0,1,-0.000104878048780488,0.00996281616313743,0.828840393667094,41
"5847","nonsyn_ben","rare",3500,0.05,0.01,0.001,6,6,0.5,0.5,0.5,0,1,NA,NA,NA,62
"5848","nonsyn_ben","rare",3500,0.05,0.01,0.001,6,6,0.5,0.5,0.75,0,1,-0.00121666666666667,0.0299064952484364,0.797428321962312,36
"5849","nonsyn_ben","rare",3500,0.05,0.01,0.001,6,6,0.5,0.5,1,0,1,NA,NA,NA,0
"5850","nonsyn_ben","rare",3500,0.05,0.01,0.001,6,6.5,0.5,0.5,0.5,0,1,0.00123333333333333,0.0013358644870278,1,9
"5851","nonsyn_ben","rare",3500,0.05,0.01,0.001,6,7,0.5,0.5,0.5,0,1,-0.001125,0.0322392182591973,0.793859649122807,8
"5852","nonsyn_ben","rare",3500,0.05,0.01,0.001,6.5,6,0.5,0.5,0.5,0,1,NA,NA,NA,0
"5853","nonsyn_ben","rare",3500,0.05,0.01,0.001,7,6,0.5,0.5,0.5,0,1,0.00079090909090909,0.00102128977537821,0.818181818181817,11
"5854","nonsyn_ben","rare",3500,0.05,0.01,0.005,6,5.5,0.5,0.5,0.5,0,1,NA,NA,NA,0
"5855","nonsyn_ben","rare",3500,0.05,0.01,0.005,6,6,0.5,0.5,0.5,0,1,NA,NA,NA,0
"5856","nonsyn_ben","rare",3500,0.05,0.01,0.005,6,6.5,0.5,0.5,0.5,0,1,0.00084,0.000895094880057285,0.999999999999999,5
"5857","nonsyn_ben","rare",3500,0.05,0.01,0.005,6,7,0.5,0.5,0.5,0,1,NA,NA,NA,0
"5858","nonsyn_ben","rare",3500,0.05,0.01,0.01,6,6.5,0.5,0.5,0.5,0,1,NA,NA,NA,0
"5859","nonsyn_ben","rare",3500,0.05,0.01,0.01,6,7,0.5,0.5,0.5,0,1,6e-04,0.000631180307174415,1,1
"5860","nonsyn_ben","rare",3500,0.05,1,0.001,6,6,0.5,0.5,0.5,0,1,-0.000390791788856305,0.0189704795676394,0.835114331460091,1705
"5861","nonsyn_ben","rare",3500,0.05,1,0.001,6,6,0.5,0.5,0.75,0,1,-0.000370155038759689,0.0184393253779367,0.814286106605553,3096
"5862","nonsyn_ben","rare",3500,0.05,1,0.001,6,6,0.5,0.5,1,0,1,NA,NA,NA,0
"5863","nonsyn_ben","rare",3500,0.05,5,0.001,6,6,0.5,0.5,0.5,0,1,-0.000151700680272108,0.015323951032173,0.853377581231979,588
"5864","nonsyn_ben","rare",3500,0.05,5,0.001,6,6,0.5,0.5,0.75,0,1,-0.000227731092436974,0.0181852598027323,0.825243098427909,595
"5865","nonsyn_ben","rare",3500,0.05,5,0.001,6,6,0.5,0.5,1,0,1,NA,NA,NA,0
"5866","nonsyn_ben","rare",3500,0.1,0.01,0.001,6,6,0.5,0.5,0.5,0,1,-0.00203157894736842,0.0524410067830008,0.608784710303003,19
"5867","nonsyn_ben","rare",3500,0.2,0.01,0.001,6,6,0.5,0.5,0.5,0,1,-0.000666666666666662,0.0207978630584496,0.677873254564989,30
"5868","nonsyn_ben","rare",3500,0.5,0.01,0.001,6,6,0.5,0.5,0.5,0,1,-0.001675,0.0357907256494456,0.690789473684211,16
"5869","nonsyn_ben","rare",4000,0,0.01,0.001,6,6,0.5,0.5,0.5,0,1,-0.000683333333333333,0.000724384046789049,-1,12
"5870","nonsyn_ben","rare",4000,0.01,0.01,0.001,6,6,0.5,0.5,0.5,0,1,-0.00108181818181818,0.0410860518172336,0.794241930975517,33
"5871","nonsyn_ben","rare",4000,0.05,0.01,0,6,5,0.5,0.5,0.5,0,1,NA,NA,NA,0
"5872","nonsyn_ben","rare",4000,0.05,0.01,0,6,6.5,0.5,0.5,0.5,0,1,-0.000739999999999992,0.0158800732234155,0.652631578947372,15
"5873","nonsyn_ben","rare",4000,0.05,0.01,0,6,7,0.5,0.5,0.5,0,1,-0.00533333333333332,0.105430812128375,0.368421052631585,6
"5874","nonsyn_ben","rare",4000,0.05,0.01,1e-04,6,5,0.5,0.5,0.5,0,1,NA,NA,NA,0
"5875","nonsyn_ben","rare",4000,0.05,0.01,1e-04,6,6,0.5,0.5,0.5,0,1,0.000124800000000002,0.00719241501358965,0.854412371134022,125
"5876","nonsyn_ben","rare",4000,0.05,0.01,1e-04,6,6.5,0.5,0.5,0.5,0,1,-0.000762499999999999,0.0286556683929063,0.75,24
"5877","nonsyn_ben","rare",4000,0.05,0.01,1e-04,6,7,0.5,0.5,0.5,0,1,-8e-04,0.0240441831798244,0.710526315789473,24
"5878","nonsyn_ben","rare",4000,0.05,0.01,5e-04,6,5.5,0.5,0.5,0.5,0,1,-0.000187755102040816,0.0119364156765467,0.859328611169553,49
"5879","nonsyn_ben","rare",4000,0.05,0.01,5e-04,6,6,0.5,0.5,0.5,0,1,-0.000586666666666666,0.0156746672041128,0.802777777777778,15
"5880","nonsyn_ben","rare",4000,0.05,0.01,5e-04,6,6.5,0.5,0.5,0.5,0,1,-0.000146666666666667,0.0335323331949969,0.866666666666665,15
"5881","nonsyn_ben","rare",4000,0.05,0.01,5e-04,6,7,0.5,0.5,0.5,0,1,0.00069,0.000734161103282572,0.999999999999998,10
"5882","nonsyn_ben","rare",4000,0.05,0.01,0.001,5,6,0.5,0.5,0.5,0,1,0.00010263157894737,0.00896985645875487,0.837520287764991,38
"5883","nonsyn_ben","rare",4000,0.05,0.01,0.001,6,6,0.5,0.5,0.5,0,1,NA,NA,NA,67
"5884","nonsyn_ben","rare",4000,0.05,0.01,0.001,6,6,0.5,0.5,0.75,0,1,-0.00124339622641509,0.0282944970184587,0.696447782191328,53
"5885","nonsyn_ben","rare",4000,0.05,0.01,0.001,6,6,0.5,0.5,1,0,1,NA,NA,NA,0
"5886","nonsyn_ben","rare",4000,0.05,0.01,0.001,6,6.5,0.5,0.5,0.5,0,1,-0.00064,0.00805585392051557,0.757894736842105,5
"5887","nonsyn_ben","rare",4000,0.05,0.01,0.001,6,7,0.5,0.5,0.5,0,1,-0.00074,0.0207246825392386,0.737457044673539,5
"5888","nonsyn_ben","rare",4000,0.05,0.01,0.001,6.5,6,0.5,0.5,0.5,0,1,NA,NA,NA,0
"5889","nonsyn_ben","rare",4000,0.05,0.01,0.001,7,6,0.5,0.5,0.5,0,1,0.00075,0.000796132860962207,1,12
"5890","nonsyn_ben","rare",4000,0.05,0.01,0.005,6,5.5,0.5,0.5,0.5,0,1,NA,NA,NA,0
"5891","nonsyn_ben","rare",4000,0.05,0.01,0.005,6,6,0.5,0.5,0.5,0,1,0.001,0.00107411385606874,1,2
"5892","nonsyn_ben","rare",4000,0.05,0.01,0.005,6,6.5,0.5,0.5,0.5,0,1,0.0012,0.00128865979381443,0.999999999999999,1
"5893","nonsyn_ben","rare",4000,0.05,0.01,0.005,6,7,0.5,0.5,0.5,0,1,0.000399999999999999,0.000418661685230167,0.999999999999996,2
"5894","nonsyn_ben","rare",4000,0.05,0.01,0.01,6,6.5,0.5,0.5,0.5,0,1,NA,NA,NA,0
"5895","nonsyn_ben","rare",4000,0.05,0.01,0.01,6,7,0.5,0.5,0.5,0,1,NA,NA,NA,0
"5896","nonsyn_ben","rare",4000,0.05,1,0.001,6,6,0.5,0.5,0.5,0,1,-0.000415158924205378,0.0211184046788974,0.82096590482288,1636
"5897","nonsyn_ben","rare",4000,0.05,1,0.001,6,6,0.5,0.5,0.75,0,1,-0.000452012987012986,0.0190233803492533,0.7911481688286,3080
"5898","nonsyn_ben","rare",4000,0.05,1,0.001,6,6,0.5,0.5,1,0,1,NA,NA,NA,0
"5899","nonsyn_ben","rare",4000,0.05,5,0.001,6,6,0.5,0.5,0.5,0,1,-5.96546310832022e-05,0.0109310639046217,0.854373502565374,637
"5900","nonsyn_ben","rare",4000,0.05,5,0.001,6,6,0.5,0.5,0.75,0,1,-0.000220205479452054,0.0132212948819181,0.819673488718695,584
"5901","nonsyn_ben","rare",4000,0.05,5,0.001,6,6,0.5,0.5,1,0,1,NA,NA,NA,0
"5902","nonsyn_ben","rare",4000,0.1,0.01,0.001,6,6,0.5,0.5,0.5,0,1,-0.00106666666666667,0.0227910275470141,0.753024770904925,12
"5903","nonsyn_ben","rare",4000,0.2,0.01,0.001,6,6,0.5,0.5,0.5,0,1,-0.00103214285714286,0.0686418513209788,0.732507288629734,28
"5904","nonsyn_ben","rare",4000,0.5,0.01,0.001,6,6,0.5,0.5,0.5,0,1,0.000169565217391307,0.0137728953109625,0.791824281199899,23
"5905","nonsyn_ben","rare",4500,0,0.01,0.001,6,6,0.5,0.5,0.5,0,1,-0.00048,0.000503262529501596,-1,10
"5906","nonsyn_ben","rare",4500,0.01,0.01,0.001,6,6,0.5,0.5,0.5,0,1,0.000408571428571429,0.0116843708254393,0.917956349206349,35
"5907","nonsyn_ben","rare",4500,0.05,0.01,0,6,5,0.5,0.5,0.5,0,1,NA,NA,NA,0
"5908","nonsyn_ben","rare",4500,0.05,0.01,0,6,6.5,0.5,0.5,0.5,0,1,-0.00131000000000001,0.0497441729607598,0.599999999999987,10
"5909","nonsyn_ben","rare",4500,0.05,0.01,0,6,7,0.5,0.5,0.5,0,1,-0.00256249999999999,0.0290658810715651,0.394736842105268,8
"5910","nonsyn_ben","rare",4500,0.05,0.01,1e-04,6,5,0.5,0.5,0.5,0,1,NA,NA,NA,0
"5911","nonsyn_ben","rare",4500,0.05,0.01,1e-04,6,6,0.5,0.5,0.5,0,1,-0.000174603174603169,0.0212977957436831,0.745269802801224,126
"5912","nonsyn_ben","rare",4500,0.05,0.01,1e-04,6,6.5,0.5,0.5,0.5,0,1,-0.0001125,0.0125018974246841,0.874999999999999,16
"5913","nonsyn_ben","rare",4500,0.05,0.01,1e-04,6,7,0.5,0.5,0.5,0,1,-0.000113636363636363,0.00384384562628321,0.889952153110047,22
"5914","nonsyn_ben","rare",4500,0.05,0.01,5e-04,6,5.5,0.5,0.5,0.5,0,1,-0.000530232558139535,0.019778209420586,0.800847118996244,43
"5915","nonsyn_ben","rare",4500,0.05,0.01,5e-04,6,6,0.5,0.5,0.5,0,1,0.000110000000000001,0.00622497658497328,0.926041666666667,20
"5916","nonsyn_ben","rare",4500,0.05,0.01,5e-04,6,6.5,0.5,0.5,0.5,0,1,-0.000664705882352941,0.0238522255527109,0.795027289266219,17
"5917","nonsyn_ben","rare",4500,0.05,0.01,5e-04,6,7,0.5,0.5,0.5,0,1,-0.000355555555555556,0.00836580403234904,0.854938271604936,9
"5918","nonsyn_ben","rare",4500,0.05,0.01,0.001,5,6,0.5,0.5,0.5,0,1,-0.000359459459459459,0.0173623316029637,0.763946545901436,37
"5919","nonsyn_ben","rare",4500,0.05,0.01,0.001,6,6,0.5,0.5,0.5,0,1,NA,NA,NA,72
"5920","nonsyn_ben","rare",4500,0.05,0.01,0.001,6,6,0.5,0.5,0.75,0,1,-0.000185416666666666,0.0110264120498784,0.847728587962961,48
"5921","nonsyn_ben","rare",4500,0.05,0.01,0.001,6,6,0.5,0.5,1,0,1,NA,NA,NA,0
"5922","nonsyn_ben","rare",4500,0.05,0.01,0.001,6,6.5,0.5,0.5,0.5,0,1,-0.000855555555555555,0.0209735593107844,0.83625730994152,9
"5923","nonsyn_ben","rare",4500,0.05,0.01,0.001,6,7,0.5,0.5,0.5,0,1,0.0011,0.0011860007160759,1,4
"5924","nonsyn_ben","rare",4500,0.05,0.01,0.001,6.5,6,0.5,0.5,0.5,0,1,NA,NA,NA,0
"5925","nonsyn_ben","rare",4500,0.05,0.01,0.001,7,6,0.5,0.5,0.5,0,1,0.000773684210526316,0.000821704219754979,1,19
"5926","nonsyn_ben","rare",4500,0.05,0.01,0.005,6,5.5,0.5,0.5,0.5,0,1,NA,NA,NA,0
"5927","nonsyn_ben","rare",4500,0.05,0.01,0.005,6,6,0.5,0.5,0.5,0,1,NA,NA,NA,0
"5928","nonsyn_ben","rare",4500,0.05,0.01,0.005,6,6.5,0.5,0.5,0.5,0,1,-0.0016,0.0124933021373853,0.6953125,4
"5929","nonsyn_ben","rare",4500,0.05,0.01,0.005,6,7,0.5,0.5,0.5,0,1,NA,NA,NA,0
"5930","nonsyn_ben","rare",4500,0.05,0.01,0.01,6,6.5,0.5,0.5,0.5,0,1,0.000800000000000002,0.000850340136054426,1,1
"5931","nonsyn_ben","rare",4500,0.05,0.01,0.01,6,7,0.5,0.5,0.5,0,1,NA,NA,NA,0
"5932","nonsyn_ben","rare",4500,0.05,1,0.001,6,6,0.5,0.5,0.5,0,1,-0.00031100811123986,0.0178270824793656,0.826218459319913,1726
"5933","nonsyn_ben","rare",4500,0.05,1,0.001,6,6,0.5,0.5,0.75,0,1,-0.00015446260213702,0.014695776174175,0.841798653948717,3182
"5934","nonsyn_ben","rare",4500,0.05,1,0.001,6,6,0.5,0.5,1,0,1,NA,NA,NA,0
"5935","nonsyn_ben","rare",4500,0.05,5,0.001,6,6,0.5,0.5,0.5,0,1,-0.000111356466876971,0.0155218356330476,0.861371144448206,634
"5936","nonsyn_ben","rare",4500,0.05,5,0.001,6,6,0.5,0.5,0.75,0,1,-8.20349761526214e-05,0.0147291461070597,0.836767894883118,629
"5937","nonsyn_ben","rare",4500,0.05,5,0.001,6,6,0.5,0.5,1,0,1,NA,NA,NA,0
"5938","nonsyn_ben","rare",4500,0.1,0.01,0.001,6,6,0.5,0.5,0.5,0,1,-0.00103076923076923,0.024269477329199,0.771609833465503,13
"5939","nonsyn_ben","rare",4500,0.2,0.01,0.001,6,6,0.5,0.5,0.5,0,1,-0.00083720930232558,0.0442065569513509,0.807866843187703,43
"5940","nonsyn_ben","rare",4500,0.5,0.01,0.001,6,6,0.5,0.5,0.5,0,1,-0.00196,0.0410741209330145,0.797894736842105,25
"5941","nonsyn_ben","rare",5000,0,0.01,0.001,6,6,0.5,0.5,0.5,0,1,-0.000652173913043478,0.000691500690469012,-1,23
"5942","nonsyn_ben","rare",5000,0.01,0.01,0.001,6,6,0.5,0.5,0.5,0,1,0.00114545454545455,0.00123316639296506,1,22
"5943","nonsyn_ben","rare",5000,0.05,0.01,0,6,5,0.5,0.5,0.5,0,1,NA,NA,NA,0
"5944","nonsyn_ben","rare",5000,0.05,0.01,0,6,6.5,0.5,0.5,0.5,0,1,-0.000934615384615382,0.0332340483088472,0.665464743589744,26
"5945","nonsyn_ben","rare",5000,0.05,0.01,0,6,7,0.5,0.5,0.5,0,1,0.0015,0.00163354815610454,1,2
"5946","nonsyn_ben","rare",5000,0.05,0.01,1e-04,6,5,0.5,0.5,0.5,0,1,NA,NA,NA,0
"5947","nonsyn_ben","rare",5000,0.05,0.01,1e-04,6,6,0.5,0.5,0.5,0,1,-0.000448148148148148,0.0255179932982485,0.862776002042028,108
"5948","nonsyn_ben","rare",5000,0.05,0.01,1e-04,6,6.5,0.5,0.5,0.5,0,1,-0.000563636363636364,0.0221321536700973,0.864564007421148,11
"5949","nonsyn_ben","rare",5000,0.05,0.01,1e-04,6,7,0.5,0.5,0.5,0,1,0.000681818181818187,0.000826373862473251,0.909090909090912,22
"5950","nonsyn_ben","rare",5000,0.05,0.01,5e-04,6,5.5,0.5,0.5,0.5,0,1,-0.00111290322580645,0.0177998003890657,0.681871928463212,31
"5951","nonsyn_ben","rare",5000,0.05,0.01,5e-04,6,6,0.5,0.5,0.5,0,1,-0.000133333333333332,0.0165266881147947,0.900680272108843,15
"5952","nonsyn_ben","rare",5000,0.05,0.01,5e-04,6,6.5,0.5,0.5,0.5,0,1,0.00047,0.000493928769238283,0.999999999999999,20
"5953","nonsyn_ben","rare",5000,0.05,0.01,5e-04,6,7,0.5,0.5,0.5,0,1,-0.000446153846153846,0.0511041272749987,0.731958762886598,13
"5954","nonsyn_ben","rare",5000,0.05,0.01,0.001,5,6,0.5,0.5,0.5,0,1,-7.61904761904758e-05,0.0123101419055522,0.837962252570201,42
"5955","nonsyn_ben","rare",5000,0.05,0.01,0.001,6,6,0.5,0.5,0.5,0,1,NA,NA,NA,70
"5956","nonsyn_ben","rare",5000,0.05,0.01,0.001,6,6,0.5,0.5,0.75,0,1,0.000934285714285719,0.0010786329560414,0.942857142857145,35
"5957","nonsyn_ben","rare",5000,0.05,0.01,0.001,6,6,0.5,0.5,1,0,1,NA,NA,NA,0
"5958","nonsyn_ben","rare",5000,0.05,0.01,0.001,6,6.5,0.5,0.5,0.5,0,1,0.00148333333333333,0.00161279196986407,1,12
"5959","nonsyn_ben","rare",5000,0.05,0.01,0.001,6,7,0.5,0.5,0.5,0,1,0.000227272727272728,0.0113701604756077,0.865530303030303,11
"5960","nonsyn_ben","rare",5000,0.05,0.01,0.001,6.5,6,0.5,0.5,0.5,0,1,NA,NA,NA,0
"5961","nonsyn_ben","rare",5000,0.05,0.01,0.001,7,6,0.5,0.5,0.5,0,1,8e-04,0.000850363918998413,1,9
"5962","nonsyn_ben","rare",5000,0.05,0.01,0.005,6,5.5,0.5,0.5,0.5,0,1,NA,NA,NA,0
"5963","nonsyn_ben","rare",5000,0.05,0.01,0.005,6,6,0.5,0.5,0.5,0,1,0.0015,0.00163943693821019,1,3
"5964","nonsyn_ben","rare",5000,0.05,0.01,0.005,6,6.5,0.5,0.5,0.5,0,1,0.000880000000000002,0.000938004067606427,1,5
"5965","nonsyn_ben","rare",5000,0.05,0.01,0.005,6,7,0.5,0.5,0.5,0,1,0.000199999999999999,0.000206143063285918,0.999999999999993,1
"5966","nonsyn_ben","rare",5000,0.05,0.01,0.01,6,6.5,0.5,0.5,0.5,0,1,-0.028,0.429824561403508,-0.736842105263158,1
"5967","nonsyn_ben","rare",5000,0.05,0.01,0.01,6,7,0.5,0.5,0.5,0,1,0.000800000000000002,0.000850340136054426,1,2
"5968","nonsyn_ben","rare",5000,0.05,1,0.001,6,6,0.5,0.5,0.5,0,1,-7.47344885410838e-05,0.013638656794388,0.853606008099375,1789
"5969","nonsyn_ben","rare",5000,0.05,1,0.001,6,6,0.5,0.5,0.75,0,1,-0.000281151832460732,0.0161151694486725,0.828176931977065,3247
"5970","nonsyn_ben","rare",5000,0.05,1,0.001,6,6,0.5,0.5,1,0,1,NA,NA,NA,0
"5971","nonsyn_ben","rare",5000,0.05,5,0.001,6,6,0.5,0.5,0.5,0,1,-0.000322012578616351,0.0152246077053372,0.82736522440473,636
"5972","nonsyn_ben","rare",5000,0.05,5,0.001,6,6,0.5,0.5,0.75,0,1,-0.000148065476190476,0.013305226214334,0.853808993408866,672
"5973","nonsyn_ben","rare",5000,0.05,5,0.001,6,6,0.5,0.5,1,0,1,NA,NA,NA,0
"5974","nonsyn_ben","rare",5000,0.1,0.01,0.001,6,6,0.5,0.5,0.5,0,1,-0.0014,0.0336161393186838,0.703098262500876,20
"5975","nonsyn_ben","rare",5000,0.2,0.01,0.001,6,6,0.5,0.5,0.5,0,1,-0.00324594594594595,0.131240859342145,0.476567867545311,37
"5976","nonsyn_ben","rare",5000,0.5,0.01,0.001,6,6,0.5,0.5,0.5,0,1,-0.0003875,0.0110627019083487,0.82641173245614,16
"5977","nonsyn_ben","rare",7500,0,0.01,0.001,6,6,0.5,0.5,0.5,0,1,0.000281818181818182,0.011582101112813,-0.865535441227248,22
"5978","nonsyn_ben","rare",7500,0.01,0.01,0.001,6,6,0.5,0.5,0.5,0,1,-0.000851724137931034,0.0214054913947862,0.808139241782617,29
"5979","nonsyn_ben","rare",7500,0.05,0.01,0,6,5,0.5,0.5,0.5,0,1,NA,NA,NA,0
"5980","nonsyn_ben","rare",7500,0.05,0.01,0,6,6.5,0.5,0.5,0.5,0,1,0.000682142857142857,0.000790876158978164,0.928571428571427,28
"5981","nonsyn_ben","rare",7500,0.05,0.01,0,6,7,0.5,0.5,0.5,0,1,0.0014375,0.00156289794811033,1,8
"5982","nonsyn_ben","rare",7500,0.05,0.01,1e-04,6,5,0.5,0.5,0.5,0,1,NA,NA,NA,0
"5983","nonsyn_ben","rare",7500,0.05,0.01,1e-04,6,6,0.5,0.5,0.5,0,1,0.000108653846153845,0.014443868100824,0.853257026938449,104
"5984","nonsyn_ben","rare",7500,0.05,0.01,1e-04,6,6.5,0.5,0.5,0.5,0,1,-0.000334615384615384,0.0106843693805836,0.88601143272535,26
"5985","nonsyn_ben","rare",7500,0.05,0.01,1e-04,6,7,0.5,0.5,0.5,0,1,-0.00190555555555555,0.037264999894412,0.565413823911637,18
"5986","nonsyn_ben","rare",7500,0.05,0.01,5e-04,6,5.5,0.5,0.5,0.5,0,1,-0.000714583333333332,0.0168131961610757,0.676552357770143,48
"5987","nonsyn_ben","rare",7500,0.05,0.01,5e-04,6,6,0.5,0.5,0.5,0,1,5.55555555555564e-05,0.01395024945604,0.917233560090703,18
"5988","nonsyn_ben","rare",7500,0.05,0.01,5e-04,6,6.5,0.5,0.5,0.5,0,1,0.000640000000000001,0.000679668252688646,1,10
"5989","nonsyn_ben","rare",7500,0.05,0.01,5e-04,6,7,0.5,0.5,0.5,0,1,-0.0017,0.02978171666481,0.610388029782359,15
"5990","nonsyn_ben","rare",7500,0.05,0.01,0.001,5,6,0.5,0.5,0.5,0,1,2.57498015965307e-18,0.00608006833491264,0.81117742810635,48
"5991","nonsyn_ben","rare",7500,0.05,0.01,0.001,6,6,0.5,0.5,0.5,0,1,NA,NA,NA,80
"5992","nonsyn_ben","rare",7500,0.05,0.01,0.001,6,6,0.5,0.5,0.75,0,1,8.26923076923087e-05,0.0127235459919026,0.902978098290598,52
"5993","nonsyn_ben","rare",7500,0.05,0.01,0.001,6,6,0.5,0.5,1,0,1,NA,NA,NA,0
"5994","nonsyn_ben","rare",7500,0.05,0.01,0.001,6,6.5,0.5,0.5,0.5,0,1,-0.00287777777777778,0.0312589775258929,0.695906432748538,9
"5995","nonsyn_ben","rare",7500,0.05,0.01,0.001,6,7,0.5,0.5,0.5,0,1,-4.44444444444442e-05,0.00627109549526839,0.864583333333333,9
"5996","nonsyn_ben","rare",7500,0.05,0.01,0.001,6.5,6,0.5,0.5,0.5,0,1,NA,NA,NA,0
"5997","nonsyn_ben","rare",7500,0.05,0.01,0.001,7,6,0.5,0.5,0.5,0,1,0.00095625,0.00102265797030952,1,16
"5998","nonsyn_ben","rare",7500,0.05,0.01,0.005,6,5.5,0.5,0.5,0.5,0,1,NA,NA,NA,0
"5999","nonsyn_ben","rare",7500,0.05,0.01,0.005,6,6,0.5,0.5,0.5,0,1,0.00070000000000001,0.00185854819981507,0.600000000000004,5
"6000","nonsyn_ben","rare",7500,0.05,0.01,0.005,6,6.5,0.5,0.5,0.5,0,1,0.000700000000000001,0.00074225110480408,1,6
"6001","nonsyn_ben","rare",7500,0.05,0.01,0.005,6,7,0.5,0.5,0.5,0,1,NA,NA,NA,0
"6002","nonsyn_ben","rare",7500,0.05,0.01,0.01,6,6.5,0.5,0.5,0.5,0,1,0.0012,0.00128865979381443,1,1
"6003","nonsyn_ben","rare",7500,0.05,0.01,0.01,6,7,0.5,0.5,0.5,0,1,NA,NA,NA,0
"6004","nonsyn_ben","rare",7500,0.05,1,0.001,6,6,0.5,0.5,0.5,0,1,-0.000111462238885913,0.0151206063714394,0.854688450593581,1867
"6005","nonsyn_ben","rare",7500,0.05,1,0.001,6,6,0.5,0.5,0.75,0,1,-0.000290630372492836,0.0151864035102527,0.821651751875778,3490
"6006","nonsyn_ben","rare",7500,0.05,1,0.001,6,6,0.5,0.5,1,0,1,NA,NA,NA,0
"6007","nonsyn_ben","rare",7500,0.05,5,0.001,6,6,0.5,0.5,0.5,0,1,-0.000250551181102362,0.0140416084227964,0.844834739671571,635
"6008","nonsyn_ben","rare",7500,0.05,5,0.001,6,6,0.5,0.5,0.75,0,1,3.17280453257798e-05,0.0127197792573581,0.858743615738361,706
"6009","nonsyn_ben","rare",7500,0.05,5,0.001,6,6,0.5,0.5,1,0,1,NA,NA,NA,0
"6010","nonsyn_ben","rare",7500,0.1,0.01,0.001,6,6,0.5,0.5,0.5,0,1,0.000126315789473685,0.0132949139227514,0.921589688506982,19
"6011","nonsyn_ben","rare",7500,0.2,0.01,0.001,6,6,0.5,0.5,0.5,0,1,-0.000190909090909091,0.0337134930814585,0.834130781499202,33
"6012","nonsyn_ben","rare",7500,0.5,0.01,0.001,6,6,0.5,0.5,0.5,0,1,0.000488461538461539,0.00220005902072155,0.953441295546559,26
"6013","nonsyn_ben","rare",10000,0,0.01,0.001,6,6,0.5,0.5,0.5,0,1,NA,NA,NA,0
"6014","nonsyn_ben","rare",10000,0.01,0.01,0.001,6,6,0.5,0.5,0.5,0,1,NA,NA,NA,0
"6015","nonsyn_ben","rare",10000,0.05,0.01,0,6,5,0.5,0.5,0.5,0,1,NA,NA,NA,0
"6016","nonsyn_ben","rare",10000,0.05,0.01,0,6,6.5,0.5,0.5,0.5,0,1,NA,NA,NA,0
"6017","nonsyn_ben","rare",10000,0.05,0.01,0,6,7,0.5,0.5,0.5,0,1,NA,NA,NA,0
"6018","nonsyn_ben","rare",10000,0.05,0.01,1e-04,6,5,0.5,0.5,0.5,0,1,NA,NA,NA,0
"6019","nonsyn_ben","rare",10000,0.05,0.01,1e-04,6,6,0.5,0.5,0.5,0,1,NA,NA,NA,0
"6020","nonsyn_ben","rare",10000,0.05,0.01,1e-04,6,6.5,0.5,0.5,0.5,0,1,NA,NA,NA,0
"6021","nonsyn_ben","rare",10000,0.05,0.01,1e-04,6,7,0.5,0.5,0.5,0,1,NA,NA,NA,0
"6022","nonsyn_ben","rare",10000,0.05,0.01,5e-04,6,5.5,0.5,0.5,0.5,0,1,NA,NA,NA,0
"6023","nonsyn_ben","rare",10000,0.05,0.01,5e-04,6,6,0.5,0.5,0.5,0,1,NA,NA,NA,0
"6024","nonsyn_ben","rare",10000,0.05,0.01,5e-04,6,6.5,0.5,0.5,0.5,0,1,NA,NA,NA,0
"6025","nonsyn_ben","rare",10000,0.05,0.01,5e-04,6,7,0.5,0.5,0.5,0,1,NA,NA,NA,0
"6026","nonsyn_ben","rare",10000,0.05,0.01,0.001,5,6,0.5,0.5,0.5,0,1,NA,NA,NA,0
"6027","nonsyn_ben","rare",10000,0.05,0.01,0.001,6,6,0.5,0.5,0.5,0,1,NA,NA,NA,0
"6028","nonsyn_ben","rare",10000,0.05,0.01,0.001,6,6,0.5,0.5,0.75,0,1,NA,NA,NA,0
"6029","nonsyn_ben","rare",10000,0.05,0.01,0.001,6,6,0.5,0.5,1,0,1,NA,NA,NA,0
"6030","nonsyn_ben","rare",10000,0.05,0.01,0.001,6,6.5,0.5,0.5,0.5,0,1,NA,NA,NA,0
"6031","nonsyn_ben","rare",10000,0.05,0.01,0.001,6,7,0.5,0.5,0.5,0,1,NA,NA,NA,0
"6032","nonsyn_ben","rare",10000,0.05,0.01,0.001,6.5,6,0.5,0.5,0.5,0,1,NA,NA,NA,0
"6033","nonsyn_ben","rare",10000,0.05,0.01,0.001,7,6,0.5,0.5,0.5,0,1,NA,NA,NA,0
"6034","nonsyn_ben","rare",10000,0.05,0.01,0.005,6,5.5,0.5,0.5,0.5,0,1,NA,NA,NA,0
"6035","nonsyn_ben","rare",10000,0.05,0.01,0.005,6,6,0.5,0.5,0.5,0,1,NA,NA,NA,0
"6036","nonsyn_ben","rare",10000,0.05,0.01,0.005,6,6.5,0.5,0.5,0.5,0,1,NA,NA,NA,0
"6037","nonsyn_ben","rare",10000,0.05,0.01,0.005,6,7,0.5,0.5,0.5,0,1,NA,NA,NA,0
"6038","nonsyn_ben","rare",10000,0.05,0.01,0.01,6,6.5,0.5,0.5,0.5,0,1,NA,NA,NA,0
"6039","nonsyn_ben","rare",10000,0.05,0.01,0.01,6,7,0.5,0.5,0.5,0,1,NA,NA,NA,0
"6040","nonsyn_ben","rare",10000,0.05,1,0.001,6,6,0.5,0.5,0.5,0,1,NA,NA,NA,0
"6041","nonsyn_ben","rare",10000,0.05,1,0.001,6,6,0.5,0.5,0.75,0,1,NA,NA,NA,0
"6042","nonsyn_ben","rare",10000,0.05,1,0.001,6,6,0.5,0.5,1,0,1,NA,NA,NA,0
"6043","nonsyn_ben","rare",10000,0.05,5,0.001,6,6,0.5,0.5,0.5,0,1,NA,NA,NA,0
"6044","nonsyn_ben","rare",10000,0.05,5,0.001,6,6,0.5,0.5,0.75,0,1,NA,NA,NA,0
"6045","nonsyn_ben","rare",10000,0.05,5,0.001,6,6,0.5,0.5,1,0,1,NA,NA,NA,0
"6046","nonsyn_ben","rare",10000,0.1,0.01,0.001,6,6,0.5,0.5,0.5,0,1,NA,NA,NA,0
"6047","nonsyn_ben","rare",10000,0.2,0.01,0.001,6,6,0.5,0.5,0.5,0,1,NA,NA,NA,0
"6048","nonsyn_ben","rare",10000,0.5,0.01,0.001,6,6,0.5,0.5,0.5,0,1,NA,NA,NA,0
"6049","syn","common",15,0,0.01,0.001,6,6,0.5,0.5,0.5,0,1,0.0139546275395034,0.65568306842105,0.0198444210386598,1329
"6050","syn","common",15,0.01,0.01,0.001,6,6,0.5,0.5,0.5,0,1,0.00941310117226443,0.675129964858848,-0.00812132077342061,29089
"6051","syn","common",15,0.05,0.01,0,6,5,0.5,0.5,0.5,0,1,0.00351612800565771,0.531823695394489,0.000972046497854405,28280
"6052","syn","common",15,0.05,0.01,0,6,6.5,0.5,0.5,0.5,0,1,0.0100731344186891,0.712378877033683,0.0103336114365678,33046
"6053","syn","common",15,0.05,0.01,0,6,7,0.5,0.5,0.5,0,1,0.00834097098875074,0.719458550505772,0.00759463635429956,3378
"6054","syn","common",15,0.05,0.01,1e-04,6,5,0.5,0.5,0.5,0,1,0.00895306289479759,0.541741558079707,0.00660385523063735,47651
"6055","syn","common",15,0.05,0.01,1e-04,6,6,0.5,0.5,0.5,0,1,0.0102512381519528,0.683233229322833,0.00428819364790036,60453
"6056","syn","common",15,0.05,0.01,1e-04,6,6.5,0.5,0.5,0.5,0,1,0.0102609278308266,0.704796850540774,0.00811889587926964,24401
"6057","syn","common",15,0.05,0.01,1e-04,6,7,0.5,0.5,0.5,0,1,0.00489941824862217,0.720551103141191,-0.00626331687526727,3266
"6058","syn","common",15,0.05,0.01,5e-04,6,5.5,0.5,0.5,0.5,0,1,0.0146142505787037,0.642879293709702,0.0150412072163197,41472
"6059","syn","common",15,0.05,0.01,5e-04,6,6,0.5,0.5,0.5,0,1,0.0144594355630973,0.682304040404,0.0233044428751077,44788
"6060","syn","common",15,0.05,0.01,5e-04,6,6.5,0.5,0.5,0.5,0,1,0.0108507621659545,0.708902336829304,0.0117656661934124,15679
"6061","syn","common",15,0.05,0.01,5e-04,6,7,0.5,0.5,0.5,0,1,0.00813906661648476,0.721052800817904,0.00478032048230843,2657
"6062","syn","common",15,0.05,0.01,0.001,5,6,0.5,0.5,0.5,0,1,0.00481572423246159,0.431328188031515,-0.0173565050535939,100679
"6063","syn","common",15,0.05,0.01,0.001,6,6,0,0,0.5,0,1,0.00436417462052934,0.488352244977626,-0.0482790951411328,101523
"6064","syn","common",15,0.05,0.01,0.001,6,6,0.25,0.25,0.5,0,1,0.00943702928870293,0.660854708502827,-0.0132119556719969,7170
"6065","syn","common",15,0.05,0.01,0.001,6,6,0.5,0.5,0.5,0,1,0.013909189424753,0.692318185088487,0.0200011824749373,137680
"6066","syn","common",15,0.05,0.01,0.001,6,6,0.5,0.5,0.75,0,1,0.0164415768320625,0.727113747507686,0.0405669910242699,26623
"6067","syn","common",15,0.05,0.01,0.001,6,6,0.5,0.5,1,0,1,0.00992155969110014,0.656120637555799,-0.00944041365631788,7899
"6068","syn","common",15,0.05,0.01,0.001,6,6,0.75,0.75,0.5,0,1,0.0163321292775665,0.717965719602679,0.0336544003195383,3156
"6069","syn","common",15,0.05,0.01,0.001,6,6,1,1,0.5,0,1,0.0141035356904603,0.728756757708416,0.0322439133095217,2998
"6070","syn","common",15,0.05,0.01,0.001,6,6.5,0.5,0.5,0.5,0,1,0.010802054972125,0.718022811348337,0.00834694556148399,15426
"6071","syn","common",15,0.05,0.01,0.001,6,7,0.5,0.5,0.5,0,1,0.0140058025621703,0.714351076776077,0.0274639561134744,2654
"6072","syn","common",15,0.05,0.01,0.001,6.5,6,0.5,0.5,0.5,0,1,0.0192113543661034,0.732383234033977,0.0478187044172225,12013
"6073","syn","common",15,0.05,0.01,0.001,7,6,0.5,0.5,0.5,0,1,0.0307986675228769,0.763211468971878,0.107327281322347,6229
"6074","syn","common",15,0.05,0.01,0.005,6,5.5,0.5,0.5,0.5,0,1,0.0146998155281862,0.690030772123874,0.0142432785694411,18431
"6075","syn","common",15,0.05,0.01,0.005,6,6,0.5,0.5,0.5,0,1,0.00822123984339649,0.726373933913891,-0.00251954357798604,50829
"6076","syn","common",15,0.05,0.01,0.005,6,6.5,0.5,0.5,0.5,0,1,0.00830074408580079,0.730041798324067,0.00154231340804279,19487
"6077","syn","common",15,0.05,0.01,0.005,6,7,0.5,0.5,0.5,0,1,0.0085075,0.726701973071872,0.00927551388501666,2960
"6078","syn","common",15,0.05,0.01,0.01,6,6.5,0.5,0.5,0.5,0,1,0.00795361888033149,0.719504928426096,0.000883200639579089,22203
"6079","syn","common",15,0.05,0.01,0.01,6,7,0.5,0.5,0.5,0,1,0.0114532749675746,0.721424568839882,0.0172063929732361,3084
"6080","syn","common",15,0.05,1,0.001,6,6,0.5,0.5,0.5,0,1,0.0118721667078902,0.669957434770345,0.0024847066521037,40430
"6081","syn","common",15,0.05,1,0.001,6,6,0.5,0.5,0.75,0,1,0.0122069217944042,0.692741747567053,0.00638099430468964,38386
"6082","syn","common",15,0.05,1,0.001,6,6,0.5,0.5,1,0,1,0.0100934531818052,0.714422583144728,-0.00247741781154473,34933
"6083","syn","common",15,0.05,5,0.001,6,6,0.5,0.5,0.5,0,1,0.0104058962032768,0.659433746109555,-0.0044878520702027,40772
"6084","syn","common",15,0.05,5,0.001,6,6,0.5,0.5,0.75,0,1,0.00905339848308051,0.657597335824825,-0.015040563799955,20568
"6085","syn","common",15,0.05,5,0.001,6,6,0.5,0.5,1,0,1,0.00986070200283229,0.68275514341105,-0.00809974466461434,19772
"6086","syn","common",15,0.1,0.01,0.001,6,6,0.5,0.5,0.5,0,1,0.0178498165106149,0.722472736136378,0.0443595573737568,29157
"6087","syn","common",15,0.2,0.01,0.001,6,6,0.5,0.5,0.5,0,1,0.0195836926537936,0.745640781924238,0.0609344361855049,37339
"6088","syn","common",15,0.5,0.01,0.001,6,6,0.5,0.5,0.5,0,1,0.0222183974649163,0.777675228965019,0.079694410484571,33135
"6089","syn","common",50,0,0.01,0.001,6,6,0.5,0.5,0.5,0,1,0.00379905397885366,0.600453385269313,-0.0504896553810765,1797
"6090","syn","common",50,0.01,0.01,0.001,6,6,0.5,0.5,0.5,0,1,0.0106451857596394,0.613116074532946,0.000291789626830311,41263
"6091","syn","common",50,0.05,0.01,0,6,5,0.5,0.5,0.5,0,1,0.00186314423524227,0.478364805375849,-0.00614509577597898,40843
"6092","syn","common",50,0.05,0.01,0,6,6.5,0.5,0.5,0.5,0,1,0.00942670458332408,0.623574637718107,0.0100140044690702,45011
"6093","syn","common",50,0.05,0.01,0,6,7,0.5,0.5,0.5,0,1,0.0101030065359477,0.634141122998576,0.0170089181830889,4590
"6094","syn","common",50,0.05,0.01,1e-04,6,5,0.5,0.5,0.5,0,1,0.00809578402260762,0.501119035104106,0.00393072477048285,69711
"6095","syn","common",50,0.05,0.01,1e-04,6,6,0.5,0.5,0.5,0,1,0.00966571520664708,0.607626035488384,0.00528925130358065,83766
"6096","syn","common",50,0.05,0.01,1e-04,6,6.5,0.5,0.5,0.5,0,1,0.0102038791405279,0.62359921067943,0.0133001546531179,32997
"6097","syn","common",50,0.05,0.01,1e-04,6,7,0.5,0.5,0.5,0,1,0.00654505312868949,0.642138096059628,-0.00990381023732072,4235
"6098","syn","common",50,0.05,0.01,5e-04,6,5.5,0.5,0.5,0.5,0,1,0.0165880091479701,0.607404182762386,0.0259090265721501,59904
"6099","syn","common",50,0.05,0.01,5e-04,6,6,0.5,0.5,0.5,0,1,0.0153045731130588,0.628088527659746,0.0256503218032502,63436
"6100","syn","common",50,0.05,0.01,5e-04,6,6.5,0.5,0.5,0.5,0,1,0.010752568719515,0.633741341380069,0.00917516694262361,21937
"6101","syn","common",50,0.05,0.01,5e-04,6,7,0.5,0.5,0.5,0,1,0.00853450164293539,0.637323966986684,0.000576982045622444,3652
"6102","syn","common",50,0.05,0.01,0.001,5,6,0.5,0.5,0.5,0,1,0.00348279343582235,0.198344554091168,-0.00900625674531653,131136
"6103","syn","common",50,0.05,0.01,0.001,6,6,0,0,0.5,0,1,0.00394116044713945,0.363012870524818,-0.0432764751592543,138033
"6104","syn","common",50,0.05,0.01,0.001,6,6,0.25,0.25,0.5,0,1,0.0101367633950678,0.598482731126424,-0.00273433492422986,10097
"6105","syn","common",50,0.05,0.01,0.001,6,6,0.5,0.5,0.5,0,1,0.0143055215131182,0.643495381054437,0.0220016995578971,195834
"6106","syn","common",50,0.05,0.01,0.001,6,6,0.5,0.5,0.75,0,1,0.0180486882634095,0.679264615075974,0.0473893066438698,37660
"6107","syn","common",50,0.05,0.01,0.001,6,6,0.5,0.5,1,0,1,0.00849139987445073,0.60840998199217,-0.0136011442127537,11151
"6108","syn","common",50,0.05,0.01,0.001,6,6,0.75,0.75,0.5,0,1,0.014833581920904,0.664593654662803,0.0311465557557071,4425
"6109","syn","common",50,0.05,0.01,0.001,6,6,1,1,0.5,0,1,0.00848802800993901,0.687422223860195,0.00346738829175259,4427
"6110","syn","common",50,0.05,0.01,0.001,6,6.5,0.5,0.5,0.5,0,1,0.00986366778730052,0.644675509444176,0.0114623308385371,21119
"6111","syn","common",50,0.05,0.01,0.001,6,7,0.5,0.5,0.5,0,1,0.00814450726978998,0.647511931524015,0.00377372020372933,3714
"6112","syn","common",50,0.05,0.01,0.001,6.5,6,0.5,0.5,0.5,0,1,0.0235990790568655,0.727282456658546,0.0731360278277415,18025
"6113","syn","common",50,0.05,0.01,0.001,7,6,0.5,0.5,0.5,0,1,0.0286490909090909,0.761112737901946,0.0974645093172681,9570
"6114","syn","common",50,0.05,0.01,0.005,6,5.5,0.5,0.5,0.5,0,1,0.0150985107719596,0.667962616388688,0.019574526152893,27061
"6115","syn","common",50,0.05,0.01,0.005,6,6,0.5,0.5,0.5,0,1,0.00902488429152959,0.676617571674183,0.00454469971843997,71732
"6116","syn","common",50,0.05,0.01,0.005,6,6.5,0.5,0.5,0.5,0,1,0.00975371458710065,0.651982465498961,0.0105069062959714,26544
"6117","syn","common",50,0.05,0.01,0.005,6,7,0.5,0.5,0.5,0,1,0.00868107830551991,0.635989635596703,0.00347958740497805,3895
"6118","syn","common",50,0.05,0.01,0.01,6,6.5,0.5,0.5,0.5,0,1,0.00747044928207503,0.643952149705827,-0.000936680312740014,30226
"6119","syn","common",50,0.05,0.01,0.01,6,7,0.5,0.5,0.5,0,1,0.00671713867187499,0.639910149553865,-0.00458087537663808,4096
"6120","syn","common",50,0.05,1,0.001,6,6,0.5,0.5,0.5,0,1,0.0121415878692019,0.618256981986633,0.00513729469784961,58166
"6121","syn","common",50,0.05,1,0.001,6,6,0.5,0.5,0.75,0,1,0.0130231953014646,0.644385040421902,0.00889669928657087,53804
"6122","syn","common",50,0.05,1,0.001,6,6,0.5,0.5,1,0,1,0.00982211426972132,0.668693163849604,-0.00551772664302395,50022
"6123","syn","common",50,0.05,5,0.001,6,6,0.5,0.5,0.5,0,1,0.0103435300542718,0.604206545435458,-0.0031226821625399,58594
"6124","syn","common",50,0.05,5,0.001,6,6,0.5,0.5,0.75,0,1,0.00956991261346701,0.607139218641197,-0.0106083511357862,29524
"6125","syn","common",50,0.05,5,0.001,6,6,0.5,0.5,1,0,1,0.00984722756068046,0.625977883407972,-0.00423600310248632,28098
"6126","syn","common",50,0.1,0.01,0.001,6,6,0.5,0.5,0.5,0,1,0.0171867303813275,0.674693304000013,0.0430189487251951,41644
"6127","syn","common",50,0.2,0.01,0.001,6,6,0.5,0.5,0.5,0,1,0.0185628842050091,0.702913989763856,0.0532593012205286,53422
"6128","syn","common",50,0.5,0.01,0.001,6,6,0.5,0.5,0.5,0,1,0.0242379654781512,0.737354826379674,0.0892565613545319,46753
"6129","syn","common",100,0,0.01,0.001,6,6,0.5,0.5,0.5,0,1,0.00648312979762736,0.49083874421946,-0.0176341200540322,5732
"6130","syn","common",100,0.01,0.01,0.001,6,6,0.5,0.5,0.5,0,1,0.00962140907390754,0.502598656201259,-0.00237046198310244,125657
"6131","syn","common",100,0.05,0.01,0,6,5,0.5,0.5,0.5,0,1,0.00252997484060507,0.385116970491344,0.000637886839252549,127984
"6132","syn","common",100,0.05,0.01,0,6,6.5,0.5,0.5,0.5,0,1,0.00788505272635708,0.483405697399714,0.00549896233734166,131054
"6133","syn","common",100,0.05,0.01,0,6,7,0.5,0.5,0.5,0,1,0.00871069606960696,0.491513493850618,0.0068242625097428,13332
"6134","syn","common",100,0.05,0.01,1e-04,6,5,0.5,0.5,0.5,0,1,0.00790116522272413,0.42414241338195,0.00634948870659123,218499
"6135","syn","common",100,0.05,0.01,1e-04,6,6,0.5,0.5,0.5,0,1,0.0106085198288298,0.483931822314764,0.0136216394265777,248174
"6136","syn","common",100,0.05,0.01,1e-04,6,6.5,0.5,0.5,0.5,0,1,0.00987256133222518,0.48800404621003,0.012951915175694,97461
"6137","syn","common",100,0.05,0.01,1e-04,6,7,0.5,0.5,0.5,0,1,0.00791870107045854,0.489947674845615,0.00684451731026204,12518
"6138","syn","common",100,0.05,0.01,5e-04,6,5.5,0.5,0.5,0.5,0,1,0.0163541957492893,0.531277573425831,0.0276037566645147,184675
"6139","syn","common",100,0.05,0.01,5e-04,6,6,0.5,0.5,0.5,0,1,0.0142367082977978,0.52590625135444,0.0254555900680065,191123
"6140","syn","common",100,0.05,0.01,5e-04,6,6.5,0.5,0.5,0.5,0,1,0.0111468537441376,0.510350364693298,0.0174812146520823,64394
"6141","syn","common",100,0.05,0.01,5e-04,6,7,0.5,0.5,0.5,0,1,0.0125167661212705,0.499419915207982,0.0279346378750768,10390
"6142","syn","common",100,0.05,0.01,0.001,5,6,0.5,0.5,0.5,0,1,0.00174399606961302,0.0917492262393188,-0.00868930494575745,416244
"6143","syn","common",100,0.05,0.01,0.001,6,6,0,0,0.5,0,1,0.00302732045183309,0.236511773974067,-0.0366436898280916,418119
"6144","syn","common",100,0.05,0.01,0.001,6,6,0.25,0.25,0.5,0,1,0.0101894520327816,0.48437960653797,-0.00125140164439479,31115
"6145","syn","common",100,0.05,0.01,0.001,6,6,0.5,0.5,0.5,0,1,0.0142938658528383,0.548754324358868,0.0258954234000444,594720
"6146","syn","common",100,0.05,0.01,0.001,6,6,0.5,0.5,0.75,0,1,0.0167172990904038,0.594176473149077,0.0431365441151314,113347
"6147","syn","common",100,0.05,0.01,0.001,6,6,0.5,0.5,1,0,1,0.0101448258515077,0.486717571349307,0.00372865888576517,33793
"6148","syn","common",100,0.05,0.01,0.001,6,6,0.75,0.75,0.5,0,1,0.0137188432697305,0.578448319558275,0.0240711174532875,13469
"6149","syn","common",100,0.05,0.01,0.001,6,6,1,1,0.5,0,1,0.0132400061241675,0.598527613565523,0.0295001642213932,13063
"6150","syn","common",100,0.05,0.01,0.001,6,6.5,0.5,0.5,0.5,0,1,0.0102186282251696,0.519827245133843,0.0155330000754447,62051
"6151","syn","common",100,0.05,0.01,0.001,6,7,0.5,0.5,0.5,0,1,0.00624842395962289,0.500132978280625,-0.00572966571441127,10501
"6152","syn","common",100,0.05,0.01,0.001,6.5,6,0.5,0.5,0.5,0,1,0.0225810807980311,0.700057625299886,0.0646857666173337,57291
"6153","syn","common",100,0.05,0.01,0.001,7,6,0.5,0.5,0.5,0,1,0.0287200801773026,0.750227507267935,0.0983723901762006,30682
"6154","syn","common",100,0.05,0.01,0.005,6,5.5,0.5,0.5,0.5,0,1,0.0151868010849699,0.623858126060647,0.0235903662370861,85901
"6155","syn","common",100,0.05,0.01,0.005,6,6,0.5,0.5,0.5,0,1,0.00926257992334756,0.577041543359318,0.00629725798479534,216301
"6156","syn","common",100,0.05,0.01,0.005,6,6.5,0.5,0.5,0.5,0,1,0.00877949467637815,0.52244643786478,0.00707866464720459,77297
"6157","syn","common",100,0.05,0.01,0.005,6,7,0.5,0.5,0.5,0,1,0.010406158790827,0.493052027284637,0.0182303660916256,11512
"6158","syn","common",100,0.05,0.01,0.01,6,6.5,0.5,0.5,0.5,0,1,0.00883725228310503,0.513116254026669,0.00906601973306593,87600
"6159","syn","common",100,0.05,0.01,0.01,6,7,0.5,0.5,0.5,0,1,0.010308070882674,0.498960334512497,0.0182279002675196,11907
"6160","syn","common",100,0.05,1,0.001,6,6,0.5,0.5,0.5,0,1,0.010716926962411,0.521354531989912,0.00212618002394399,176594
"6161","syn","common",100,0.05,1,0.001,6,6,0.5,0.5,0.75,0,1,0.0125354185574797,0.561304345525543,0.0133742645949926,164171
"6162","syn","common",100,0.05,1,0.001,6,6,0.5,0.5,1,0,1,0.00998038065226422,0.585630653931267,0.00128297711313244,151687
"6163","syn","common",100,0.05,5,0.001,6,6,0.5,0.5,0.5,0,1,0.00854813394983886,0.498419781641943,-0.0114175242415665,178425
"6164","syn","common",100,0.05,5,0.001,6,6,0.5,0.5,0.75,0,1,0.00883839259965838,0.513678494873415,-0.00975188851996794,90158
"6165","syn","common",100,0.05,5,0.001,6,6,0.5,0.5,1,0,1,0.00797174700894413,0.520675640141248,-0.011040435695043,86090
"6166","syn","common",100,0.1,0.01,0.001,6,6,0.5,0.5,0.5,0,1,0.0172955954362158,0.584583719921353,0.0455439363647623,124984
"6167","syn","common",100,0.2,0.01,0.001,6,6,0.5,0.5,0.5,0,1,0.020478454078218,0.619650845268394,0.0667749742620907,158378
"6168","syn","common",100,0.5,0.01,0.001,6,6,0.5,0.5,0.5,0,1,0.0241921504321487,0.657488459017406,0.0905421971572584,139651
"6169","syn","common",200,0,0.01,0.001,6,6,0.5,0.5,0.5,0,1,0.00523706115803399,0.329533170574768,-0.0159371752843236,9827
"6170","syn","common",200,0.01,0.01,0.001,6,6,0.5,0.5,0.5,0,1,0.00782796318276487,0.349790107175116,-0.00264389201010387,223265
"6171","syn","common",200,0.05,0.01,0,6,5,0.5,0.5,0.5,0,1,0.00267251653162734,0.274209957894144,0.00326787461620526,241658
"6172","syn","common",200,0.05,0.01,0,6,6.5,0.5,0.5,0.5,0,1,0.00713335568785587,0.332335512839483,0.00901420480817338,231124
"6173","syn","common",200,0.05,0.01,0,6,7,0.5,0.5,0.5,0,1,0.00861098789037602,0.333982339363524,0.0161188450047146,23535
"6174","syn","common",200,0.05,0.01,1e-04,6,5,0.5,0.5,0.5,0,1,0.00771078600243086,0.322490612238184,0.00831175669647135,402327
"6175","syn","common",200,0.05,0.01,1e-04,6,6,0.5,0.5,0.5,0,1,0.0093619676812341,0.341915583993771,0.0139104932746313,440549
"6176","syn","common",200,0.05,0.01,1e-04,6,6.5,0.5,0.5,0.5,0,1,0.00891294616382778,0.338436469086962,0.0151940392572016,170313
"6177","syn","common",200,0.05,0.01,1e-04,6,7,0.5,0.5,0.5,0,1,0.00720188053599818,0.333340829581026,0.00363192779072282,22015
"6178","syn","common",200,0.05,0.01,5e-04,6,5.5,0.5,0.5,0.5,0,1,0.0169366585546693,0.42159824028129,0.0378662835096512,334484
"6179","syn","common",200,0.05,0.01,5e-04,6,6,0.5,0.5,0.5,0,1,0.0133751926341329,0.391423407611009,0.0269899735764873,337557
"6180","syn","common",200,0.05,0.01,5e-04,6,6.5,0.5,0.5,0.5,0,1,0.0105343771369704,0.360479144611993,0.0217776892282667,112601
"6181","syn","common",200,0.05,0.01,5e-04,6,7,0.5,0.5,0.5,0,1,0.0101409710856519,0.345435580303609,0.0206448405969585,18330
"6182","syn","common",200,0.05,0.01,0.001,5,6,0.5,0.5,0.5,0,1,0.000776449763120654,0.0455191208321967,-0.00821917246787029,812650
"6183","syn","common",200,0.05,0.01,0.001,6,6,0,0,0.5,0,1,0.00222557857344062,0.142432242991062,-0.0270106291226323,784559
"6184","syn","common",200,0.05,0.01,0.001,6,6,0.25,0.25,0.5,0,1,0.0102782472584808,0.347594157225827,0.0108397433226218,54623
"6185","syn","common",200,0.05,0.01,0.001,6,6,0.5,0.5,0.5,0,1,0.0134788799992371,0.416697388099149,0.027413108824674,1048660
"6186","syn","common",200,0.05,0.01,0.001,6,6,0.5,0.5,0.75,0,1,0.0163724081145706,0.469484469942729,0.046446468507545,196141
"6187","syn","common",200,0.05,0.01,0.001,6,6,0.5,0.5,1,0,1,0.00678084649441618,0.325490428890494,-0.00627766206402962,60532
"6188","syn","common",200,0.05,0.01,0.001,6,6,0.75,0.75,0.5,0,1,0.0149523015632443,0.450293055448797,0.0388913945109696,23093
"6189","syn","common",200,0.05,0.01,0.001,6,6,1,1,0.5,0,1,0.0147148694665153,0.46921428690773,0.0411423662438613,22906
"6190","syn","common",200,0.05,0.01,0.001,6,6.5,0.5,0.5,0.5,0,1,0.00901786239611679,0.368443281124356,0.0149071040087639,108776
"6191","syn","common",200,0.05,0.01,0.001,6,7,0.5,0.5,0.5,0,1,0.00940579142172873,0.34568489595168,0.0197126348792565,18372
"6192","syn","common",200,0.05,0.01,0.001,6.5,6,0.5,0.5,0.5,0,1,0.0235126412535784,0.643981856679263,0.072064688006893,106192
"6193","syn","common",200,0.05,0.01,0.001,7,6,0.5,0.5,0.5,0,1,0.0306927542978752,0.733679930856992,0.110144779157777,60146
"6194","syn","common",200,0.05,0.01,0.005,6,5.5,0.5,0.5,0.5,0,1,0.014132066013435,0.537387202022382,0.0206444662758088,158392
"6195","syn","common",200,0.05,0.01,0.005,6,6,0.5,0.5,0.5,0,1,0.00846849368823793,0.433086915499984,0.00768502977720656,377153
"6196","syn","common",200,0.05,0.01,0.005,6,6.5,0.5,0.5,0.5,0,1,0.00778798364195705,0.365059402720577,0.00881821848739548,135224
"6197","syn","common",200,0.05,0.01,0.005,6,7,0.5,0.5,0.5,0,1,0.00744187218899817,0.342373363853533,0.0117211045472366,20233
"6198","syn","common",200,0.05,0.01,0.01,6,6.5,0.5,0.5,0.5,0,1,0.00822388894307357,0.356756535483948,0.0118181358159987,153795
"6199","syn","common",200,0.05,0.01,0.01,6,7,0.5,0.5,0.5,0,1,0.00625364412031079,0.340915167509044,-7.89120017389102e-05,20979
"6200","syn","common",200,0.05,1,0.001,6,6,0.5,0.5,0.5,0,1,0.010078956899905,0.387685775781845,0.00537608479044679,313642
"6201","syn","common",200,0.05,1,0.001,6,6,0.5,0.5,0.75,0,1,0.0118144332305874,0.437166403246692,0.0137636777040663,291009
"6202","syn","common",200,0.05,1,0.001,6,6,0.5,0.5,1,0,1,0.00937369659605661,0.45949431958435,0.00429903043177618,266015
"6203","syn","common",200,0.05,5,0.001,6,6,0.5,0.5,0.5,0,1,0.00744890061121026,0.352555277543956,-0.00740657674037017,316585
"6204","syn","common",200,0.05,5,0.001,6,6,0.5,0.5,0.75,0,1,0.00898147700888271,0.378637379125092,-0.00229156110275378,160649
"6205","syn","common",200,0.05,5,0.001,6,6,0.5,0.5,1,0,1,0.00687350105125788,0.366476747294193,-0.0049149205521345,151723
"6206","syn","common",200,0.1,0.01,0.001,6,6,0.5,0.5,0.5,0,1,0.0169981142052266,0.4584858167318,0.0468265830074491,219377
"6207","syn","common",200,0.2,0.01,0.001,6,6,0.5,0.5,0.5,0,1,0.0202888853097448,0.499483916615184,0.069012639617848,276292
"6208","syn","common",200,0.5,0.01,0.001,6,6,0.5,0.5,0.5,0,1,0.0248177780189325,0.544664471235298,0.0969101182103733,239588
"6209","syn","common",300,0,0.01,0.001,6,6,0.5,0.5,0.5,0,1,0.00556398561151079,0.224319089110922,-0.0081253236248438,6950
"6210","syn","common",300,0.01,0.01,0.001,6,6,0.5,0.5,0.5,0,1,0.00712450100122731,0.249885311650001,0.0020646535108024,154810
"6211","syn","common",300,0.05,0.01,0,6,5,0.5,0.5,0.5,0,1,0.00229729159741883,0.213771308535732,0.0025627996125178,174494
"6212","syn","common",300,0.05,0.01,0,6,6.5,0.5,0.5,0.5,0,1,0.00678161163859111,0.253858730090272,0.0102160887422135,163250
"6213","syn","common",300,0.05,0.01,0,6,7,0.5,0.5,0.5,0,1,0.00734096689059501,0.25390638427885,0.0131756735461299,16672
"6214","syn","common",300,0.05,0.01,1e-04,6,5,0.5,0.5,0.5,0,1,0.0077202611528152,0.257680273164925,0.0110770595976977,284278
"6215","syn","common",300,0.05,0.01,1e-04,6,6,0.5,0.5,0.5,0,1,0.00862981775309126,0.265949787900165,0.0149239441224717,311281
"6216","syn","common",300,0.05,0.01,1e-04,6,6.5,0.5,0.5,0.5,0,1,0.0079805599986808,0.261460244312977,0.015841483575153,121286
"6217","syn","common",300,0.05,0.01,1e-04,6,7,0.5,0.5,0.5,0,1,0.00724804893754024,0.256195165412927,0.0115721511833274,15530
"6218","syn","common",300,0.05,0.01,5e-04,6,5.5,0.5,0.5,0.5,0,1,0.0159209327119839,0.344261893522743,0.0364395874182867,232612
"6219","syn","common",300,0.05,0.01,5e-04,6,6,0.5,0.5,0.5,0,1,0.0122504874921733,0.309728017209384,0.0260977012915903,234773
"6220","syn","common",300,0.05,0.01,5e-04,6,6.5,0.5,0.5,0.5,0,1,0.0100219423460752,0.276475032960631,0.0231752247817851,79162
"6221","syn","common",300,0.05,0.01,5e-04,6,7,0.5,0.5,0.5,0,1,0.00773933817961533,0.261681878074327,0.0128145244750159,13206
"6222","syn","common",300,0.05,0.01,0.001,5,6,0.5,0.5,0.5,0,1,0.000583263709788864,0.0315329306060737,-0.00662047765401733,600611
"6223","syn","common",300,0.05,0.01,0.001,6,6,0,0,0.5,0,1,0.00140952381780795,0.10198867210423,-0.0247088421984762,574822
"6224","syn","common",300,0.05,0.01,0.001,6,6,0.25,0.25,0.5,0,1,0.00944073656913849,0.262641980474075,0.0109366602640621,38177
"6225","syn","common",300,0.05,0.01,0.001,6,6,0.5,0.5,0.5,0,1,0.0126055116331602,0.32928555333585,0.0278519514487188,726028
"6226","syn","common",300,0.05,0.01,0.001,6,6,0.5,0.5,0.75,0,1,0.016427232987732,0.385708320829124,0.051614001036605,134741
"6227","syn","common",300,0.05,0.01,0.001,6,6,0.5,0.5,1,0,1,0.00515591792298772,0.224058747568941,-0.010264511511838,42253
"6228","syn","common",300,0.05,0.01,0.001,6,6,0.75,0.75,0.5,0,1,0.0134938437401945,0.360118861195988,0.0355186994407226,15935
"6229","syn","common",300,0.05,0.01,0.001,6,6,1,1,0.5,0,1,0.0135550069983458,0.385250121023712,0.0372147875470789,15718
"6230","syn","common",300,0.05,0.01,0.001,6,6.5,0.5,0.5,0.5,0,1,0.00777349257976587,0.281004567528857,0.012932798413384,75941
"6231","syn","common",300,0.05,0.01,0.001,6,7,0.5,0.5,0.5,0,1,0.00695991189427313,0.261606415905602,0.0115429729999775,12939
"6232","syn","common",300,0.05,0.01,0.001,6.5,6,0.5,0.5,0.5,0,1,0.0226773342481972,0.593317057865719,0.0687715559085612,74328
"6233","syn","common",300,0.05,0.01,0.001,7,6,0.5,0.5,0.5,0,1,0.0291296029128882,0.713563807149445,0.100830463424788,43668
"6234","syn","common",300,0.05,0.01,0.005,6,5.5,0.5,0.5,0.5,0,1,0.0131943815525064,0.461024840633205,0.0202146594533387,109977
"6235","syn","common",300,0.05,0.01,0.005,6,6,0.5,0.5,0.5,0,1,0.0081302726565329,0.336138691803078,0.0113308946559772,259594
"6236","syn","common",300,0.05,0.01,0.005,6,6.5,0.5,0.5,0.5,0,1,0.0066445079271378,0.277279464460625,0.00832258727230385,94864
"6237","syn","common",300,0.05,0.01,0.005,6,7,0.5,0.5,0.5,0,1,0.00656735041521755,0.262225845183974,0.00908517266918855,14089
"6238","syn","common",300,0.05,0.01,0.01,6,6.5,0.5,0.5,0.5,0,1,0.00662761699278327,0.271046127805466,0.00740773271276776,107528
"6239","syn","common",300,0.05,0.01,0.01,6,7,0.5,0.5,0.5,0,1,0.00763240418118466,0.257651820997285,0.0142702953750344,14637
"6240","syn","common",300,0.05,1,0.001,6,6,0.5,0.5,0.5,0,1,0.00986635897907142,0.300977311634197,0.0107722046099042,217645
"6241","syn","common",300,0.05,1,0.001,6,6,0.5,0.5,0.75,0,1,0.0119827139866434,0.356074133740786,0.0200298831251217,201099
"6242","syn","common",300,0.05,1,0.001,6,6,0.5,0.5,1,0,1,0.00857618013662293,0.369641751942496,0.00553799587383279,182839
"6243","syn","common",300,0.05,5,0.001,6,6,0.5,0.5,0.5,0,1,0.00669585026863409,0.259142749804376,-0.00539480398762458,221677
"6244","syn","common",300,0.05,5,0.001,6,6,0.5,0.5,0.75,0,1,0.00755148035492522,0.29213337354709,-0.00528024406117471,111122
"6245","syn","common",300,0.05,5,0.001,6,6,0.5,0.5,1,0,1,0.00521968186861537,0.263523747030137,-0.00892614002049603,104548
"6246","syn","common",300,0.1,0.01,0.001,6,6,0.5,0.5,0.5,0,1,0.016541626340071,0.375716020036561,0.0511054048800593,150645
"6247","syn","common",300,0.2,0.01,0.001,6,6,0.5,0.5,0.5,0,1,0.0204703733238977,0.420046930595692,0.072816400208377,189353
"6248","syn","common",300,0.5,0.01,0.001,6,6,0.5,0.5,0.5,0,1,0.0260574100543644,0.469047181509855,0.105543227717793,163710
"6249","syn","common",500,0,0.01,0.001,6,6,0.5,0.5,0.5,0,1,0.00358304165930116,0.15656980164175,-0.0136514554520528,16971
"6250","syn","common",500,0.01,0.01,0.001,6,6,0.5,0.5,0.5,0,1,0.00537286317968513,0.174520518812953,-5.98209980414515e-05,385491
"6251","syn","common",500,0.05,0.01,0,6,5,0.5,0.5,0.5,0,1,0.00220167168688002,0.171497322007479,0.0036011121923196,452836
"6252","syn","common",500,0.05,0.01,0,6,6.5,0.5,0.5,0.5,0,1,0.00623906082174517,0.201215249415999,0.0119305948313222,418962
"6253","syn","common",500,0.05,0.01,0,6,7,0.5,0.5,0.5,0,1,0.00642953330544322,0.202967998202108,0.0131886945498744,43026
"6254","syn","common",500,0.05,0.01,1e-04,6,5,0.5,0.5,0.5,0,1,0.00739925763014295,0.207093569345091,0.0134460159079739,722955
"6255","syn","common",500,0.05,0.01,1e-04,6,6,0.5,0.5,0.5,0,1,0.00798602536667104,0.21237004825732,0.0163054948538404,792536
"6256","syn","common",500,0.05,0.01,1e-04,6,6.5,0.5,0.5,0.5,0,1,0.00714418981031916,0.206824132796024,0.0152510684192248,308940
"6257","syn","common",500,0.05,0.01,1e-04,6,7,0.5,0.5,0.5,0,1,0.00653830317996271,0.205205719784221,0.0129444538659114,39686
"6258","syn","common",500,0.05,0.01,5e-04,6,5.5,0.5,0.5,0.5,0,1,0.015371896204839,0.279818096679526,0.0402706768549616,581530
"6259","syn","common",500,0.05,0.01,5e-04,6,6,0.5,0.5,0.5,0,1,0.0117678607213584,0.24769492932065,0.0293670044488421,592826
"6260","syn","common",500,0.05,0.01,5e-04,6,6.5,0.5,0.5,0.5,0,1,0.0085633720669612,0.220943293791249,0.0199483436238162,200773
"6261","syn","common",500,0.05,0.01,5e-04,6,7,0.5,0.5,0.5,0,1,0.00833645286396181,0.208236894080093,0.0246912094096627,33520
"6262","syn","common",500,0.05,0.01,0.001,5,6,0.5,0.5,0.5,0,1,0.000404347994020147,0.0234911946668877,-0.0062902611746451,1579303
"6263","syn","common",500,0.05,0.01,0.001,6,6,0,0,0.5,0,1,0.001022483044141,0.0762489193842526,-0.0219724332712863,1506264
"6264","syn","common",500,0.05,0.01,0.001,6,6,0.25,0.25,0.5,0,1,0.00804192406960287,0.202572492188895,0.00986222183204707,96088
"6265","syn","common",500,0.05,0.01,0.001,6,6,0.5,0.5,0.5,0,1,0.0119501673875829,0.262565064699467,0.0298607767149454,1802105
"6266","syn","common",500,0.05,0.01,0.001,6,6,0.5,0.5,0.75,0,1,0.0153280241746336,0.316688075195114,0.0503476247036918,330429
"6267","syn","common",500,0.05,0.01,0.001,6,6,0.5,0.5,1,0,1,0.00404923931900939,0.149470002406027,-0.00694775529611182,104906
"6268","syn","common",500,0.05,0.01,0.001,6,6,0.75,0.75,0.5,0,1,0.0120138348143202,0.292246239874263,0.0326167370920901,38938
"6269","syn","common",500,0.05,0.01,0.001,6,6,1,1,0.5,0,1,0.0135941907962771,0.310875299134537,0.0440189775975144,38680
"6270","syn","common",500,0.05,0.01,0.001,6,6.5,0.5,0.5,0.5,0,1,0.00778805719617789,0.221676804542423,0.0184815650346785,191831
"6271","syn","common",500,0.05,0.01,0.001,6,7,0.5,0.5,0.5,0,1,0.0071759817242512,0.208129562494834,0.0155287678895534,33487
"6272","syn","common",500,0.05,0.01,0.001,6.5,6,0.5,0.5,0.5,0,1,0.023268116703328,0.533389876123764,0.0752029940162836,182754
"6273","syn","common",500,0.05,0.01,0.001,7,6,0.5,0.5,0.5,0,1,0.0301094514059377,0.688039179498303,0.106744443753213,109571
"6274","syn","common",500,0.05,0.01,0.005,6,5.5,0.5,0.5,0.5,0,1,0.0132835675511324,0.38015269273803,0.0267791619026232,269692
"6275","syn","common",500,0.05,0.01,0.005,6,6,0.5,0.5,0.5,0,1,0.00702541946727189,0.259840810525187,0.00916116840783517,641528
"6276","syn","common",500,0.05,0.01,0.005,6,6.5,0.5,0.5,0.5,0,1,0.00625403220423828,0.217728916514017,0.00995470526005444,239720
"6277","syn","common",500,0.05,0.01,0.005,6,7,0.5,0.5,0.5,0,1,0.0065558796144156,0.20619671766519,0.0123051083096855,36516
"6278","syn","common",500,0.05,0.01,0.01,6,6.5,0.5,0.5,0.5,0,1,0.0063659733426358,0.213350791419668,0.0110548180612639,275196
"6279","syn","common",500,0.05,0.01,0.01,6,7,0.5,0.5,0.5,0,1,0.00683161026403868,0.206829742394886,0.0149123276146556,37646
"6280","syn","common",500,0.05,1,0.001,6,6,0.5,0.5,0.5,0,1,0.00870872152576129,0.233623246179745,0.0109599236218215,543781
"6281","syn","common",500,0.05,1,0.001,6,6,0.5,0.5,0.75,0,1,0.010529770616801,0.290579769753165,0.0174610977760594,502042
"6282","syn","common",500,0.05,1,0.001,6,6,0.5,0.5,1,0,1,0.00721896073969398,0.28991219543222,0.00338089892353286,452187
"6283","syn","common",500,0.05,5,0.001,6,6,0.5,0.5,0.5,0,1,0.00528707540806935,0.188667961290849,-0.00607809795317506,553031
"6284","syn","common",500,0.05,5,0.001,6,6,0.5,0.5,0.75,0,1,0.00659908512445474,0.226185477494192,-0.0036453829233783,277852
"6285","syn","common",500,0.05,5,0.001,6,6,0.5,0.5,1,0,1,0.00440876484496438,0.182322302198032,-0.0056414099081025,259263
"6286","syn","common",500,0.1,0.01,0.001,6,6,0.5,0.5,0.5,0,1,0.0161683377147236,0.312751530296058,0.0526424091861366,375832
"6287","syn","common",500,0.2,0.01,0.001,6,6,0.5,0.5,0.5,0,1,0.0202397456867889,0.358922031220873,0.0749580506547569,467691
"6288","syn","common",500,0.5,0.01,0.001,6,6,0.5,0.5,0.5,0,1,0.0252954946611328,0.409680886629298,0.103915522248651,405985
"6289","syn","common",750,0,0.01,0.001,6,6,0.5,0.5,0.5,0,1,0.00263923502767992,0.0942654576553437,-0.00798268437957721,19870
"6290","syn","common",750,0.01,0.01,0.001,6,6,0.5,0.5,0.5,0,1,0.00387994705934692,0.11286771994479,-0.00192257464139649,449560
"6291","syn","common",750,0.05,0.01,0,6,5,0.5,0.5,0.5,0,1,0.00186007899428572,0.139944084306812,0.00279781029354446,546875
"6292","syn","common",750,0.05,0.01,0,6,6.5,0.5,0.5,0.5,0,1,0.00539588665120664,0.160706296386287,0.0108727044730474,502802
"6293","syn","common",750,0.05,0.01,0,6,7,0.5,0.5,0.5,0,1,0.00682548184452613,0.161974633233695,0.0182454845913484,51417
"6294","syn","common",750,0.05,0.01,1e-04,6,5,0.5,0.5,0.5,0,1,0.00692902876809384,0.165966539933999,0.0142153754654995,862379
"6295","syn","common",750,0.05,0.01,1e-04,6,6,0.5,0.5,0.5,0,1,0.00712321189094895,0.169824080777989,0.015548690795405,947006
"6296","syn","common",750,0.05,0.01,1e-04,6,6.5,0.5,0.5,0.5,0,1,0.00637432499531953,0.165939887782239,0.0139727026753374,368553
"6297","syn","common",750,0.05,0.01,1e-04,6,7,0.5,0.5,0.5,0,1,0.0068493964482083,0.162943103882337,0.0177264593925357,47469
"6298","syn","common",750,0.05,0.01,5e-04,6,5.5,0.5,0.5,0.5,0,1,0.0140207520977568,0.221094034123744,0.039909575666699,678582
"6299","syn","common",750,0.05,0.01,5e-04,6,6,0.5,0.5,0.5,0,1,0.0106050425115113,0.19645940788444,0.0284734569180429,694753
"6300","syn","common",750,0.05,0.01,5e-04,6,6.5,0.5,0.5,0.5,0,1,0.0076270568160273,0.175397808836293,0.0191421443602201,237345
"6301","syn","common",750,0.05,0.01,5e-04,6,7,0.5,0.5,0.5,0,1,0.00673352785813105,0.16740887472974,0.017193440498785,39755
"6302","syn","common",750,0.05,0.01,0.001,5,6,0.5,0.5,0.5,0,1,0.000248717623818317,0.0176330562643702,-0.00587311525140989,1925644
"6303","syn","common",750,0.05,0.01,0.001,6,6,0,0,0.5,0,1,0.000812710872503125,0.0557034813221928,-0.0181217040101908,1834343
"6304","syn","common",750,0.05,0.01,0.001,6,6,0.25,0.25,0.5,0,1,0.00730662040773361,0.153445415357301,0.0141873189363879,113996
"6305","syn","common",750,0.05,0.01,0.001,6,6,0.5,0.5,0.5,0,1,0.0108806829800091,0.204735411600342,0.0299879795933404,2095054
"6306","syn","common",750,0.05,0.01,0.001,6,6,0.5,0.5,0.75,0,1,0.0142841741840899,0.252438546991393,0.0521672499021381,378565
"6307","syn","common",750,0.05,0.01,0.001,6,6,0.5,0.5,1,0,1,0.00266205841583346,0.0911915110937957,-0.00831045190314665,121919
"6308","syn","common",750,0.05,0.01,0.001,6,6,0.75,0.75,0.5,0,1,0.0111126038689091,0.235673359958485,0.0321333481876344,45129
"6309","syn","common",750,0.05,0.01,0.001,6,6,1,1,0.5,0,1,0.0122749700386169,0.252186884240984,0.0372828513043388,45058
"6310","syn","common",750,0.05,0.01,0.001,6,6.5,0.5,0.5,0.5,0,1,0.00721772082565849,0.173748854907883,0.0191752637423728,226389
"6311","syn","common",750,0.05,0.01,0.001,6,7,0.5,0.5,0.5,0,1,0.00689348389669957,0.164083977820794,0.0183092171201447,40116
"6312","syn","common",750,0.05,0.01,0.001,6.5,6,0.5,0.5,0.5,0,1,0.0238032719628878,0.461738111980895,0.0821146420439833,206940
"6313","syn","common",750,0.05,0.01,0.001,7,6,0.5,0.5,0.5,0,1,0.0313672360687682,0.651128443457677,0.114476391475176,127268
"6314","syn","common",750,0.05,0.01,0.005,6,5.5,0.5,0.5,0.5,0,1,0.0122009472366515,0.293228510267682,0.0269959431803997,304359
"6315","syn","common",750,0.05,0.01,0.005,6,6,0.5,0.5,0.5,0,1,0.00629413468003487,0.195261176853028,0.010944739327866,742159
"6316","syn","common",750,0.05,0.01,0.005,6,6.5,0.5,0.5,0.5,0,1,0.00554426096572061,0.169358280376181,0.00969900128457262,284865
"6317","syn","common",750,0.05,0.01,0.005,6,7,0.5,0.5,0.5,0,1,0.00647533483962638,0.16475019686759,0.0162122581509996,42931
"6318","syn","common",750,0.05,0.01,0.01,6,6.5,0.5,0.5,0.5,0,1,0.00561047757183425,0.166254283070183,0.0115613492889217,327490
"6319","syn","common",750,0.05,0.01,0.01,6,7,0.5,0.5,0.5,0,1,0.00627168477898527,0.16417870948055,0.0153466400727753,44997
"6320","syn","common",750,0.05,1,0.001,6,6,0.5,0.5,0.5,0,1,0.00737030010850691,0.177847010325091,0.00877700315582992,638669
"6321","syn","common",750,0.05,1,0.001,6,6,0.5,0.5,0.75,0,1,0.00974078289253863,0.233144155125219,0.0187865518746061,583605
"6322","syn","common",750,0.05,1,0.001,6,6,0.5,0.5,1,0,1,0.00600171371044769,0.213671722271661,0.00458539924846821,523484
"6323","syn","common",750,0.05,5,0.001,6,6,0.5,0.5,0.5,0,1,0.00408812118516322,0.132536632876172,-0.00665475897052613,647472
"6324","syn","common",750,0.05,5,0.001,6,6,0.5,0.5,0.75,0,1,0.00603776158279591,0.171577000159157,-0.000236656947868774,326713
"6325","syn","common",750,0.05,5,0.001,6,6,0.5,0.5,1,0,1,0.0029983082518936,0.114054480914854,-0.00595892938711179,300222
"6326","syn","common",750,0.1,0.01,0.001,6,6,0.5,0.5,0.5,0,1,0.01548303552935,0.259327491744426,0.0539294220647477,434514
"6327","syn","common",750,0.2,0.01,0.001,6,6,0.5,0.5,0.5,0,1,0.0193542348442104,0.306622699157013,0.0746129324620844,542334
"6328","syn","common",750,0.5,0.01,0.001,6,6,0.5,0.5,0.5,0,1,0.0251041328210524,0.36031243588864,0.105520500943595,469534
"6329","syn","common",1000,0,0.01,0.001,6,6,0.5,0.5,0.5,0,1,0.00168089439540572,0.0634685786048269,-0.00997698464020775,18806
"6330","syn","common",1000,0.01,0.01,0.001,6,6,0.5,0.5,0.5,0,1,0.00307764285464037,0.0796480708617512,-0.00089635590560007,428145
"6331","syn","common",1000,0.05,0.01,0,6,5,0.5,0.5,0.5,0,1,0.00163257818780385,0.11744391792106,0.00273312750417012,522460
"6332","syn","common",1000,0.05,0.01,0,6,6.5,0.5,0.5,0.5,0,1,0.00514700444805054,0.137029807802276,0.0124885518860216,483133
"6333","syn","common",1000,0.05,0.01,0,6,7,0.5,0.5,0.5,0,1,0.0057911658629493,0.139173030413113,0.0150419078895823,49354
"6334","syn","common",1000,0.05,0.01,1e-04,6,5,0.5,0.5,0.5,0,1,0.0064511780427036,0.141070206086827,0.0146653090057633,828408
"6335","syn","common",1000,0.05,0.01,1e-04,6,6,0.5,0.5,0.5,0,1,0.00678837630995921,0.144670851938943,0.0174281267596923,909952
"6336","syn","common",1000,0.05,0.01,1e-04,6,6.5,0.5,0.5,0.5,0,1,0.0059183924469809,0.141718377310072,0.0145999356210254,354825
"6337","syn","common",1000,0.05,0.01,1e-04,6,7,0.5,0.5,0.5,0,1,0.00615496271929825,0.139110877285305,0.0174871346753482,45600
"6338","syn","common",1000,0.05,0.01,5e-04,6,5.5,0.5,0.5,0.5,0,1,0.0132193074025184,0.184813283594274,0.040994732275231,643173
"6339","syn","common",1000,0.05,0.01,5e-04,6,6,0.5,0.5,0.5,0,1,0.00969057665409071,0.165150163273883,0.0285257271419795,661315
"6340","syn","common",1000,0.05,0.01,5e-04,6,6.5,0.5,0.5,0.5,0,1,0.00696202922511033,0.149647054019517,0.0181870652869127,228639
"6341","syn","common",1000,0.05,0.01,5e-04,6,7,0.5,0.5,0.5,0,1,0.00544363159275781,0.141235128966769,0.0134535293435209,38110
"6342","syn","common",1000,0.05,0.01,0.001,5,6,0.5,0.5,0.5,0,1,0.000118887175691239,0.0147837581311817,-0.00594936401131599,1871095
"6343","syn","common",1000,0.05,0.01,0.001,6,6,0,0,0.5,0,1,0.000595595203141425,0.0439370950999283,-0.0163771971836102,1784668
"6344","syn","common",1000,0.05,0.01,0.001,6,6,0.25,0.25,0.5,0,1,0.00615695259120059,0.121449974200183,0.0121833542238729,109621
"6345","syn","common",1000,0.05,0.01,0.001,6,6,0.5,0.5,0.5,0,1,0.00992421806979781,0.170863115158696,0.028924981939498,1984704
"6346","syn","common",1000,0.05,0.01,0.001,6,6,0.5,0.5,0.75,0,1,0.0132681493778774,0.211170924783009,0.053112316891837,350574
"6347","syn","common",1000,0.05,0.01,0.001,6,6,0.5,0.5,1,0,1,0.00147070462818513,0.0625654539242617,-0.0103258574330873,115380
"6348","syn","common",1000,0.05,0.01,0.001,6,6,0.75,0.75,0.5,0,1,0.0107553131860432,0.199284156805821,0.033711824877742,42818
"6349","syn","common",1000,0.05,0.01,0.001,6,6,1,1,0.5,0,1,0.0128488127026512,0.21828296159773,0.0456261346030163,41944
"6350","syn","common",1000,0.05,0.01,0.001,6,6.5,0.5,0.5,0.5,0,1,0.00615003206710561,0.146547648194346,0.015192981090077,216733
"6351","syn","common",1000,0.05,0.01,0.001,6,7,0.5,0.5,0.5,0,1,0.00580741837429904,0.139208634532484,0.0140697501360813,38162
"6352","syn","common",1000,0.05,0.01,0.001,6.5,6,0.5,0.5,0.5,0,1,0.0229987738733456,0.408104560623837,0.0826821335267744,191008
"6353","syn","common",1000,0.05,0.01,0.001,7,6,0.5,0.5,0.5,0,1,0.0304542132365355,0.614744870292629,0.111185599638303,118460
"6354","syn","common",1000,0.05,0.01,0.005,6,5.5,0.5,0.5,0.5,0,1,0.0113704935411677,0.234803241103134,0.0286534692656387,280159
"6355","syn","common",1000,0.05,0.01,0.005,6,6,0.5,0.5,0.5,0,1,0.00572025074807989,0.15700181991416,0.0117732132435914,698789
"6356","syn","common",1000,0.05,0.01,0.005,6,6.5,0.5,0.5,0.5,0,1,0.00502112716890285,0.141662186985642,0.0103364601327404,272488
"6357","syn","common",1000,0.05,0.01,0.005,6,7,0.5,0.5,0.5,0,1,0.0050871089704997,0.138177317015548,0.011191974187907,41525
"6358","syn","common",1000,0.05,0.01,0.01,6,6.5,0.5,0.5,0.5,0,1,0.00503764395324799,0.139812599176563,0.0104489074390218,314425
"6359","syn","common",1000,0.05,0.01,0.01,6,7,0.5,0.5,0.5,0,1,0.00589816379250157,0.139487605986256,0.015732178799408,42969
"6360","syn","common",1000,0.05,1,0.001,6,6,0.5,0.5,0.5,0,1,0.00655627086439627,0.146430447283238,0.00807286395920907,606296
"6361","syn","common",1000,0.05,1,0.001,6,6,0.5,0.5,0.75,0,1,0.00875385748184107,0.196996279123649,0.0172463176060186,552070
"6362","syn","common",1000,0.05,1,0.001,6,6,0.5,0.5,1,0,1,0.00461008717717841,0.161510021730293,0.00193675309384107,488660
"6363","syn","common",1000,0.05,5,0.001,6,6,0.5,0.5,0.5,0,1,0.00353287233956232,0.103869943066793,-0.00516239444812153,616205
"6364","syn","common",1000,0.05,5,0.001,6,6,0.5,0.5,0.75,0,1,0.00493238755482386,0.140000159177629,-0.00308458129110269,310996
"6365","syn","common",1000,0.05,5,0.001,6,6,0.5,0.5,1,0,1,0.00220093804483952,0.0780201000623307,-0.00588770477312601,285061
"6366","syn","common",1000,0.1,0.01,0.001,6,6,0.5,0.5,0.5,0,1,0.0149785726095477,0.226368300073842,0.0548990166247379,411282
"6367","syn","common",1000,0.2,0.01,0.001,6,6,0.5,0.5,0.5,0,1,0.0189837803039023,0.276866047808643,0.0747460014856761,512599
"6368","syn","common",1000,0.5,0.01,0.001,6,6,0.5,0.5,0.5,0,1,0.0246125095009867,0.33237572622236,0.104639774833631,443375
"6369","syn","common",1500,0,0.01,0.001,6,6,0.5,0.5,0.5,0,1,0.000669353990784551,0.0449653292594514,-0.0127787681475159,32337
"6370","syn","common",1500,0.01,0.01,0.001,6,6,0.5,0.5,0.5,0,1,0.00206323189242902,0.0565395434903806,-0.0031947959579391,730606
"6371","syn","common",1500,0.05,0.01,0,6,5,0.5,0.5,0.5,0,1,0.00163372300112193,0.100204358854152,0.00370298555287044,892213
"6372","syn","common",1500,0.05,0.01,0,6,6.5,0.5,0.5,0.5,0,1,0.00486782708664202,0.116260292456404,0.0132815299269169,825477
"6373","syn","common",1500,0.05,0.01,0,6,7,0.5,0.5,0.5,0,1,0.00520570177514793,0.117863905236022,0.0148638276426515,84500
"6374","syn","common",1500,0.05,0.01,1e-04,6,5,0.5,0.5,0.5,0,1,0.00594699480924487,0.118628267648708,0.0148855945146641,1415401
"6375","syn","common",1500,0.05,0.01,1e-04,6,6,0.5,0.5,0.5,0,1,0.00619052405570184,0.122828108883842,0.0173546482956957,1553270
"6376","syn","common",1500,0.05,0.01,1e-04,6,6.5,0.5,0.5,0.5,0,1,0.00560784895241618,0.12041294009084,0.0158712454438062,605584
"6377","syn","common",1500,0.05,0.01,1e-04,6,7,0.5,0.5,0.5,0,1,0.00528654663857499,0.117777073016859,0.0147237393481522,78315
"6378","syn","common",1500,0.05,0.01,5e-04,6,5.5,0.5,0.5,0.5,0,1,0.0120073792384643,0.153573271671488,0.0405906978816576,1088012
"6379","syn","common",1500,0.05,0.01,5e-04,6,6,0.5,0.5,0.5,0,1,0.00912118624546524,0.138927469496819,0.0294729943971655,1124371
"6380","syn","common",1500,0.05,0.01,5e-04,6,6.5,0.5,0.5,0.5,0,1,0.00684199614296734,0.125936373166914,0.0210946142267967,388900
"6381","syn","common",1500,0.05,0.01,5e-04,6,7,0.5,0.5,0.5,0,1,0.00522634714076246,0.11983545344891,0.0142985619828175,65472
"6382","syn","common",1500,0.05,0.01,0.001,5,6,0.5,0.5,0.5,0,1,6.85111448981948e-05,0.0130604941275759,-0.00578800814940126,3237266
"6383","syn","common",1500,0.05,0.01,0.001,6,6,0,0,0.5,0,1,0.000508503305004721,0.0354494664321245,-0.0144904442971411,3092280
"6384","syn","common",1500,0.05,0.01,0.001,6,6,0.25,0.25,0.5,0,1,0.00530955335654117,0.0977062314810435,0.010719943714888,186144
"6385","syn","common",1500,0.05,0.01,0.001,6,6,0.5,0.5,0.5,0,1,0.00907844978996661,0.142042595141359,0.0289566549875454,3356371
"6386","syn","common",1500,0.05,0.01,0.001,6,6,0.5,0.5,0.75,0,1,0.0121828721382334,0.172894483297818,0.0536623456973906,575606
"6387","syn","common",1500,0.05,0.01,0.001,6,6,0.5,0.5,1,0,1,0.00117614779429587,0.0439396347792321,-0.00828451985404785,198032
"6388","syn","common",1500,0.05,0.01,0.001,6,6,0.75,0.75,0.5,0,1,0.0107001259254134,0.170103369890089,0.0359276941502559,72265
"6389","syn","common",1500,0.05,0.01,0.001,6,6,1,1,0.5,0,1,0.0116377144832951,0.187329178069853,0.0409944783273117,69411
"6390","syn","common",1500,0.05,0.01,0.001,6,6.5,0.5,0.5,0.5,0,1,0.00591490645827174,0.123434323148462,0.0171974245914002,368659
"6391","syn","common",1500,0.05,0.01,0.001,6,7,0.5,0.5,0.5,0,1,0.00534170887134797,0.11927760628451,0.0137586384618364,65751
"6392","syn","common",1500,0.05,0.01,0.001,6.5,6,0.5,0.5,0.5,0,1,0.0227424764840473,0.357891864252435,0.084587776341085,314680
"6393","syn","common",1500,0.05,0.01,0.001,7,6,0.5,0.5,0.5,0,1,0.0317636988654133,0.576813381812641,0.119248798611294,195049
"6394","syn","common",1500,0.05,0.01,0.005,6,5.5,0.5,0.5,0.5,0,1,0.0100548294072684,0.184151321415056,0.0277339203732341,460512
"6395","syn","common",1500,0.05,0.01,0.005,6,6,0.5,0.5,0.5,0,1,0.00522277228143937,0.127409647816405,0.0123756709191666,1175429
"6396","syn","common",1500,0.05,0.01,0.005,6,6.5,0.5,0.5,0.5,0,1,0.00483516704008182,0.11888909422572,0.0116059110982435,461506
"6397","syn","common",1500,0.05,0.01,0.005,6,7,0.5,0.5,0.5,0,1,0.00507626885951255,0.11743235824092,0.014361368741597,70654
"6398","syn","common",1500,0.05,0.01,0.01,6,6.5,0.5,0.5,0.5,0,1,0.00473675989631848,0.116891934631551,0.0116447518746534,533557
"6399","syn","common",1500,0.05,0.01,0.01,6,7,0.5,0.5,0.5,0,1,0.00476218264134575,0.117875315188706,0.011026979233695,73773
"6400","syn","common",1500,0.05,1,0.001,6,6,0.5,0.5,0.5,0,1,0.00580042490571375,0.121879735654912,0.00721192394590161,1032229
"6401","syn","common",1500,0.05,1,0.001,6,6,0.5,0.5,0.75,0,1,0.00767371320316964,0.165703040022085,0.0160296523724934,932723
"6402","syn","common",1500,0.05,1,0.001,6,6,0.5,0.5,1,0,1,0.00378237118735916,0.116594845785864,0.00306783693333569,815642
"6403","syn","common",1500,0.05,5,0.001,6,6,0.5,0.5,0.5,0,1,0.00287092055468686,0.0828649301458241,-0.00546766844229725,1050106
"6404","syn","common",1500,0.05,5,0.001,6,6,0.5,0.5,0.75,0,1,0.00410360364791319,0.116565104790551,-0.00388938257115751,528631
"6405","syn","common",1500,0.05,5,0.001,6,6,0.5,0.5,1,0,1,0.00135776514091006,0.0539244487894117,-0.00671624232172553,482187
"6406","syn","common",1500,0.1,0.01,0.001,6,6,0.5,0.5,0.5,0,1,0.0139761048440229,0.199690893660091,0.0526327686801914,695166
"6407","syn","common",1500,0.2,0.01,0.001,6,6,0.5,0.5,0.5,0,1,0.0185103657847193,0.252681035951816,0.0752760389198966,866794
"6408","syn","common",1500,0.5,0.01,0.001,6,6,0.5,0.5,0.5,0,1,0.0239821209557484,0.31167472930534,0.103332026783362,751746
"6409","syn","common",2000,0,0.01,0.001,6,6,0.5,0.5,0.5,0,1,0.00099934411500449,0.0319633223770943,-0.00591699411738197,33390
"6410","syn","common",2000,0.01,0.01,0.001,6,6,0.5,0.5,0.5,0,1,0.00157470851686464,0.0403956484880635,-0.00277877227478445,757591
"6411","syn","common",2000,0.05,0.01,0,6,5,0.5,0.5,0.5,0,1,0.00146834966342599,0.084695987157828,0.00359262188712509,920897
"6412","syn","common",2000,0.05,0.01,0,6,6.5,0.5,0.5,0.5,0,1,0.00427769973455412,0.0972047270993417,0.0124460014694126,853658
"6413","syn","common",2000,0.05,0.01,0,6,7,0.5,0.5,0.5,0,1,0.00487867032527296,0.0982903805085232,0.0160757501005145,87465
"6414","syn","common",2000,0.05,0.01,1e-04,6,5,0.5,0.5,0.5,0,1,0.00548519261103598,0.0980592820248771,0.016199056675261,1466349
"6415","syn","common",2000,0.05,0.01,1e-04,6,6,0.5,0.5,0.5,0,1,0.00572161405994123,0.102019543042291,0.0183452227272668,1606607
"6416","syn","common",2000,0.05,0.01,1e-04,6,6.5,0.5,0.5,0.5,0,1,0.00511323751662194,0.100457959898006,0.0160311829548988,627935
"6417","syn","common",2000,0.05,0.01,1e-04,6,7,0.5,0.5,0.5,0,1,0.00515784439246584,0.0993501156958153,0.0173998517980874,81230
"6418","syn","common",2000,0.05,0.01,5e-04,6,5.5,0.5,0.5,0.5,0,1,0.0110053256257083,0.126104133451754,0.0415246013285261,1118892
"6419","syn","common",2000,0.05,0.01,5e-04,6,6,0.5,0.5,0.5,0,1,0.00818628355116065,0.114811040687245,0.0290557231384256,1161547
"6420","syn","common",2000,0.05,0.01,5e-04,6,6.5,0.5,0.5,0.5,0,1,0.00607435458717419,0.104830467258089,0.020689591345082,402688
"6421","syn","common",2000,0.05,0.01,5e-04,6,7,0.5,0.5,0.5,0,1,0.00541479765032323,0.0997699717074257,0.0196872674962001,67754
"6422","syn","common",2000,0.05,0.01,0.001,5,6,0.5,0.5,0.5,0,1,4.03432699241093e-05,0.0120152965439278,-0.00567953159792149,3401871
"6423","syn","common",2000,0.05,0.01,0.001,6,6,0,0,0.5,0,1,0.000353282846910767,0.0290116868147084,-0.0134397568925104,3239947
"6424","syn","common",2000,0.05,0.01,0.001,6,6,0.25,0.25,0.5,0,1,0.00466061148771739,0.0769309290852829,0.0107090407743256,194869
"6425","syn","common",2000,0.05,0.01,0.001,6,6,0.5,0.5,0.5,0,1,0.00840213030149045,0.116474059664176,0.0303084846012044,3451718
"6426","syn","common",2000,0.05,0.01,0.001,6,6,0.5,0.5,0.75,0,1,0.0111382505043542,0.135991746469958,0.0564523168889893,574497
"6427","syn","common",2000,0.05,0.01,0.001,6,6,0.5,0.5,1,0,1,0.000579610612102675,0.0315128312393706,-0.00944712655619288,206632
"6428","syn","common",2000,0.05,0.01,0.001,6,6,0.75,0.75,0.5,0,1,0.00992638465188801,0.144057395023498,0.0374131279395483,73755
"6429","syn","common",2000,0.05,0.01,0.001,6,6,1,1,0.5,0,1,0.0109145703295619,0.159371084019151,0.0415754014515541,70973
"6430","syn","common",2000,0.05,0.01,0.001,6,6.5,0.5,0.5,0.5,0,1,0.00532943679619224,0.102271085237296,0.0177072038667043,380697
"6431","syn","common",2000,0.05,0.01,0.001,6,7,0.5,0.5,0.5,0,1,0.00487277991706161,0.0989557159752018,0.015118332784961,67520
"6432","syn","common",2000,0.05,0.01,0.001,6.5,6,0.5,0.5,0.5,0,1,0.0218646030571444,0.310531438213798,0.0856335057045856,314869
"6433","syn","common",2000,0.05,0.01,0.001,7,6,0.5,0.5,0.5,0,1,0.031628403247493,0.532052862172648,0.122420240116742,194858
"6434","syn","common",2000,0.05,0.01,0.005,6,5.5,0.5,0.5,0.5,0,1,0.00876356095645721,0.14025319864955,0.0269060654219962,463544
"6435","syn","common",2000,0.05,0.01,0.005,6,6,0.5,0.5,0.5,0,1,0.00461178573817088,0.101973886540702,0.0126657416506456,1196200
"6436","syn","common",2000,0.05,0.01,0.005,6,6.5,0.5,0.5,0.5,0,1,0.00464657939144706,0.0982273750781326,0.0144868972552261,474667
"6437","syn","common",2000,0.05,0.01,0.005,6,7,0.5,0.5,0.5,0,1,0.00449977600351798,0.0971707923092015,0.0138476030702325,72769
"6438","syn","common",2000,0.05,0.01,0.01,6,6.5,0.5,0.5,0.5,0,1,0.00437980036632022,0.096466688200215,0.012794424698384,553614
"6439","syn","common",2000,0.05,0.01,0.01,6,7,0.5,0.5,0.5,0,1,0.00409926246218171,0.097258781062966,0.0114314652281966,77013
"6440","syn","common",2000,0.05,1,0.001,6,6,0.5,0.5,0.5,0,1,0.00521288662580438,0.100600206379645,0.0075599475054644,1072872
"6441","syn","common",2000,0.05,1,0.001,6,6,0.5,0.5,0.75,0,1,0.00683879830568993,0.136102051850638,0.016633591313031,960627
"6442","syn","common",2000,0.05,1,0.001,6,6,0.5,0.5,1,0,1,0.00237878393798646,0.0792457078150528,-0.000596620830330614,822014
"6443","syn","common",2000,0.05,5,0.001,6,6,0.5,0.5,0.5,0,1,0.00242968500930698,0.0670628705030829,-0.00543287068017084,1092191
"6444","syn","common",2000,0.05,5,0.001,6,6,0.5,0.5,0.75,0,1,0.00351444353050763,0.0953168187848215,-0.00482674348310847,550731
"6445","syn","common",2000,0.05,5,0.001,6,6,0.5,0.5,1,0,1,0.000796602042860004,0.0372894258972016,-0.0073169776404214,499300
"6446","syn","common",2000,0.1,0.01,0.001,6,6,0.5,0.5,0.5,0,1,0.013331104432019,0.174406412173313,0.0537166331244973,712339
"6447","syn","common",2000,0.2,0.01,0.001,6,6,0.5,0.5,0.5,0,1,0.0179909106739027,0.229791025053267,0.0755852090459391,895886
"6448","syn","common",2000,0.5,0.01,0.001,6,6,0.5,0.5,0.5,0,1,0.0236464982205674,0.293368598161122,0.104106552021767,777776
"6449","syn","common",2500,0,0.01,0.001,6,6,0.5,0.5,0.5,0,1,0.000314761012183692,0.0279708027472016,-0.0104859559362759,6402
"6450","syn","common",2500,0.01,0.01,0.001,6,6,0.5,0.5,0.5,0,1,0.00137179222637201,0.0341169401707726,-0.00276081108303609,145389
"6451","syn","common",2500,0.05,0.01,0,6,5,0.5,0.5,0.5,0,1,0.00157684177770234,0.076397730108092,0.00440206526881574,176745
"6452","syn","common",2500,0.05,0.01,0,6,6.5,0.5,0.5,0.5,0,1,0.00433914253589663,0.0873289385455798,0.0145896162024145,162759
"6453","syn","common",2500,0.05,0.01,0,6,7,0.5,0.5,0.5,0,1,0.00399243312568706,0.0878184209604885,0.0128350758699527,16374
"6454","syn","common",2500,0.05,0.01,1e-04,6,5,0.5,0.5,0.5,0,1,0.00511793984714671,0.0873265811885395,0.0162347562817016,279222
"6455","syn","common",2500,0.05,0.01,1e-04,6,6,0.5,0.5,0.5,0,1,0.00566463324229419,0.0919377425400979,0.0203079100215514,307560
"6456","syn","common",2500,0.05,0.01,1e-04,6,6.5,0.5,0.5,0.5,0,1,0.00487875605207924,0.0905028220048684,0.0168188721367857,119587
"6457","syn","common",2500,0.05,0.01,1e-04,6,7,0.5,0.5,0.5,0,1,0.00429779516358464,0.0890591891325588,0.0150100936233869,15466
"6458","syn","common",2500,0.05,0.01,5e-04,6,5.5,0.5,0.5,0.5,0,1,0.0102414578757306,0.111995055203225,0.040746283809153,214888
"6459","syn","common",2500,0.05,0.01,5e-04,6,6,0.5,0.5,0.5,0,1,0.00789008385225817,0.102787677920203,0.0301422627603548,222415
"6460","syn","common",2500,0.05,0.01,5e-04,6,6.5,0.5,0.5,0.5,0,1,0.00599177233316843,0.0937253074226195,0.0224545180580173,76814
"6461","syn","common",2500,0.05,0.01,5e-04,6,7,0.5,0.5,0.5,0,1,0.0051776767290791,0.0899948796656142,0.0199981830672467,13085
"6462","syn","common",2500,0.05,0.01,0.001,5,6,0.5,0.5,0.5,0,1,2.59576905452878e-05,0.0116698993806758,-0.00574899356509065,654700
"6463","syn","common",2500,0.05,0.01,0.001,6,6,0,0,0.5,0,1,0.000237146277875373,0.0260803773201556,-0.0132992072117537,625597
"6464","syn","common",2500,0.05,0.01,0.001,6,6,0.25,0.25,0.5,0,1,0.00427573034916877,0.067082501803777,0.0106978022487251,37174
"6465","syn","common",2500,0.05,0.01,0.001,6,6,0.5,0.5,0.5,0,1,0.00778751753921579,0.103772499029567,0.0290068213291105,659237
"6466","syn","common",2500,0.05,0.01,0.001,6,6,0.5,0.5,0.75,0,1,0.0104424032297254,0.117222400513999,0.057054410845351,107006
"6467","syn","common",2500,0.05,0.01,0.001,6,6,0.5,0.5,1,0,1,0.000653028098344204,0.0273448198419438,-0.0075490172474604,39860
"6468","syn","common",2500,0.05,0.01,0.001,6,6,0.75,0.75,0.5,0,1,0.00955123771256368,0.131297408603037,0.0378258823388263,13937
"6469","syn","common",2500,0.05,0.01,0.001,6,6,1,1,0.5,0,1,0.0113210864485981,0.145691255821338,0.0474646029996658,13696
"6470","syn","common",2500,0.05,0.01,0.001,6,6.5,0.5,0.5,0.5,0,1,0.00500852744107976,0.0915828202277944,0.0180901281510825,72683
"6471","syn","common",2500,0.05,0.01,0.001,6,7,0.5,0.5,0.5,0,1,0.00398099992260661,0.0893241013868811,0.0142986180793761,12921
"6472","syn","common",2500,0.05,0.01,0.001,6.5,6,0.5,0.5,0.5,0,1,0.0223549792011226,0.290431710519185,0.0915081011014285,59859
"6473","syn","common",2500,0.05,0.01,0.001,7,6,0.5,0.5,0.5,0,1,0.0317100779034878,0.50430829214394,0.123290508513164,36327
"6474","syn","common",2500,0.05,0.01,0.005,6,5.5,0.5,0.5,0.5,0,1,0.00824478360169008,0.119730730494486,0.0272494365385505,87570
"6475","syn","common",2500,0.05,0.01,0.005,6,6,0.5,0.5,0.5,0,1,0.00455712160359877,0.089993499707812,0.0135604543904168,227189
"6476","syn","common",2500,0.05,0.01,0.005,6,6.5,0.5,0.5,0.5,0,1,0.00422559034226585,0.0883955998456747,0.0135846259419839,90456
"6477","syn","common",2500,0.05,0.01,0.005,6,7,0.5,0.5,0.5,0,1,0.00447721291435967,0.0883447733939485,0.0171462595199057,13907
"6478","syn","common",2500,0.05,0.01,0.01,6,6.5,0.5,0.5,0.5,0,1,0.00438377838947378,0.086684182263884,0.0142832498362412,105717
"6479","syn","common",2500,0.05,0.01,0.01,6,7,0.5,0.5,0.5,0,1,0.00403693082605776,0.0868605149284558,0.011650270476436,14890
"6480","syn","common",2500,0.05,1,0.001,6,6,0.5,0.5,0.5,0,1,0.00489515663553585,0.0911381213971572,0.00784374181546895,205477
"6481","syn","common",2500,0.05,1,0.001,6,6,0.5,0.5,0.75,0,1,0.00622786588622565,0.12083610307251,0.0159068094394857,183486
"6482","syn","common",2500,0.05,1,0.001,6,6,0.5,0.5,1,0,1,0.00180148926878765,0.0628299496279851,-0.00117117231978606,155714
"6483","syn","common",2500,0.05,5,0.001,6,6,0.5,0.5,0.5,0,1,0.00201669142786397,0.0603567987576783,-0.00719896412376885,210006
"6484","syn","common",2500,0.05,5,0.001,6,6,0.5,0.5,0.75,0,1,0.00326425211665099,0.0869730454400739,-0.00446457482260877,105237
"6485","syn","common",2500,0.05,5,0.001,6,6,0.5,0.5,1,0,1,0.000823104730750398,0.0313572866442301,-0.00539342067680744,95989
"6486","syn","common",2500,0.1,0.01,0.001,6,6,0.5,0.5,0.5,0,1,0.013375092454804,0.162663576922478,0.0558239405000249,135742
"6487","syn","common",2500,0.2,0.01,0.001,6,6,0.5,0.5,0.5,0,1,0.0176012174707046,0.217912876102495,0.0746393109180296,170846
"6488","syn","common",2500,0.5,0.01,0.001,6,6,0.5,0.5,0.5,0,1,0.0230565387261155,0.283907865157304,0.102147493295665,149731
"6489","syn","common",3000,0,0.01,0.001,6,6,0.5,0.5,0.5,0,1,0.000642935855786993,0.0245814509811635,-0.00705520201667957,31398
"6490","syn","common",3000,0.01,0.01,0.001,6,6,0.5,0.5,0.5,0,1,0.00102965605525061,0.0299898897328177,-0.0036151209937788,699938
"6491","syn","common",3000,0.05,0.01,0,6,5,0.5,0.5,0.5,0,1,0.0015211066427442,0.0694903954754642,0.00489018783778798,844952
"6492","syn","common",3000,0.05,0.01,0,6,6.5,0.5,0.5,0.5,0,1,0.00398411178331961,0.0793584116987118,0.0137875585519405,778363
"6493","syn","common",3000,0.05,0.01,0,6,7,0.5,0.5,0.5,0,1,0.0036986414032973,0.0800642435560337,0.0114524955443665,79641
"6494","syn","common",3000,0.05,0.01,1e-04,6,5,0.5,0.5,0.5,0,1,0.00491307827697173,0.0802271942175911,0.016864564888181,1330634
"6495","syn","common",3000,0.05,0.01,1e-04,6,6,0.5,0.5,0.5,0,1,0.00523157496496454,0.0829782418737253,0.0191896780354776,1465658
"6496","syn","common",3000,0.05,0.01,1e-04,6,6.5,0.5,0.5,0.5,0,1,0.00461618798316861,0.0815965098485942,0.0164762963896419,572264
"6497","syn","common",3000,0.05,0.01,1e-04,6,7,0.5,0.5,0.5,0,1,0.00444753888108867,0.0805504203643551,0.0164923338335665,74072
"6498","syn","common",3000,0.05,0.01,5e-04,6,5.5,0.5,0.5,0.5,0,1,0.00991370711497436,0.101004759520897,0.041353626175053,1019062
"6499","syn","common",3000,0.05,0.01,5e-04,6,6,0.5,0.5,0.5,0,1,0.00737668298341916,0.0927440874742699,0.0292467337089145,1060260
"6500","syn","common",3000,0.05,0.01,5e-04,6,6.5,0.5,0.5,0.5,0,1,0.0055491253976699,0.0852971200499332,0.0211341969931026,368396
"6501","syn","common",3000,0.05,0.01,5e-04,6,7,0.5,0.5,0.5,0,1,0.0050105793003151,0.0813959792581269,0.019784423183055,61885
"6502","syn","common",3000,0.05,0.01,0.001,5,6,0.5,0.5,0.5,0,1,3.16191998718022e-06,0.0114195807623766,-0.00576927401643422,3145146
"6503","syn","common",3000,0.05,0.01,0.001,6,6,0,0,0.5,0,1,0.000282335349341157,0.0241669782667749,-0.0123582856437604,2994036
"6504","syn","common",3000,0.05,0.01,0.001,6,6,0.25,0.25,0.5,0,1,0.00401787561704595,0.0594521374292625,0.0112349233776189,177661
"6505","syn","common",3000,0.05,0.01,0.001,6,6,0.5,0.5,0.5,0,1,0.00747893394219022,0.093479653345206,0.029844747066579,3140749
"6506","syn","common",3000,0.05,0.01,0.001,6,6,0.5,0.5,0.75,0,1,0.00965647642719886,0.102924635682629,0.0566607891058274,496462
"6507","syn","common",3000,0.05,0.01,0.001,6,6,0.5,0.5,1,0,1,0.000295379284793646,0.0248231218474363,-0.00934708075637903,191637
"6508","syn","common",3000,0.05,0.01,0.001,6,6,0.75,0.75,0.5,0,1,0.00964591127979718,0.119070973444972,0.042069355162041,66659
"6509","syn","common",3000,0.05,0.01,0.001,6,6,1,1,0.5,0,1,0.0101221007035114,0.135661268867484,0.0416589809453936,65102
"6510","syn","common",3000,0.05,0.01,0.001,6,6.5,0.5,0.5,0.5,0,1,0.00482577483115791,0.082956235859336,0.0174575393551453,347366
"6511","syn","common",3000,0.05,0.01,0.001,6,7,0.5,0.5,0.5,0,1,0.00428626256373499,0.0804944750305328,0.0160876565335275,61387
"6512","syn","common",3000,0.05,0.01,0.001,6.5,6,0.5,0.5,0.5,0,1,0.0206870638609281,0.270621330383476,0.0842640893003018,284227
"6513","syn","common",3000,0.05,0.01,0.001,7,6,0.5,0.5,0.5,0,1,0.0318632577582954,0.486911221719623,0.125985573125796,172235
"6514","syn","common",3000,0.05,0.01,0.005,6,5.5,0.5,0.5,0.5,0,1,0.00736114861686963,0.105026898561185,0.0247580005320549,414603
"6515","syn","common",3000,0.05,0.01,0.005,6,6,0.5,0.5,0.5,0,1,0.00416768594980238,0.0809518097072214,0.0136789686773243,1082362
"6516","syn","common",3000,0.05,0.01,0.005,6,6.5,0.5,0.5,0.5,0,1,0.00387007250495934,0.0801744791833764,0.0125521775427182,431005
"6517","syn","common",3000,0.05,0.01,0.005,6,7,0.5,0.5,0.5,0,1,0.00437726538072293,0.0796247347050203,0.0157573036678,66203
"6518","syn","common",3000,0.05,0.01,0.01,6,6.5,0.5,0.5,0.5,0,1,0.00388884847859885,0.0780499091276263,0.0134017720576778,504272
"6519","syn","common",3000,0.05,0.01,0.01,6,7,0.5,0.5,0.5,0,1,0.00401891498945208,0.0796686242057691,0.0134999743923326,70156
"6520","syn","common",3000,0.05,1,0.001,6,6,0.5,0.5,0.5,0,1,0.00469830563589305,0.0830386077702866,0.00814858755207923,987155
"6521","syn","common",3000,0.05,1,0.001,6,6,0.5,0.5,0.75,0,1,0.00599411265802528,0.109278867254739,0.0165154230500084,874860
"6522","syn","common",3000,0.05,1,0.001,6,6,0.5,0.5,1,0,1,0.00171198824799794,0.0523295318692837,5.822023942996e-05,729748
"6523","syn","common",3000,0.05,5,0.001,6,6,0.5,0.5,0.5,0,1,0.00193389027727017,0.055479970304028,-0.00652016505161308,1012370
"6524","syn","common",3000,0.05,5,0.001,6,6,0.5,0.5,0.75,0,1,0.00307366093743235,0.0789078837803735,-0.0043950404987196,508154
"6525","syn","common",3000,0.05,5,0.001,6,6,0.5,0.5,1,0,1,0.000555474279962602,0.0274147696643421,-0.00636781636768406,460983
"6526","syn","common",3000,0.1,0.01,0.001,6,6,0.5,0.5,0.5,0,1,0.0124874075064018,0.15142998480161,0.0530215842378787,650991
"6527","syn","common",3000,0.2,0.01,0.001,6,6,0.5,0.5,0.5,0,1,0.0170833395844365,0.207720229862206,0.0739470841246786,815856
"6528","syn","common",3000,0.5,0.01,0.001,6,6,0.5,0.5,0.5,0,1,0.0230390280698803,0.27656182790925,0.103126027571116,713220
"6529","syn","common",3500,0,0.01,0.001,6,6,0.5,0.5,0.5,0,1,0.000447007202293546,0.0213331033115226,-0.00764997088439402,28602
"6530","syn","common",3500,0.01,0.01,0.001,6,6,0.5,0.5,0.5,0,1,0.000852243923798482,0.0249593810264227,-0.00350101954808573,648596
"6531","syn","common",3500,0.05,0.01,0,6,5,0.5,0.5,0.5,0,1,0.00134201513259347,0.0577699670995563,0.00454589357374878,777527
"6532","syn","common",3500,0.05,0.01,0,6,6.5,0.5,0.5,0.5,0,1,0.00372062676645425,0.0675002163939955,0.0144265169174126,719662
"6533","syn","common",3500,0.05,0.01,0,6,7,0.5,0.5,0.5,0,1,0.00356714941716708,0.0681938375099293,0.0131157955066545,73606
"6534","syn","common",3500,0.05,0.01,1e-04,6,5,0.5,0.5,0.5,0,1,0.00458018626142749,0.0683561329448776,0.0172895655459447,1227522
"6535","syn","common",3500,0.05,0.01,1e-04,6,6,0.5,0.5,0.5,0,1,0.00476161720426929,0.0705146416493237,0.0190117210331164,1353385
"6536","syn","common",3500,0.05,0.01,1e-04,6,6.5,0.5,0.5,0.5,0,1,0.00428092887647522,0.0695733533711639,0.0165476955280873,530598
"6537","syn","common",3500,0.05,0.01,1e-04,6,7,0.5,0.5,0.5,0,1,0.00382595176458544,0.0679713342243167,0.0141400586755436,68373
"6538","syn","common",3500,0.05,0.01,5e-04,6,5.5,0.5,0.5,0.5,0,1,0.00906524155329809,0.0844919985843396,0.0406073132550452,936253
"6539","syn","common",3500,0.05,0.01,5e-04,6,6,0.5,0.5,0.5,0,1,0.00685742390111123,0.0789456486288378,0.0294334853867636,980172
"6540","syn","common",3500,0.05,0.01,5e-04,6,6.5,0.5,0.5,0.5,0,1,0.00526175075234555,0.0722490514849348,0.022487557357209,338940
"6541","syn","common",3500,0.05,0.01,5e-04,6,7,0.5,0.5,0.5,0,1,0.00378717001329443,0.0694268223019842,0.0138123458958538,57919
"6542","syn","common",3500,0.05,0.01,0.001,5,6,0.5,0.5,0.5,0,1,3.08416918334423e-06,0.0111645177832174,-0.00565103369426929,2939722
"6543","syn","common",3500,0.05,0.01,0.001,6,6,0,0,0.5,0,1,0.000207499682080252,0.0216993148472158,-0.0118635610504753,2791585
"6544","syn","common",3500,0.05,0.01,0.001,6,6,0.25,0.25,0.5,0,1,0.00373093654492087,0.0490895453941941,0.0125909588370816,165235
"6545","syn","common",3500,0.05,0.01,0.001,6,6,0.5,0.5,0.5,0,1,0.00685290770052798,0.0789981046818131,0.0296707914214598,2904632
"6546","syn","common",3500,0.05,0.01,0.001,6,6,0.5,0.5,0.75,0,1,0.00879037753399979,0.0819346754861594,0.0580092650048325,441841
"6547","syn","common",3500,0.05,0.01,0.001,6,6,0.5,0.5,1,0,1,0.000213107032825764,0.021545779840519,-0.00893390955839986,180468
"6548","syn","common",3500,0.05,0.01,0.001,6,6,0.75,0.75,0.5,0,1,0.00901975210499846,0.104608260313299,0.0415261391981522,61639
"6549","syn","common",3500,0.05,0.01,0.001,6,6,1,1,0.5,0,1,0.00834257043994068,0.117974948799369,0.0344744043842375,60690
"6550","syn","common",3500,0.05,0.01,0.001,6,6.5,0.5,0.5,0.5,0,1,0.00441309910792938,0.0707805118072065,0.0176283316180133,322396
"6551","syn","common",3500,0.05,0.01,0.001,6,7,0.5,0.5,0.5,0,1,0.00386169045392798,0.0682443811146221,0.0143585959721208,56683
"6552","syn","common",3500,0.05,0.01,0.001,6.5,6,0.5,0.5,0.5,0,1,0.0203992314630101,0.245566305825677,0.087410491201108,261666
"6553","syn","common",3500,0.05,0.01,0.001,7,6,0.5,0.5,0.5,0,1,0.0320933452939904,0.457696681573318,0.130816693078493,157182
"6554","syn","common",3500,0.05,0.01,0.005,6,5.5,0.5,0.5,0.5,0,1,0.0066783038558431,0.0860088042042134,0.0243682661043789,384248
"6555","syn","common",3500,0.05,0.01,0.005,6,6,0.5,0.5,0.5,0,1,0.00381149329915022,0.0684331514857233,0.0139193094671642,993083
"6556","syn","common",3500,0.05,0.01,0.005,6,6.5,0.5,0.5,0.5,0,1,0.00381161318740724,0.0674274892081851,0.0152268838765598,399563
"6557","syn","common",3500,0.05,0.01,0.005,6,7,0.5,0.5,0.5,0,1,0.00372404029848309,0.0671488855186015,0.014491347801503,61243
"6558","syn","common",3500,0.05,0.01,0.01,6,6.5,0.5,0.5,0.5,0,1,0.00359149701241163,0.0662688442953601,0.0134784237412704,466095
"6559","syn","common",3500,0.05,0.01,0.01,6,7,0.5,0.5,0.5,0,1,0.00358320726641453,0.0669360440737259,0.0128572841032642,64516
"6560","syn","common",3500,0.05,1,0.001,6,6,0.5,0.5,0.5,0,1,0.00426937113267765,0.0722398196304177,0.00767637085910999,921180
"6561","syn","common",3500,0.05,1,0.001,6,6,0.5,0.5,0.75,0,1,0.00528144578402936,0.0917998080044391,0.0155833889718957,806054
"6562","syn","common",3500,0.05,1,0.001,6,6,0.5,0.5,1,0,1,0.00108865639525649,0.0393148975005724,-0.00152940877735099,667354
"6563","syn","common",3500,0.05,5,0.001,6,6,0.5,0.5,0.5,0,1,0.00178451288546813,0.049170815893436,-0.00595235011739608,948976
"6564","syn","common",3500,0.05,5,0.001,6,6,0.5,0.5,0.75,0,1,0.00268276644947841,0.0685272966538331,-0.00435447827412,473936
"6565","syn","common",3500,0.05,5,0.001,6,6,0.5,0.5,1,0,1,0.000392499795739714,0.0230476215597257,-0.00626550409481578,428375
"6566","syn","common",3500,0.1,0.01,0.001,6,6,0.5,0.5,0.5,0,1,0.0119958560472837,0.135070175624334,0.0540184138292615,603337
"6567","syn","common",3500,0.2,0.01,0.001,6,6,0.5,0.5,0.5,0,1,0.0164449748909044,0.19329024281272,0.0727214086454388,759884
"6568","syn","common",3500,0.5,0.01,0.001,6,6,0.5,0.5,0.5,0,1,0.022949118916833,0.265553231588377,0.103899426047234,663388
"6569","syn","common",4000,0,0.01,0.001,6,6,0.5,0.5,0.5,0,1,9.70424866654405e-05,0.0194628875881009,-0.00940161976989746,27185
"6570","syn","common",4000,0.01,0.01,0.001,6,6,0.5,0.5,0.5,0,1,0.00057105733427667,0.0216505665842821,-0.00470609052495806,602118
"6571","syn","common",4000,0.05,0.01,0,6,5,0.5,0.5,0.5,0,1,0.0012116280520604,0.0497352160724132,0.00445071989492481,721316
"6572","syn","common",4000,0.05,0.01,0,6,6.5,0.5,0.5,0.5,0,1,0.00341477402683502,0.0576374223760508,0.0148522928122748,663685
"6573","syn","common",4000,0.05,0.01,0,6,7,0.5,0.5,0.5,0,1,0.00324565489238374,0.0580968270344263,0.0128967656285496,67973
"6574","syn","common",4000,0.05,0.01,1e-04,6,5,0.5,0.5,0.5,0,1,0.00417729681705741,0.0583746589726031,0.0167115530508389,1132317
"6575","syn","common",4000,0.05,0.01,1e-04,6,6,0.5,0.5,0.5,0,1,0.0043517571856928,0.0601301012892945,0.0186582854412478,1252628
"6576","syn","common",4000,0.05,0.01,1e-04,6,6.5,0.5,0.5,0.5,0,1,0.00387877519433662,0.0594261663704179,0.0162240113322335,489743
"6577","syn","common",4000,0.05,0.01,1e-04,6,7,0.5,0.5,0.5,0,1,0.00374787661835901,0.058329374329815,0.0164845741600916,63413
"6578","syn","common",4000,0.05,0.01,5e-04,6,5.5,0.5,0.5,0.5,0,1,0.00819735322237839,0.0713391595372451,0.0389946953094181,872306
"6579","syn","common",4000,0.05,0.01,5e-04,6,6,0.5,0.5,0.5,0,1,0.00618714366786964,0.0669292366761173,0.0284243938938835,907475
"6580","syn","common",4000,0.05,0.01,5e-04,6,6.5,0.5,0.5,0.5,0,1,0.00469613730064879,0.0616926539547077,0.0207987455355256,312890
"6581","syn","common",4000,0.05,0.01,5e-04,6,7,0.5,0.5,0.5,0,1,0.00371842822503336,0.0597633737645906,0.0151472304907021,53201
"6582","syn","common",4000,0.05,0.01,0.001,5,6,0.5,0.5,0.5,0,1,-3.2866710588126e-06,0.0109910026885704,-0.00553690675925636,2729114
"6583","syn","common",4000,0.05,0.01,0.001,6,6,0,0,0.5,0,1,0.000186820249113679,0.0198618296063927,-0.0113329882350951,2584844
"6584","syn","common",4000,0.05,0.01,0.001,6,6,0.25,0.25,0.5,0,1,0.00303746157828854,0.0413587113441741,0.00949831058313171,152583
"6585","syn","common",4000,0.05,0.01,0.001,6,6,0.5,0.5,0.5,0,1,0.0062412551849959,0.0668558147950266,0.0289427595177689,2692384
"6586","syn","common",4000,0.05,0.01,0.001,6,6,0.5,0.5,0.75,0,1,0.00792122452503441,0.0647474432449658,0.0567197588080636,393818
"6587","syn","common",4000,0.05,0.01,0.001,6,6,0.5,0.5,1,0,1,0.000206034708345228,0.0192389052561054,-0.00830903377673671,168144
"6588","syn","common",4000,0.05,0.01,0.001,6,6,0.75,0.75,0.5,0,1,0.00871435296176393,0.0907572798089855,0.0414073318718539,57145
"6589","syn","common",4000,0.05,0.01,0.001,6,6,1,1,0.5,0,1,0.00895811293402164,0.106569110589402,0.0404832183308557,56564
"6590","syn","common",4000,0.05,0.01,0.001,6,6.5,0.5,0.5,0.5,0,1,0.00423048560698356,0.0605345543518256,0.0183576540371395,297957
"6591","syn","common",4000,0.05,0.01,0.001,6,7,0.5,0.5,0.5,0,1,0.00367548864236661,0.0588757674559206,0.0154349081543584,53004
"6592","syn","common",4000,0.05,0.01,0.001,6.5,6,0.5,0.5,0.5,0,1,0.0197520035085823,0.222693351007564,0.0869458995584936,240553
"6593","syn","common",4000,0.05,0.01,0.001,7,6,0.5,0.5,0.5,0,1,0.0311906379412689,0.430134737381551,0.128429936699239,143195
"6594","syn","common",4000,0.05,0.01,0.005,6,5.5,0.5,0.5,0.5,0,1,0.00571759004295627,0.0710975614857886,0.0216057087065936,354081
"6595","syn","common",4000,0.05,0.01,0.005,6,6,0.5,0.5,0.5,0,1,0.00341118875198625,0.0580705025679376,0.0134789423415066,921336
"6596","syn","common",4000,0.05,0.01,0.005,6,6.5,0.5,0.5,0.5,0,1,0.00325877100897176,0.0576692079099998,0.0133607363964215,369604
"6597","syn","common",4000,0.05,0.01,0.005,6,7,0.5,0.5,0.5,0,1,0.00386285599609102,0.0576283310790691,0.0166059067716065,57304
"6598","syn","common",4000,0.05,0.01,0.01,6,6.5,0.5,0.5,0.5,0,1,0.00324765205646668,0.0564643491363319,0.0136202081685237,430909
"6599","syn","common",4000,0.05,0.01,0.01,6,7,0.5,0.5,0.5,0,1,0.00357806899791932,0.0578073298159591,0.0135937790797139,59596
"6600","syn","common",4000,0.05,1,0.001,6,6,0.5,0.5,0.5,0,1,0.00385035588535728,0.0628953858914836,0.00704313367281072,858563
"6601","syn","common",4000,0.05,1,0.001,6,6,0.5,0.5,0.75,0,1,0.00468216520659197,0.0777030168909029,0.0145011422046821,746423
"6602","syn","common",4000,0.05,1,0.001,6,6,0.5,0.5,1,0,1,0.000717967449070337,0.030600307148502,-0.00218096576954714,608339
"6603","syn","common",4000,0.05,5,0.001,6,6,0.5,0.5,0.5,0,1,0.00150793117255926,0.0438645789371421,-0.00672394799931461,886565
"6604","syn","common",4000,0.05,5,0.001,6,6,0.5,0.5,0.75,0,1,0.00233145991052219,0.0601043837614028,-0.00541165228970803,444356
"6605","syn","common",4000,0.05,5,0.001,6,6,0.5,0.5,1,0,1,0.00028660014398198,0.0202629901549627,-0.00621653739368279,398661
"6606","syn","common",4000,0.1,0.01,0.001,6,6,0.5,0.5,0.5,0,1,0.0113331647186287,0.120491776590614,0.0527933035121125,557484
"6607","syn","common",4000,0.2,0.01,0.001,6,6,0.5,0.5,0.5,0,1,0.0161523952473485,0.179605643166144,0.0734431999163507,705543
"6608","syn","common",4000,0.5,0.01,0.001,6,6,0.5,0.5,0.5,0,1,0.0219525311596058,0.253191640740534,0.0997452785120187,621237
"6609","syn","common",4500,0,0.01,0.001,6,6,0.5,0.5,0.5,0,1,0.000480582945491835,0.0182028395486031,-0.00520595732041033,25354
"6610","syn","common",4500,0.01,0.01,0.001,6,6,0.5,0.5,0.5,0,1,0.000455764479972383,0.0196120790256725,-0.00489661678145801,556182
"6611","syn","common",4500,0.05,0.01,0,6,5,0.5,0.5,0.5,0,1,0.00115115294849852,0.0434082679073054,0.0043175484528808,674835
"6612","syn","common",4500,0.05,0.01,0,6,6.5,0.5,0.5,0.5,0,1,0.00310470528934489,0.0495797690834005,0.014150782951463,615010
"6613","syn","common",4500,0.05,0.01,0,6,7,0.5,0.5,0.5,0,1,0.00277722518037745,0.0500257431223557,0.0116066761871273,63478
"6614","syn","common",4500,0.05,0.01,1e-04,6,5,0.5,0.5,0.5,0,1,0.00391054914074577,0.0498366520941188,0.016916321446141,1056323
"6615","syn","common",4500,0.05,0.01,1e-04,6,6,0.5,0.5,0.5,0,1,0.00394406971568009,0.0513430377472342,0.0178013951028816,1161403
"6616","syn","common",4500,0.05,0.01,1e-04,6,6.5,0.5,0.5,0.5,0,1,0.00356022503931901,0.0509799696828525,0.0157464021848174,453343
"6617","syn","common",4500,0.05,0.01,1e-04,6,7,0.5,0.5,0.5,0,1,0.00338299908222577,0.0500099396464825,0.0157484728749641,58838
"6618","syn","common",4500,0.05,0.01,5e-04,6,5.5,0.5,0.5,0.5,0,1,0.00732085096359585,0.0604733332432196,0.0358381299715094,810869
"6619","syn","common",4500,0.05,0.01,5e-04,6,6,0.5,0.5,0.5,0,1,0.00550180358676721,0.0567376374638871,0.0260504001419602,842876
"6620","syn","common",4500,0.05,0.01,5e-04,6,6.5,0.5,0.5,0.5,0,1,0.0041723211767215,0.0528150964286437,0.0194053403116096,290706
"6621","syn","common",4500,0.05,0.01,5e-04,6,7,0.5,0.5,0.5,0,1,0.00337755775577558,0.0508010749812715,0.0153219404716632,48783
"6622","syn","common",4500,0.05,0.01,0.001,5,6,0.5,0.5,0.5,0,1,-1.24842018856121e-05,0.0108619874968565,-0.00558339983248508,2519288
"6623","syn","common",4500,0.05,0.01,0.001,6,6,0,0,0.5,0,1,0.000148254773678173,0.0185531088570916,-0.0108988324523936,2373589
"6624","syn","common",4500,0.05,0.01,0.001,6,6,0.25,0.25,0.5,0,1,0.00256774351757079,0.035020946997263,0.00847987754748934,140688
"6625","syn","common",4500,0.05,0.01,0.001,6,6,0.5,0.5,0.5,0,1,0.00561477391201755,0.0569661055250739,0.0270831752529131,2491906
"6626","syn","common",4500,0.05,0.01,0.001,6,6,0.5,0.5,0.75,0,1,0.00692727660015751,0.0515459759579511,0.0531397783320241,356793
"6627","syn","common",4500,0.05,0.01,0.001,6,6,0.5,0.5,1,0,1,5.19474168495151e-05,0.0181285112033275,-0.00919951336280404,155411
"6628","syn","common",4500,0.05,0.01,0.001,6,6,0.75,0.75,0.5,0,1,0.00703022668139191,0.0779189881261144,0.0326941455124345,53423
"6629","syn","common",4500,0.05,0.01,0.001,6,6,1,1,0.5,0,1,0.00801224431220222,0.0930806535885655,0.0370985195255017,52261
"6630","syn","common",4500,0.05,0.01,0.001,6,6.5,0.5,0.5,0.5,0,1,0.00366661794574206,0.0518670033502227,0.0162682308233081,275720
"6631","syn","common",4500,0.05,0.01,0.001,6,7,0.5,0.5,0.5,0,1,0.00334023131781678,0.0500378535049219,0.0155194009777502,48937
"6632","syn","common",4500,0.05,0.01,0.001,6.5,6,0.5,0.5,0.5,0,1,0.0189768140733615,0.20278184307684,0.0850129634464425,220388
"6633","syn","common",4500,0.05,0.01,0.001,7,6,0.5,0.5,0.5,0,1,0.0305778315578317,0.409497199559252,0.126123370176462,131606
"6634","syn","common",4500,0.05,0.01,0.005,6,5.5,0.5,0.5,0.5,0,1,0.00527688222116707,0.0592289247587612,0.0217538677184158,328548
"6635","syn","common",4500,0.05,0.01,0.005,6,6,0.5,0.5,0.5,0,1,0.00313902001167182,0.0496833383030118,0.0131407885412297,855051
"6636","syn","common",4500,0.05,0.01,0.005,6,6.5,0.5,0.5,0.5,0,1,0.00298133656114868,0.0492937337541571,0.0129115353381664,342027
"6637","syn","common",4500,0.05,0.01,0.005,6,7,0.5,0.5,0.5,0,1,0.00310477532339814,0.0489089180503455,0.01448425528559,52876
"6638","syn","common",4500,0.05,0.01,0.01,6,6.5,0.5,0.5,0.5,0,1,0.00287345456006146,0.0482567479756421,0.0120296321417695,398317
"6639","syn","common",4500,0.05,0.01,0.01,6,7,0.5,0.5,0.5,0,1,0.00311893830441827,0.0496511955722841,0.0136662716727966,54931
"6640","syn","common",4500,0.05,1,0.001,6,6,0.5,0.5,0.5,0,1,0.00341416740561062,0.0550686463052004,0.005645736400995,797309
"6641","syn","common",4500,0.05,1,0.001,6,6,0.5,0.5,0.75,0,1,0.00398531310149206,0.0657344086935301,0.0123055580370572,690990
"6642","syn","common",4500,0.05,1,0.001,6,6,0.5,0.5,1,0,1,0.000538735499298078,0.0250564721679692,-0.0020415745609107,557042
"6643","syn","common",4500,0.05,5,0.001,6,6,0.5,0.5,0.5,0,1,0.00139565530400225,0.0394962915922575,-0.00588458838125921,822313
"6644","syn","common",4500,0.05,5,0.001,6,6,0.5,0.5,0.75,0,1,0.00206742563571422,0.0522581197005235,-0.00546619468071285,413236
"6645","syn","common",4500,0.05,5,0.001,6,6,0.5,0.5,1,0,1,0.000184244214804938,0.0185074038722466,-0.00633683638954096,371984
"6646","syn","common",4500,0.1,0.01,0.001,6,6,0.5,0.5,0.5,0,1,0.0106368035980966,0.107503513412336,0.0511495110589235,517607
"6647","syn","common",4500,0.2,0.01,0.001,6,6,0.5,0.5,0.5,0,1,0.015569047557408,0.167109404843935,0.0721992648251223,656659
"6648","syn","common",4500,0.5,0.01,0.001,6,6,0.5,0.5,0.5,0,1,0.0216362506948642,0.243340878204975,0.0993345592166796,577451
"6649","syn","common",5000,0,0.01,0.001,6,6,0.5,0.5,0.5,0,1,8.28875870266598e-05,0.017550295688537,-0.00917622253525469,23556
"6650","syn","common",5000,0.01,0.01,0.001,6,6,0.5,0.5,0.5,0,1,0.000357447453104457,0.0179887055493937,-0.00509771612073254,514921
"6651","syn","common",5000,0.05,0.01,0,6,5,0.5,0.5,0.5,0,1,0.000935861985325329,0.0378786753375422,0.00341944011340309,626658
"6652","syn","common",5000,0.05,0.01,0,6,6.5,0.5,0.5,0.5,0,1,0.00261042529687931,0.0424235702081191,0.0114087544327353,572118
"6653","syn","common",5000,0.05,0.01,0,6,7,0.5,0.5,0.5,0,1,0.00276551197584243,0.0432271929949301,0.0124789840420717,58284
"6654","syn","common",5000,0.05,0.01,1e-04,6,5,0.5,0.5,0.5,0,1,0.00340379795256471,0.0429939343332202,0.0145430960262915,977711
"6655","syn","common",5000,0.05,0.01,1e-04,6,6,0.5,0.5,0.5,0,1,0.00348854268407278,0.0441079101668796,0.016365337365258,1080157
"6656","syn","common",5000,0.05,0.01,1e-04,6,6.5,0.5,0.5,0.5,0,1,0.00314707553131812,0.0437372517321738,0.0143071712293026,422487
"6657","syn","common",5000,0.05,0.01,1e-04,6,7,0.5,0.5,0.5,0,1,0.00314490372790514,0.0428979078396775,0.0135628647980702,54481
"6658","syn","common",5000,0.05,0.01,5e-04,6,5.5,0.5,0.5,0.5,0,1,0.0065365939775687,0.051358456530581,0.0323587286986152,752520
"6659","syn","common",5000,0.05,0.01,5e-04,6,6,0.5,0.5,0.5,0,1,0.00494041281004437,0.0484535120854442,0.0236859631883057,784041
"6660","syn","common",5000,0.05,0.01,5e-04,6,6.5,0.5,0.5,0.5,0,1,0.00373350017151014,0.0452606855616344,0.0172703236289613,271121
"6661","syn","common",5000,0.05,0.01,5e-04,6,7,0.5,0.5,0.5,0,1,0.00296711790013472,0.0440180424911031,0.0129588101750609,46022
"6662","syn","common",5000,0.05,0.01,0.001,5,6,0.5,0.5,0.5,0,1,2.15052134899908e-06,0.0107581523820783,-0.00535388084736299,2310928
"6663","syn","common",5000,0.05,0.01,0.001,6,6,0,0,0.5,0,1,0.000102656143892645,0.0174841986969065,-0.0109022685392496,2167616
"6664","syn","common",5000,0.05,0.01,0.001,6,6,0.25,0.25,0.5,0,1,0.00191249288735102,0.0298745404722595,0.00480008975642619,130050
"6665","syn","common",5000,0.05,0.01,0.001,6,6,0.5,0.5,0.5,0,1,0.00494170610208495,0.0487288361813937,0.0241446299484302,2327434
"6666","syn","common",5000,0.05,0.01,0.001,6,6,0.5,0.5,0.75,0,1,0.00594279320571583,0.0413835983444217,0.0470297267174328,333810
"6667","syn","common",5000,0.05,0.01,0.001,6,6,0.5,0.5,1,0,1,0.000192527440725965,0.0171070074166784,-0.00728161041858516,145131
"6668","syn","common",5000,0.05,0.01,0.001,6,6,0.75,0.75,0.5,0,1,0.00687996739757072,0.0678660703429554,0.0339345229459085,50303
"6669","syn","common",5000,0.05,0.01,0.001,6,6,1,1,0.5,0,1,0.00744534962801146,0.081923259522165,0.0341365362292087,48523
"6670","syn","common",5000,0.05,0.01,0.001,6,6.5,0.5,0.5,0.5,0,1,0.00332655909204213,0.0441083948296361,0.0159102984413012,256752
"6671","syn","common",5000,0.05,0.01,0.001,6,7,0.5,0.5,0.5,0,1,0.00288176399428131,0.0431093834942108,0.0128999979454391,45465
"6672","syn","common",5000,0.05,0.01,0.001,6.5,6,0.5,0.5,0.5,0,1,0.0178938186459845,0.18627161217196,0.0812535153147121,206039
"6673","syn","common",5000,0.05,0.01,0.001,7,6,0.5,0.5,0.5,0,1,0.0306955463059313,0.389492808525767,0.127997767541564,120125
"6674","syn","common",5000,0.05,0.01,0.005,6,5.5,0.5,0.5,0.5,0,1,0.00431192277614858,0.0501788748967097,0.0173088478225718,306900
"6675","syn","common",5000,0.05,0.01,0.005,6,6,0.5,0.5,0.5,0,1,0.00275887210339574,0.0426534232800992,0.0116356528529219,798176
"6676","syn","common",5000,0.05,0.01,0.005,6,6.5,0.5,0.5,0.5,0,1,0.00256898721742845,0.0424311743182788,0.0112724489793612,320671
"6677","syn","common",5000,0.05,0.01,0.005,6,7,0.5,0.5,0.5,0,1,0.00272563075932558,0.0425989371131366,0.0119502935134828,49702
"6678","syn","common",5000,0.05,0.01,0.01,6,6.5,0.5,0.5,0.5,0,1,0.00241916216318355,0.0415170885446158,0.00998959506623232,370454
"6679","syn","common",5000,0.05,0.01,0.01,6,7,0.5,0.5,0.5,0,1,0.00287351885798978,0.0430801876438235,0.0130121470812499,51278
"6680","syn","common",5000,0.05,1,0.001,6,6,0.5,0.5,0.5,0,1,0.00310216784988141,0.0483271103064366,0.00523407796724434,738243
"6681","syn","common",5000,0.05,1,0.001,6,6,0.5,0.5,0.75,0,1,0.00350625331660205,0.0557725820946665,0.0106799457668306,640716
"6682","syn","common",5000,0.05,1,0.001,6,6,0.5,0.5,1,0,1,0.00025416755078027,0.021263965451556,-0.003400184383466,518410
"6683","syn","common",5000,0.05,5,0.001,6,6,0.5,0.5,0.5,0,1,0.00120731993198584,0.0356698273785462,-0.00632040949680109,761018
"6684","syn","common",5000,0.05,5,0.001,6,6,0.5,0.5,0.75,0,1,0.00179755040349079,0.0459296408141682,-0.00567434971607866,380430
"6685","syn","common",5000,0.05,5,0.001,6,6,0.5,0.5,1,0,1,0.000170552833621025,0.0172618027824593,-0.00646845697512022,344118
"6686","syn","common",5000,0.1,0.01,0.001,6,6,0.5,0.5,0.5,0,1,0.00973638936377374,0.095646996547311,0.0469014113977269,483743
"6687","syn","common",5000,0.2,0.01,0.001,6,6,0.5,0.5,0.5,0,1,0.0147928214576938,0.154500290252037,0.0689770642907134,609497
"6688","syn","common",5000,0.5,0.01,0.001,6,6,0.5,0.5,0.5,0,1,0.0213857031741365,0.233871751699681,0.0987976172617485,537406
"6689","syn","common",7500,0,0.01,0.001,6,6,0.5,0.5,0.5,0,1,0.000109602530968719,0.0158771142435258,-0.00714778563441985,22442
"6690","syn","common",7500,0.01,0.01,0.001,6,6,0.5,0.5,0.5,0,1,0.000231171837939271,0.0169648655591648,-0.00584694820961814,476414
"6691","syn","common",7500,0.05,0.01,0,6,5,0.5,0.5,0.5,0,1,0.000848614367902278,0.0329696043498188,0.00300018344452573,586808
"6692","syn","common",7500,0.05,0.01,0,6,6.5,0.5,0.5,0.5,0,1,0.00223831672575938,0.0367838338363588,0.00888536444625066,535599
"6693","syn","common",7500,0.05,0.01,0,6,7,0.5,0.5,0.5,0,1,0.00235173343954234,0.0372277842471947,0.0100368101676721,55237
"6694","syn","common",7500,0.05,0.01,1e-04,6,5,0.5,0.5,0.5,0,1,0.00309279930453956,0.0378920624292513,0.0125698798784311,917953
"6695","syn","common",7500,0.05,0.01,1e-04,6,6,0.5,0.5,0.5,0,1,0.00298866309895936,0.0379757828972687,0.0129573160588455,1010920
"6696","syn","common",7500,0.05,0.01,1e-04,6,6.5,0.5,0.5,0.5,0,1,0.00267250324974444,0.0376719731975316,0.0113002484179403,396185
"6697","syn","common",7500,0.05,0.01,1e-04,6,7,0.5,0.5,0.5,0,1,0.00252347519546251,0.0367178263399233,0.0102491029534682,50777
"6698","syn","common",7500,0.05,0.01,5e-04,6,5.5,0.5,0.5,0.5,0,1,0.00554548945075049,0.0442874684540522,0.0266547792660242,702941
"6699","syn","common",7500,0.05,0.01,5e-04,6,6,0.5,0.5,0.5,0,1,0.00444037052447767,0.0420163710940919,0.0210295066216479,733015
"6700","syn","common",7500,0.05,0.01,5e-04,6,6.5,0.5,0.5,0.5,0,1,0.00314692219724753,0.0390465032268388,0.0139956093486389,253590
"6701","syn","common",7500,0.05,0.01,5e-04,6,7,0.5,0.5,0.5,0,1,0.00247247389201691,0.0372734648924696,0.00975962221973438,42803
"6702","syn","common",7500,0.05,0.01,0.001,5,6,0.5,0.5,0.5,0,1,-9.23252973769799e-07,0.0106721259256968,-0.00541869060439275,2118271
"6703","syn","common",7500,0.05,0.01,0.001,6,6,0,0,0.5,0,1,6.75819519922387e-05,0.0166865601428784,-0.011405499002604,1979055
"6704","syn","common",7500,0.05,0.01,0.001,6,6,0.25,0.25,0.5,0,1,0.0018005859034132,0.0258006254207249,0.00429659999830117,120327
"6705","syn","common",7500,0.05,0.01,0.001,6,6,0.5,0.5,0.5,0,1,0.00434843173393584,0.0417592162160579,0.0207574265044058,2176257
"6706","syn","common",7500,0.05,0.01,0.001,6,6,0.5,0.5,0.75,0,1,0.00465458811864324,0.0337219614580978,0.0355536430894572,328784
"6707","syn","common",7500,0.05,0.01,0.001,6,6,0.5,0.5,1,0,1,-8.19275291278631e-06,0.0162520052943431,-0.00865894029754728,132605
"6708","syn","common",7500,0.05,0.01,0.001,6,6,0.75,0.75,0.5,0,1,0.00638774153019669,0.0585826634530699,0.0310182096638245,46164
"6709","syn","common",7500,0.05,0.01,0.001,6,6,1,1,0.5,0,1,0.00674805644361151,0.0707548182795986,0.0311889989755366,45355
"6710","syn","common",7500,0.05,0.01,0.001,6,6.5,0.5,0.5,0.5,0,1,0.00282029482045176,0.0383768655826462,0.0122970890937983,240214
"6711","syn","common",7500,0.05,0.01,0.001,6,7,0.5,0.5,0.5,0,1,0.00281618201841741,0.0373309725577027,0.0126264088917896,42677
"6712","syn","common",7500,0.05,0.01,0.001,6.5,6,0.5,0.5,0.5,0,1,0.016377073810689,0.169240244325343,0.0735204809192253,192086
"6713","syn","common",7500,0.05,0.01,0.001,7,6,0.5,0.5,0.5,0,1,0.0290703539341138,0.372216652695532,0.12122664542613,110190
"6714","syn","common",7500,0.05,0.01,0.005,6,5.5,0.5,0.5,0.5,0,1,0.00375563565129463,0.0426822011277727,0.0143603554429884,283827
"6715","syn","common",7500,0.05,0.01,0.005,6,6,0.5,0.5,0.5,0,1,0.00237707041933747,0.036688268860676,0.00942397716546999,757576
"6716","syn","common",7500,0.05,0.01,0.005,6,6.5,0.5,0.5,0.5,0,1,0.00222538865441494,0.0366899726585338,0.00882452670925198,300910
"6717","syn","common",7500,0.05,0.01,0.005,6,7,0.5,0.5,0.5,0,1,0.00225014983292012,0.0365837876478805,0.00912323481723376,46385
"6718","syn","common",7500,0.05,0.01,0.01,6,6.5,0.5,0.5,0.5,0,1,0.00226260394105956,0.0361433512328625,0.00908122927366683,347673
"6719","syn","common",7500,0.05,0.01,0.01,6,7,0.5,0.5,0.5,0,1,0.00243891823059099,0.0370472144391243,0.00989732440416333,47903
"6720","syn","common",7500,0.05,1,0.001,6,6,0.5,0.5,0.5,0,1,0.00262575346199099,0.0423507295116195,0.00301155537451939,682483
"6721","syn","common",7500,0.05,1,0.001,6,6,0.5,0.5,0.75,0,1,0.00276428036887835,0.0471197817275856,0.00613779766141589,599981
"6722","syn","common",7500,0.05,1,0.001,6,6,0.5,0.5,1,0,1,0.000132546641336646,0.0188560571035753,-0.00381662037932834,492696
"6723","syn","common",7500,0.05,5,0.001,6,6,0.5,0.5,0.5,0,1,0.00107962582330879,0.0324092352986112,-0.00690208942452872,699616
"6724","syn","common",7500,0.05,5,0.001,6,6,0.5,0.5,0.75,0,1,0.00162436273211249,0.0404989352712766,-0.00490641808130399,351069
"6725","syn","common",7500,0.05,5,0.001,6,6,0.5,0.5,1,0,1,0.000153393096673027,0.0162308358296754,-0.00632173682744478,317586
"6726","syn","common",7500,0.1,0.01,0.001,6,6,0.5,0.5,0.5,0,1,0.00906865594187857,0.0848041537016231,0.0439325376651495,452845
"6727","syn","common",7500,0.2,0.01,0.001,6,6,0.5,0.5,0.5,0,1,0.0138830678636934,0.142315048199929,0.0648867912109608,569745
"6728","syn","common",7500,0.5,0.01,0.001,6,6,0.5,0.5,0.5,0,1,0.0205298912050561,0.222965282748076,0.0948969421361501,498093
"6729","syn","common",10000,0,0.01,0.001,6,6,0.5,0.5,0.5,0,1,0.000100186763808502,0.0144017492689663,-0.00761802114224468,108158
"6730","syn","common",10000,0.01,0.01,0.001,6,6,0.5,0.5,0.5,0,1,9.24158668364893e-05,0.0147155439467909,-0.00737117031906684,2541477
"6731","syn","common",10000,0.05,0.01,0,6,5,0.5,0.5,0.5,0,1,0.000524018874315649,0.0224319833640274,0.000496009833509272,3173625
"6732","syn","common",10000,0.05,0.01,0,6,6.5,0.5,0.5,0.5,0,1,0.00125483642455639,0.0247347649009008,0.00178312711313453,2932011
"6733","syn","common",10000,0.05,0.01,0,6,7,0.5,0.5,0.5,0,1,0.00150566765499014,0.0250593434573655,0.00310764104716952,298148
"6734","syn","common",10000,0.05,0.01,1e-04,6,5,0.5,0.5,0.5,0,1,0.00162553610299448,0.0249835664179004,0.0020950245123045,5077709
"6735","syn","common",10000,0.05,0.01,1e-04,6,6,0.5,0.5,0.5,0,1,0.00166879454595076,0.0251175981621301,0.00308747015861369,5532770
"6736","syn","common",10000,0.05,0.01,1e-04,6,6.5,0.5,0.5,0.5,0,1,0.00148002352647933,0.024983933376082,0.00255711546305698,2158419
"6737","syn","common",10000,0.05,0.01,1e-04,6,7,0.5,0.5,0.5,0,1,0.00135012178775781,0.0246932403854932,0.00223037688037705,277532
"6738","syn","common",10000,0.05,0.01,5e-04,6,5.5,0.5,0.5,0.5,0,1,0.00315248206870517,0.0280119985100734,0.00924657437049455,3846348
"6739","syn","common",10000,0.05,0.01,5e-04,6,6,0.5,0.5,0.5,0,1,0.00243416081152368,0.0269590495518719,0.00662821030355017,4062383
"6740","syn","common",10000,0.05,0.01,5e-04,6,6.5,0.5,0.5,0.5,0,1,0.00174788870350896,0.0257815573919586,0.00363948487555,1400727
"6741","syn","common",10000,0.05,0.01,5e-04,6,7,0.5,0.5,0.5,0,1,0.00138195429370606,0.025101000740352,0.00241468629026199,233097
"6742","syn","common",10000,0.05,0.01,0.001,5,6,0.5,0.5,0.5,0,1,1.30096564915746e-05,0.010536723332397,-0.00599206488634872,10510339
"6743","syn","common",10000,0.05,0.01,0.001,6,6,0,0,0.5,0,1,3.4795474500866e-05,0.0148623006210304,-0.0123630589614568,9131722
"6744","syn","common",10000,0.05,0.01,0.001,6,6,0.25,0.25,0.5,0,1,0.000876470311108736,0.0192901659668823,-0.00388566246473095,636787
"6745","syn","common",10000,0.05,0.01,0.001,6,6,0.5,0.5,0.5,0,1,0.00231595937014473,0.0266913010908036,0.00622748461653709,12452321
"6746","syn","common",10000,0.05,0.01,0.001,6,6,0.5,0.5,0.75,0,1,0.0020069212057494,0.0219888134308926,0.00948998821539405,2440673
"6747","syn","common",10000,0.05,0.01,0.001,6,6,0.5,0.5,1,0,1,5.50021894877501e-05,0.0143010455551836,-0.00773156049713183,664539
"6748","syn","common",10000,0.05,0.01,0.001,6,6,0.75,0.75,0.5,0,1,0.00376202762690717,0.0364463716424647,0.015123010482935,270099
"6749","syn","common",10000,0.05,0.01,0.001,6,6,1,1,0.5,0,1,0.0044019642613055,0.045255987916634,0.0176823644659862,270687
"6750","syn","common",10000,0.05,0.01,0.001,6,6.5,0.5,0.5,0.5,0,1,0.00151625758131128,0.0253043898431909,0.00295943991197368,1347722
"6751","syn","common",10000,0.05,0.01,0.001,6,7,0.5,0.5,0.5,0,1,0.0013951390184736,0.0248312515376727,0.00250659860117773,235796
"6752","syn","common",10000,0.05,0.01,0.001,6.5,6,0.5,0.5,0.5,0,1,0.0131413134133657,0.124028880333786,0.0570763162602137,1036414
"6753","syn","common",10000,0.05,0.01,0.001,7,6,0.5,0.5,0.5,0,1,0.0278156342741796,0.316432892976267,0.119480374366486,548903
"6754","syn","common",10000,0.05,0.01,0.005,6,5.5,0.5,0.5,0.5,0,1,0.00207825850819488,0.0275590788122968,0.00370285939301371,1640536
"6755","syn","common",10000,0.05,0.01,0.005,6,6,0.5,0.5,0.5,0,1,0.00123462018453732,0.0241569151415846,0.00103412589036715,4594626
"6756","syn","common",10000,0.05,0.01,0.005,6,6.5,0.5,0.5,0.5,0,1,0.00126071874710428,0.0243470309098552,0.0015610245169719,1705106
"6757","syn","common",10000,0.05,0.01,0.005,6,7,0.5,0.5,0.5,0,1,0.00129516763925939,0.0244071210904125,0.00258046762331353,253789
"6758","syn","common",10000,0.05,0.01,0.01,6,6.5,0.5,0.5,0.5,0,1,0.00120782478404569,0.0243814994966404,0.001352215842033,1929459
"6759","syn","common",10000,0.05,0.01,0.01,6,7,0.5,0.5,0.5,0,1,0.00121953617228751,0.02486359050066,0.00148056860870579,264581
"6760","syn","common",10000,0.05,1,0.001,6,6,0.5,0.5,0.5,0,1,0.00154899467846096,0.0280153804214191,-0.00144438972197958,3600838
"6761","syn","common",10000,0.05,1,0.001,6,6,0.5,0.5,0.75,0,1,0.00159404241927262,0.028601182467742,7.91173235893604e-06,3384075
"6762","syn","common",10000,0.05,1,0.001,6,6,0.5,0.5,1,0,1,7.94989101874581e-05,0.0147967887859929,-0.00476137788788559,3036302
"6763","syn","common",10000,0.05,5,0.001,6,6,0.5,0.5,0.5,0,1,0.000643805184149425,0.0235540940948556,-0.00722132817963377,3551518
"6764","syn","common",10000,0.05,5,0.001,6,6,0.5,0.5,0.75,0,1,0.000945737553585377,0.0268296951116736,-0.00614928121731552,1800398
"6765","syn","common",10000,0.05,5,0.001,6,6,0.5,0.5,1,0,1,4.29191581162598e-05,0.0143656638969877,-0.00663334508266022,1665028
"6766","syn","common",10000,0.1,0.01,0.001,6,6,0.5,0.5,0.5,0,1,0.00601385217188049,0.0548121986132329,0.0259235705875956,2584028
"6767","syn","common",10000,0.2,0.01,0.001,6,6,0.5,0.5,0.5,0,1,0.0107435759048569,0.103263510182156,0.048082987664488,3157433
"6768","syn","common",10000,0.5,0.01,0.001,6,6,0.5,0.5,0.5,0,1,0.0177122667014642,0.185059843607132,0.0811781217146148,2666862
"6769","syn","int",15,0,0.01,0.001,6,6,0.5,0.5,0.5,0,1,0.0057075899457861,0.324440350597151,-0.323641699847963,2029
"6770","syn","int",15,0.01,0.01,0.001,6,6,0.5,0.5,0.5,0,1,0.0059962185837461,0.318773371281451,-0.320112869608554,43608
"6771","syn","int",15,0.05,0.01,0,6,5,0.5,0.5,0.5,0,1,0.00305463447144468,0.343299641769269,-0.0955877785204108,19506
"6772","syn","int",15,0.05,0.01,0,6,6.5,0.5,0.5,0.5,0,1,0.00710322715438269,0.470858574440036,-0.149834345176868,31111
"6773","syn","int",15,0.05,0.01,0,6,7,0.5,0.5,0.5,0,1,0.00761562224183583,0.468631627813874,-0.157951102898391,3399
"6774","syn","int",15,0.05,0.01,1e-04,6,5,0.5,0.5,0.5,0,1,0.00526096570477843,0.278255791005386,-0.196930050998925,55897
"6775","syn","int",15,0.05,0.01,1e-04,6,6,0.5,0.5,0.5,0,1,0.00717002430298731,0.423636638188074,-0.185933302173539,66247
"6776","syn","int",15,0.05,0.01,1e-04,6,6.5,0.5,0.5,0.5,0,1,0.00751067014446228,0.455954568956601,-0.170605892311758,24920
"6777","syn","int",15,0.05,0.01,1e-04,6,7,0.5,0.5,0.5,0,1,0.00993280746941404,0.468392199226263,-0.129888610308915,3106
"6778","syn","int",15,0.05,0.01,5e-04,6,5.5,0.5,0.5,0.5,0,1,0.00741398222414914,0.33287754723957,-0.257042485719626,64582
"6779","syn","int",15,0.05,0.01,5e-04,6,6,0.5,0.5,0.5,0,1,0.00744246855103056,0.393017715582762,-0.220283675735666,58269
"6780","syn","int",15,0.05,0.01,5e-04,6,6.5,0.5,0.5,0.5,0,1,0.00743645343094533,0.446239041539079,-0.175433973746754,17211
"6781","syn","int",15,0.05,0.01,5e-04,6,7,0.5,0.5,0.5,0,1,0.00607439759036145,0.463185797282533,-0.176996446317453,2656
"6782","syn","int",15,0.05,0.01,0.001,5,6,0.5,0.5,0.5,0,1,0.00371829570576807,0.219331580796881,-0.345858228692405,104489
"6783","syn","int",15,0.05,0.01,0.001,6,6,0,0,0.5,0,1,0.00760229104889901,0.30409281177311,-0.299488639566335,88693
"6784","syn","int",15,0.05,0.01,0.001,6,6,0.25,0.25,0.5,0,1,0.00744557637943671,0.359624973303427,-0.246615013062906,9551
"6785","syn","int",15,0.05,0.01,0.001,6,6,0.5,0.5,0.5,0,1,0.00724740499937593,0.400956412552652,-0.21876507053641,176262
"6786","syn","int",15,0.05,0.01,0.001,6,6,0.5,0.5,0.75,0,1,0.00702047945745604,0.476087646000783,-0.152842307290691,38043
"6787","syn","int",15,0.05,0.01,0.001,6,6,0.5,0.5,1,0,1,0.00512410069147696,0.30220255568689,-0.359324986795518,12871
"6788","syn","int",15,0.05,0.01,0.001,6,6,0.75,0.75,0.5,0,1,0.00902036069001568,0.444919651047048,-0.159804167564669,3826
"6789","syn","int",15,0.05,0.01,0.001,6,6,1,1,0.5,0,1,0.00573571634476794,0.463440397373748,-0.187978721402161,3469
"6790","syn","int",15,0.05,0.01,0.001,6,6.5,0.5,0.5,0.5,0,1,0.00823004935459377,0.461537008143973,-0.162399676605782,15804
"6791","syn","int",15,0.05,0.01,0.001,6,7,0.5,0.5,0.5,0,1,0.00598552278820375,0.457225760466327,-0.163933114430869,2611
"6792","syn","int",15,0.05,0.01,0.001,6.5,6,0.5,0.5,0.5,0,1,0.00928251969377566,0.439387550827641,-0.155599077408792,18026
"6793","syn","int",15,0.05,0.01,0.001,7,6,0.5,0.5,0.5,0,1,0.00887896917635169,0.445347126663651,-0.161208409483513,9895
"6794","syn","int",15,0.05,0.01,0.005,6,5.5,0.5,0.5,0.5,0,1,0.00657143906829788,0.36044466650053,-0.265559117753853,27219
"6795","syn","int",15,0.05,0.01,0.005,6,6,0.5,0.5,0.5,0,1,0.00754741877781938,0.475292622518153,-0.168370492482935,48078
"6796","syn","int",15,0.05,0.01,0.005,6,6.5,0.5,0.5,0.5,0,1,0.00781613504329716,0.480372724089932,-0.155596228525774,18246
"6797","syn","int",15,0.05,0.01,0.005,6,7,0.5,0.5,0.5,0,1,0.00549424667385832,0.469369403876624,-0.178889040582318,2781
"6798","syn","int",15,0.05,0.01,0.01,6,6.5,0.5,0.5,0.5,0,1,0.0066732947580052,0.479710333389812,-0.162070499903855,20393
"6799","syn","int",15,0.05,0.01,0.01,6,7,0.5,0.5,0.5,0,1,0.00643840356286399,0.484279547987212,-0.159511477309052,2919
"6800","syn","int",15,0.05,1,0.001,6,6,0.5,0.5,0.5,0,1,0.00655843272567713,0.373625715944531,-0.26395942589686,50138
"6801","syn","int",15,0.05,1,0.001,6,6,0.5,0.5,0.75,0,1,0.00828580466047697,0.434161390473111,-0.191484849541879,43944
"6802","syn","int",15,0.05,1,0.001,6,6,0.5,0.5,1,0,1,0.00721339962240403,0.45963964074205,-0.185718188635861,39725
"6803","syn","int",15,0.05,5,0.001,6,6,0.5,0.5,0.5,0,1,0.00632408516866937,0.321852361896666,-0.319442472528342,58754
"6804","syn","int",15,0.05,5,0.001,6,6,0.5,0.5,0.75,0,1,0.00673739322020795,0.353163861897042,-0.290274630689096,25871
"6805","syn","int",15,0.05,5,0.001,6,6,0.5,0.5,1,0,1,0.00618681754297452,0.340421067081563,-0.303163041826508,27749
"6806","syn","int",15,0.1,0.01,0.001,6,6,0.5,0.5,0.5,0,1,0.00822269279393173,0.44146085758857,-0.163268738672937,37968
"6807","syn","int",15,0.2,0.01,0.001,6,6,0.5,0.5,0.5,0,1,0.00821589163578006,0.467367005080275,-0.135096591407354,52342
"6808","syn","int",15,0.5,0.01,0.001,6,6,0.5,0.5,0.5,0,1,0.00833236117363816,0.498143254695221,-0.104242301779171,51089
"6809","syn","int",50,0,0.01,0.001,6,6,0.5,0.5,0.5,0,1,0.00296894683372841,0.264678150954072,-0.381170842075292,2953
"6810","syn","int",50,0.01,0.01,0.001,6,6,0.5,0.5,0.5,0,1,0.00525002932179481,0.287281872194798,-0.338495767120147,63093
"6811","syn","int",50,0.05,0.01,0,6,5,0.5,0.5,0.5,0,1,0.00261900236690571,0.296062747964896,-0.0981174877490627,28307
"6812","syn","int",50,0.05,0.01,0,6,6.5,0.5,0.5,0.5,0,1,0.00684177913966925,0.393747141156726,-0.17156228227711,42751
"6813","syn","int",50,0.05,0.01,0,6,7,0.5,0.5,0.5,0,1,0.00774509760912481,0.392025323097026,-0.160598077837306,4559
"6814","syn","int",50,0.05,0.01,1e-04,6,5,0.5,0.5,0.5,0,1,0.00486934429991425,0.247315650679934,-0.206459518655977,82797
"6815","syn","int",50,0.05,0.01,1e-04,6,6,0.5,0.5,0.5,0,1,0.00667275327282343,0.360935765361803,-0.200651050800073,92657
"6816","syn","int",50,0.05,0.01,1e-04,6,6.5,0.5,0.5,0.5,0,1,0.0068448134991119,0.383513431911083,-0.1842523446203,33780
"6817","syn","int",50,0.05,0.01,1e-04,6,7,0.5,0.5,0.5,0,1,0.0051447928855605,0.38681414609008,-0.200883700965963,4273
"6818","syn","int",50,0.05,0.01,5e-04,6,5.5,0.5,0.5,0.5,0,1,0.0070856889283337,0.305032249333825,-0.271110617481196,94647
"6819","syn","int",50,0.05,0.01,5e-04,6,6,0.5,0.5,0.5,0,1,0.00760047924853829,0.347266026942901,-0.229467593510394,83464
"6820","syn","int",50,0.05,0.01,5e-04,6,6.5,0.5,0.5,0.5,0,1,0.00666831421734466,0.378059460503212,-0.206529772017289,24238
"6821","syn","int",50,0.05,0.01,5e-04,6,7,0.5,0.5,0.5,0,1,0.00662658849195528,0.401860086837228,-0.185040170858629,3667
"6822","syn","int",50,0.05,0.01,0.001,5,6,0.5,0.5,0.5,0,1,0.0020342005032041,0.109903638923123,-0.363298711252841,143878
"6823","syn","int",50,0.05,0.01,0.001,6,6,0,0,0.5,0,1,0.00603211541097824,0.225158799375877,-0.337283960784467,124009
"6824","syn","int",50,0.05,0.01,0.001,6,6,0.25,0.25,0.5,0,1,0.00656225461470847,0.317672727652293,-0.267098073245181,13652
"6825","syn","int",50,0.05,0.01,0.001,6,6,0.5,0.5,0.5,0,1,0.00724872648740675,0.361216247317966,-0.226388366352134,253747
"6826","syn","int",50,0.05,0.01,0.001,6,6,0.5,0.5,0.75,0,1,0.00731636024960417,0.433346109653663,-0.154997365294364,53685
"6827","syn","int",50,0.05,0.01,0.001,6,6,0.5,0.5,1,0,1,0.0048285234362502,0.265409539630044,-0.366153004611905,18753
"6828","syn","int",50,0.05,0.01,0.001,6,6,0.75,0.75,0.5,0,1,0.00699041551246537,0.396435935682373,-0.197551658492229,5415
"6829","syn","int",50,0.05,0.01,0.001,6,6,1,1,0.5,0,1,0.00787716503267974,0.427663936968317,-0.143993235961041,4896
"6830","syn","int",50,0.05,0.01,0.001,6,6.5,0.5,0.5,0.5,0,1,0.00644850897314802,0.391219755377072,-0.195832795830983,22233
"6831","syn","int",50,0.05,0.01,0.001,6,7,0.5,0.5,0.5,0,1,0.00617978518314514,0.398189960392152,-0.192771802799762,3631
"6832","syn","int",50,0.05,0.01,0.001,6.5,6,0.5,0.5,0.5,0,1,0.00850419564560024,0.419992612928454,-0.168095019861595,26456
"6833","syn","int",50,0.05,0.01,0.001,7,6,0.5,0.5,0.5,0,1,0.0091586552025257,0.441155204920975,-0.143829244965285,14887
"6834","syn","int",50,0.05,0.01,0.005,6,5.5,0.5,0.5,0.5,0,1,0.006835890665862,0.346158580523403,-0.271862618518151,39768
"6835","syn","int",50,0.05,0.01,0.005,6,6,0.5,0.5,0.5,0,1,0.00684326461780013,0.43157270797578,-0.183041837732199,68786
"6836","syn","int",50,0.05,0.01,0.005,6,6.5,0.5,0.5,0.5,0,1,0.00655435956483761,0.412722738448343,-0.181803839675229,25186
"6837","syn","int",50,0.05,0.01,0.005,6,7,0.5,0.5,0.5,0,1,0.00666931849036112,0.402787143649215,-0.179568336623329,3683
"6838","syn","int",50,0.05,0.01,0.01,6,6.5,0.5,0.5,0.5,0,1,0.00663905682770176,0.40956778842493,-0.183921304276789,28648
"6839","syn","int",50,0.05,0.01,0.01,6,7,0.5,0.5,0.5,0,1,0.00627868556701031,0.410346600716894,-0.178528000448292,3880
"6840","syn","int",50,0.05,1,0.001,6,6,0.5,0.5,0.5,0,1,0.00677237670150537,0.333824152196311,-0.269664981102184,72142
"6841","syn","int",50,0.05,1,0.001,6,6,0.5,0.5,0.75,0,1,0.00779457923392874,0.391592785469663,-0.207153061663771,62814
"6842","syn","int",50,0.05,1,0.001,6,6,0.5,0.5,1,0,1,0.00708992051264094,0.421637897646203,-0.19744674839618,57116
"6843","syn","int",50,0.05,5,0.001,6,6,0.5,0.5,0.5,0,1,0.00570020276130423,0.291834381409237,-0.336527280205387,85322
"6844","syn","int",50,0.05,5,0.001,6,6,0.5,0.5,0.75,0,1,0.0065156141143936,0.321350320350103,-0.296999309467304,37607
"6845","syn","int",50,0.05,5,0.001,6,6,0.5,0.5,1,0,1,0.00560635291776528,0.306059899082792,-0.316902862328825,40202
"6846","syn","int",50,0.1,0.01,0.001,6,6,0.5,0.5,0.5,0,1,0.00760891548517768,0.397339818860338,-0.177828558850068,54310
"6847","syn","int",50,0.2,0.01,0.001,6,6,0.5,0.5,0.5,0,1,0.00827710551594442,0.423274979062906,-0.138859512317252,73913
"6848","syn","int",50,0.5,0.01,0.001,6,6,0.5,0.5,0.5,0,1,0.00802221255317973,0.449636502246079,-0.109200812290186,72396
"6849","syn","int",100,0,0.01,0.001,6,6,0.5,0.5,0.5,0,1,0.00407524932975871,0.220244140766275,-0.378912515463227,9325
"6850","syn","int",100,0.01,0.01,0.001,6,6,0.5,0.5,0.5,0,1,0.00463788838536842,0.230287806492542,-0.352997807350442,199705
"6851","syn","int",100,0.05,0.01,0,6,5,0.5,0.5,0.5,0,1,0.00242157822245613,0.221449643026706,-0.0937744902559493,89303
"6852","syn","int",100,0.05,0.01,0,6,6.5,0.5,0.5,0.5,0,1,0.00585604899497488,0.278463116145458,-0.192242208631665,127360
"6853","syn","int",100,0.05,0.01,0,6,7,0.5,0.5,0.5,0,1,0.00609832177220854,0.281448961984954,-0.188829202990813,13407
"6854","syn","int",100,0.05,0.01,1e-04,6,5,0.5,0.5,0.5,0,1,0.00440578723083305,0.198812502823132,-0.212681748604763,265170
"6855","syn","int",100,0.05,0.01,1e-04,6,6,0.5,0.5,0.5,0,1,0.00609816212493432,0.264213398204755,-0.214605278032849,281684
"6856","syn","int",100,0.05,0.01,1e-04,6,6.5,0.5,0.5,0.5,0,1,0.00625396342972548,0.276655976611113,-0.201951270238481,101011
"6857","syn","int",100,0.05,0.01,1e-04,6,7,0.5,0.5,0.5,0,1,0.00629932991722507,0.276276877207522,-0.195106379438651,12685
"6858","syn","int",100,0.05,0.01,5e-04,6,5.5,0.5,0.5,0.5,0,1,0.00646259030724606,0.251415984073908,-0.283920850828448,297872
"6859","syn","int",100,0.05,0.01,5e-04,6,6,0.5,0.5,0.5,0,1,0.00645580216579162,0.271908911496301,-0.248884001720322,258843
"6860","syn","int",100,0.05,0.01,5e-04,6,6.5,0.5,0.5,0.5,0,1,0.00637023355087633,0.281547341103819,-0.21583592030183,73089
"6861","syn","int",100,0.05,0.01,5e-04,6,7,0.5,0.5,0.5,0,1,0.00524498620055198,0.286848420071294,-0.202715049666711,10870
"6862","syn","int",100,0.05,0.01,0.001,5,6,0.5,0.5,0.5,0,1,0.000784664403857551,0.0598031891043952,-0.343169851543698,464025
"6863","syn","int",100,0.05,0.01,0.001,6,6,0,0,0.5,0,1,0.00376849782608137,0.149409046085955,-0.362695316962352,389389
"6864","syn","int",100,0.05,0.01,0.001,6,6,0.25,0.25,0.5,0,1,0.00563679045964599,0.245394470972725,-0.288770720400679,42598
"6865","syn","int",100,0.05,0.01,0.001,6,6,0.5,0.5,0.5,0,1,0.00643153833247322,0.289751553668254,-0.244131899129958,786722
"6866","syn","int",100,0.05,0.01,0.001,6,6,0.5,0.5,0.75,0,1,0.00651935315755346,0.353911982213382,-0.173538532205585,165017
"6867","syn","int",100,0.05,0.01,0.001,6,6,0.5,0.5,1,0,1,0.00397854358070312,0.213524908906258,-0.389344496538463,58994
"6868","syn","int",100,0.05,0.01,0.001,6,6,0.75,0.75,0.5,0,1,0.0070903102397035,0.325921826955528,-0.198676579669967,16729
"6869","syn","int",100,0.05,0.01,0.001,6,6,1,1,0.5,0,1,0.00708443191392832,0.343799654890897,-0.180975764883182,15429
"6870","syn","int",100,0.05,0.01,0.001,6,6.5,0.5,0.5,0.5,0,1,0.0058413509881781,0.29537925057045,-0.208109612025421,66233
"6871","syn","int",100,0.05,0.01,0.001,6,7,0.5,0.5,0.5,0,1,0.00616311673803761,0.279765717437163,-0.204195067438789,10742
"6872","syn","int",100,0.05,0.01,0.001,6.5,6,0.5,0.5,0.5,0,1,0.00824049763033175,0.396697807667322,-0.180492962205869,84400
"6873","syn","int",100,0.05,0.01,0.001,7,6,0.5,0.5,0.5,0,1,0.0087650035945363,0.429239515443242,-0.15482346172773,48685
"6874","syn","int",100,0.05,0.01,0.005,6,5.5,0.5,0.5,0.5,0,1,0.00645133761244378,0.313919687734323,-0.273936912924853,128064
"6875","syn","int",100,0.05,0.01,0.005,6,6,0.5,0.5,0.5,0,1,0.00618276986865377,0.347165571126878,-0.202608341356096,206934
"6876","syn","int",100,0.05,0.01,0.005,6,6.5,0.5,0.5,0.5,0,1,0.00617671989676587,0.305245378369968,-0.197271247182702,74394
"6877","syn","int",100,0.05,0.01,0.005,6,7,0.5,0.5,0.5,0,1,0.00678093006488825,0.287997499980557,-0.193295667500746,11096
"6878","syn","int",100,0.05,0.01,0.01,6,6.5,0.5,0.5,0.5,0,1,0.00591815069714367,0.300566931327199,-0.197799965804674,84129
"6879","syn","int",100,0.05,0.01,0.01,6,7,0.5,0.5,0.5,0,1,0.00596853549908305,0.284055572608916,-0.201859192461753,11451
"6880","syn","int",100,0.05,1,0.001,6,6,0.5,0.5,0.5,0,1,0.00593483302349841,0.271614061755296,-0.286993516057528,224313
"6881","syn","int",100,0.05,1,0.001,6,6,0.5,0.5,0.75,0,1,0.00722708360199939,0.318641327355335,-0.223442593168064,193859
"6882","syn","int",100,0.05,1,0.001,6,6,0.5,0.5,1,0,1,0.00711751833621467,0.356998867288946,-0.202139400053315,174109
"6883","syn","int",100,0.05,5,0.001,6,6,0.5,0.5,0.5,0,1,0.00499229216855133,0.234450917722564,-0.354171711646401,268571
"6884","syn","int",100,0.05,5,0.001,6,6,0.5,0.5,0.75,0,1,0.00547548397061852,0.261304078406877,-0.321463593033516,116536
"6885","syn","int",100,0.05,5,0.001,6,6,0.5,0.5,1,0,1,0.00452043457107882,0.244719615192161,-0.34007152136898,127436
"6886","syn","int",100,0.1,0.01,0.001,6,6,0.5,0.5,0.5,0,1,0.00713880561304447,0.320422828512203,-0.1895640339077,167182
"6887","syn","int",100,0.2,0.01,0.001,6,6,0.5,0.5,0.5,0,1,0.00727186500592808,0.341000284946869,-0.156148410956407,228573
"6888","syn","int",100,0.5,0.01,0.001,6,6,0.5,0.5,0.5,0,1,0.00739097550862201,0.363113244603962,-0.123432685094349,221874
"6889","syn","int",200,0,0.01,0.001,6,6,0.5,0.5,0.5,0,1,0.00351206225680934,0.147305138083845,-0.386616173264764,17219
"6890","syn","int",200,0.01,0.01,0.001,6,6,0.5,0.5,0.5,0,1,0.00358972303364125,0.158944621605892,-0.370108842748545,371092
"6891","syn","int",200,0.05,0.01,0,6,5,0.5,0.5,0.5,0,1,0.00202853861903208,0.14189450751598,-0.0962291592979713,168505
"6892","syn","int",200,0.05,0.01,0,6,6.5,0.5,0.5,0.5,0,1,0.00449108410503835,0.16892173751407,-0.206300330215394,231306
"6893","syn","int",200,0.05,0.01,0,6,7,0.5,0.5,0.5,0,1,0.00464273521978705,0.16717481138553,-0.2105223724797,24137
"6894","syn","int",200,0.05,0.01,1e-04,6,5,0.5,0.5,0.5,0,1,0.00387077703438742,0.138028729110356,-0.215047492017158,504894
"6895","syn","int",200,0.05,0.01,1e-04,6,6,0.5,0.5,0.5,0,1,0.00479136562427433,0.16704579557895,-0.229045987297253,516760
"6896","syn","int",200,0.05,0.01,1e-04,6,6.5,0.5,0.5,0.5,0,1,0.00488018134225652,0.169074780149118,-0.215327610231569,185285
"6897","syn","int",200,0.05,0.01,1e-04,6,7,0.5,0.5,0.5,0,1,0.0051809552943233,0.170381654765628,-0.205731908198641,22883
"6898","syn","int",200,0.05,0.01,5e-04,6,5.5,0.5,0.5,0.5,0,1,0.00544999589363442,0.181784631749904,-0.295633968875627,560106
"6899","syn","int",200,0.05,0.01,5e-04,6,6,0.5,0.5,0.5,0,1,0.00517703678362598,0.182648761262615,-0.264275742724395,476462
"6900","syn","int",200,0.05,0.01,5e-04,6,6.5,0.5,0.5,0.5,0,1,0.00472958001995586,0.177924045287858,-0.233515584148289,132292
"6901","syn","int",200,0.05,0.01,5e-04,6,7,0.5,0.5,0.5,0,1,0.00469035833977829,0.170862901058521,-0.215546184379877,19395
"6902","syn","int",200,0.05,0.01,0.001,5,6,0.5,0.5,0.5,0,1,0.000305476201977972,0.0338412942183873,-0.299862717611039,910832
"6903","syn","int",200,0.05,0.01,0.001,6,6,0,0,0.5,0,1,0.00183374582633292,0.0947200537435018,-0.372434125768298,752336
"6904","syn","int",200,0.05,0.01,0.001,6,6,0.25,0.25,0.5,0,1,0.00436866030228685,0.16474571908203,-0.312063832263568,78667
"6905","syn","int",200,0.05,0.01,0.001,6,6,0.5,0.5,0.5,0,1,0.00526972549041428,0.199679755636893,-0.262325732602287,1437764
"6906","syn","int",200,0.05,0.01,0.001,6,6,0.5,0.5,0.75,0,1,0.00575457399964288,0.248969400088655,-0.184585014656377,296819
"6907","syn","int",200,0.05,0.01,0.001,6,6,0.5,0.5,1,0,1,0.00308798391061453,0.147775222992376,-0.403730873560772,111875
"6908","syn","int",200,0.05,0.01,0.001,6,6,0.75,0.75,0.5,0,1,0.00619467064663268,0.229822169733307,-0.218745525662285,29816
"6909","syn","int",200,0.05,0.01,0.001,6,6,1,1,0.5,0,1,0.00635744281694206,0.241457710644422,-0.182216524563118,27718
"6910","syn","int",200,0.05,0.01,0.001,6,6.5,0.5,0.5,0.5,0,1,0.00476596666273406,0.18586087418585,-0.221124356264593,118666
"6911","syn","int",200,0.05,0.01,0.001,6,7,0.5,0.5,0.5,0,1,0.00423601589923601,0.173944721156524,-0.220976372302378,19372
"6912","syn","int",200,0.05,0.01,0.001,6.5,6,0.5,0.5,0.5,0,1,0.00790864377693156,0.348040710713563,-0.18845549114678,159664
"6913","syn","int",200,0.05,0.01,0.001,7,6,0.5,0.5,0.5,0,1,0.00889671688114265,0.410447159939793,-0.155259367597463,94727
"6914","syn","int",200,0.05,0.01,0.005,6,5.5,0.5,0.5,0.5,0,1,0.00576549500389767,0.257455510197203,-0.292724946621136,239887
"6915","syn","int",200,0.05,0.01,0.005,6,6,0.5,0.5,0.5,0,1,0.00531085536077524,0.238900941095446,-0.21973912501574,370674
"6916","syn","int",200,0.05,0.01,0.005,6,6.5,0.5,0.5,0.5,0,1,0.0047597450304123,0.192256302705733,-0.215237817177968,133663
"6917","syn","int",200,0.05,0.01,0.005,6,7,0.5,0.5,0.5,0,1,0.00414417165568245,0.173410826491632,-0.216303699485202,19877
"6918","syn","int",200,0.05,0.01,0.01,6,6.5,0.5,0.5,0.5,0,1,0.0047365025120334,0.188010240482487,-0.213207293900344,151869
"6919","syn","int",200,0.05,0.01,0.01,6,7,0.5,0.5,0.5,0,1,0.00454514477147643,0.173108849356092,-0.215734972279866,20895
"6920","syn","int",200,0.05,1,0.001,6,6,0.5,0.5,0.5,0,1,0.00495736752268815,0.189222649998917,-0.305653493593113,414203
"6921","syn","int",200,0.05,1,0.001,6,6,0.5,0.5,0.75,0,1,0.00585737815526274,0.227147284163512,-0.243879381530449,352744
"6922","syn","int",200,0.05,1,0.001,6,6,0.5,0.5,1,0,1,0.0058009080445883,0.261520320745241,-0.227325105686073,314522
"6923","syn","int",200,0.05,5,0.001,6,6,0.5,0.5,0.5,0,1,0.00370199320756073,0.166067847926817,-0.37562458356623,500851
"6924","syn","int",200,0.05,5,0.001,6,6,0.5,0.5,0.75,0,1,0.00468965721258736,0.188570922357312,-0.342478239728805,216344
"6925","syn","int",200,0.05,5,0.001,6,6,0.5,0.5,1,0,1,0.00366588768836355,0.171997182631761,-0.358575639510254,236378
"6926","syn","int",200,0.1,0.01,0.001,6,6,0.5,0.5,0.5,0,1,0.00620089216472351,0.220330635835394,-0.19942267808158,304316
"6927","syn","int",200,0.2,0.01,0.001,6,6,0.5,0.5,0.5,0,1,0.00627643925010128,0.233547213385385,-0.165054061821134,409762
"6928","syn","int",200,0.5,0.01,0.001,6,6,0.5,0.5,0.5,0,1,0.00649714498347587,0.248813503645394,-0.1264620560868,396390
"6929","syn","int",300,0,0.01,0.001,6,6,0.5,0.5,0.5,0,1,0.00205627436938012,0.109830443808229,-0.406488151702757,12567
"6930","syn","int",300,0.01,0.01,0.001,6,6,0.5,0.5,0.5,0,1,0.00262176186252105,0.118400016930196,-0.379388468311287,266048
"6931","syn","int",300,0.05,0.01,0,6,5,0.5,0.5,0.5,0,1,0.00188265994090471,0.0997773632027813,-0.0911156557172088,122514
"6932","syn","int",300,0.05,0.01,0,6,6.5,0.5,0.5,0.5,0,1,0.00375210228061388,0.118110706969691,-0.204199883542684,165701
"6933","syn","int",300,0.05,0.01,0,6,7,0.5,0.5,0.5,0,1,0.00336109453877925,0.118407413127242,-0.205405601670815,17432
"6934","syn","int",300,0.05,0.01,1e-04,6,5,0.5,0.5,0.5,0,1,0.00329494464521623,0.102976609419949,-0.214150900869928,366364
"6935","syn","int",300,0.05,0.01,1e-04,6,6,0.5,0.5,0.5,0,1,0.00383684656113097,0.118442581044315,-0.22780066673056,372070
"6936","syn","int",300,0.05,0.01,1e-04,6,6.5,0.5,0.5,0.5,0,1,0.00396049428144455,0.120183159938127,-0.214266609305713,133163
"6937","syn","int",300,0.05,0.01,1e-04,6,7,0.5,0.5,0.5,0,1,0.00308612385321101,0.117449863756761,-0.222452606479217,16568
"6938","syn","int",300,0.05,0.01,5e-04,6,5.5,0.5,0.5,0.5,0,1,0.00460991724165537,0.139129748933075,-0.299799851579844,399718
"6939","syn","int",300,0.05,0.01,5e-04,6,6,0.5,0.5,0.5,0,1,0.00424423544187903,0.133133750481108,-0.267014775079579,340772
"6940","syn","int",300,0.05,0.01,5e-04,6,6.5,0.5,0.5,0.5,0,1,0.00403683772917675,0.126082833618053,-0.230827491646043,95014
"6941","syn","int",300,0.05,0.01,5e-04,6,7,0.5,0.5,0.5,0,1,0.0042001970083911,0.123376745873225,-0.214584840016135,13705
"6942","syn","int",300,0.05,0.01,0.001,5,6,0.5,0.5,0.5,0,1,0.000176232347613488,0.0246271493904261,-0.272523678149919,674059
"6943","syn","int",300,0.05,0.01,0.001,6,6,0,0,0.5,0,1,0.00115715468760995,0.0708754266034761,-0.359481587121982,554259
"6944","syn","int",300,0.05,0.01,0.001,6,6,0.25,0.25,0.5,0,1,0.00331132218844985,0.120139275951515,-0.318562721534491,56588
"6945","syn","int",300,0.05,0.01,0.001,6,6,0.5,0.5,0.5,0,1,0.00435910871425857,0.146474307214879,-0.266188677876596,1021154
"6946","syn","int",300,0.05,0.01,0.001,6,6,0.5,0.5,0.75,0,1,0.00496617435985762,0.18484082706695,-0.187667252361773,209016
"6947","syn","int",300,0.05,0.01,0.001,6,6,0.5,0.5,1,0,1,0.00213454187290386,0.108652723288569,-0.4092217116942,80207
"6948","syn","int",300,0.05,0.01,0.001,6,6,0.75,0.75,0.5,0,1,0.00527758441803434,0.168375389189012,-0.218766943727426,21204
"6949","syn","int",300,0.05,0.01,0.001,6,6,1,1,0.5,0,1,0.00460768020969855,0.176701377698545,-0.199631133225098,19075
"6950","syn","int",300,0.05,0.01,0.001,6,6.5,0.5,0.5,0.5,0,1,0.00389909079116499,0.13040509810977,-0.222748377959439,84799
"6951","syn","int",300,0.05,0.01,0.001,6,7,0.5,0.5,0.5,0,1,0.00438747458611676,0.122994381153592,-0.206963180823657,13772
"6952","syn","int",300,0.05,0.01,0.001,6.5,6,0.5,0.5,0.5,0,1,0.00718868668298848,0.29815278916073,-0.198104789144073,113141
"6953","syn","int",300,0.05,0.01,0.001,7,6,0.5,0.5,0.5,0,1,0.00850990927919256,0.391659720575234,-0.160380841080781,68562
"6954","syn","int",300,0.05,0.01,0.005,6,5.5,0.5,0.5,0.5,0,1,0.00513136659333659,0.21240628975623,-0.301328116827392,169553
"6955","syn","int",300,0.05,0.01,0.005,6,6,0.5,0.5,0.5,0,1,0.00440438428162979,0.171813552413717,-0.230719833392577,259518
"6956","syn","int",300,0.05,0.01,0.005,6,6.5,0.5,0.5,0.5,0,1,0.00381137585094948,0.136106878179641,-0.217585964208443,94894
"6957","syn","int",300,0.05,0.01,0.005,6,7,0.5,0.5,0.5,0,1,0.00397176579003332,0.124187354219644,-0.213447662316246,14107
"6958","syn","int",300,0.05,0.01,0.01,6,6.5,0.5,0.5,0.5,0,1,0.00387048078708001,0.131761466659515,-0.212954256712503,107740
"6959","syn","int",300,0.05,0.01,0.01,6,7,0.5,0.5,0.5,0,1,0.00397018100769958,0.122277101929998,-0.20719868087486,14806
"6960","syn","int",300,0.05,1,0.001,6,6,0.5,0.5,0.5,0,1,0.00392260221763743,0.141221290519876,-0.313200672946729,295179
"6961","syn","int",300,0.05,1,0.001,6,6,0.5,0.5,0.75,0,1,0.00508891119357625,0.172837946299663,-0.249479961431449,250072
"6962","syn","int",300,0.05,1,0.001,6,6,0.5,0.5,1,0,1,0.00488817489355134,0.202899865492599,-0.239301726082294,220294
"6963","syn","int",300,0.05,5,0.001,6,6,0.5,0.5,0.5,0,1,0.00293958526995191,0.12664279628814,-0.379038724522119,360379
"6964","syn","int",300,0.05,5,0.001,6,6,0.5,0.5,0.75,0,1,0.00377988647358575,0.14643997871827,-0.350446583947688,155030
"6965","syn","int",300,0.05,5,0.001,6,6,0.5,0.5,1,0,1,0.00278581973512538,0.12812075984228,-0.363854676372189,167853
"6966","syn","int",300,0.1,0.01,0.001,6,6,0.5,0.5,0.5,0,1,0.00527727823783945,0.160626766550964,-0.204759875984036,214464
"6967","syn","int",300,0.2,0.01,0.001,6,6,0.5,0.5,0.5,0,1,0.00558525552199096,0.169780004911923,-0.166156361305651,288664
"6968","syn","int",300,0.5,0.01,0.001,6,6,0.5,0.5,0.5,0,1,0.00572284216162988,0.18114056994382,-0.123020053786194,278253
"6969","syn","int",500,0,0.01,0.001,6,6,0.5,0.5,0.5,0,1,0.00141494515110792,0.0837533905624427,-0.404413068278922,31997
"6970","syn","int",500,0.01,0.01,0.001,6,6,0.5,0.5,0.5,0,1,0.00191604839135098,0.088033813005199,-0.371791155679271,682436
"6971","syn","int",500,0.05,0.01,0,6,5,0.5,0.5,0.5,0,1,0.00161665153854552,0.074053189176467,-0.0862484698067212,320595
"6972","syn","int",500,0.05,0.01,0,6,6.5,0.5,0.5,0.5,0,1,0.00306805051914925,0.0871351452069979,-0.192487782397041,427719
"6973","syn","int",500,0.05,0.01,0,6,7,0.5,0.5,0.5,0,1,0.00297400355476561,0.0864184272385391,-0.201089151015845,45010
"6974","syn","int",500,0.05,0.01,1e-04,6,5,0.5,0.5,0.5,0,1,0.00290333284490401,0.0775740193992466,-0.208268129162661,948619
"6975","syn","int",500,0.05,0.01,1e-04,6,6,0.5,0.5,0.5,0,1,0.00321064272456421,0.088048339107512,-0.216785020991755,957922
"6976","syn","int",500,0.05,0.01,1e-04,6,6.5,0.5,0.5,0.5,0,1,0.00317211321846301,0.087507373963698,-0.205243360259331,342241
"6977","syn","int",500,0.05,0.01,1e-04,6,7,0.5,0.5,0.5,0,1,0.00302420011226495,0.0859583221894838,-0.201896695773333,42756
"6978","syn","int",500,0.05,0.01,5e-04,6,5.5,0.5,0.5,0.5,0,1,0.00382739695890535,0.10551802207476,-0.293937864945841,1018186
"6979","syn","int",500,0.05,0.01,5e-04,6,6,0.5,0.5,0.5,0,1,0.00354906979499941,0.098937755454552,-0.257695142512098,869217
"6980","syn","int",500,0.05,0.01,5e-04,6,6.5,0.5,0.5,0.5,0,1,0.00322807217551774,0.091599116849412,-0.220241044517001,243850
"6981","syn","int",500,0.05,0.01,5e-04,6,7,0.5,0.5,0.5,0,1,0.00322795130142737,0.0883218649530653,-0.202661595695625,35730
"6982","syn","int",500,0.05,0.01,0.001,5,6,0.5,0.5,0.5,0,1,0.00013044788761025,0.019475883004948,-0.250605055544281,1770980
"6983","syn","int",500,0.05,0.01,0.001,6,6,0,0,0.5,0,1,0.000687950463629042,0.0549429418923634,-0.345227992667163,1452670
"6984","syn","int",500,0.05,0.01,0.001,6,6,0.25,0.25,0.5,0,1,0.00260514185987156,0.0903381720417967,-0.308650241777017,144967
"6985","syn","int",500,0.05,0.01,0.001,6,6,0.5,0.5,0.5,0,1,0.00356094157415783,0.108195763658227,-0.261575295998379,2596779
"6986","syn","int",500,0.05,0.01,0.001,6,6,0.5,0.5,0.75,0,1,0.0042214134689346,0.139595507416879,-0.185161594918538,527822
"6987","syn","int",500,0.05,0.01,0.001,6,6,0.5,0.5,1,0,1,0.00153855448527026,0.0820073774472703,-0.400486465857296,206487
"6988","syn","int",500,0.05,0.01,0.001,6,6,0.75,0.75,0.5,0,1,0.0042497501878287,0.122468453056454,-0.22080463191852,53240
"6989","syn","int",500,0.05,0.01,0.001,6,6,1,1,0.5,0,1,0.00428371558691995,0.12960596984121,-0.192908868617609,48746
"6990","syn","int",500,0.05,0.01,0.001,6,6.5,0.5,0.5,0.5,0,1,0.00318017900973928,0.0957011131842961,-0.217358579117839,215519
"6991","syn","int",500,0.05,0.01,0.001,6,7,0.5,0.5,0.5,0,1,0.0033469091827004,0.0913853003332408,-0.191246154191383,35654
"6992","syn","int",500,0.05,0.01,0.001,6.5,6,0.5,0.5,0.5,0,1,0.0067889205398891,0.249181226647614,-0.202389247894854,282947
"6993","syn","int",500,0.05,0.01,0.001,7,6,0.5,0.5,0.5,0,1,0.00853857072011218,0.361196020533054,-0.164401482780597,175431
"6994","syn","int",500,0.05,0.01,0.005,6,5.5,0.5,0.5,0.5,0,1,0.00427439275528202,0.168117787580187,-0.311922622826881,426352
"6995","syn","int",500,0.05,0.01,0.005,6,6,0.5,0.5,0.5,0,1,0.00359293609261629,0.124897227017666,-0.228724276923112,652585
"6996","syn","int",500,0.05,0.01,0.005,6,6.5,0.5,0.5,0.5,0,1,0.00329092635603149,0.0986447563947164,-0.205805516370475,243265
"6997","syn","int",500,0.05,0.01,0.005,6,7,0.5,0.5,0.5,0,1,0.00295711330234558,0.0911705773280489,-0.208971265499357,37219
"6998","syn","int",500,0.05,0.01,0.01,6,6.5,0.5,0.5,0.5,0,1,0.00313667994984579,0.0962455226015889,-0.207891366929946,277544
"6999","syn","int",500,0.05,0.01,0.01,6,7,0.5,0.5,0.5,0,1,0.00313240098160804,0.0904715514015074,-0.201338987753857,37897
"7000","syn","int",500,0.05,1,0.001,6,6,0.5,0.5,0.5,0,1,0.0031532072369515,0.106098246540454,-0.310278931689596,751753
"7001","syn","int",500,0.05,1,0.001,6,6,0.5,0.5,0.75,0,1,0.00421081680017017,0.133008068022136,-0.249954013146727,629946
"7002","syn","int",500,0.05,1,0.001,6,6,0.5,0.5,1,0,1,0.0038892190288877,0.155116027288166,-0.242627722451131,555219
"7003","syn","int",500,0.05,5,0.001,6,6,0.5,0.5,0.5,0,1,0.00213367874524896,0.0977084927499137,-0.379285775465957,922956
"7004","syn","int",500,0.05,5,0.001,6,6,0.5,0.5,0.75,0,1,0.00289875725399762,0.114197505973785,-0.350426030040538,394610
"7005","syn","int",500,0.05,5,0.001,6,6,0.5,0.5,1,0,1,0.00188689663201276,0.0944645418565224,-0.361767575764923,429485
"7006","syn","int",500,0.1,0.01,0.001,6,6,0.5,0.5,0.5,0,1,0.00434608749568905,0.11706364068304,-0.199757858571568,545124
"7007","syn","int",500,0.2,0.01,0.001,6,6,0.5,0.5,0.5,0,1,0.00483316728995604,0.123634450895868,-0.155183455942442,731335
"7008","syn","int",500,0.5,0.01,0.001,6,6,0.5,0.5,0.5,0,1,0.0049403802254346,0.130916925831381,-0.118493810991742,703530
"7009","syn","int",750,0,0.01,0.001,6,6,0.5,0.5,0.5,0,1,0.00100352433219757,0.0593893158164523,-0.377616869760858,38447
"7010","syn","int",750,0.01,0.01,0.001,6,6,0.5,0.5,0.5,0,1,0.00117730678981497,0.0635567289151562,-0.361636935843252,814411
"7011","syn","int",750,0.05,0.01,0,6,5,0.5,0.5,0.5,0,1,0.00132411859426362,0.0535070496805615,-0.086528072889809,390002
"7012","syn","int",750,0.05,0.01,0,6,6.5,0.5,0.5,0.5,0,1,0.00258783129531039,0.0631499737273028,-0.177872808429244,518231
"7013","syn","int",750,0.05,0.01,0,6,7,0.5,0.5,0.5,0,1,0.00245122077251001,0.0622785858135515,-0.183888606732811,54187
"7014","syn","int",750,0.05,0.01,1e-04,6,5,0.5,0.5,0.5,0,1,0.00249481517529275,0.0584005634020896,-0.196406555371862,1144571
"7015","syn","int",750,0.05,0.01,1e-04,6,6,0.5,0.5,0.5,0,1,0.00268007827534759,0.0639448128809837,-0.201387556039864,1156175
"7016","syn","int",750,0.05,0.01,1e-04,6,6.5,0.5,0.5,0.5,0,1,0.00260831577315642,0.0637566330539549,-0.189692796861168,412866
"7017","syn","int",750,0.05,0.01,1e-04,6,7,0.5,0.5,0.5,0,1,0.00251407124731224,0.0628414851296656,-0.186106118819288,51623
"7018","syn","int",750,0.05,0.01,5e-04,6,5.5,0.5,0.5,0.5,0,1,0.00302782758725915,0.0772900248834087,-0.282346725732106,1212509
"7019","syn","int",750,0.05,0.01,5e-04,6,6,0.5,0.5,0.5,0,1,0.00278894077782621,0.0710450173856328,-0.244002482044287,1037044
"7020","syn","int",750,0.05,0.01,5e-04,6,6.5,0.5,0.5,0.5,0,1,0.00268005190139421,0.0662809112469694,-0.204064237942594,291707
"7021","syn","int",750,0.05,0.01,5e-04,6,7,0.5,0.5,0.5,0,1,0.00236538052770205,0.0650486264293288,-0.193288220651311,43282
"7022","syn","int",750,0.05,0.01,0.001,5,6,0.5,0.5,0.5,0,1,6.5221137476983e-05,0.0157651805845657,-0.233827492545992,2158725
"7023","syn","int",750,0.05,0.01,0.001,6,6,0,0,0.5,0,1,0.000413033148482385,0.0421339861648542,-0.321155771753647,1772419
"7024","syn","int",750,0.05,0.01,0.001,6,6,0.25,0.25,0.5,0,1,0.00200917965701999,0.0654344569898368,-0.29446683481589,173013
"7025","syn","int",750,0.05,0.01,0.001,6,6,0.5,0.5,0.5,0,1,0.0028696666274922,0.0772606292718769,-0.248536438828699,3071729
"7026","syn","int",750,0.05,0.01,0.001,6,6,0.5,0.5,0.75,0,1,0.00320120297840415,0.101606384502939,-0.180581275236117,619795
"7027","syn","int",750,0.05,0.01,0.001,6,6,0.5,0.5,1,0,1,0.000795554181018451,0.0580605990166501,-0.387174019615647,247356
"7028","syn","int",750,0.05,0.01,0.001,6,6,0.75,0.75,0.5,0,1,0.00316304337528225,0.0852005329502557,-0.210888060459793,63331
"7029","syn","int",750,0.05,0.01,0.001,6,6,1,1,0.5,0,1,0.00333518049121581,0.0901132250879669,-0.181891193327038,57205
"7030","syn","int",750,0.05,0.01,0.001,6,6.5,0.5,0.5,0.5,0,1,0.00249713471921098,0.0678861360665346,-0.203397873974314,258753
"7031","syn","int",750,0.05,0.01,0.001,6,7,0.5,0.5,0.5,0,1,0.0024344220870379,0.0648551070241823,-0.184854219001375,42740
"7032","syn","int",750,0.05,0.01,0.001,6.5,6,0.5,0.5,0.5,0,1,0.00621497863111176,0.195579671734276,-0.207535031318479,328281
"7033","syn","int",750,0.05,0.01,0.001,7,6,0.5,0.5,0.5,0,1,0.00792727432060058,0.321195662258309,-0.173143257215183,205402
"7034","syn","int",750,0.05,0.01,0.005,6,5.5,0.5,0.5,0.5,0,1,0.00351330720822293,0.125876046304538,-0.312546047321289,494033
"7035","syn","int",750,0.05,0.01,0.005,6,6,0.5,0.5,0.5,0,1,0.00281212509127508,0.0875242535682636,-0.220155889178869,771021
"7036","syn","int",750,0.05,0.01,0.005,6,6.5,0.5,0.5,0.5,0,1,0.00258525050827269,0.0698113741289171,-0.19420984652092,292166
"7037","syn","int",750,0.05,0.01,0.005,6,7,0.5,0.5,0.5,0,1,0.00256560999685916,0.0644646119774727,-0.184113600978845,44574
"7038","syn","int",750,0.05,0.01,0.01,6,6.5,0.5,0.5,0.5,0,1,0.00256473635173474,0.0689916130068758,-0.190896091734032,333797
"7039","syn","int",750,0.05,0.01,0.01,6,7,0.5,0.5,0.5,0,1,0.00266904113143895,0.0660268993236917,-0.182613551264179,46242
"7040","syn","int",750,0.05,1,0.001,6,6,0.5,0.5,0.5,0,1,0.00238990583842201,0.0778864019420836,-0.300161854623933,890703
"7041","syn","int",750,0.05,1,0.001,6,6,0.5,0.5,0.75,0,1,0.00334625407560123,0.0997501092410488,-0.244408997004065,744062
"7042","syn","int",750,0.05,1,0.001,6,6,0.5,0.5,1,0,1,0.00290374734699721,0.111498935730903,-0.240926425389627,642668
"7043","syn","int",750,0.05,5,0.001,6,6,0.5,0.5,0.5,0,1,0.00148959355121996,0.0737377327876724,-0.369604553375251,1099991
"7044","syn","int",750,0.05,5,0.001,6,6,0.5,0.5,0.75,0,1,0.00230812203867333,0.0882499359000869,-0.341843635145009,468540
"7045","syn","int",750,0.05,5,0.001,6,6,0.5,0.5,1,0,1,0.0012365208831388,0.0665359922000067,-0.351048453398095,511992
"7046","syn","int",750,0.1,0.01,0.001,6,6,0.5,0.5,0.5,0,1,0.00360841226952898,0.0828988274755161,-0.186722469794367,646936
"7047","syn","int",750,0.2,0.01,0.001,6,6,0.5,0.5,0.5,0,1,0.00402712881862603,0.0873992277223673,-0.14360507352245,865069
"7048","syn","int",750,0.5,0.01,0.001,6,6,0.5,0.5,0.5,0,1,0.00431526985430167,0.0922051331141334,-0.102485697078732,830689
"7049","syn","int",1000,0,0.01,0.001,6,6,0.5,0.5,0.5,0,1,0.00049855056932351,0.0456297832770257,-0.364870664130677,37325
"7050","syn","int",1000,0.01,0.01,0.001,6,6,0.5,0.5,0.5,0,1,0.000768080873004391,0.0490724496313174,-0.347071008422951,781027
"7051","syn","int",1000,0.05,0.01,0,6,5,0.5,0.5,0.5,0,1,0.00116319706029555,0.043637277148424,-0.0816345188621837,379630
"7052","syn","int",1000,0.05,0.01,0,6,6.5,0.5,0.5,0.5,0,1,0.00222441148578082,0.0503081031665653,-0.166166917946927,499818
"7053","syn","int",1000,0.05,0.01,0,6,7,0.5,0.5,0.5,0,1,0.00223666206008746,0.0508566862735658,-0.164748100068034,52823
"7054","syn","int",1000,0.05,0.01,1e-04,6,5,0.5,0.5,0.5,0,1,0.00219964947965813,0.0470230779310253,-0.187803899396239,1103217
"7055","syn","int",1000,0.05,0.01,1e-04,6,6,0.5,0.5,0.5,0,1,0.002356054493301,0.0510801480626614,-0.187249468933428,1118376
"7056","syn","int",1000,0.05,0.01,1e-04,6,6.5,0.5,0.5,0.5,0,1,0.00235755500707341,0.0514865370280748,-0.176516272664755,398676
"7057","syn","int",1000,0.05,0.01,1e-04,6,7,0.5,0.5,0.5,0,1,0.00239541315752447,0.0511166071544305,-0.16852530584981,49751
"7058","syn","int",1000,0.05,0.01,5e-04,6,5.5,0.5,0.5,0.5,0,1,0.00256485691863489,0.0607776878900483,-0.269073152318517,1155741
"7059","syn","int",1000,0.05,0.01,5e-04,6,6,0.5,0.5,0.5,0,1,0.00237409435560286,0.0561437087610265,-0.230616441014716,994154
"7060","syn","int",1000,0.05,0.01,5e-04,6,6.5,0.5,0.5,0.5,0,1,0.00230020755647487,0.0522650053933321,-0.190612370490947,281851
"7061","syn","int",1000,0.05,0.01,5e-04,6,7,0.5,0.5,0.5,0,1,0.0023023286425426,0.0512357860476304,-0.174570527342904,41784
"7062","syn","int",1000,0.05,0.01,0.001,5,6,0.5,0.5,0.5,0,1,1.63085243584395e-05,0.0138978284450484,-0.224319295114005,2099724
"7063","syn","int",1000,0.05,0.01,0.001,6,6,0,0,0.5,0,1,0.000282085373210515,0.0346586479847844,-0.304397172468104,1723960
"7064","syn","int",1000,0.05,0.01,0.001,6,6,0.25,0.25,0.5,0,1,0.00167261301111231,0.0520457420457988,-0.278947013844871,166842
"7065","syn","int",1000,0.05,0.01,0.001,6,6,0.5,0.5,0.5,0,1,0.00235316184464579,0.0597516296655266,-0.236136197072168,2939708
"7066","syn","int",1000,0.05,0.01,0.001,6,6,0.5,0.5,0.75,0,1,0.00264746654489816,0.0807314869779787,-0.17157676238978,586906
"7067","syn","int",1000,0.05,0.01,0.001,6,6,0.5,0.5,1,0,1,0.000423307590328487,0.0458130657035725,-0.373679299890906,237605
"7068","syn","int",1000,0.05,0.01,0.001,6,6,0.75,0.75,0.5,0,1,0.00296787029969135,0.0659799359225709,-0.196203899718076,60262
"7069","syn","int",1000,0.05,0.01,0.001,6,6,1,1,0.5,0,1,0.00315488858655685,0.0684822720549554,-0.16551707141619,54392
"7070","syn","int",1000,0.05,0.01,0.001,6,6.5,0.5,0.5,0.5,0,1,0.00214746430507862,0.0533665574635409,-0.19021139849153,248985
"7071","syn","int",1000,0.05,0.01,0.001,6,7,0.5,0.5,0.5,0,1,0.00219557193782283,0.0524190672265909,-0.17403234439171,41237
"7072","syn","int",1000,0.05,0.01,0.001,6.5,6,0.5,0.5,0.5,0,1,0.00538647018946016,0.156166914683141,-0.209117797561701,308297
"7073","syn","int",1000,0.05,0.01,0.001,7,6,0.5,0.5,0.5,0,1,0.00762774872644375,0.289413923716693,-0.175807859413263,192571
"7074","syn","int",1000,0.05,0.01,0.005,6,5.5,0.5,0.5,0.5,0,1,0.00285934861278649,0.0974784264629312,-0.309014738863252,463411
"7075","syn","int",1000,0.05,0.01,0.005,6,6,0.5,0.5,0.5,0,1,0.00225539519630724,0.0666549804190279,-0.209228364251184,733977
"7076","syn","int",1000,0.05,0.01,0.005,6,6.5,0.5,0.5,0.5,0,1,0.00217927840181999,0.0543176403697674,-0.18158795098699,281320
"7077","syn","int",1000,0.05,0.01,0.005,6,7,0.5,0.5,0.5,0,1,0.00224718912490965,0.052042688267025,-0.168821808522626,42887
"7078","syn","int",1000,0.05,0.01,0.01,6,6.5,0.5,0.5,0.5,0,1,0.00223378599750554,0.0550215397821731,-0.179446245717498,322314
"7079","syn","int",1000,0.05,0.01,0.01,6,7,0.5,0.5,0.5,0,1,0.00234824478604819,0.053105515240852,-0.173423814046086,44496
"7080","syn","int",1000,0.05,1,0.001,6,6,0.5,0.5,0.5,0,1,0.00192909034461347,0.0621953709798897,-0.289040260609163,853565
"7081","syn","int",1000,0.05,1,0.001,6,6,0.5,0.5,0.75,0,1,0.00281718374378784,0.0804092538216174,-0.234407936002824,704666
"7082","syn","int",1000,0.05,1,0.001,6,6,0.5,0.5,1,0,1,0.00220062927492058,0.0851320210675945,-0.231825211485681,604982
"7083","syn","int",1000,0.05,5,0.001,6,6,0.5,0.5,0.5,0,1,0.00108780981112352,0.0601279289095276,-0.358017517447172,1056087
"7084","syn","int",1000,0.05,5,0.001,6,6,0.5,0.5,0.75,0,1,0.00185503851127102,0.073328188880767,-0.333111796020276,446233
"7085","syn","int",1000,0.05,5,0.001,6,6,0.5,0.5,1,0,1,0.000762840617440104,0.0507893181733135,-0.339609291256105,488598
"7086","syn","int",1000,0.1,0.01,0.001,6,6,0.5,0.5,0.5,0,1,0.0031710760561561,0.0644932812784443,-0.173893722894598,619345
"7087","syn","int",1000,0.2,0.01,0.001,6,6,0.5,0.5,0.5,0,1,0.00361114272206933,0.0680318537763324,-0.130052909796843,829178
"7088","syn","int",1000,0.5,0.01,0.001,6,6,0.5,0.5,0.5,0,1,0.00391619401153902,0.0725658648218867,-0.0909780335702356,794695
"7089","syn","int",1500,0,0.01,0.001,6,6,0.5,0.5,0.5,0,1,0.000191492998384846,0.0360466668840279,-0.356025126959184,63771
"7090","syn","int",1500,0.01,0.01,0.001,6,6,0.5,0.5,0.5,0,1,0.000487557518769283,0.0383997394061301,-0.330512145582317,1329566
"7091","syn","int",1500,0.05,0.01,0,6,5,0.5,0.5,0.5,0,1,0.0010333959807632,0.0353848218807046,-0.0770195981628374,659777
"7092","syn","int",1500,0.05,0.01,0,6,6.5,0.5,0.5,0.5,0,1,0.00194252557702534,0.0410565122154155,-0.154789413823147,863177
"7093","syn","int",1500,0.05,0.01,0,6,7,0.5,0.5,0.5,0,1,0.00198350274166786,0.0410361540935591,-0.155109255011485,91003
"7094","syn","int",1500,0.05,0.01,1e-04,6,5,0.5,0.5,0.5,0,1,0.00195322809684369,0.0385360217489796,-0.177574804707393,1909097
"7095","syn","int",1500,0.05,0.01,1e-04,6,6,0.5,0.5,0.5,0,1,0.00205859753355945,0.0412675220366467,-0.174408017829857,1923825
"7096","syn","int",1500,0.05,0.01,1e-04,6,6.5,0.5,0.5,0.5,0,1,0.00205610596953587,0.0413072204674212,-0.164195814848066,688613
"7097","syn","int",1500,0.05,0.01,1e-04,6,7,0.5,0.5,0.5,0,1,0.00196499097070757,0.0406513885761723,-0.162419263865171,85278
"7098","syn","int",1500,0.05,0.01,5e-04,6,5.5,0.5,0.5,0.5,0,1,0.00215917123708155,0.0483646465963618,-0.254467006108561,1967728
"7099","syn","int",1500,0.05,0.01,5e-04,6,6,0.5,0.5,0.5,0,1,0.00205117512421147,0.044826570647837,-0.216331629610016,1701735
"7100","syn","int",1500,0.05,0.01,5e-04,6,6.5,0.5,0.5,0.5,0,1,0.00199591093092362,0.0424156531983878,-0.179140981727615,484927
"7101","syn","int",1500,0.05,0.01,5e-04,6,7,0.5,0.5,0.5,0,1,0.00197320173141077,0.041742952894926,-0.161920379332752,72542
"7102","syn","int",1500,0.05,0.01,0.001,5,6,0.5,0.5,0.5,0,1,1.30810147209165e-05,0.0127212052893439,-0.216548570980948,3623144
"7103","syn","int",1500,0.05,0.01,0.001,6,6,0,0,0.5,0,1,0.000181902132166012,0.0288487981527128,-0.287052743944034,2977301
"7104","syn","int",1500,0.05,0.01,0.001,6,6,0.25,0.25,0.5,0,1,0.00131972012766107,0.0414100466839448,-0.264048569133578,285130
"7105","syn","int",1500,0.05,0.01,0.001,6,6,0.5,0.5,0.5,0,1,0.00195508045430433,0.0472141488329109,-0.222381698141974,5005015
"7106","syn","int",1500,0.05,0.01,0.001,6,6,0.5,0.5,0.75,0,1,0.00211797116027824,0.0634659628246085,-0.15980379864943,994115
"7107","syn","int",1500,0.05,0.01,0.001,6,6,0.5,0.5,1,0,1,0.000345217670344314,0.0363774827733934,-0.349677102370004,408232
"7108","syn","int",1500,0.05,0.01,0.001,6,6,0.75,0.75,0.5,0,1,0.00217262346925707,0.0499287228857642,-0.191099142732563,101503
"7109","syn","int",1500,0.05,0.01,0.001,6,6,1,1,0.5,0,1,0.00257092521520414,0.053377902335346,-0.157019325847301,92238
"7110","syn","int",1500,0.05,0.01,0.001,6,6.5,0.5,0.5,0.5,0,1,0.00194415278093023,0.0432632532087982,-0.17592245388275,427357
"7111","syn","int",1500,0.05,0.01,0.001,6,7,0.5,0.5,0.5,0,1,0.00195152746636771,0.0421208544559204,-0.160729752833747,71360
"7112","syn","int",1500,0.05,0.01,0.001,6.5,6,0.5,0.5,0.5,0,1,0.00470414422724745,0.123291326355614,-0.203858335774147,516019
"7113","syn","int",1500,0.05,0.01,0.001,7,6,0.5,0.5,0.5,0,1,0.00739640398762034,0.252597280356708,-0.17767392662802,321495
"7114","syn","int",1500,0.05,0.01,0.005,6,5.5,0.5,0.5,0.5,0,1,0.00217252749674888,0.0746927643366464,-0.305380880351367,771273
"7115","syn","int",1500,0.05,0.01,0.005,6,6,0.5,0.5,0.5,0,1,0.00190308020586522,0.0513702398326189,-0.19668305529917,1248001
"7116","syn","int",1500,0.05,0.01,0.005,6,6.5,0.5,0.5,0.5,0,1,0.00192956952775275,0.0436489400743911,-0.167705625865501,484979
"7117","syn","int",1500,0.05,0.01,0.005,6,7,0.5,0.5,0.5,0,1,0.00206400298022216,0.0419672695800236,-0.16026611181958,73820
"7118","syn","int",1500,0.05,0.01,0.01,6,6.5,0.5,0.5,0.5,0,1,0.00191827324738289,0.0437014098804377,-0.16704193194705,554428
"7119","syn","int",1500,0.05,0.01,0.01,6,7,0.5,0.5,0.5,0,1,0.00200975660306481,0.0422111337838524,-0.158682479639377,77199
"7120","syn","int",1500,0.05,1,0.001,6,6,0.5,0.5,0.5,0,1,0.00159124126706345,0.0500935081422756,-0.274075728270118,1453692
"7121","syn","int",1500,0.05,1,0.001,6,6,0.5,0.5,0.75,0,1,0.00237151332295708,0.0657205312543461,-0.222841786622754,1190539
"7122","syn","int",1500,0.05,1,0.001,6,6,0.5,0.5,1,0,1,0.0015999923452929,0.0636007650792968,-0.220773295547377,1005917
"7123","syn","int",1500,0.05,5,0.001,6,6,0.5,0.5,0.5,0,1,0.000766134572898267,0.0495764995074853,-0.343940249432275,1806010
"7124","syn","int",1500,0.05,5,0.001,6,6,0.5,0.5,0.75,0,1,0.00142309516017123,0.0608978194233046,-0.32311953221948,763870
"7125","syn","int",1500,0.05,5,0.001,6,6,0.5,0.5,1,0,1,0.000531059935081101,0.0395357543066118,-0.320675062387346,835504
"7126","syn","int",1500,0.1,0.01,0.001,6,6,0.5,0.5,0.5,0,1,0.00281414596519626,0.0512727845250512,-0.160270935157069,1052703
"7127","syn","int",1500,0.2,0.01,0.001,6,6,0.5,0.5,0.5,0,1,0.00327097268932028,0.0543935084787309,-0.117501841895154,1416845
"7128","syn","int",1500,0.5,0.01,0.001,6,6,0.5,0.5,0.5,0,1,0.00357776810475056,0.0589405684611335,-0.0786798392371826,1362322
"7129","syn","int",2000,0,0.01,0.001,6,6,0.5,0.5,0.5,0,1,0.000240935433595109,0.0294489370301624,-0.322909573712938,66087
"7130","syn","int",2000,0.01,0.01,0.001,6,6,0.5,0.5,0.5,0,1,0.000271329013727093,0.0303296518425709,-0.312197985748376,1374508
"7131","syn","int",2000,0.05,0.01,0,6,5,0.5,0.5,0.5,0,1,0.000951092023443334,0.0307015445307135,-0.0717072845293572,693758
"7132","syn","int",2000,0.05,0.01,0,6,6.5,0.5,0.5,0.5,0,1,0.00171109532718533,0.0336368808273048,-0.144434799538343,905985
"7133","syn","int",2000,0.05,0.01,0,6,7,0.5,0.5,0.5,0,1,0.00180494632907674,0.0336536703457293,-0.143798456203959,95303
"7134","syn","int",2000,0.05,0.01,1e-04,6,5,0.5,0.5,0.5,0,1,0.00172591898155115,0.0319686426270463,-0.16870189248764,1993620
"7135","syn","int",2000,0.05,0.01,1e-04,6,6,0.5,0.5,0.5,0,1,0.00182125564024284,0.033774851528387,-0.163461662872146,2009222
"7136","syn","int",2000,0.05,0.01,1e-04,6,6.5,0.5,0.5,0.5,0,1,0.00180163075621984,0.0338248258819849,-0.153517564056818,723652
"7137","syn","int",2000,0.05,0.01,1e-04,6,7,0.5,0.5,0.5,0,1,0.00171454622325571,0.0337440953098065,-0.15100096135704,89879
"7138","syn","int",2000,0.05,0.01,5e-04,6,5.5,0.5,0.5,0.5,0,1,0.00173059851859564,0.0382109573607922,-0.241045569789729,2036311
"7139","syn","int",2000,0.05,0.01,5e-04,6,6,0.5,0.5,0.5,0,1,0.00171100252310205,0.0358418136747841,-0.202290381613493,1768458
"7140","syn","int",2000,0.05,0.01,5e-04,6,6.5,0.5,0.5,0.5,0,1,0.00175347753343725,0.0343382632428202,-0.165659402689586,507443
"7141","syn","int",2000,0.05,0.01,5e-04,6,7,0.5,0.5,0.5,0,1,0.00170822497692206,0.0339920872376576,-0.153628430742183,75830
"7142","syn","int",2000,0.05,0.01,0.001,5,6,0.5,0.5,0.5,0,1,-3.59312379326496e-06,0.0119294818383885,-0.211541931110935,3796919
"7143","syn","int",2000,0.05,0.01,0.001,6,6,0,0,0.5,0,1,0.00012449416239378,0.0243237537360275,-0.270883705602747,3115575
"7144","syn","int",2000,0.05,0.01,0.001,6,6,0.25,0.25,0.5,0,1,0.00103844437478724,0.0334048024482513,-0.250144086840462,296691
"7145","syn","int",2000,0.05,0.01,0.001,6,6,0.5,0.5,0.5,0,1,0.00160382722179508,0.0372750095430483,-0.208769708459479,5177829
"7146","syn","int",2000,0.05,0.01,0.001,6,6,0.5,0.5,0.75,0,1,0.00161567856653553,0.0494682054926779,-0.148947956388936,1021860
"7147","syn","int",2000,0.05,0.01,0.001,6,6,0.5,0.5,1,0,1,0.000174691077561955,0.0289963533076136,-0.331820540571785,424783
"7148","syn","int",2000,0.05,0.01,0.001,6,6,0.75,0.75,0.5,0,1,0.00204137832209251,0.03919038542829,-0.173705796527768,104678
"7149","syn","int",2000,0.05,0.01,0.001,6,6,1,1,0.5,0,1,0.00232780366964773,0.0413581560131107,-0.14307132732646,95268
"7150","syn","int",2000,0.05,0.01,0.001,6,6.5,0.5,0.5,0.5,0,1,0.00162511098953335,0.0347449538437814,-0.165069564083126,445988
"7151","syn","int",2000,0.05,0.01,0.001,6,7,0.5,0.5,0.5,0,1,0.00169015734265734,0.034192528736843,-0.152815735932387,74360
"7152","syn","int",2000,0.05,0.01,0.001,6.5,6,0.5,0.5,0.5,0,1,0.00404394552829532,0.0962603588143427,-0.196882432011746,528568
"7153","syn","int",2000,0.05,0.01,0.001,7,6,0.5,0.5,0.5,0,1,0.0066536864359836,0.213240561524465,-0.182123127941147,324948
"7154","syn","int",2000,0.05,0.01,0.005,6,5.5,0.5,0.5,0.5,0,1,0.00154500773287051,0.0559576884330227,-0.295509935212502,783021
"7155","syn","int",2000,0.05,0.01,0.005,6,6,0.5,0.5,0.5,0,1,0.00152328443540199,0.0399227252185145,-0.184695306862147,1291193
"7156","syn","int",2000,0.05,0.01,0.005,6,6.5,0.5,0.5,0.5,0,1,0.00170194186094843,0.0354100879620938,-0.154506422230156,505237
"7157","syn","int",2000,0.05,0.01,0.005,6,7,0.5,0.5,0.5,0,1,0.00164646465945029,0.0334667976842175,-0.151402022331503,77786
"7158","syn","int",2000,0.05,0.01,0.01,6,6.5,0.5,0.5,0.5,0,1,0.00164202280773726,0.0350636766296768,-0.155643925811156,580154
"7159","syn","int",2000,0.05,0.01,0.01,6,7,0.5,0.5,0.5,0,1,0.00184185968194575,0.0343219253767799,-0.143229900609782,80175
"7160","syn","int",2000,0.05,1,0.001,6,6,0.5,0.5,0.5,0,1,0.00128801497479934,0.0407148846191594,-0.260024266254791,1504127
"7161","syn","int",2000,0.05,1,0.001,6,6,0.5,0.5,0.75,0,1,0.00194946049294529,0.0532869666044964,-0.209755150223468,1220744
"7162","syn","int",2000,0.05,1,0.001,6,6,0.5,0.5,1,0,1,0.00108579018736452,0.0461614316046108,-0.206407278826061,1010330
"7163","syn","int",2000,0.05,5,0.001,6,6,0.5,0.5,0.5,0,1,0.000603584657906675,0.0412931293370672,-0.327302840898134,1880291
"7164","syn","int",2000,0.05,5,0.001,6,6,0.5,0.5,0.75,0,1,0.0011511728464807,0.050830987977852,-0.308265138916675,787699
"7165","syn","int",2000,0.05,5,0.001,6,6,0.5,0.5,1,0,1,0.000264196111299674,0.0307845047306451,-0.305498705479895,866202
"7166","syn","int",2000,0.1,0.01,0.001,6,6,0.5,0.5,0.5,0,1,0.0024441820974806,0.0410778683905001,-0.148694728016836,1092997
"7167","syn","int",2000,0.2,0.01,0.001,6,6,0.5,0.5,0.5,0,1,0.00293704596554536,0.0446441399127522,-0.105386486875199,1472603
"7168","syn","int",2000,0.5,0.01,0.001,6,6,0.5,0.5,0.5,0,1,0.00335628840561118,0.0493305192887559,-0.0671723119897894,1418738
"7169","syn","int",2500,0,0.01,0.001,6,6,0.5,0.5,0.5,0,1,0.000162173100871731,0.0264087186328868,-0.317510824380282,12848
"7170","syn","int",2500,0.01,0.01,0.001,6,6,0.5,0.5,0.5,0,1,0.000217749944050161,0.0270186083554476,-0.302308609890358,263629
"7171","syn","int",2500,0.05,0.01,0,6,5,0.5,0.5,0.5,0,1,0.000953757068740917,0.0282999454827822,-0.067688357885826,132803
"7172","syn","int",2500,0.05,0.01,0,6,6.5,0.5,0.5,0.5,0,1,0.00153554571849069,0.0302019985664633,-0.141388292073364,174623
"7173","syn","int",2500,0.05,0.01,0,6,7,0.5,0.5,0.5,0,1,0.00173731220528567,0.0311640798833547,-0.135708831918317,18238
"7174","syn","int",2500,0.05,0.01,1e-04,6,5,0.5,0.5,0.5,0,1,0.00159271672196365,0.0289336888050326,-0.166403091176341,383083
"7175","syn","int",2500,0.05,0.01,1e-04,6,6,0.5,0.5,0.5,0,1,0.00164764716370242,0.0303144182272341,-0.160010707238466,387001
"7176","syn","int",2500,0.05,0.01,1e-04,6,6.5,0.5,0.5,0.5,0,1,0.00169352558685782,0.0306298095026028,-0.147186020715627,139642
"7177","syn","int",2500,0.05,0.01,1e-04,6,7,0.5,0.5,0.5,0,1,0.00171183323814963,0.0301877338495119,-0.140777774298555,17510
"7178","syn","int",2500,0.05,0.01,5e-04,6,5.5,0.5,0.5,0.5,0,1,0.00155906204828402,0.034009651523569,-0.233059710145202,389487
"7179","syn","int",2500,0.05,0.01,5e-04,6,6,0.5,0.5,0.5,0,1,0.00161160135013422,0.031976596156176,-0.195503065739296,338633
"7180","syn","int",2500,0.05,0.01,5e-04,6,6.5,0.5,0.5,0.5,0,1,0.00159327348292523,0.0307882629100769,-0.159177368716664,97688
"7181","syn","int",2500,0.05,0.01,5e-04,6,7,0.5,0.5,0.5,0,1,0.00161119924072944,0.0306615820116009,-0.148587772254049,14751
"7182","syn","int",2500,0.05,0.01,0.001,5,6,0.5,0.5,0.5,0,1,-8.26038900294878e-06,0.0116174458978891,-0.209303174955049,730123
"7183","syn","int",2500,0.05,0.01,0.001,6,6,0,0,0.5,0,1,7.56586875753197e-05,0.022300209089731,-0.262329161549713,599943
"7184","syn","int",2500,0.05,0.01,0.001,6,6,0.25,0.25,0.5,0,1,0.000776102727032036,0.0301250875151519,-0.24265186107315,56655
"7185","syn","int",2500,0.05,0.01,0.001,6,6,0.5,0.5,0.5,0,1,0.00145496267717011,0.0331818563668495,-0.201674978428671,992690
"7186","syn","int",2500,0.05,0.01,0.001,6,6,0.5,0.5,0.75,0,1,0.00131736184325005,0.0425953447516362,-0.142468274739162,195394
"7187","syn","int",2500,0.05,0.01,0.001,6,6,0.5,0.5,1,0,1,0.000157120046804724,0.0262343164407531,-0.320425728596556,82043
"7188","syn","int",2500,0.05,0.01,0.001,6,6,0.75,0.75,0.5,0,1,0.00187627839487641,0.0345089508889285,-0.168817821982154,19986
"7189","syn","int",2500,0.05,0.01,0.001,6,6,1,1,0.5,0,1,0.00204197610939949,0.0371468345506757,-0.137931301063302,18501
"7190","syn","int",2500,0.05,0.01,0.001,6,6.5,0.5,0.5,0.5,0,1,0.00152221494102228,0.0314085441534955,-0.160732229595254,85456
"7191","syn","int",2500,0.05,0.01,0.001,6,7,0.5,0.5,0.5,0,1,0.00144694939959742,0.030940083295605,-0.15430476654735,14407
"7192","syn","int",2500,0.05,0.01,0.001,6.5,6,0.5,0.5,0.5,0,1,0.00369068584423875,0.0835641053221535,-0.192748250088722,100256
"7193","syn","int",2500,0.05,0.01,0.001,7,6,0.5,0.5,0.5,0,1,0.00625369906262205,0.19150907745455,-0.186560996848167,61448
"7194","syn","int",2500,0.05,0.01,0.005,6,5.5,0.5,0.5,0.5,0,1,0.00122089083051737,0.0480511266797144,-0.291880099568555,148558
"7195","syn","int",2500,0.05,0.01,0.005,6,6,0.5,0.5,0.5,0,1,0.00136041536805123,0.0350859997534035,-0.179338860266921,247058
"7196","syn","int",2500,0.05,0.01,0.005,6,6.5,0.5,0.5,0.5,0,1,0.00147180346404893,0.0316052007495577,-0.151989696427565,97285
"7197","syn","int",2500,0.05,0.01,0.005,6,7,0.5,0.5,0.5,0,1,0.00182512226167348,0.030840408628109,-0.140204947515018,14927
"7198","syn","int",2500,0.05,0.01,0.01,6,6.5,0.5,0.5,0.5,0,1,0.00155087895349879,0.0318143035978687,-0.151102959477901,111610
"7199","syn","int",2500,0.05,0.01,0.01,6,7,0.5,0.5,0.5,0,1,0.00171175792507205,0.0314688565189599,-0.148717839287153,15615
"7200","syn","int",2500,0.05,1,0.001,6,6,0.5,0.5,0.5,0,1,0.00113378442619253,0.0370135892562937,-0.252636832436938,288189
"7201","syn","int",2500,0.05,1,0.001,6,6,0.5,0.5,0.75,0,1,0.00164252685118249,0.0475996776383106,-0.204926812153282,232392
"7202","syn","int",2500,0.05,1,0.001,6,6,0.5,0.5,1,0,1,0.000851174297713584,0.0394769036213502,-0.199024072220192,189773
"7203","syn","int",2500,0.05,5,0.001,6,6,0.5,0.5,0.5,0,1,0.000529472843671168,0.0375232535517377,-0.317439140308149,361923
"7204","syn","int",2500,0.05,5,0.001,6,6,0.5,0.5,0.75,0,1,0.000933344209460899,0.045868547021272,-0.299870606810812,150176
"7205","syn","int",2500,0.05,5,0.001,6,6,0.5,0.5,1,0,1,0.000202485771829129,0.0270363332015055,-0.295346303158349,165341
"7206","syn","int",2500,0.1,0.01,0.001,6,6,0.5,0.5,0.5,0,1,0.00221536572506139,0.0368222698585288,-0.146321678194356,210527
"7207","syn","int",2500,0.2,0.01,0.001,6,6,0.5,0.5,0.5,0,1,0.0028451948612226,0.0407511844875565,-0.103711584680508,282791
"7208","syn","int",2500,0.5,0.01,0.001,6,6,0.5,0.5,0.5,0,1,0.00319038188440455,0.0451553510842714,-0.0642685274554258,271810
"7209","syn","int",3000,0,0.01,0.001,6,6,0.5,0.5,0.5,0,1,9.44844437204757e-05,0.0236834067915643,-0.311555780099847,61390
"7210","syn","int",3000,0.01,0.01,0.001,6,6,0.5,0.5,0.5,0,1,0.00014565382589603,0.0245989321442519,-0.294059973861738,1260672
"7211","syn","int",3000,0.05,0.01,0,6,5,0.5,0.5,0.5,0,1,0.000861123434560935,0.0259558085253963,-0.0677442349009355,646464
"7212","syn","int",3000,0.05,0.01,0,6,6.5,0.5,0.5,0.5,0,1,0.00152950089676311,0.0281298899386451,-0.135790697927179,843032
"7213","syn","int",3000,0.05,0.01,0,6,7,0.5,0.5,0.5,0,1,0.00146404851971821,0.0280783120619381,-0.141039920843958,88294
"7214","syn","int",3000,0.05,0.01,1e-04,6,5,0.5,0.5,0.5,0,1,0.00146281258309599,0.0270495451091136,-0.163712050014355,1846509
"7215","syn","int",3000,0.05,0.01,1e-04,6,6,0.5,0.5,0.5,0,1,0.00155349497540883,0.0282159197029237,-0.156566640020029,1861644
"7216","syn","int",3000,0.05,0.01,1e-04,6,6.5,0.5,0.5,0.5,0,1,0.00151823516597634,0.0279940820445575,-0.147882923350079,670216
"7217","syn","int",3000,0.05,0.01,1e-04,6,7,0.5,0.5,0.5,0,1,0.00158836732245681,0.028375062507791,-0.141532022105581,83360
"7218","syn","int",3000,0.05,0.01,5e-04,6,5.5,0.5,0.5,0.5,0,1,0.0013711373163876,0.030670838190003,-0.230000022268293,1864934
"7219","syn","int",3000,0.05,0.01,5e-04,6,6,0.5,0.5,0.5,0,1,0.00143029232936299,0.0291976195617428,-0.191946158410205,1628574
"7220","syn","int",3000,0.05,0.01,5e-04,6,6.5,0.5,0.5,0.5,0,1,0.00144137143953198,0.0282898488628493,-0.159587497197249,469215
"7221","syn","int",3000,0.05,0.01,5e-04,6,7,0.5,0.5,0.5,0,1,0.00141575124701494,0.0281086038238405,-0.147983576755511,70769
"7222","syn","int",3000,0.05,0.01,0.001,5,6,0.5,0.5,0.5,0,1,-1.17199333448911e-05,0.0113886124738819,-0.2070591521825,3507008
"7223","syn","int",3000,0.05,0.01,0.001,6,6,0,0,0.5,0,1,6.85174196741199e-05,0.0209353472090652,-0.256577555911621,2873389
"7224","syn","int",3000,0.05,0.01,0.001,6,6,0.25,0.25,0.5,0,1,0.000711804933229517,0.0273114188831015,-0.238272770902137,272276
"7225","syn","int",3000,0.05,0.01,0.001,6,6,0.5,0.5,0.5,0,1,0.00131147269154033,0.0300933070522827,-0.19772055813741,4757079
"7226","syn","int",3000,0.05,0.01,0.001,6,6,0.5,0.5,0.75,0,1,0.00115535147985873,0.0385326472527852,-0.136747542930645,932116
"7227","syn","int",3000,0.05,0.01,0.001,6,6,0.5,0.5,1,0,1,4.64389415507782e-05,0.0238447697224963,-0.315697627002177,395711
"7228","syn","int",3000,0.05,0.01,0.001,6,6,0.75,0.75,0.5,0,1,0.00180186180917488,0.032258339666304,-0.160579283599085,96895
"7229","syn","int",3000,0.05,0.01,0.001,6,6,1,1,0.5,0,1,0.00193088137687959,0.0336412399265463,-0.139554198709469,87386
"7230","syn","int",3000,0.05,0.01,0.001,6,6.5,0.5,0.5,0.5,0,1,0.00139561422364344,0.0285616027229352,-0.155374644660838,414043
"7231","syn","int",3000,0.05,0.01,0.001,6,7,0.5,0.5,0.5,0,1,0.00148066108264259,0.0281895264066431,-0.138740064902163,68887
"7232","syn","int",3000,0.05,0.01,0.001,6.5,6,0.5,0.5,0.5,0,1,0.00343872326589144,0.0751248409248928,-0.188481314955119,479771
"7233","syn","int",3000,0.05,0.01,0.001,7,6,0.5,0.5,0.5,0,1,0.00612637982429422,0.179648435539655,-0.183432363572591,292193
"7234","syn","int",3000,0.05,0.01,0.005,6,5.5,0.5,0.5,0.5,0,1,0.0010816321835816,0.0424179987292302,-0.281778518609124,704210
"7235","syn","int",3000,0.05,0.01,0.005,6,6,0.5,0.5,0.5,0,1,0.00128417278102309,0.0317142032893192,-0.173386033895012,1183417
"7236","syn","int",3000,0.05,0.01,0.005,6,6.5,0.5,0.5,0.5,0,1,0.0013897180876164,0.0286982449260404,-0.147124575397307,468337
"7237","syn","int",3000,0.05,0.01,0.005,6,7,0.5,0.5,0.5,0,1,0.00147343138335998,0.0280938950783601,-0.141673264604908,72548
"7238","syn","int",3000,0.05,0.01,0.01,6,6.5,0.5,0.5,0.5,0,1,0.00142235828891979,0.028934353228185,-0.145722440265219,535685
"7239","syn","int",3000,0.05,0.01,0.01,6,7,0.5,0.5,0.5,0,1,0.0014668295177723,0.0282564185294591,-0.140061693093993,74301
"7240","syn","int",3000,0.05,1,0.001,6,6,0.5,0.5,0.5,0,1,0.0010502576253174,0.0337543272148545,-0.247431345170086,1377582
"7241","syn","int",3000,0.05,1,0.001,6,6,0.5,0.5,0.75,0,1,0.00151598697272097,0.0430011929469,-0.199101820124195,1106601
"7242","syn","int",3000,0.05,1,0.001,6,6,0.5,0.5,1,0,1,0.000700002796564477,0.0342234283255586,-0.190103370378062,893954
"7243","syn","int",3000,0.05,5,0.001,6,6,0.5,0.5,0.5,0,1,0.000429636181867603,0.0348833042771211,-0.312006603314668,1736472
"7244","syn","int",3000,0.05,5,0.001,6,6,0.5,0.5,0.75,0,1,0.000942330225828108,0.0431598752045918,-0.293130606969591,719441
"7245","syn","int",3000,0.05,5,0.001,6,6,0.5,0.5,1,0,1,0.00016879108190849,0.0248790162372828,-0.287643286502809,795058
"7246","syn","int",3000,0.1,0.01,0.001,6,6,0.5,0.5,0.5,0,1,0.00214892656105524,0.0340251925447889,-0.139703953269872,1010118
"7247","syn","int",3000,0.2,0.01,0.001,6,6,0.5,0.5,0.5,0,1,0.00267267208056971,0.0377508771585604,-0.0987253422964855,1358724
"7248","syn","int",3000,0.5,0.01,0.001,6,6,0.5,0.5,0.5,0,1,0.00310663730404489,0.04253666678801,-0.0606439750712061,1312099
"7249","syn","int",3500,0,0.01,0.001,6,6,0.5,0.5,0.5,0,1,-2.43887530562347e-05,0.0209802851714284,-0.30363964387672,57260
"7250","syn","int",3500,0.01,0.01,0.001,6,6,0.5,0.5,0.5,0,1,9.73261803455871e-05,0.0216768388740183,-0.281848764155497,1169488
"7251","syn","int",3500,0.05,0.01,0,6,5,0.5,0.5,0.5,0,1,0.000772002313708559,0.0230790468293851,-0.0680722337241641,606818
"7252","syn","int",3500,0.05,0.01,0,6,6.5,0.5,0.5,0.5,0,1,0.0012926397628344,0.0247940730719523,-0.135510056560021,787298
"7253","syn","int",3500,0.05,0.01,0,6,7,0.5,0.5,0.5,0,1,0.00123041920200101,0.0248834076561067,-0.139755386862528,83158
"7254","syn","int",3500,0.05,0.01,1e-04,6,5,0.5,0.5,0.5,0,1,0.00131553900976197,0.0242347230360263,-0.160275379420001,1732028
"7255","syn","int",3500,0.05,0.01,1e-04,6,6,0.5,0.5,0.5,0,1,0.00136805730055516,0.0250083848013839,-0.153730177014896,1741484
"7256","syn","int",3500,0.05,0.01,1e-04,6,6.5,0.5,0.5,0.5,0,1,0.00134148062268044,0.0249651003564306,-0.143155389141134,626196
"7257","syn","int",3500,0.05,0.01,1e-04,6,7,0.5,0.5,0.5,0,1,0.00128500690925841,0.024734276438944,-0.140979123097492,78156
"7258","syn","int",3500,0.05,0.01,5e-04,6,5.5,0.5,0.5,0.5,0,1,0.00116166056060404,0.0265319899463468,-0.221779262384295,1733523
"7259","syn","int",3500,0.05,0.01,5e-04,6,6,0.5,0.5,0.5,0,1,0.00121555273139124,0.0255651956383534,-0.18823058587586,1518640
"7260","syn","int",3500,0.05,0.01,5e-04,6,6.5,0.5,0.5,0.5,0,1,0.00128566645276619,0.0251142333016711,-0.156603592319088,436340
"7261","syn","int",3500,0.05,0.01,5e-04,6,7,0.5,0.5,0.5,0,1,0.00128061021378755,0.0247563682196955,-0.144864020042809,65813
"7262","syn","int",3500,0.05,0.01,0.001,5,6,0.5,0.5,0.5,0,1,-3.45429244404355e-06,0.0111303434061037,-0.204114963839944,3263968
"7263","syn","int",3500,0.05,0.01,0.001,6,6,0,0,0.5,0,1,5.42643480902574e-05,0.0190995258706939,-0.247860426094287,2672847
"7264","syn","int",3500,0.05,0.01,0.001,6,6,0.25,0.25,0.5,0,1,0.000548942120622568,0.0238532716731985,-0.234806412020156,254944
"7265","syn","int",3500,0.05,0.01,0.001,6,6,0.5,0.5,0.5,0,1,0.00109292535375265,0.0262123862920803,-0.192637865278438,4426398
"7266","syn","int",3500,0.05,0.01,0.001,6,6,0.5,0.5,0.75,0,1,0.000866613049766373,0.0322634703584801,-0.130293828759218,862912
"7267","syn","int",3500,0.05,0.01,0.001,6,6,0.5,0.5,1,0,1,5.57936198762066e-05,0.0213456126058924,-0.302375301478682,369648
"7268","syn","int",3500,0.05,0.01,0.001,6,6,0.75,0.75,0.5,0,1,0.00148909240833379,0.0281879012176664,-0.158564863716758,90955
"7269","syn","int",3500,0.05,0.01,0.001,6,6,1,1,0.5,0,1,0.0017096820054194,0.0293140248183237,-0.136055954109644,82297
"7270","syn","int",3500,0.05,0.01,0.001,6,6.5,0.5,0.5,0.5,0,1,0.00120909403033237,0.025174666243631,-0.152370916100549,387375
"7271","syn","int",3500,0.05,0.01,0.001,6,7,0.5,0.5,0.5,0,1,0.00138551727340267,0.0250081649715922,-0.138975609444222,64608
"7272","syn","int",3500,0.05,0.01,0.001,6.5,6,0.5,0.5,0.5,0,1,0.00306082975685965,0.0640207287387615,-0.183293571139487,445504
"7273","syn","int",3500,0.05,0.01,0.001,7,6,0.5,0.5,0.5,0,1,0.00587631746409792,0.158399918782301,-0.179854097415445,268717
"7274","syn","int",3500,0.05,0.01,0.005,6,5.5,0.5,0.5,0.5,0,1,0.000811614300421383,0.0354501151096806,-0.272947944355124,646918
"7275","syn","int",3500,0.05,0.01,0.005,6,6,0.5,0.5,0.5,0,1,0.00109369130578836,0.02752833480147,-0.166891277819918,1104666
"7276","syn","int",3500,0.05,0.01,0.005,6,6.5,0.5,0.5,0.5,0,1,0.00126332390188249,0.0254213606965366,-0.143194505759701,438250
"7277","syn","int",3500,0.05,0.01,0.005,6,7,0.5,0.5,0.5,0,1,0.00135004738354014,0.0250404933002591,-0.14022719804807,67534
"7278","syn","int",3500,0.05,0.01,0.01,6,6.5,0.5,0.5,0.5,0,1,0.00123100139217404,0.0255898290858778,-0.142571608310792,503529
"7279","syn","int",3500,0.05,0.01,0.01,6,7,0.5,0.5,0.5,0,1,0.00131686009857863,0.025771358914922,-0.136689238294142,69792
"7280","syn","int",3500,0.05,1,0.001,6,6,0.5,0.5,0.5,0,1,0.000866813556355636,0.0296416845568283,-0.23931250591486,1279872
"7281","syn","int",3500,0.05,1,0.001,6,6,0.5,0.5,0.75,0,1,0.00127693433124142,0.0371873199383079,-0.190830801034008,1017729
"7282","syn","int",3500,0.05,1,0.001,6,6,0.5,0.5,1,0,1,0.000507233339566587,0.027941841513909,-0.175379385329148,807497
"7283","syn","int",3500,0.05,5,0.001,6,6,0.5,0.5,0.5,0,1,0.000358228964129863,0.0311866817561078,-0.301950003512406,1618533
"7284","syn","int",3500,0.05,5,0.001,6,6,0.5,0.5,0.75,0,1,0.000809152149635407,0.0382822044891888,-0.282819569174008,669788
"7285","syn","int",3500,0.05,5,0.001,6,6,0.5,0.5,1,0,1,0.00014838877893585,0.0219782973307075,-0.275339462501675,740215
"7286","syn","int",3500,0.1,0.01,0.001,6,6,0.5,0.5,0.5,0,1,0.00193900282036187,0.0300138618283643,-0.137348140757167,941014
"7287","syn","int",3500,0.2,0.01,0.001,6,6,0.5,0.5,0.5,0,1,0.00254448557953499,0.0337816499743398,-0.0946996027932369,1270070
"7288","syn","int",3500,0.5,0.01,0.001,6,6,0.5,0.5,0.5,0,1,0.00300669328438022,0.0392395244971778,-0.0569263870456032,1226752
"7289","syn","int",4000,0,0.01,0.001,6,6,0.5,0.5,0.5,0,1,0.000135600391109774,0.0196918335355957,-0.29288474936944,53182
"7290","syn","int",4000,0.01,0.01,0.001,6,6,0.5,0.5,0.5,0,1,6.59750550988088e-05,0.01974075175901,-0.273633280041644,1083508
"7291","syn","int",4000,0.05,0.01,0,6,5,0.5,0.5,0.5,0,1,0.000727849716361554,0.0222331672747148,-0.067894637657385,558810
"7292","syn","int",4000,0.05,0.01,0,6,6.5,0.5,0.5,0.5,0,1,0.00114352251032852,0.022598098691671,-0.13479314962161,734374
"7293","syn","int",4000,0.05,0.01,0,6,7,0.5,0.5,0.5,0,1,0.00118379904182313,0.0227797060687984,-0.135731438633033,77230
"7294","syn","int",4000,0.05,0.01,1e-04,6,5,0.5,0.5,0.5,0,1,0.00113978147049876,0.0217806308383023,-0.158854554710456,1617356
"7295","syn","int",4000,0.05,0.01,1e-04,6,6,0.5,0.5,0.5,0,1,0.00119800935248923,0.0225811669320401,-0.152565245233124,1626305
"7296","syn","int",4000,0.05,0.01,1e-04,6,6.5,0.5,0.5,0.5,0,1,0.00115932659805689,0.0223849388735674,-0.143481512416367,583396
"7297","syn","int",4000,0.05,0.01,1e-04,6,7,0.5,0.5,0.5,0,1,0.00123627759389447,0.0226058965691583,-0.140367335417548,73114
"7298","syn","int",4000,0.05,0.01,5e-04,6,5.5,0.5,0.5,0.5,0,1,0.000973787624613141,0.0235994723167532,-0.219004465895494,1610083
"7299","syn","int",4000,0.05,0.01,5e-04,6,6,0.5,0.5,0.5,0,1,0.00104540474199152,0.0228993453296181,-0.185071253340546,1414469
"7300","syn","int",4000,0.05,0.01,5e-04,6,6.5,0.5,0.5,0.5,0,1,0.00111378610605979,0.0225930299552466,-0.156306242592494,408034
"7301","syn","int",4000,0.05,0.01,5e-04,6,7,0.5,0.5,0.5,0,1,0.00112479246645011,0.022947926896255,-0.143503532066119,60954
"7302","syn","int",4000,0.05,0.01,0.001,5,6,0.5,0.5,0.5,0,1,-4.8735749365795e-06,0.010964441035955,-0.201830024302019,3028988
"7303","syn","int",4000,0.05,0.01,0.001,6,6,0,0,0.5,0,1,5.23113978982141e-05,0.0177760699891306,-0.240181780639134,2470280
"7304","syn","int",4000,0.05,0.01,0.001,6,6,0.25,0.25,0.5,0,1,0.000429719426654468,0.0213998978384337,-0.228092494360144,236088
"7305","syn","int",4000,0.05,0.01,0.001,6,6,0.5,0.5,0.5,0,1,0.000928261787552081,0.0234090688943502,-0.189461093550959,4125284
"7306","syn","int",4000,0.05,0.01,0.001,6,6,0.5,0.5,0.75,0,1,0.000662715161804665,0.0275629735120262,-0.124650957041741,803407
"7307","syn","int",4000,0.05,0.01,0.001,6,6,0.5,0.5,1,0,1,6.88073634238759e-05,0.0196442573092534,-0.293737305013203,344405
"7308","syn","int",4000,0.05,0.01,0.001,6,6,0.75,0.75,0.5,0,1,0.00126349755216503,0.0254095073507817,-0.158454659909883,84156
"7309","syn","int",4000,0.05,0.01,0.001,6,6,1,1,0.5,0,1,0.00147342516045535,0.02644897835638,-0.134708093748476,75722
"7310","syn","int",4000,0.05,0.01,0.001,6,6.5,0.5,0.5,0.5,0,1,0.0010388229786739,0.0227246833994164,-0.150734231553666,361013
"7311","syn","int",4000,0.05,0.01,0.001,6,7,0.5,0.5,0.5,0,1,0.00123517951434294,0.0229186046798447,-0.138655857751166,60413
"7312","syn","int",4000,0.05,0.01,0.001,6.5,6,0.5,0.5,0.5,0,1,0.00277221415196324,0.0555008833554727,-0.17702371593904,414416
"7313","syn","int",4000,0.05,0.01,0.001,7,6,0.5,0.5,0.5,0,1,0.00523648638794361,0.139809666883143,-0.184446269784148,246840
"7314","syn","int",4000,0.05,0.01,0.005,6,5.5,0.5,0.5,0.5,0,1,0.000601368031234814,0.0302510090239928,-0.264523479236167,596770
"7315","syn","int",4000,0.05,0.01,0.005,6,6,0.5,0.5,0.5,0,1,0.000913789670734716,0.0241977770418883,-0.163813187538787,1033665
"7316","syn","int",4000,0.05,0.01,0.005,6,6.5,0.5,0.5,0.5,0,1,0.00107020398679222,0.0230287935801158,-0.144135901434123,408850
"7317","syn","int",4000,0.05,0.01,0.005,6,7,0.5,0.5,0.5,0,1,0.00116850815592156,0.0226631917508692,-0.138917207845261,63083
"7318","syn","int",4000,0.05,0.01,0.01,6,6.5,0.5,0.5,0.5,0,1,0.00107364285090271,0.0230627858122382,-0.143286606270821,469311
"7319","syn","int",4000,0.05,0.01,0.01,6,7,0.5,0.5,0.5,0,1,0.00122024004281018,0.022592981791062,-0.133876432260712,65405
"7320","syn","int",4000,0.05,1,0.001,6,6,0.5,0.5,0.5,0,1,0.000733258120019319,0.0267526849017996,-0.233010662754171,1192608
"7321","syn","int",4000,0.05,1,0.001,6,6,0.5,0.5,0.75,0,1,0.00105209845447398,0.0325700801814213,-0.186317300332559,942527
"7322","syn","int",4000,0.05,1,0.001,6,6,0.5,0.5,1,0,1,0.000313369122456839,0.0239433638568956,-0.169920676468921,737468
"7323","syn","int",4000,0.05,5,0.001,6,6,0.5,0.5,0.5,0,1,0.000290326034594994,0.0283820839422945,-0.293839020937503,1500853
"7324","syn","int",4000,0.05,5,0.001,6,6,0.5,0.5,0.75,0,1,0.000738541616378131,0.0343938918648557,-0.273338828445797,621414
"7325","syn","int",4000,0.05,5,0.001,6,6,0.5,0.5,1,0,1,8.84885891254651e-05,0.0200576861005976,-0.267280580090088,686319
"7326","syn","int",4000,0.1,0.01,0.001,6,6,0.5,0.5,0.5,0,1,0.00175732071224232,0.0269948992751639,-0.134364428869616,875994
"7327","syn","int",4000,0.2,0.01,0.001,6,6,0.5,0.5,0.5,0,1,0.00235676176608546,0.0310355918044064,-0.093031123963341,1185356
"7328","syn","int",4000,0.5,0.01,0.001,6,6,0.5,0.5,0.5,0,1,0.00287414562236509,0.0366586639965201,-0.0550273868491123,1142352
"7329","syn","int",4500,0,0.01,0.001,6,6,0.5,0.5,0.5,0,1,-1.40912634166815e-06,0.0185966271249756,-0.285905340364247,50031
"7330","syn","int",4500,0.01,0.01,0.001,6,6,0.5,0.5,0.5,0,1,1.30113027035479e-05,0.0183588687566739,-0.268313929544103,1004273
"7331","syn","int",4500,0.05,0.01,0,6,5,0.5,0.5,0.5,0,1,0.000608907131127223,0.0198397466741648,-0.0683443732540001,516384
"7332","syn","int",4500,0.05,0.01,0,6,6.5,0.5,0.5,0.5,0,1,0.00100176836935023,0.020606835041726,-0.135914928539169,680005
"7333","syn","int",4500,0.05,0.01,0,6,7,0.5,0.5,0.5,0,1,0.000957515853863853,0.0205153713446932,-0.139042135534716,71276
"7334","syn","int",4500,0.05,0.01,1e-04,6,5,0.5,0.5,0.5,0,1,0.00101355112966071,0.0201687529646953,-0.158387187445811,1500362
"7335","syn","int",4500,0.05,0.01,1e-04,6,6,0.5,0.5,0.5,0,1,0.00104348420446416,0.0208138008108324,-0.154794656426905,1505457
"7336","syn","int",4500,0.05,0.01,1e-04,6,6.5,0.5,0.5,0.5,0,1,0.0010453121480557,0.0206985913791879,-0.143817865090921,541634
"7337","syn","int",4500,0.05,0.01,1e-04,6,7,0.5,0.5,0.5,0,1,0.0011201333709584,0.0208128215966083,-0.138828203189084,67331
"7338","syn","int",4500,0.05,0.01,5e-04,6,5.5,0.5,0.5,0.5,0,1,0.000814502362205775,0.0212960915808017,-0.218112462049802,1498811
"7339","syn","int",4500,0.05,0.01,5e-04,6,6,0.5,0.5,0.5,0,1,0.000900685129406132,0.020859897378774,-0.184907770550428,1311723
"7340","syn","int",4500,0.05,0.01,5e-04,6,6.5,0.5,0.5,0.5,0,1,0.000952674755328075,0.0206100351988706,-0.156466974864752,380203
"7341","syn","int",4500,0.05,0.01,5e-04,6,7,0.5,0.5,0.5,0,1,0.000985323779193206,0.0207015779548581,-0.14859214990125,56520
"7342","syn","int",4500,0.05,0.01,0.001,5,6,0.5,0.5,0.5,0,1,4.66964093743279e-06,0.010843061948527,-0.200042344747388,2790600
"7343","syn","int",4500,0.05,0.01,0.001,6,6,0,0,0.5,0,1,2.48175099088648e-05,0.0167054801515837,-0.23590185923878,2275740
"7344","syn","int",4500,0.05,0.01,0.001,6,6,0.25,0.25,0.5,0,1,0.000399987680177406,0.0194553344555305,-0.227386368625433,219159
"7345","syn","int",4500,0.05,0.01,0.001,6,6,0.5,0.5,0.5,0,1,0.000787902263015508,0.021258291500389,-0.188207202798582,3834618
"7346","syn","int",4500,0.05,0.01,0.001,6,6,0.5,0.5,0.75,0,1,0.000483972402671088,0.0239538118167027,-0.123212053361337,749058
"7347","syn","int",4500,0.05,0.01,0.001,6,6,0.5,0.5,1,0,1,4.12713208361616e-05,0.0182558891891579,-0.286405542417683,319699
"7348","syn","int",4500,0.05,0.01,0.001,6,6,0.75,0.75,0.5,0,1,0.00123200452360758,0.0232490945253902,-0.158452985293405,77814
"7349","syn","int",4500,0.05,0.01,0.001,6,6,1,1,0.5,0,1,0.00153037645856401,0.0240830571774126,-0.127974451943235,70446
"7350","syn","int",4500,0.05,0.01,0.001,6,6.5,0.5,0.5,0.5,0,1,0.000884423777992709,0.0207335413630576,-0.153858618389919,336025
"7351","syn","int",4500,0.05,0.01,0.001,6,7,0.5,0.5,0.5,0,1,0.000934888312970505,0.0209981873596305,-0.14073762072845,56721
"7352","syn","int",4500,0.05,0.01,0.001,6.5,6,0.5,0.5,0.5,0,1,0.00251226874416743,0.0492174573319721,-0.176940931217095,384693
"7353","syn","int",4500,0.05,0.01,0.001,7,6,0.5,0.5,0.5,0,1,0.00494705884941925,0.124708456048845,-0.184749154035261,227207
"7354","syn","int",4500,0.05,0.01,0.005,6,5.5,0.5,0.5,0.5,0,1,0.000468470522186583,0.0266474361628302,-0.258933749340358,559302
"7355","syn","int",4500,0.05,0.01,0.005,6,6,0.5,0.5,0.5,0,1,0.000809395022964943,0.0219711647293156,-0.161271293713942,963425
"7356","syn","int",4500,0.05,0.01,0.005,6,6.5,0.5,0.5,0.5,0,1,0.000959044515170357,0.0210178786489259,-0.144424437583901,379556
"7357","syn","int",4500,0.05,0.01,0.005,6,7,0.5,0.5,0.5,0,1,0.00110850249470303,0.0206705028974774,-0.136917253164416,58524
"7358","syn","int",4500,0.05,0.01,0.01,6,6.5,0.5,0.5,0.5,0,1,0.000970629517005332,0.0211742646851141,-0.142854649572822,434746
"7359","syn","int",4500,0.05,0.01,0.01,6,7,0.5,0.5,0.5,0,1,0.000860019854401059,0.020649567358824,-0.144368874022282,60440
"7360","syn","int",4500,0.05,1,0.001,6,6,0.5,0.5,0.5,0,1,0.00065994391923215,0.0244771879196357,-0.229812615522629,1108758
"7361","syn","int",4500,0.05,1,0.001,6,6,0.5,0.5,0.75,0,1,0.000904089435482213,0.0291170813381491,-0.182987912562532,875402
"7362","syn","int",4500,0.05,1,0.001,6,6,0.5,0.5,1,0,1,0.000218083653965496,0.0210568861371986,-0.162736486481743,676788
"7363","syn","int",4500,0.05,5,0.001,6,6,0.5,0.5,0.5,0,1,0.000269979490440569,0.0263450878363313,-0.285458073625329,1396422
"7364","syn","int",4500,0.05,5,0.001,6,6,0.5,0.5,0.75,0,1,0.000551286706319935,0.0308748169643676,-0.271068714840824,576161
"7365","syn","int",4500,0.05,5,0.001,6,6,0.5,0.5,1,0,1,3.62394207259732e-05,0.0184521695604482,-0.263515886659848,638040
"7366","syn","int",4500,0.1,0.01,0.001,6,6,0.5,0.5,0.5,0,1,0.0015923547276876,0.0248391067191116,-0.135148531905208,815589
"7367","syn","int",4500,0.2,0.01,0.001,6,6,0.5,0.5,0.5,0,1,0.0022258514186002,0.0287540769067283,-0.0934292246416304,1102601
"7368","syn","int",4500,0.5,0.01,0.001,6,6,0.5,0.5,0.5,0,1,0.00276530368294335,0.0347312446920035,-0.0539765259875945,1063280
"7369","syn","int",5000,0,0.01,0.001,6,6,0.5,0.5,0.5,0,1,-0.000109705710387838,0.0174637775388863,-0.283861987393022,46179
"7370","syn","int",5000,0.01,0.01,0.001,6,6,0.5,0.5,0.5,0,1,3.62143076615075e-05,0.0172801557567579,-0.26284655417881,934059
"7371","syn","int",5000,0.05,0.01,0,6,5,0.5,0.5,0.5,0,1,0.000597694813487361,0.0182511370396457,-0.0699618037832964,477662
"7372","syn","int",5000,0.05,0.01,0,6,6.5,0.5,0.5,0.5,0,1,0.00086746937503496,0.0192456842164894,-0.138439050302548,625715
"7373","syn","int",5000,0.05,0.01,0,6,7,0.5,0.5,0.5,0,1,0.000835498001255916,0.0190002104743748,-0.141837898761716,65291
"7374","syn","int",5000,0.05,0.01,1e-04,6,5,0.5,0.5,0.5,0,1,0.000934515124402706,0.0191311156624988,-0.160368713357204,1371393
"7375","syn","int",5000,0.05,0.01,1e-04,6,6,0.5,0.5,0.5,0,1,0.000901598057038565,0.0192481293378967,-0.157515704671729,1391690
"7376","syn","int",5000,0.05,0.01,1e-04,6,6.5,0.5,0.5,0.5,0,1,0.000891580305431292,0.0193051505595552,-0.149408663682004,499163
"7377","syn","int",5000,0.05,0.01,1e-04,6,7,0.5,0.5,0.5,0,1,0.000859751151329078,0.0193967977905219,-0.144423780660281,61885
"7378","syn","int",5000,0.05,0.01,5e-04,6,5.5,0.5,0.5,0.5,0,1,0.000686493427771561,0.0195851320488659,-0.218318636473212,1392374
"7379","syn","int",5000,0.05,0.01,5e-04,6,6,0.5,0.5,0.5,0,1,0.000765948028533677,0.0193631583626402,-0.187140110351813,1214705
"7380","syn","int",5000,0.05,0.01,5e-04,6,6.5,0.5,0.5,0.5,0,1,0.000858025991772593,0.019308726688137,-0.156449157295394,351265
"7381","syn","int",5000,0.05,0.01,5e-04,6,7,0.5,0.5,0.5,0,1,0.000934177311871074,0.0195086463992367,-0.143889702444796,52371
"7382","syn","int",5000,0.05,0.01,0.001,5,6,0.5,0.5,0.5,0,1,-9.14211741655476e-07,0.0107703644600589,-0.199665897518945,2572380
"7383","syn","int",5000,0.05,0.01,0.001,6,6,0,0,0.5,0,1,9.51661048443771e-06,0.0159613723512965,-0.232892882674799,2098825
"7384","syn","int",5000,0.05,0.01,0.001,6,6,0.25,0.25,0.5,0,1,0.000237999656045009,0.0180873062828227,-0.226049720642761,203515
"7385","syn","int",5000,0.05,0.01,0.001,6,6,0.5,0.5,0.5,0,1,0.000672182153449207,0.0196359219246575,-0.188698201142748,3565675
"7386","syn","int",5000,0.05,0.01,0.001,6,6,0.5,0.5,0.75,0,1,0.000336999810435727,0.0211962350796782,-0.125226469318659,701609
"7387","syn","int",5000,0.05,0.01,0.001,6,6,0.5,0.5,1,0,1,3.77951226048506e-05,0.0173293661996048,-0.282138921173648,298520
"7388","syn","int",5000,0.05,0.01,0.001,6,6,0.75,0.75,0.5,0,1,0.0010249563123495,0.021214173218026,-0.157172518348682,72675
"7389","syn","int",5000,0.05,0.01,0.001,6,6,1,1,0.5,0,1,0.00121678824384043,0.0224128438437362,-0.131109338710343,66076
"7390","syn","int",5000,0.05,0.01,0.001,6,6.5,0.5,0.5,0.5,0,1,0.000766027225144315,0.0194226977436937,-0.15454528874831,311991
"7391","syn","int",5000,0.05,0.01,0.001,6,7,0.5,0.5,0.5,0,1,0.000847553259418355,0.0194534995900513,-0.141879010809809,51681
"7392","syn","int",5000,0.05,0.01,0.001,6.5,6,0.5,0.5,0.5,0,1,0.00232886055220886,0.0437139944292851,-0.173821345156385,355409
"7393","syn","int",5000,0.05,0.01,0.001,7,6,0.5,0.5,0.5,0,1,0.00460141236441685,0.113688240045858,-0.18565259717198,208728
"7394","syn","int",5000,0.05,0.01,0.005,6,5.5,0.5,0.5,0.5,0,1,0.00036090184923945,0.023970290623288,-0.252894901916991,521728
"7395","syn","int",5000,0.05,0.01,0.005,6,6,0.5,0.5,0.5,0,1,0.000666144660750104,0.0200567300967648,-0.162613260444456,895903
"7396","syn","int",5000,0.05,0.01,0.005,6,6.5,0.5,0.5,0.5,0,1,0.000804188116642335,0.0195197288372924,-0.147390411111367,351399
"7397","syn","int",5000,0.05,0.01,0.005,6,7,0.5,0.5,0.5,0,1,0.00102667090073598,0.0195804248618545,-0.137114610782602,53534
"7398","syn","int",5000,0.05,0.01,0.01,6,6.5,0.5,0.5,0.5,0,1,0.000844864025095423,0.0196273256128531,-0.145087729570496,402942
"7399","syn","int",5000,0.05,0.01,0.01,6,7,0.5,0.5,0.5,0,1,0.000902620079451066,0.0191725198145517,-0.142370399778194,55380
"7400","syn","int",5000,0.05,1,0.001,6,6,0.5,0.5,0.5,0,1,0.000540691516674643,0.0225339653027682,-0.229300868277827,1032166
"7401","syn","int",5000,0.05,1,0.001,6,6,0.5,0.5,0.75,0,1,0.00075082655307099,0.0261016285714056,-0.183064673542671,816463
"7402","syn","int",5000,0.05,1,0.001,6,6,0.5,0.5,1,0,1,0.000143852062129728,0.0189385342786802,-0.161619968354873,631968
"7403","syn","int",5000,0.05,5,0.001,6,6,0.5,0.5,0.5,0,1,0.000208042922983167,0.0245273860517172,-0.28142225457458,1294691
"7404","syn","int",5000,0.05,5,0.001,6,6,0.5,0.5,0.75,0,1,0.00050120511632772,0.028183968933244,-0.263993039668328,535384
"7405","syn","int",5000,0.05,5,0.001,6,6,0.5,0.5,1,0,1,4.555837691833e-05,0.0175085066583316,-0.25797304495615,593094
"7406","syn","int",5000,0.1,0.01,0.001,6,6,0.5,0.5,0.5,0,1,0.00143504710724843,0.0229086140733272,-0.136995395034738,758482
"7407","syn","int",5000,0.2,0.01,0.001,6,6,0.5,0.5,0.5,0,1,0.00209376114029681,0.0270589609470018,-0.0948447950065,1022190
"7408","syn","int",5000,0.5,0.01,0.001,6,6,0.5,0.5,0.5,0,1,0.00267892586058678,0.0330524807887904,-0.0549696590499641,981772
"7409","syn","int",7500,0,0.01,0.001,6,6,0.5,0.5,0.5,0,1,-2.44048181388757e-05,0.0162409060271248,-0.27491301699892,42340
"7410","syn","int",7500,0.01,0.01,0.001,6,6,0.5,0.5,0.5,0,1,1.57531976179319e-05,0.0164715001368436,-0.260988976758166,874870
"7411","syn","int",7500,0.05,0.01,0,6,5,0.5,0.5,0.5,0,1,0.000520408985779386,0.0176515457325758,-0.070787649125401,436690
"7412","syn","int",7500,0.05,0.01,0,6,6.5,0.5,0.5,0.5,0,1,0.000746928530216165,0.0181069614917242,-0.142829585918686,573683
"7413","syn","int",7500,0.05,0.01,0,6,7,0.5,0.5,0.5,0,1,0.00079655941698478,0.0181404272986156,-0.143537172054704,60513
"7414","syn","int",7500,0.05,0.01,1e-04,6,5,0.5,0.5,0.5,0,1,0.000835045696199716,0.018048521861588,-0.164037903542909,1258748
"7415","syn","int",7500,0.05,0.01,1e-04,6,6,0.5,0.5,0.5,0,1,0.000783510290600654,0.0181959744007273,-0.161807356513953,1272812
"7416","syn","int",7500,0.05,0.01,1e-04,6,6.5,0.5,0.5,0.5,0,1,0.000774848840654457,0.0181340624027556,-0.151556827305974,455645
"7417","syn","int",7500,0.05,0.01,1e-04,6,7,0.5,0.5,0.5,0,1,0.000804461864184354,0.0180051752125306,-0.146919270161906,57151
"7418","syn","int",7500,0.05,0.01,5e-04,6,5.5,0.5,0.5,0.5,0,1,0.000567115587269114,0.0184426671853941,-0.222913226307586,1294364
"7419","syn","int",7500,0.05,0.01,5e-04,6,6,0.5,0.5,0.5,0,1,0.00067487842529108,0.0183216326682362,-0.190544670821934,1129758
"7420","syn","int",7500,0.05,0.01,5e-04,6,6.5,0.5,0.5,0.5,0,1,0.000702725817884659,0.0179589944270101,-0.162743581053708,323059
"7421","syn","int",7500,0.05,0.01,5e-04,6,7,0.5,0.5,0.5,0,1,0.000761493560448691,0.0181965452443608,-0.153909542188649,48140
"7422","syn","int",7500,0.05,0.01,0.001,5,6,0.5,0.5,0.5,0,1,1.39048097780061e-05,0.0107017933108189,-0.200077120287777,2379299
"7423","syn","int",7500,0.05,0.01,0.001,6,6,0,0,0.5,0,1,7.71926590969923e-06,0.0154395451819554,-0.231317491743441,1931479
"7424","syn","int",7500,0.05,0.01,0.001,6,6,0.25,0.25,0.5,0,1,0.000199045296390377,0.017362303453147,-0.228895475829043,187388
"7425","syn","int",7500,0.05,0.01,0.001,6,6,0.5,0.5,0.5,0,1,0.000544835492241651,0.0184031612410913,-0.192723449938667,3316105
"7426","syn","int",7500,0.05,0.01,0.001,6,6,0.5,0.5,0.75,0,1,0.000271395823185582,0.0194061317315394,-0.135060070429867,656960
"7427","syn","int",7500,0.05,0.01,0.001,6,6,0.5,0.5,1,0,1,3.9554516313178e-05,0.0165062209574533,-0.276033325189134,273276
"7428","syn","int",7500,0.05,0.01,0.001,6,6,0.75,0.75,0.5,0,1,0.000900455023788703,0.0197799815275573,-0.169075890035927,67469
"7429","syn","int",7500,0.05,0.01,0.001,6,6,1,1,0.5,0,1,0.00110167829406345,0.0210697972527195,-0.134405466633782,60776
"7430","syn","int",7500,0.05,0.01,0.001,6,6.5,0.5,0.5,0.5,0,1,0.000611983170724889,0.0181310346076193,-0.161031881343196,286168
"7431","syn","int",7500,0.05,0.01,0.001,6,7,0.5,0.5,0.5,0,1,0.000727699450887273,0.0183311258901144,-0.145298413972577,47167
"7432","syn","int",7500,0.05,0.01,0.001,6.5,6,0.5,0.5,0.5,0,1,0.0020851956350737,0.0402223941892894,-0.176145954117722,329261
"7433","syn","int",7500,0.05,0.01,0.001,7,6,0.5,0.5,0.5,0,1,0.00459295264652939,0.105836797922087,-0.177788165450616,192214
"7434","syn","int",7500,0.05,0.01,0.005,6,5.5,0.5,0.5,0.5,0,1,0.000286262787029349,0.0221962465239381,-0.250284489585602,492589
"7435","syn","int",7500,0.05,0.01,0.005,6,6,0.5,0.5,0.5,0,1,0.000562280178909192,0.0188734549745409,-0.164965292412083,832154
"7436","syn","int",7500,0.05,0.01,0.005,6,6.5,0.5,0.5,0.5,0,1,0.000734783335759122,0.018398685769331,-0.150085459498054,322919
"7437","syn","int",7500,0.05,0.01,0.005,6,7,0.5,0.5,0.5,0,1,0.000713735738545078,0.0180952929155163,-0.153996467597653,49171
"7438","syn","int",7500,0.05,0.01,0.01,6,6.5,0.5,0.5,0.5,0,1,0.000727286852762198,0.0183976900895912,-0.147758628382247,369416
"7439","syn","int",7500,0.05,0.01,0.01,6,7,0.5,0.5,0.5,0,1,0.000725443227484044,0.0183222576303229,-0.145274674861078,50764
"7440","syn","int",7500,0.05,1,0.001,6,6,0.5,0.5,0.5,0,1,0.000491084172766898,0.0212300507659144,-0.227353570093585,958980
"7441","syn","int",7500,0.05,1,0.001,6,6,0.5,0.5,0.75,0,1,0.000592858638389403,0.023521725803326,-0.188231780754187,768957
"7442","syn","int",7500,0.05,1,0.001,6,6,0.5,0.5,1,0,1,0.00011794245403181,0.0175204877695848,-0.168302004723992,612380
"7443","syn","int",7500,0.05,5,0.001,6,6,0.5,0.5,0.5,0,1,0.00021539643946744,0.0229882812945465,-0.276728881698848,1197686
"7444","syn","int",7500,0.05,5,0.001,6,6,0.5,0.5,0.75,0,1,0.00040388147863566,0.02599218166498,-0.261884432016746,499758
"7445","syn","int",7500,0.05,5,0.001,6,6,0.5,0.5,1,0,1,2.75076832269735e-05,0.0165835403740278,-0.25508345700823,548923
"7446","syn","int",7500,0.1,0.01,0.001,6,6,0.5,0.5,0.5,0,1,0.00128847939123838,0.0212929473944476,-0.141577047668607,702541
"7447","syn","int",7500,0.2,0.01,0.001,6,6,0.5,0.5,0.5,0,1,0.00200839531487472,0.0255574482033609,-0.0959078532441807,942216
"7448","syn","int",7500,0.5,0.01,0.001,6,6,0.5,0.5,0.5,0,1,0.002664722061986,0.0317392022953794,-0.0556681494468335,904914
"7449","syn","int",10000,0,0.01,0.001,6,6,0.5,0.5,0.5,0,1,3.14945767268847e-06,0.0146629317635385,-0.260162543966106,217212
"7450","syn","int",10000,0.01,0.01,0.001,6,6,0.5,0.5,0.5,0,1,1.72339105432242e-05,0.0147887581516171,-0.256835778231563,4802990
"7451","syn","int",10000,0.05,0.01,0,6,5,0.5,0.5,0.5,0,1,0.000300377446295419,0.0152622266952998,-0.0845138930566892,1959749
"7452","syn","int",10000,0.05,0.01,0,6,6.5,0.5,0.5,0.5,0,1,0.000467082138727987,0.0157047891223648,-0.16367915946247,2740096
"7453","syn","int",10000,0.05,0.01,0,6,7,0.5,0.5,0.5,0,1,0.000431129510027679,0.0158488821634047,-0.166728003943246,288302
"7454","syn","int",10000,0.05,0.01,1e-04,6,5,0.5,0.5,0.5,0,1,0.000477988334019045,0.0157681283728155,-0.186920662880733,6217394
"7455","syn","int",10000,0.05,0.01,1e-04,6,6,0.5,0.5,0.5,0,1,0.000447374758046838,0.0158069200745985,-0.182711780092507,6231578
"7456","syn","int",10000,0.05,0.01,1e-04,6,6.5,0.5,0.5,0.5,0,1,0.000453591794689589,0.0156973941074497,-0.174307342291296,2206571
"7457","syn","int",10000,0.05,0.01,1e-04,6,7,0.5,0.5,0.5,0,1,0.000452547011533156,0.0156365575305854,-0.168939124862866,274773
"7458","syn","int",10000,0.05,0.01,5e-04,6,5.5,0.5,0.5,0.5,0,1,0.000283559801323623,0.0161195024275537,-0.24187402620433,7071198
"7459","syn","int",10000,0.05,0.01,5e-04,6,6,0.5,0.5,0.5,0,1,0.000356033399837434,0.0159412300631403,-0.211610194210977,5940987
"7460","syn","int",10000,0.05,0.01,5e-04,6,6.5,0.5,0.5,0.5,0,1,0.000416893895439545,0.0157727121945728,-0.182976323432894,1618413
"7461","syn","int",10000,0.05,0.01,5e-04,6,7,0.5,0.5,0.5,0,1,0.000415637731521107,0.0157771501845448,-0.173161852456218,233672
"7462","syn","int",10000,0.05,0.01,0.001,5,6,0.5,0.5,0.5,0,1,-3.44763846961372e-06,0.0105442818025999,-0.207103197274691,11945220
"7463","syn","int",10000,0.05,0.01,0.001,6,6,0,0,0.5,0,1,-7.48785768467882e-07,0.0142510771461199,-0.22923622508025,9060669
"7464","syn","int",10000,0.05,0.01,0.001,6,6,0.25,0.25,0.5,0,1,8.22601745817613e-05,0.0156553116988408,-0.239277438468052,979942
"7465","syn","int",10000,0.05,0.01,0.001,6,6,0.5,0.5,0.5,0,1,0.000286395435122494,0.0160812145022674,-0.213136649532163,18017570
"7466","syn","int",10000,0.05,0.01,0.001,6,6,0.5,0.5,0.75,0,1,0.000180924680904636,0.0164638565521964,-0.184999192573071,3701558
"7467","syn","int",10000,0.05,0.01,0.001,6,6,0.5,0.5,1,0,1,9.1787679040492e-06,0.0145705720631601,-0.263735493630324,1372036
"7468","syn","int",10000,0.05,0.01,0.001,6,6,0.75,0.75,0.5,0,1,0.000543372114586105,0.0166780461612674,-0.185633557733333,372087
"7469","syn","int",10000,0.05,0.01,0.001,6,6,1,1,0.5,0,1,0.000729286819357463,0.0172533966239305,-0.15991976184592,336759
"7470","syn","int",10000,0.05,0.01,0.001,6,6.5,0.5,0.5,0.5,0,1,0.000365145030448381,0.0157563919933364,-0.180570653394131,1447696
"7471","syn","int",10000,0.05,0.01,0.001,6,7,0.5,0.5,0.5,0,1,0.00046891259543469,0.0158933604526848,-0.169934241204549,231441
"7472","syn","int",10000,0.05,0.01,0.001,6.5,6,0.5,0.5,0.5,0,1,0.00163165391161372,0.0315889348894855,-0.185838834391773,1732124
"7473","syn","int",10000,0.05,0.01,0.001,7,6,0.5,0.5,0.5,0,1,0.00370213784333881,0.0802913478129255,-0.1815388688277,976732
"7474","syn","int",10000,0.05,0.01,0.005,6,5.5,0.5,0.5,0.5,0,1,0.000152729066072945,0.0182998123244524,-0.248711537329427,2955370
"7475","syn","int",10000,0.05,0.01,0.005,6,6,0.5,0.5,0.5,0,1,0.000316340557924526,0.0161446149306938,-0.182865002865876,4531975
"7476","syn","int",10000,0.05,0.01,0.005,6,6.5,0.5,0.5,0.5,0,1,0.000409296096979977,0.0158458626578623,-0.170913513703794,1603630
"7477","syn","int",10000,0.05,0.01,0.005,6,7,0.5,0.5,0.5,0,1,0.000500002107064144,0.015810162619939,-0.167004227710222,237297
"7478","syn","int",10000,0.05,0.01,0.01,6,6.5,0.5,0.5,0.5,0,1,0.000398697710348102,0.0158904268156871,-0.171370869620578,1820102
"7479","syn","int",10000,0.05,0.01,0.01,6,7,0.5,0.5,0.5,0,1,0.000431673237429874,0.0158812580253787,-0.170135499016366,247054
"7480","syn","int",10000,0.05,1,0.001,6,6,0.5,0.5,0.5,0,1,0.000239042937438177,0.0176269795226611,-0.234917432719572,5263961
"7481","syn","int",10000,0.05,1,0.001,6,6,0.5,0.5,0.75,0,1,0.000317448378613542,0.0185922113738867,-0.212520735718192,4514408
"7482","syn","int",10000,0.05,1,0.001,6,6,0.5,0.5,1,0,1,3.7664263522388e-05,0.0147421679220254,-0.197380171524943,4041372
"7483","syn","int",10000,0.05,5,0.001,6,6,0.5,0.5,0.5,0,1,0.000103104418595418,0.0188141647856174,-0.265935943841033,6297250
"7484","syn","int",10000,0.05,5,0.001,6,6,0.5,0.5,0.75,0,1,0.000219837201680508,0.0199794743556057,-0.253095499239464,2764402
"7485","syn","int",10000,0.05,5,0.001,6,6,0.5,0.5,1,0,1,1.24526694576905e-05,0.0146294979099975,-0.24677718027834,2979313
"7486","syn","int",10000,0.1,0.01,0.001,6,6,0.5,0.5,0.5,0,1,0.000909684141997867,0.018140603298135,-0.162431362462846,3711098
"7487","syn","int",10000,0.2,0.01,0.001,6,6,0.5,0.5,0.5,0,1,0.00164661697905938,0.0215465066833639,-0.113249163102911,4895654
"7488","syn","int",10000,0.5,0.01,0.001,6,6,0.5,0.5,0.5,0,1,0.00238121107505026,0.0275245297568204,-0.0643485575686486,4669884
"7489","syn","rare",15,0,0.01,0.001,6,6,0.5,0.5,0.5,0,1,0.00110701612903226,0.101343454517347,-0.705942301036926,3720
"7490","syn","rare",15,0.01,0.01,0.001,6,6,0.5,0.5,0.5,0,1,0.00130239037439748,0.114088063373713,-0.696798517288877,81117
"7491","syn","rare",15,0.05,0.01,0,6,5,0.5,0.5,0.5,0,1,0.00122096550127344,0.213621076161716,-0.342621382146831,8638
"7492","syn","rare",15,0.05,0.01,0,6,6.5,0.5,0.5,0.5,0,1,0.00261695036529337,0.241301033544757,-0.47947893313553,26554
"7493","syn","rare",15,0.05,0.01,0,6,7,0.5,0.5,0.5,0,1,0.0026105565529623,0.249541985992695,-0.466579357046611,2785
"7494","syn","rare",15,0.05,0.01,1e-04,6,5,0.5,0.5,0.5,0,1,0.00127973451664508,0.133153508759453,-0.540985055816766,52508
"7495","syn","rare",15,0.05,0.01,1e-04,6,6,0.5,0.5,0.5,0,1,0.00238246154745037,0.201207147529881,-0.528794840685085,68461
"7496","syn","rare",15,0.05,0.01,1e-04,6,6.5,0.5,0.5,0.5,0,1,0.00229759554004596,0.22796806125538,-0.505428560842043,23498
"7497","syn","rare",15,0.05,0.01,1e-04,6,7,0.5,0.5,0.5,0,1,0.00272367478510029,0.240232376797291,-0.479008790780677,2792
"7498","syn","rare",15,0.05,0.01,5e-04,6,5.5,0.5,0.5,0.5,0,1,0.00154966022944434,0.115234073630805,-0.655020691334255,163787
"7499","syn","rare",15,0.05,0.01,5e-04,6,6,0.5,0.5,0.5,0,1,0.00197420700922162,0.156323091667318,-0.598763224147227,101609
"7500","syn","rare",15,0.05,0.01,5e-04,6,6.5,0.5,0.5,0.5,0,1,0.00214255047403841,0.196441358805356,-0.546526085123188,20357
"7501","syn","rare",15,0.05,0.01,5e-04,6,7,0.5,0.5,0.5,0,1,0.00228828094683741,0.236259160558394,-0.501483641454534,2577
"7502","syn","rare",15,0.05,0.01,0.001,5,6,0.5,0.5,0.5,0,1,0.00135498322195773,0.104165914907436,-0.68027020584557,104601
"7503","syn","rare",15,0.05,0.01,0.001,6,6,0,0,0.5,0,1,0.00337128705865704,0.233560360705352,-0.497543827500915,28266
"7504","syn","rare",15,0.05,0.01,0.001,6,6,0.25,0.25,0.5,0,1,0.0018846567586695,0.148750980296996,-0.615709757846806,14130
"7505","syn","rare",15,0.05,0.01,0.001,6,6,0.5,0.5,0.5,0,1,0.00176420807343901,0.147256174884596,-0.616722368192695,354471
"7506","syn","rare",15,0.05,0.01,0.001,6,6,0.5,0.5,0.75,0,1,0.00224874593524671,0.192506446920575,-0.516136011901801,70730
"7507","syn","rare",15,0.05,0.01,0.001,6,6,0.5,0.5,1,0,1,0.00131856008646132,0.104813410306147,-0.719052055574273,24057
"7508","syn","rare",15,0.05,0.01,0.001,6,6,0.75,0.75,0.5,0,1,0.00174705651491366,0.155846019767957,-0.602006948218814,7644
"7509","syn","rare",15,0.05,0.01,0.001,6,6,1,1,0.5,0,1,0.001901436988073,0.166049015013935,-0.576591381806796,6959
"7510","syn","rare",15,0.05,0.01,0.001,6,6.5,0.5,0.5,0.5,0,1,0.00205344262295082,0.206086435287773,-0.536160485019511,17995
"7511","syn","rare",15,0.05,0.01,0.001,6,7,0.5,0.5,0.5,0,1,0.00213325396825397,0.214281791647457,-0.522693154080074,2520
"7512","syn","rare",15,0.05,0.01,0.001,6.5,6,0.5,0.5,0.5,0,1,0.00162482868310181,0.132779110656819,-0.625903911111762,59101
"7513","syn","rare",15,0.05,0.01,0.001,7,6,0.5,0.5,0.5,0,1,0.00148925066242713,0.11840507485467,-0.644654903089179,47175
"7514","syn","rare",15,0.05,0.01,0.005,6,5.5,0.5,0.5,0.5,0,1,0.00103138050080846,0.0899495447236396,-0.711230435082203,114415
"7515","syn","rare",15,0.05,0.01,0.005,6,6,0.5,0.5,0.5,0,1,0.0018974191948417,0.190091872048412,-0.562711689392322,60485
"7516","syn","rare",15,0.05,0.01,0.005,6,6.5,0.5,0.5,0.5,0,1,0.00232884683409975,0.233040438197242,-0.491338000359255,16962
"7517","syn","rare",15,0.05,0.01,0.005,6,7,0.5,0.5,0.5,0,1,0.00257751277683135,0.228141358763076,-0.484575663440838,2348
"7518","syn","rare",15,0.05,0.01,0.01,6,6.5,0.5,0.5,0.5,0,1,0.00256783969256108,0.238039986762343,-0.483540787339609,18215
"7519","syn","rare",15,0.05,0.01,0.01,6,7,0.5,0.5,0.5,0,1,0.00234516258530711,0.243665780154523,-0.504272092745484,2491
"7520","syn","rare",15,0.05,1,0.001,6,6,0.5,0.5,0.5,0,1,0.00177855258855586,0.145023670807015,-0.623784913220762,91750
"7521","syn","rare",15,0.05,1,0.001,6,6,0.5,0.5,0.75,0,1,0.00214102993317429,0.181089086910231,-0.549107350273145,75869
"7522","syn","rare",15,0.05,1,0.001,6,6,0.5,0.5,1,0,1,0.00189616183170886,0.182588316920202,-0.554828119297262,69356
"7523","syn","rare",15,0.05,5,0.001,6,6,0.5,0.5,0.5,0,1,0.00162902561604711,0.133951227813328,-0.651965502404471,90334
"7524","syn","rare",15,0.05,5,0.001,6,6,0.5,0.5,0.75,0,1,0.00205317165199322,0.165959730945905,-0.585233014480571,36574
"7525","syn","rare",15,0.05,5,0.001,6,6,0.5,0.5,1,0,1,0.00121929087227295,0.113491853603973,-0.694221744418248,52346
"7526","syn","rare",15,0.1,0.01,0.001,6,6,0.5,0.5,0.5,0,1,0.00195127638745953,0.159906101195324,-0.585327265300822,79678
"7527","syn","rare",15,0.2,0.01,0.001,6,6,0.5,0.5,0.5,0,1,0.00211072874493927,0.170142179630262,-0.554685723856871,109668
"7528","syn","rare",15,0.5,0.01,0.001,6,6,0.5,0.5,0.5,0,1,0.00219320120677651,0.183101473562494,-0.53535325576183,107725
"7529","syn","rare",50,0,0.01,0.001,6,6,0.5,0.5,0.5,0,1,0.000916226818830244,0.0926224328998617,-0.731711248462975,5608
"7530","syn","rare",50,0.01,0.01,0.001,6,6,0.5,0.5,0.5,0,1,0.00132363055474876,0.106796731083418,-0.696406255271368,120505
"7531","syn","rare",50,0.05,0.01,0,6,5,0.5,0.5,0.5,0,1,0.00126016106500123,0.176542249987042,-0.353378752915579,12169
"7532","syn","rare",50,0.05,0.01,0,6,6.5,0.5,0.5,0.5,0,1,0.00231194286160331,0.194875545597346,-0.514106147870173,38433
"7533","syn","rare",50,0.05,0.01,0,6,7,0.5,0.5,0.5,0,1,0.00225191879178014,0.197496282656344,-0.524120909484847,4039
"7534","syn","rare",50,0.05,0.01,1e-04,6,5,0.5,0.5,0.5,0,1,0.00135405221717832,0.120561476585247,-0.540067282748724,77982
"7535","syn","rare",50,0.05,0.01,1e-04,6,6,0.5,0.5,0.5,0,1,0.00220237137539773,0.172119221331128,-0.55220360856415,99942
"7536","syn","rare",50,0.05,0.01,1e-04,6,6.5,0.5,0.5,0.5,0,1,0.00254710025475798,0.191166754028069,-0.520079689374444,33365
"7537","syn","rare",50,0.05,0.01,1e-04,6,7,0.5,0.5,0.5,0,1,0.00256329866270431,0.18865205399676,-0.515026393863261,4038
"7538","syn","rare",50,0.05,0.01,5e-04,6,5.5,0.5,0.5,0.5,0,1,0.00145860853959224,0.106702127844921,-0.664884879516045,242939
"7539","syn","rare",50,0.05,0.01,5e-04,6,6,0.5,0.5,0.5,0,1,0.00185019969298449,0.140756482034305,-0.609179771553371,150481
"7540","syn","rare",50,0.05,0.01,5e-04,6,6.5,0.5,0.5,0.5,0,1,0.00200783982713215,0.171236720606171,-0.571668011297518,29618
"7541","syn","rare",50,0.05,0.01,5e-04,6,7,0.5,0.5,0.5,0,1,0.00184809457579972,0.189196757339838,-0.537888353024257,3595
"7542","syn","rare",50,0.05,0.01,0.001,5,6,0.5,0.5,0.5,0,1,0.000891366583771447,0.0602585304886871,-0.721283999145416,151597
"7543","syn","rare",50,0.05,0.01,0.001,6,6,0,0,0.5,0,1,0.00306474085175471,0.17656483511869,-0.551215426745563,40035
"7544","syn","rare",50,0.05,0.01,0.001,6,6,0.25,0.25,0.5,0,1,0.00162197866149369,0.129313116344851,-0.640505450966744,20620
"7545","syn","rare",50,0.05,0.01,0.001,6,6,0.5,0.5,0.5,0,1,0.00170344561157173,0.132907928863001,-0.626842391190518,524174
"7546","syn","rare",50,0.05,0.01,0.001,6,6,0.5,0.5,0.75,0,1,0.0021197626095867,0.17444006107194,-0.53170977161873,105396
"7547","syn","rare",50,0.05,0.01,0.001,6,6,0.5,0.5,1,0,1,0.00119335810101812,0.0962920226983068,-0.724779080881036,35261
"7548","syn","rare",50,0.05,0.01,0.001,6,6,0.75,0.75,0.5,0,1,0.00168607074067589,0.133358516088582,-0.619818582522857,11422
"7549","syn","rare",50,0.05,0.01,0.001,6,6,1,1,0.5,0,1,0.00157610762502377,0.14340269687823,-0.609497294727476,10518
"7550","syn","rare",50,0.05,0.01,0.001,6,6.5,0.5,0.5,0.5,0,1,0.0021636850463493,0.178596549182907,-0.554067664439728,27077
"7551","syn","rare",50,0.05,0.01,0.001,6,7,0.5,0.5,0.5,0,1,0.00249820601851852,0.19138281463505,-0.516562191363258,3456
"7552","syn","rare",50,0.05,0.01,0.001,6.5,6,0.5,0.5,0.5,0,1,0.00159392361698051,0.126825406043188,-0.630027635303764,88737
"7553","syn","rare",50,0.05,0.01,0.001,7,6,0.5,0.5,0.5,0,1,0.00149679160292368,0.117235203673091,-0.650085784550833,70596
"7554","syn","rare",50,0.05,0.01,0.005,6,5.5,0.5,0.5,0.5,0,1,0.000955231974409265,0.0877394188381431,-0.719862206512577,171312
"7555","syn","rare",50,0.05,0.01,0.005,6,6,0.5,0.5,0.5,0,1,0.00189406591434276,0.171415616653427,-0.572576767796385,89146
"7556","syn","rare",50,0.05,0.01,0.005,6,6.5,0.5,0.5,0.5,0,1,0.00212305274043433,0.194645110554895,-0.532806530585106,24175
"7557","syn","rare",50,0.05,0.01,0.005,6,7,0.5,0.5,0.5,0,1,0.00228307820762594,0.190110176321215,-0.517847927028016,3593
"7558","syn","rare",50,0.05,0.01,0.01,6,6.5,0.5,0.5,0.5,0,1,0.00249339190221543,0.203421894138701,-0.515049128937501,26180
"7559","syn","rare",50,0.05,0.01,0.01,6,7,0.5,0.5,0.5,0,1,0.0019489182354594,0.202594541157218,-0.526602286509206,3559
"7560","syn","rare",50,0.05,1,0.001,6,6,0.5,0.5,0.5,0,1,0.00170840312059239,0.130907466675079,-0.635183698190191,136128
"7561","syn","rare",50,0.05,1,0.001,6,6,0.5,0.5,0.75,0,1,0.00213331682811769,0.166288836947567,-0.55305724738419,111076
"7562","syn","rare",50,0.05,1,0.001,6,6,0.5,0.5,1,0,1,0.00177787483651838,0.164552498478973,-0.567396347580489,102458
"7563","syn","rare",50,0.05,5,0.001,6,6,0.5,0.5,0.5,0,1,0.00153810932657087,0.121496259735026,-0.66272198833604,134862
"7564","syn","rare",50,0.05,5,0.001,6,6,0.5,0.5,0.75,0,1,0.00192028697822142,0.153352813246086,-0.600456161245906,52896
"7565","syn","rare",50,0.05,5,0.001,6,6,0.5,0.5,1,0,1,0.00116469887847596,0.10420704244642,-0.701806909032872,78108
"7566","syn","rare",50,0.1,0.01,0.001,6,6,0.5,0.5,0.5,0,1,0.00191691834092215,0.146274219092816,-0.59113991911476,116619
"7567","syn","rare",50,0.2,0.01,0.001,6,6,0.5,0.5,0.5,0,1,0.00196722725018596,0.154955747564217,-0.568756559025543,161320
"7568","syn","rare",50,0.5,0.01,0.001,6,6,0.5,0.5,0.5,0,1,0.00214253205535102,0.167169226396723,-0.540463670311823,157540
"7569","syn","rare",100,0,0.01,0.001,6,6,0.5,0.5,0.5,0,1,0.00103725242077465,0.0806922511855937,-0.734782615901601,18176
"7570","syn","rare",100,0.01,0.01,0.001,6,6,0.5,0.5,0.5,0,1,0.00113272914906641,0.0879905409719075,-0.713395901399596,395354
"7571","syn","rare",100,0.05,0.01,0,6,5,0.5,0.5,0.5,0,1,0.000944612017823717,0.12685305882307,-0.362825850676643,37927
"7572","syn","rare",100,0.05,0.01,0,6,6.5,0.5,0.5,0.5,0,1,0.00195162713413368,0.142136961100984,-0.555485821009839,120365
"7573","syn","rare",100,0.05,0.01,0,6,7,0.5,0.5,0.5,0,1,0.00214917930766239,0.140277928988482,-0.559944837881284,12855
"7574","syn","rare",100,0.05,0.01,1e-04,6,5,0.5,0.5,0.5,0,1,0.00116803327391563,0.0961879505734814,-0.555208421801074,254133
"7575","syn","rare",100,0.05,0.01,1e-04,6,6,0.5,0.5,0.5,0,1,0.00186333589328767,0.130545100182364,-0.583246972472703,317714
"7576","syn","rare",100,0.05,0.01,1e-04,6,6.5,0.5,0.5,0.5,0,1,0.00197921167329922,0.138925899365411,-0.570992324261432,105540
"7577","syn","rare",100,0.05,0.01,1e-04,6,7,0.5,0.5,0.5,0,1,0.00204030852849493,0.142800025903116,-0.557689164075021,12511
"7578","syn","rare",100,0.05,0.01,5e-04,6,5.5,0.5,0.5,0.5,0,1,0.0013412276109121,0.0916912597307346,-0.677469121223576,798380
"7579","syn","rare",100,0.05,0.01,5e-04,6,6,0.5,0.5,0.5,0,1,0.00166611768425505,0.114324581800735,-0.631292040893944,487083
"7580","syn","rare",100,0.05,0.01,5e-04,6,6.5,0.5,0.5,0.5,0,1,0.00185966003229798,0.130914972359828,-0.591348961466797,95362
"7581","syn","rare",100,0.05,0.01,5e-04,6,7,0.5,0.5,0.5,0,1,0.00183022856160852,0.139342531453761,-0.572803456296248,11638
"7582","syn","rare",100,0.05,0.01,0.001,5,6,0.5,0.5,0.5,0,1,0.000467916574845892,0.0384348657128155,-0.744199781472824,494623
"7583","syn","rare",100,0.05,0.01,0.001,6,6,0,0,0.5,0,1,0.00219123852112114,0.117289171138638,-0.614408485447727,125230
"7584","syn","rare",100,0.05,0.01,0.001,6,6,0.25,0.25,0.5,0,1,0.00161857478372031,0.10747158236046,-0.652317079471219,67274
"7585","syn","rare",100,0.05,0.01,0.001,6,6,0.5,0.5,0.5,0,1,0.00153139445399878,0.110268864065881,-0.64387213601681,1704868
"7586","syn","rare",100,0.05,0.01,0.001,6,6,0.5,0.5,0.75,0,1,0.00187627713732253,0.14220403349641,-0.555664035550251,338648
"7587","syn","rare",100,0.05,0.01,0.001,6,6,0.5,0.5,1,0,1,0.00103127504286909,0.0796159003887722,-0.739551518638448,116051
"7588","syn","rare",100,0.05,0.01,0.001,6,6,0.75,0.75,0.5,0,1,0.00154783897391679,0.115656461259234,-0.63556458379731,37112
"7589","syn","rare",100,0.05,0.01,0.001,6,6,1,1,0.5,0,1,0.00162273230916659,0.125031254535382,-0.617430632835066,33393
"7590","syn","rare",100,0.05,0.01,0.001,6,6.5,0.5,0.5,0.5,0,1,0.00180407847125322,0.133358209932911,-0.58826151928746,84566
"7591","syn","rare",100,0.05,0.01,0.001,6,7,0.5,0.5,0.5,0,1,0.00196022158684775,0.142149915027537,-0.574683046712705,11192
"7592","syn","rare",100,0.05,0.01,0.001,6.5,6,0.5,0.5,0.5,0,1,0.00152702610984852,0.122175181666121,-0.636118697534744,291729
"7593","syn","rare",100,0.05,0.01,0.001,7,6,0.5,0.5,0.5,0,1,0.00153140909812741,0.11696247428996,-0.643051893469252,232993
"7594","syn","rare",100,0.05,0.01,0.005,6,5.5,0.5,0.5,0.5,0,1,0.000958046412218062,0.0814070428656792,-0.721760329430546,565196
"7595","syn","rare",100,0.05,0.01,0.005,6,6,0.5,0.5,0.5,0,1,0.00163384901701791,0.137420816390865,-0.602129524481671,286933
"7596","syn","rare",100,0.05,0.01,0.005,6,6.5,0.5,0.5,0.5,0,1,0.00200404906046073,0.146090678069245,-0.563066847661383,76314
"7597","syn","rare",100,0.05,0.01,0.005,6,7,0.5,0.5,0.5,0,1,0.0020101149838304,0.142104832721907,-0.55531252004893,11132
"7598","syn","rare",100,0.05,0.01,0.01,6,6.5,0.5,0.5,0.5,0,1,0.00203619692292735,0.149053313393792,-0.561284281863014,82286
"7599","syn","rare",100,0.05,0.01,0.01,6,7,0.5,0.5,0.5,0,1,0.00201463029558811,0.14259543722263,-0.566672041626583,11401
"7600","syn","rare",100,0.05,1,0.001,6,6,0.5,0.5,0.5,0,1,0.00151411691289189,0.109156822988253,-0.654484305503172,442278
"7601","syn","rare",100,0.05,1,0.001,6,6,0.5,0.5,0.75,0,1,0.00188067464858589,0.13615674495207,-0.576553055050213,360899
"7602","syn","rare",100,0.05,1,0.001,6,6,0.5,0.5,1,0,1,0.00155536312562762,0.137481527725046,-0.593048349063059,331607
"7603","syn","rare",100,0.05,5,0.001,6,6,0.5,0.5,0.5,0,1,0.00144030533267385,0.103102859293342,-0.675851834416978,436704
"7604","syn","rare",100,0.05,5,0.001,6,6,0.5,0.5,0.75,0,1,0.00178873417866642,0.125973593116455,-0.616829370529271,174448
"7605","syn","rare",100,0.05,5,0.001,6,6,0.5,0.5,1,0,1,0.00107393273699387,0.0866196871460502,-0.717563425576146,254553
"7606","syn","rare",100,0.1,0.01,0.001,6,6,0.5,0.5,0.5,0,1,0.0016561092543019,0.119124851812584,-0.617624320513182,378786
"7607","syn","rare",100,0.2,0.01,0.001,6,6,0.5,0.5,0.5,0,1,0.00181465273786497,0.128761272516062,-0.58757477039019,523711
"7608","syn","rare",100,0.5,0.01,0.001,6,6,0.5,0.5,0.5,0,1,0.00192156965339385,0.137410889501623,-0.56375956394001,510291
"7609","syn","rare",200,0,0.01,0.001,6,6,0.5,0.5,0.5,0,1,0.000807877399026067,0.0635243382953807,-0.755158594961323,34910
"7610","syn","rare",200,0.01,0.01,0.001,6,6,0.5,0.5,0.5,0,1,0.000933234367000943,0.0673649631450103,-0.733599958700407,769622
"7611","syn","rare",200,0.05,0.01,0,6,5,0.5,0.5,0.5,0,1,0.000749974293773536,0.0839376022202508,-0.377705438098631,71967
"7612","syn","rare",200,0.05,0.01,0,6,6.5,0.5,0.5,0.5,0,1,0.00150718844429979,0.094169751949515,-0.592142382960702,227351
"7613","syn","rare",200,0.05,0.01,0,6,7,0.5,0.5,0.5,0,1,0.00140697331805533,0.0945434564802208,-0.60348490585414,24436
"7614","syn","rare",200,0.05,0.01,1e-04,6,5,0.5,0.5,0.5,0,1,0.00101572596530703,0.0690998625398113,-0.573185302373135,492434
"7615","syn","rare",200,0.05,0.01,1e-04,6,6,0.5,0.5,0.5,0,1,0.0014709587989563,0.0892670355839872,-0.61646005868506,607072
"7616","syn","rare",200,0.05,0.01,1e-04,6,6.5,0.5,0.5,0.5,0,1,0.00149723060076651,0.0925401890001099,-0.608200308540202,200910
"7617","syn","rare",200,0.05,0.01,1e-04,6,7,0.5,0.5,0.5,0,1,0.0016188491316175,0.0950463311866701,-0.596234632801437,23895
"7618","syn","rare",200,0.05,0.01,5e-04,6,5.5,0.5,0.5,0.5,0,1,0.00114829850788382,0.0727622206391439,-0.691550407420375,1559396
"7619","syn","rare",200,0.05,0.01,5e-04,6,6,0.5,0.5,0.5,0,1,0.00134028406824021,0.0845032836460263,-0.656971964695084,939915
"7620","syn","rare",200,0.05,0.01,5e-04,6,6.5,0.5,0.5,0.5,0,1,0.00146642566577183,0.090323441763016,-0.624142409008872,182157
"7621","syn","rare",200,0.05,0.01,5e-04,6,7,0.5,0.5,0.5,0,1,0.00159188495814205,0.09353545157186,-0.605734578521495,22218
"7622","syn","rare",200,0.05,0.01,0.001,5,6,0.5,0.5,0.5,0,1,0.000224396625582213,0.0253889247075038,-0.752107032751694,973442
"7623","syn","rare",200,0.05,0.01,0.001,6,6,0,0,0.5,0,1,0.00140092566409954,0.0755466403936144,-0.662559632922836,240476
"7624","syn","rare",200,0.05,0.01,0.001,6,6,0.25,0.25,0.5,0,1,0.00126872466359419,0.0791797400268945,-0.67819039600929,129754
"7625","syn","rare",200,0.05,0.01,0.001,6,6,0.5,0.5,0.5,0,1,0.00126679901689608,0.0832358854347805,-0.667064484211368,3302601
"7626","syn","rare",200,0.05,0.01,0.001,6,6,0.5,0.5,0.75,0,1,0.00161239187490759,0.105933277260673,-0.58131673458513,649248
"7627","syn","rare",200,0.05,0.01,0.001,6,6,0.5,0.5,1,0,1,0.000797777228836475,0.0613660165566334,-0.757828123366726,226699
"7628","syn","rare",200,0.05,0.01,0.001,6,6,0.75,0.75,0.5,0,1,0.00133339859751441,0.0877252137512675,-0.653474551061055,72015
"7629","syn","rare",200,0.05,0.01,0.001,6,6,1,1,0.5,0,1,0.00140061719779794,0.0931287693762469,-0.641800168798721,64485
"7630","syn","rare",200,0.05,0.01,0.001,6,6.5,0.5,0.5,0.5,0,1,0.00139531805488923,0.0913142365384033,-0.624780663289259,162582
"7631","syn","rare",200,0.05,0.01,0.001,6,7,0.5,0.5,0.5,0,1,0.00136481299901947,0.0910889166117228,-0.615576480498454,21417
"7632","syn","rare",200,0.05,0.01,0.001,6.5,6,0.5,0.5,0.5,0,1,0.00147819098303534,0.108756027659851,-0.643212434436368,572543
"7633","syn","rare",200,0.05,0.01,0.001,7,6,0.5,0.5,0.5,0,1,0.00146938104055446,0.112512772052973,-0.649665585675879,462292
"7634","syn","rare",200,0.05,0.01,0.005,6,5.5,0.5,0.5,0.5,0,1,0.000847617845483434,0.0703270570122609,-0.730871864534585,1105176
"7635","syn","rare",200,0.05,0.01,0.005,6,6,0.5,0.5,0.5,0,1,0.0013842090905619,0.0988462755273113,-0.631983338499575,549867
"7636","syn","rare",200,0.05,0.01,0.005,6,6.5,0.5,0.5,0.5,0,1,0.00149781846351771,0.0974590714758283,-0.61135869355602,144577
"7637","syn","rare",200,0.05,0.01,0.005,6,7,0.5,0.5,0.5,0,1,0.00150770703685974,0.0953825084687793,-0.603078183042863,20890
"7638","syn","rare",200,0.05,0.01,0.01,6,6.5,0.5,0.5,0.5,0,1,0.00155975025307859,0.0999146655038347,-0.60211516800256,156078
"7639","syn","rare",200,0.05,0.01,0.01,6,7,0.5,0.5,0.5,0,1,0.00161029228557738,0.0978600448148205,-0.601473725745421,20870
"7640","syn","rare",200,0.05,1,0.001,6,6,0.5,0.5,0.5,0,1,0.00128422072304615,0.0828417860019395,-0.677194479755732,854247
"7641","syn","rare",200,0.05,1,0.001,6,6,0.5,0.5,0.75,0,1,0.00160038167386077,0.10275573121155,-0.604107161786607,690380
"7642","syn","rare",200,0.05,1,0.001,6,6,0.5,0.5,1,0,1,0.00131151064207751,0.102776215874778,-0.619733527184983,636107
"7643","syn","rare",200,0.05,5,0.001,6,6,0.5,0.5,0.5,0,1,0.00117517632841137,0.078056311556602,-0.698823505552568,848984
"7644","syn","rare",200,0.05,5,0.001,6,6,0.5,0.5,0.75,0,1,0.00149636869424024,0.0954802181027342,-0.645960995238652,335031
"7645","syn","rare",200,0.05,5,0.001,6,6,0.5,0.5,1,0,1,0.000848105997908786,0.0665191655574122,-0.73681921948288,495406
"7646","syn","rare",200,0.1,0.01,0.001,6,6,0.5,0.5,0.5,0,1,0.00140120750384206,0.0899308681575678,-0.638847413944973,733331
"7647","syn","rare",200,0.2,0.01,0.001,6,6,0.5,0.5,0.5,0,1,0.00152960934015894,0.0960236830667413,-0.6120868856598,1011289
"7648","syn","rare",200,0.5,0.01,0.001,6,6,0.5,0.5,0.5,0,1,0.00162561658969816,0.102417470748645,-0.590173846253779,980271
"7649","syn","rare",300,0,0.01,0.001,6,6,0.5,0.5,0.5,0,1,0.000678203137133095,0.0503057032910508,-0.762290649251542,25756
"7650","syn","rare",300,0.01,0.01,0.001,6,6,0.5,0.5,0.5,0,1,0.000756303383328506,0.0552824088512403,-0.744859915350334,566188
"7651","syn","rare",300,0.05,0.01,0,6,5,0.5,0.5,0.5,0,1,0.000638154690580187,0.0633819987774517,-0.385963324281598,51742
"7652","syn","rare",300,0.05,0.01,0,6,6.5,0.5,0.5,0.5,0,1,0.00117114823797119,0.0700418968992527,-0.61513848041781,166995
"7653","syn","rare",300,0.05,0.01,0,6,7,0.5,0.5,0.5,0,1,0.00107771787960468,0.0701022853414557,-0.619297375651061,17808
"7654","syn","rare",300,0.05,0.01,1e-04,6,5,0.5,0.5,0.5,0,1,0.000913277804049103,0.0555184172511511,-0.580490791504621,361611
"7655","syn","rare",300,0.05,0.01,1e-04,6,6,0.5,0.5,0.5,0,1,0.0011718838673645,0.0690035665265354,-0.636425240497591,444044
"7656","syn","rare",300,0.05,0.01,1e-04,6,6.5,0.5,0.5,0.5,0,1,0.00115124179080024,0.0696247878083147,-0.627092486229772,146482
"7657","syn","rare",300,0.05,0.01,1e-04,6,7,0.5,0.5,0.5,0,1,0.00125160320641283,0.0697002189865189,-0.618753334872068,16966
"7658","syn","rare",300,0.05,0.01,5e-04,6,5.5,0.5,0.5,0.5,0,1,0.000998604341331351,0.0610198039476942,-0.701640435909867,1145409
"7659","syn","rare",300,0.05,0.01,5e-04,6,6,0.5,0.5,0.5,0,1,0.00110336911899884,0.066586618508472,-0.672453471600055,688637
"7660","syn","rare",300,0.05,0.01,5e-04,6,6.5,0.5,0.5,0.5,0,1,0.00117384449292639,0.0694161180182362,-0.64516530052357,133383
"7661","syn","rare",300,0.05,0.01,5e-04,6,7,0.5,0.5,0.5,0,1,0.0010730854197349,0.0682282191568752,-0.636731715264839,16296
"7662","syn","rare",300,0.05,0.01,0.001,5,6,0.5,0.5,0.5,0,1,0.000135016046635752,0.0200942531124661,-0.753641274724959,721335
"7663","syn","rare",300,0.05,0.01,0.001,6,6,0,0,0.5,0,1,0.000978346726081079,0.0562161155103395,-0.68324522964876,176837
"7664","syn","rare",300,0.05,0.01,0.001,6,6,0.25,0.25,0.5,0,1,0.00101254584399979,0.0626950655016754,-0.693084615537367,95705
"7665","syn","rare",300,0.05,0.01,0.001,6,6,0.5,0.5,0.5,0,1,0.00107529849116714,0.067585746965602,-0.680246062990321,2422601
"7666","syn","rare",300,0.05,0.01,0.001,6,6,0.5,0.5,0.75,0,1,0.0013615287239042,0.0843831415527292,-0.59755604737828,472394
"7667","syn","rare",300,0.05,0.01,0.001,6,6,0.5,0.5,1,0,1,0.000691291717617585,0.0514007677884213,-0.765367968786359,167645
"7668","syn","rare",300,0.05,0.01,0.001,6,6,0.75,0.75,0.5,0,1,0.00114476578256403,0.0700329750014278,-0.664840566096927,52558
"7669","syn","rare",300,0.05,0.01,0.001,6,6,1,1,0.5,0,1,0.00120314872142827,0.0748430350483129,-0.652263911370897,47162
"7670","syn","rare",300,0.05,0.01,0.001,6,6.5,0.5,0.5,0.5,0,1,0.00116487929121415,0.0711911502306784,-0.639762740297743,118964
"7671","syn","rare",300,0.05,0.01,0.001,6,7,0.5,0.5,0.5,0,1,0.00117108303018699,0.0703272982096154,-0.635109532049896,15669
"7672","syn","rare",300,0.05,0.01,0.001,6.5,6,0.5,0.5,0.5,0,1,0.00138432200161882,0.0977961113524886,-0.653715987023916,420060
"7673","syn","rare",300,0.05,0.01,0.001,7,6,0.5,0.5,0.5,0,1,0.00140664176903603,0.106990829564342,-0.654563427975975,342469
"7674","syn","rare",300,0.05,0.01,0.005,6,5.5,0.5,0.5,0.5,0,1,0.000771980997659684,0.0611003189297006,-0.738934101030844,814847
"7675","syn","rare",300,0.05,0.01,0.005,6,6,0.5,0.5,0.5,0,1,0.001156892026089,0.0768402274712133,-0.650714280053066,400782
"7676","syn","rare",300,0.05,0.01,0.005,6,6.5,0.5,0.5,0.5,0,1,0.00121227341676148,0.0749202521187732,-0.627080117094425,105480
"7677","syn","rare",300,0.05,0.01,0.005,6,7,0.5,0.5,0.5,0,1,0.001221992481203,0.0721835063935977,-0.62620109266037,15428
"7678","syn","rare",300,0.05,0.01,0.01,6,6.5,0.5,0.5,0.5,0,1,0.00127958866899495,0.0766987498068027,-0.620822824692925,113388
"7679","syn","rare",300,0.05,0.01,0.01,6,7,0.5,0.5,0.5,0,1,0.00115779004106776,0.0723443678337995,-0.622272327554215,15584
"7680","syn","rare",300,0.05,1,0.001,6,6,0.5,0.5,0.5,0,1,0.00106388875546376,0.0667888744451903,-0.691644412846103,624570
"7681","syn","rare",300,0.05,1,0.001,6,6,0.5,0.5,0.75,0,1,0.00136065327431169,0.082560567747746,-0.6199452801128,503770
"7682","syn","rare",300,0.05,1,0.001,6,6,0.5,0.5,1,0,1,0.00108779776257713,0.081667629300461,-0.638234916133843,462407
"7683","syn","rare",300,0.05,5,0.001,6,6,0.5,0.5,0.5,0,1,0.000997331255588361,0.0641288210383093,-0.710425300756033,621828
"7684","syn","rare",300,0.05,5,0.001,6,6,0.5,0.5,0.75,0,1,0.00128537927714383,0.077710349395106,-0.66053486426383,245111
"7685","syn","rare",300,0.05,5,0.001,6,6,0.5,0.5,1,0,1,0.000660662519611351,0.0536103944975713,-0.749230130485947,363310
"7686","syn","rare",300,0.1,0.01,0.001,6,6,0.5,0.5,0.5,0,1,0.00121041628557242,0.0728131203969482,-0.652007835813537,535738
"7687","syn","rare",300,0.2,0.01,0.001,6,6,0.5,0.5,0.5,0,1,0.00132731123448549,0.0776804039470131,-0.62417875295881,737052
"7688","syn","rare",300,0.5,0.01,0.001,6,6,0.5,0.5,0.5,0,1,0.0014172603752013,0.0815567372186448,-0.602745807427166,717215
"7689","syn","rare",500,0,0.01,0.001,6,6,0.5,0.5,0.5,0,1,0.000520769436917488,0.0422318562891495,-0.773176407967256,67166
"7690","syn","rare",500,0.01,0.01,0.001,6,6,0.5,0.5,0.5,0,1,0.000583208972693131,0.0452213378150616,-0.75528084039671,1473805
"7691","syn","rare",500,0.05,0.01,0,6,5,0.5,0.5,0.5,0,1,0.000553277211199704,0.0478082704554075,-0.38657482574887,134825
"7692","syn","rare",500,0.05,0.01,0,6,6.5,0.5,0.5,0.5,0,1,0.00092986536811573,0.0555421477454477,-0.627464129776971,434741
"7693","syn","rare",500,0.05,0.01,0,6,7,0.5,0.5,0.5,0,1,0.000979799579203089,0.0561078363036973,-0.634791381335234,46103
"7694","syn","rare",500,0.05,0.01,1e-04,6,5,0.5,0.5,0.5,0,1,0.000773223025651726,0.0453882008285187,-0.587355348058781,944147
"7695","syn","rare",500,0.05,0.01,1e-04,6,6,0.5,0.5,0.5,0,1,0.000940803667535902,0.0545253735010067,-0.647768004631622,1158489
"7696","syn","rare",500,0.05,0.01,1e-04,6,6.5,0.5,0.5,0.5,0,1,0.000934151837831174,0.0553820438197326,-0.640031107958001,381183
"7697","syn","rare",500,0.05,0.01,1e-04,6,7,0.5,0.5,0.5,0,1,0.000957985848426863,0.0560106857402656,-0.635914050099102,44942
"7698","syn","rare",500,0.05,0.01,5e-04,6,5.5,0.5,0.5,0.5,0,1,0.000837441961587784,0.0509566185600025,-0.71034416154653,2985092
"7699","syn","rare",500,0.05,0.01,5e-04,6,6,0.5,0.5,0.5,0,1,0.00091658440711231,0.0545249015664124,-0.681507204243008,1793510
"7700","syn","rare",500,0.05,0.01,5e-04,6,6.5,0.5,0.5,0.5,0,1,0.00093678821560171,0.0555331167331413,-0.65591794918036,347103
"7701","syn","rare",500,0.05,0.01,5e-04,6,7,0.5,0.5,0.5,0,1,0.00090672933840376,0.0551386064567771,-0.64152780456796,42337
"7702","syn","rare",500,0.05,0.01,0.001,5,6,0.5,0.5,0.5,0,1,8.11713053033151e-05,0.0169738075057837,-0.751935970284952,1892043
"7703","syn","rare",500,0.05,0.01,0.001,6,6,0,0,0.5,0,1,0.000697228461666512,0.0435319583087866,-0.698576972853497,462559
"7704","syn","rare",500,0.05,0.01,0.001,6,6,0.25,0.25,0.5,0,1,0.000839007060811491,0.0517375031775739,-0.700420546998797,248555
"7705","syn","rare",500,0.05,0.01,0.001,6,6,0.5,0.5,0.5,0,1,0.000888477587501938,0.055293530155369,-0.689438686542808,6290575
"7706","syn","rare",500,0.05,0.01,0.001,6,6,0.5,0.5,0.75,0,1,0.00115736607998616,0.0681023965842738,-0.607626514357598,1225937
"7707","syn","rare",500,0.05,0.01,0.001,6,6,0.5,0.5,1,0,1,0.00048211685786372,0.0413177608979195,-0.775863645734573,435589
"7708","syn","rare",500,0.05,0.01,0.001,6,6,0.75,0.75,0.5,0,1,0.000951320638595617,0.0585198125914071,-0.679577272562928,136487
"7709","syn","rare",500,0.05,0.01,0.001,6,6,1,1,0.5,0,1,0.00100066914921296,0.061142786586877,-0.660106882815707,122992
"7710","syn","rare",500,0.05,0.01,0.001,6,6.5,0.5,0.5,0.5,0,1,0.000931173691577883,0.0555153587338006,-0.651687006729591,308616
"7711","syn","rare",500,0.05,0.01,0.001,6,7,0.5,0.5,0.5,0,1,0.00097825705084415,0.0571711831779159,-0.641109916380466,40988
"7712","syn","rare",500,0.05,0.01,0.001,6.5,6,0.5,0.5,0.5,0,1,0.0012451254651815,0.0851177308077203,-0.663507658965373,1092853
"7713","syn","rare",500,0.05,0.01,0.001,7,6,0.5,0.5,0.5,0,1,0.00138391212225101,0.101839738682671,-0.657378614421745,889645
"7714","syn","rare",500,0.05,0.01,0.005,6,5.5,0.5,0.5,0.5,0,1,0.00067766525383516,0.0530833295260266,-0.744416017269134,2117969
"7715","syn","rare",500,0.05,0.01,0.005,6,6,0.5,0.5,0.5,0,1,0.00095111421595199,0.061662201177241,-0.663100968624776,1034943
"7716","syn","rare",500,0.05,0.01,0.005,6,6.5,0.5,0.5,0.5,0,1,0.00096631660163892,0.0584401686270669,-0.638977236781342,273473
"7717","syn","rare",500,0.05,0.01,0.005,6,7,0.5,0.5,0.5,0,1,0.00099007262709742,0.0578139058491936,-0.630096096861974,39930
"7718","syn","rare",500,0.05,0.01,0.01,6,6.5,0.5,0.5,0.5,0,1,0.0009847964778541,0.0587893365720438,-0.637164854055846,294366
"7719","syn","rare",500,0.05,0.01,0.01,6,7,0.5,0.5,0.5,0,1,0.000953393945399593,0.0575231169241697,-0.635843696174008,40366
"7720","syn","rare",500,0.05,1,0.001,6,6,0.5,0.5,0.5,0,1,0.000882110891076912,0.0547868282428254,-0.70148104546442,1623485
"7721","syn","rare",500,0.05,1,0.001,6,6,0.5,0.5,0.75,0,1,0.00114293747202323,0.0669001579964389,-0.631647835782546,1300186
"7722","syn","rare",500,0.05,1,0.001,6,6,0.5,0.5,1,0,1,0.000881992027797063,0.0654939650201754,-0.649476521183447,1192644
"7723","syn","rare",500,0.05,5,0.001,6,6,0.5,0.5,0.5,0,1,0.000793660822382145,0.0525467853110535,-0.723823435110263,1613143
"7724","syn","rare",500,0.05,5,0.001,6,6,0.5,0.5,0.75,0,1,0.00106681227818231,0.0633786318637462,-0.673624085767676,632276
"7725","syn","rare",500,0.05,5,0.001,6,6,0.5,0.5,1,0,1,0.000534218864708414,0.0445275848831498,-0.755838245142458,948056
"7726","syn","rare",500,0.1,0.01,0.001,6,6,0.5,0.5,0.5,0,1,0.00101577967087599,0.0595049201226243,-0.660865533994971,1395948
"7727","syn","rare",500,0.2,0.01,0.001,6,6,0.5,0.5,0.5,0,1,0.00111789672747496,0.0629864387142206,-0.635643958637166,1913171
"7728","syn","rare",500,0.5,0.01,0.001,6,6,0.5,0.5,0.5,0,1,0.0012141546369557,0.066518037845592,-0.612419179253027,1857900
"7729","syn","rare",750,0,0.01,0.001,6,6,0.5,0.5,0.5,0,1,0.000341802700461628,0.0339421902578,-0.785615267082457,80801
"7730","syn","rare",750,0.01,0.01,0.001,6,6,0.5,0.5,0.5,0,1,0.000428767369426441,0.0365358465589878,-0.760801632179918,1780931
"7731","syn","rare",750,0.05,0.01,0,6,5,0.5,0.5,0.5,0,1,0.000472691303462197,0.0363661971817581,-0.392290985755292,162007
"7732","syn","rare",750,0.05,0.01,0,6,6.5,0.5,0.5,0.5,0,1,0.000732671939836488,0.0436801274127322,-0.634160515201288,526565
"7733","syn","rare",750,0.05,0.01,0,6,7,0.5,0.5,0.5,0,1,0.000779397699596452,0.0445803475469206,-0.638825653822991,56251
"7734","syn","rare",750,0.05,0.01,1e-04,6,5,0.5,0.5,0.5,0,1,0.000616451572724747,0.0365263469595746,-0.595259050510134,1148103
"7735","syn","rare",750,0.05,0.01,1e-04,6,6,0.5,0.5,0.5,0,1,0.000731014396230411,0.0426535704348271,-0.65667473570811,1402381
"7736","syn","rare",750,0.05,0.01,1e-04,6,6.5,0.5,0.5,0.5,0,1,0.000739719203192071,0.0433398674796327,-0.645129483266395,462897
"7737","syn","rare",750,0.05,0.01,1e-04,6,7,0.5,0.5,0.5,0,1,0.000729691728223506,0.044095376353481,-0.644824292815603,54692
"7738","syn","rare",750,0.05,0.01,5e-04,6,5.5,0.5,0.5,0.5,0,1,0.000671053797258089,0.0416097608624648,-0.717806148774952,3612080
"7739","syn","rare",750,0.05,0.01,5e-04,6,6,0.5,0.5,0.5,0,1,0.00071098474180081,0.0434424599444701,-0.689774955852626,2169391
"7740","syn","rare",750,0.05,0.01,5e-04,6,6.5,0.5,0.5,0.5,0,1,0.000726966760421157,0.0435110760403441,-0.665655346955789,419891
"7741","syn","rare",750,0.05,0.01,5e-04,6,7,0.5,0.5,0.5,0,1,0.000727971809538684,0.0440304547615707,-0.644308743402047,51223
"7742","syn","rare",750,0.05,0.01,0.001,5,6,0.5,0.5,0.5,0,1,4.63719091860136e-05,0.0145892216281759,-0.750887336219759,2309424
"7743","syn","rare",750,0.05,0.01,0.001,6,6,0,0,0.5,0,1,0.000468487449580169,0.0334058052846791,-0.710924822884919,561535
"7744","syn","rare",750,0.05,0.01,0.001,6,6,0.25,0.25,0.5,0,1,0.000647102705420766,0.0414612623130449,-0.706716269410625,302282
"7745","syn","rare",750,0.05,0.01,0.001,6,6,0.5,0.5,0.5,0,1,0.000705474018053441,0.0443751398492205,-0.697597510112146,7593234
"7746","syn","rare",750,0.05,0.01,0.001,6,6,0.5,0.5,0.75,0,1,0.000955454901204139,0.0543166601033992,-0.614954800103474,1471924
"7747","syn","rare",750,0.05,0.01,0.001,6,6,0.5,0.5,1,0,1,0.000348634091562184,0.0340058972407012,-0.783997830648159,528952
"7748","syn","rare",750,0.05,0.01,0.001,6,6,0.75,0.75,0.5,0,1,0.000752032810702827,0.0464107612882613,-0.687668194299738,165190
"7749","syn","rare",750,0.05,0.01,0.001,6,6,1,1,0.5,0,1,0.000827566638935671,0.0489508807158496,-0.664893546153082,147849
"7750","syn","rare",750,0.05,0.01,0.001,6,6.5,0.5,0.5,0.5,0,1,0.000716403730660834,0.0438959089780493,-0.662477743784947,373982
"7751","syn","rare",750,0.05,0.01,0.001,6,7,0.5,0.5,0.5,0,1,0.000762112854457792,0.044464191378754,-0.650392845550775,48948
"7752","syn","rare",750,0.05,0.01,0.001,6.5,6,0.5,0.5,0.5,0,1,0.00112868728791617,0.0729195753331074,-0.671535375238712,1316991
"7753","syn","rare",750,0.05,0.01,0.001,7,6,0.5,0.5,0.5,0,1,0.00131097405489672,0.0938409200405547,-0.663657251700355,1077660
"7754","syn","rare",750,0.05,0.01,0.005,6,5.5,0.5,0.5,0.5,0,1,0.000577152012062953,0.0450306556848662,-0.750851436563938,2546640
"7755","syn","rare",750,0.05,0.01,0.005,6,6,0.5,0.5,0.5,0,1,0.000741284724814799,0.0485269526845146,-0.673804718088606,1245543
"7756","syn","rare",750,0.05,0.01,0.005,6,6.5,0.5,0.5,0.5,0,1,0.000747639680314588,0.0456238712509059,-0.649408523867485,329574
"7757","syn","rare",750,0.05,0.01,0.005,6,7,0.5,0.5,0.5,0,1,0.000689924119915413,0.0444376034890071,-0.646129775975024,48234
"7758","syn","rare",750,0.05,0.01,0.01,6,6.5,0.5,0.5,0.5,0,1,0.000776011280613692,0.0462381089518298,-0.646483087501705,356009
"7759","syn","rare",750,0.05,0.01,0.01,6,7,0.5,0.5,0.5,0,1,0.000788287017156412,0.0456420890708837,-0.645945067700541,48903
"7760","syn","rare",750,0.05,1,0.001,6,6,0.5,0.5,0.5,0,1,0.000693976605388276,0.0441905576635629,-0.708903043836255,1964042
"7761","syn","rare",750,0.05,1,0.001,6,6,0.5,0.5,0.75,0,1,0.000941375814349176,0.0537302740775399,-0.639660925112955,1563365
"7762","syn","rare",750,0.05,1,0.001,6,6,0.5,0.5,1,0,1,0.000651520589671612,0.0506418971554783,-0.662288851327795,1423165
"7763","syn","rare",750,0.05,5,0.001,6,6,0.5,0.5,0.5,0,1,0.000622947656149974,0.0428943656314352,-0.731777463164556,1944813
"7764","syn","rare",750,0.05,5,0.001,6,6,0.5,0.5,0.75,0,1,0.000850600980745636,0.0511410292456088,-0.684667110413426,757179
"7765","syn","rare",750,0.05,5,0.001,6,6,0.5,0.5,1,0,1,0.000366349614981547,0.0356526597070128,-0.764853514221552,1141244
"7766","syn","rare",750,0.1,0.01,0.001,6,6,0.5,0.5,0.5,0,1,0.00082800312091219,0.0477068341606558,-0.669459355128257,1684123
"7767","syn","rare",750,0.2,0.01,0.001,6,6,0.5,0.5,0.5,0,1,0.000927203877875349,0.0506177045301721,-0.643045917434615,2308068
"7768","syn","rare",750,0.5,0.01,0.001,6,6,0.5,0.5,0.5,0,1,0.00102903831718912,0.0535078238499462,-0.619767091394766,2238160
"7769","syn","rare",1000,0,0.01,0.001,6,6,0.5,0.5,0.5,0,1,0.000239761780537775,0.0288031641428915,-0.789221527384211,78583
"7770","syn","rare",1000,0.01,0.01,0.001,6,6,0.5,0.5,0.5,0,1,0.000320131582619373,0.0309569298553749,-0.765749471293362,1719984
"7771","syn","rare",1000,0.05,0.01,0,6,5,0.5,0.5,0.5,0,1,0.000392935031847134,0.0312666647596744,-0.3948299253233,157000
"7772","syn","rare",1000,0.05,0.01,0,6,6.5,0.5,0.5,0.5,0,1,0.000612932238433331,0.0365701104018149,-0.635774286731768,512680
"7773","syn","rare",1000,0.05,0.01,0,6,7,0.5,0.5,0.5,0,1,0.000627199339510137,0.036390269545502,-0.644709224630172,54505
"7774","syn","rare",1000,0.05,0.01,1e-04,6,5,0.5,0.5,0.5,0,1,0.000531296122162951,0.0313090310962568,-0.599815696797469,1118768
"7775","syn","rare",1000,0.05,0.01,1e-04,6,6,0.5,0.5,0.5,0,1,0.000617108598769692,0.0360506199571801,-0.658877754129556,1359334
"7776","syn","rare",1000,0.05,0.01,1e-04,6,6.5,0.5,0.5,0.5,0,1,0.000596982237971073,0.0361122306677745,-0.651195051617008,448710
"7777","syn","rare",1000,0.05,0.01,1e-04,6,7,0.5,0.5,0.5,0,1,0.000611092871429111,0.0364544632542826,-0.652113552862915,52998
"7778","syn","rare",1000,0.05,0.01,5e-04,6,5.5,0.5,0.5,0.5,0,1,0.000569378342412454,0.0359158418611826,-0.720856753790212,3493547
"7779","syn","rare",1000,0.05,0.01,5e-04,6,6,0.5,0.5,0.5,0,1,0.000601104232150608,0.0370679711551977,-0.692935833804834,2096570
"7780","syn","rare",1000,0.05,0.01,5e-04,6,6.5,0.5,0.5,0.5,0,1,0.000623059409726077,0.0373519417179875,-0.666172883918993,405405
"7781","syn","rare",1000,0.05,0.01,5e-04,6,7,0.5,0.5,0.5,0,1,0.000580771560077519,0.0363577501705804,-0.648738098414076,49536
"7782","syn","rare",1000,0.05,0.01,0.001,5,6,0.5,0.5,0.5,0,1,2.77391258212953e-05,0.013260061679723,-0.749357734399825,2242951
"7783","syn","rare",1000,0.05,0.01,0.001,6,6,0,0,0.5,0,1,0.000338480563628293,0.0278309012972258,-0.712626276497003,547453
"7784","syn","rare",1000,0.05,0.01,0.001,6,6,0.25,0.25,0.5,0,1,0.000510986002576213,0.0345089915285291,-0.713685786024266,291125
"7785","syn","rare",1000,0.05,0.01,0.001,6,6,0.5,0.5,0.5,0,1,0.000588739444408638,0.0378454099673608,-0.701304242982992,7338883
"7786","syn","rare",1000,0.05,0.01,0.001,6,6,0.5,0.5,0.75,0,1,0.000811155875604056,0.0458335913069826,-0.619755921306613,1418535
"7787","syn","rare",1000,0.05,0.01,0.001,6,6,0.5,0.5,1,0,1,0.000254404398432931,0.0290972479488604,-0.787704103679434,511273
"7788","syn","rare",1000,0.05,0.01,0.001,6,6,0.75,0.75,0.5,0,1,0.00066024283896009,0.0401520191580626,-0.688754567838489,158706
"7789","syn","rare",1000,0.05,0.01,0.001,6,6,1,1,0.5,0,1,0.000717424333180649,0.0421192525972555,-0.674218095217918,141905
"7790","syn","rare",1000,0.05,0.01,0.001,6,6.5,0.5,0.5,0.5,0,1,0.000609854409123292,0.0372012465071141,-0.662754807402821,363553
"7791","syn","rare",1000,0.05,0.01,0.001,6,7,0.5,0.5,0.5,0,1,0.00058292852185982,0.0361099504027147,-0.658267589587848,47553
"7792","syn","rare",1000,0.05,0.01,0.001,6.5,6,0.5,0.5,0.5,0,1,0.00101231504436248,0.0633533374463625,-0.679038774416601,1265371
"7793","syn","rare",1000,0.05,0.01,0.001,7,6,0.5,0.5,0.5,0,1,0.00126207877798059,0.0874749936262545,-0.667020958278531,1040900
"7794","syn","rare",1000,0.05,0.01,0.005,6,5.5,0.5,0.5,0.5,0,1,0.000487133516712757,0.0392285360073929,-0.755092353953822,2449566
"7795","syn","rare",1000,0.05,0.01,0.005,6,6,0.5,0.5,0.5,0,1,0.000595381723155608,0.040143089115999,-0.680619074207726,1197373
"7796","syn","rare",1000,0.05,0.01,0.005,6,6.5,0.5,0.5,0.5,0,1,0.000608327842642526,0.0379022440802047,-0.654916682397446,320239
"7797","syn","rare",1000,0.05,0.01,0.005,6,7,0.5,0.5,0.5,0,1,0.000633871072098691,0.0378510238132924,-0.642639511847182,46367
"7798","syn","rare",1000,0.05,0.01,0.01,6,6.5,0.5,0.5,0.5,0,1,0.000613835286358522,0.0381608288461119,-0.652803704881695,345703
"7799","syn","rare",1000,0.05,0.01,0.01,6,7,0.5,0.5,0.5,0,1,0.000606737086722299,0.0365700181203886,-0.654100932321191,47335
"7800","syn","rare",1000,0.05,1,0.001,6,6,0.5,0.5,0.5,0,1,0.000566832328894133,0.0374186434040575,-0.714095168970386,1898240
"7801","syn","rare",1000,0.05,1,0.001,6,6,0.5,0.5,0.75,0,1,0.000787070177506675,0.0454400532244838,-0.645284506736486,1501521
"7802","syn","rare",1000,0.05,1,0.001,6,6,0.5,0.5,1,0,1,0.000502583725246026,0.041469007677563,-0.667427485774918,1362761
"7803","syn","rare",1000,0.05,5,0.001,6,6,0.5,0.5,0.5,0,1,0.000504243288323517,0.0365818038043403,-0.736028883461435,1878331
"7804","syn","rare",1000,0.05,5,0.001,6,6,0.5,0.5,0.75,0,1,0.000698244988570967,0.0429826474754843,-0.691486498884634,729283
"7805","syn","rare",1000,0.05,5,0.001,6,6,0.5,0.5,1,0,1,0.000266591220328667,0.0301133146278971,-0.769091647061213,1104096
"7806","syn","rare",1000,0.1,0.01,0.001,6,6,0.5,0.5,0.5,0,1,0.00071038494352345,0.0407200093781177,-0.672568185405784,1625719
"7807","syn","rare",1000,0.2,0.01,0.001,6,6,0.5,0.5,0.5,0,1,0.000813908656037264,0.0433032836759255,-0.646147140786819,2229288
"7808","syn","rare",1000,0.5,0.01,0.001,6,6,0.5,0.5,0.5,0,1,0.000915157534890115,0.0457393715817374,-0.621297009626403,2160569
"7809","syn","rare",1500,0,0.01,0.001,6,6,0.5,0.5,0.5,0,1,0.000152955960936061,0.0241968322817939,-0.794462181557183,135675
"7810","syn","rare",1500,0.01,0.01,0.001,6,6,0.5,0.5,0.5,0,1,0.000239657885371103,0.0266711943822092,-0.768175561302388,2961522
"7811","syn","rare",1500,0.05,0.01,0,6,5,0.5,0.5,0.5,0,1,0.000350216643326472,0.0273284367574458,-0.399474001559373,273491
"7812","syn","rare",1500,0.05,0.01,0,6,6.5,0.5,0.5,0.5,0,1,0.000514367961762682,0.031352975735552,-0.640148829171994,883744
"7813","syn","rare",1500,0.05,0.01,0,6,7,0.5,0.5,0.5,0,1,0.000520359466666667,0.031126719239321,-0.643778671012337,93750
"7814","syn","rare",1500,0.05,0.01,1e-04,6,5,0.5,0.5,0.5,0,1,0.000456823169553006,0.0272401062572901,-0.602228431147947,1934746
"7815","syn","rare",1500,0.05,0.01,1e-04,6,6,0.5,0.5,0.5,0,1,0.000515288041005036,0.03077898365886,-0.66119642354276,2353467
"7816","syn","rare",1500,0.05,0.01,1e-04,6,6.5,0.5,0.5,0.5,0,1,0.000511606383800912,0.031028152227197,-0.650608891974236,776340
"7817","syn","rare",1500,0.05,0.01,1e-04,6,7,0.5,0.5,0.5,0,1,0.00050262241028741,0.0316212240464403,-0.652194950540896,90985
"7818","syn","rare",1500,0.05,0.01,5e-04,6,5.5,0.5,0.5,0.5,0,1,0.000482497556790059,0.0312313278885138,-0.72359347366833,6004396
"7819","syn","rare",1500,0.05,0.01,5e-04,6,6,0.5,0.5,0.5,0,1,0.000499133439330238,0.0316053562599558,-0.694843012267531,3613942
"7820","syn","rare",1500,0.05,0.01,5e-04,6,6.5,0.5,0.5,0.5,0,1,0.000528434312881209,0.0317455245634921,-0.668186302208139,702535
"7821","syn","rare",1500,0.05,0.01,5e-04,6,7,0.5,0.5,0.5,0,1,0.00050829000476905,0.0314848918212812,-0.650630528936313,85971
"7822","syn","rare",1500,0.05,0.01,0.001,5,6,0.5,0.5,0.5,0,1,1.17443800030122e-05,0.0123284181107918,-0.748093542657672,3871043
"7823","syn","rare",1500,0.05,0.01,0.001,6,6,0,0,0.5,0,1,0.000259006272627768,0.0237821230687022,-0.715429201375834,950160
"7824","syn","rare",1500,0.05,0.01,0.001,6,6,0.25,0.25,0.5,0,1,0.000405522985693256,0.0296165225470195,-0.717163135269556,504727
"7825","syn","rare",1500,0.05,0.01,0.001,6,6,0.5,0.5,0.5,0,1,0.000491356768925388,0.0324190005112623,-0.703742084260774,12621287
"7826","syn","rare",1500,0.05,0.01,0.001,6,6,0.5,0.5,0.75,0,1,0.000679323124414835,0.0388619768396418,-0.621884107395337,2437346
"7827","syn","rare",1500,0.05,0.01,0.001,6,6,0.5,0.5,1,0,1,0.000184830873939879,0.0251818685670834,-0.788553140590835,881857
"7828","syn","rare",1500,0.05,0.01,0.001,6,6,0.75,0.75,0.5,0,1,0.000548693976044363,0.0341231459157367,-0.693979626546352,273923
"7829","syn","rare",1500,0.05,0.01,0.001,6,6,1,1,0.5,0,1,0.000583909819992058,0.0354842544097273,-0.676370766713074,244267
"7830","syn","rare",1500,0.05,0.01,0.001,6,6.5,0.5,0.5,0.5,0,1,0.000503096561314346,0.0319731543113787,-0.665085272142685,624919
"7831","syn","rare",1500,0.05,0.01,0.001,6,7,0.5,0.5,0.5,0,1,0.000509176207491675,0.0313947557985714,-0.656574492778442,82278
"7832","syn","rare",1500,0.05,0.01,0.001,6.5,6,0.5,0.5,0.5,0,1,0.000887711577132479,0.0554289563146633,-0.684982882477572,2172671
"7833","syn","rare",1500,0.05,0.01,0.001,7,6,0.5,0.5,0.5,0,1,0.00118896767651472,0.0798672921392659,-0.672940342302928,1788916
"7834","syn","rare",1500,0.05,0.01,0.005,6,5.5,0.5,0.5,0.5,0,1,0.000407306164495589,0.0342945441587541,-0.7584697147233,4181948
"7835","syn","rare",1500,0.05,0.01,0.005,6,6,0.5,0.5,0.5,0,1,0.000503188128346985,0.0343691633286725,-0.682439152017117,2053901
"7836","syn","rare",1500,0.05,0.01,0.005,6,6.5,0.5,0.5,0.5,0,1,0.000509552587706582,0.032285005102021,-0.654950021282383,551840
"7837","syn","rare",1500,0.05,0.01,0.005,6,7,0.5,0.5,0.5,0,1,0.000512994322450337,0.0311173086276519,-0.649318521096602,81197
"7838","syn","rare",1500,0.05,0.01,0.01,6,6.5,0.5,0.5,0.5,0,1,0.000518898808026114,0.0321781172297811,-0.653226571149025,596154
"7839","syn","rare",1500,0.05,0.01,0.01,6,7,0.5,0.5,0.5,0,1,0.000509886510313923,0.0312550253144502,-0.653788581530523,82122
"7840","syn","rare",1500,0.05,1,0.001,6,6,0.5,0.5,0.5,0,1,0.000475041317642664,0.0324357671573592,-0.715800302580772,3255268
"7841","syn","rare",1500,0.05,1,0.001,6,6,0.5,0.5,0.75,0,1,0.000667059847066865,0.0388211399293051,-0.647702056223289,2573543
"7842","syn","rare",1500,0.05,1,0.001,6,6,0.5,0.5,1,0,1,0.000363819993194858,0.0339530212658763,-0.670259908758174,2312957
"7843","syn","rare",1500,0.05,5,0.001,6,6,0.5,0.5,0.5,0,1,0.0004074285387004,0.0312865939104956,-0.738494494100625,3230070
"7844","syn","rare",1500,0.05,5,0.001,6,6,0.5,0.5,0.75,0,1,0.000594259788181875,0.03730541740286,-0.692777113322473,1246069
"7845","syn","rare",1500,0.05,5,0.001,6,6,0.5,0.5,1,0,1,0.000196879524776014,0.0259786593644699,-0.770997831804871,1897884
"7846","syn","rare",1500,0.1,0.01,0.001,6,6,0.5,0.5,0.5,0,1,0.000618576485073979,0.0350693583167907,-0.673720516017763,2799507
"7847","syn","rare",1500,0.2,0.01,0.001,6,6,0.5,0.5,0.5,0,1,0.000718165933947934,0.0373006800825797,-0.646945086115556,3836852
"7848","syn","rare",1500,0.5,0.01,0.001,6,6,0.5,0.5,0.5,0,1,0.000819311489490242,0.0395354981216045,-0.622282020607899,3721018
"7849","syn","rare",2000,0,0.01,0.001,6,6,0.5,0.5,0.5,0,1,0.000123052002810963,0.0215925117011424,-0.789164122668257,142300
"7850","syn","rare",2000,0.01,0.01,0.001,6,6,0.5,0.5,0.5,0,1,0.000169586989064129,0.0230029013679886,-0.768929838952619,3096964
"7851","syn","rare",2000,0.05,0.01,0,6,5,0.5,0.5,0.5,0,1,0.000294907190359606,0.0238050760971828,-0.405522030117489,287955
"7852","syn","rare",2000,0.05,0.01,0,6,6.5,0.5,0.5,0.5,0,1,0.000432634076273785,0.0267952955688551,-0.640097419986455,929415
"7853","syn","rare",2000,0.05,0.01,0,6,7,0.5,0.5,0.5,0,1,0.000449408275038217,0.027064568508244,-0.645074083257156,98779
"7854","syn","rare",2000,0.05,0.01,1e-04,6,5,0.5,0.5,0.5,0,1,0.00039046143564954,0.0238405593584554,-0.605261693003174,2038074
"7855","syn","rare",2000,0.05,0.01,1e-04,6,6,0.5,0.5,0.5,0,1,0.000437461465034206,0.0266113526359932,-0.6613063584995,2473403
"7856","syn","rare",2000,0.05,0.01,1e-04,6,6.5,0.5,0.5,0.5,0,1,0.000431987017537841,0.0267411432486603,-0.651203822290217,816178
"7857","syn","rare",2000,0.05,0.01,1e-04,6,7,0.5,0.5,0.5,0,1,0.000436965976485277,0.0271692297588281,-0.650174912139239,96110
"7858","syn","rare",2000,0.05,0.01,5e-04,6,5.5,0.5,0.5,0.5,0,1,0.000403054843159928,0.0270820636137014,-0.724975332031014,6271484
"7859","syn","rare",2000,0.05,0.01,5e-04,6,6,0.5,0.5,0.5,0,1,0.00042441307923945,0.0274413754771548,-0.695707152927267,3788416
"7860","syn","rare",2000,0.05,0.01,5e-04,6,6.5,0.5,0.5,0.5,0,1,0.000428643444199344,0.027107033852927,-0.670647067768734,735753
"7861","syn","rare",2000,0.05,0.01,5e-04,6,7,0.5,0.5,0.5,0,1,0.000429026644196985,0.0271381079289875,-0.65183233252222,90789
"7862","syn","rare",2000,0.05,0.01,0.001,5,6,0.5,0.5,0.5,0,1,4.49286288726037e-06,0.01164924124602,-0.746140421751062,4056122
"7863","syn","rare",2000,0.05,0.01,0.001,6,6,0,0,0.5,0,1,0.00019175597939145,0.0205909610761946,-0.7177882723617,999391
"7864","syn","rare",2000,0.05,0.01,0.001,6,6,0.25,0.25,0.5,0,1,0.000344776990855185,0.0258675306193833,-0.717259260805497,527512
"7865","syn","rare",2000,0.05,0.01,0.001,6,6,0.5,0.5,0.5,0,1,0.000410930554301496,0.0279516783393157,-0.704682173389253,13190493
"7866","syn","rare",2000,0.05,0.01,0.001,6,6,0.5,0.5,0.75,0,1,0.000569413690492578,0.0332513203415976,-0.621398000346736,2542582
"7867","syn","rare",2000,0.05,0.01,0.001,6,6,0.5,0.5,1,0,1,0.000121562300492344,0.0220092704775173,-0.789840644316738,924150
"7868","syn","rare",2000,0.05,0.01,0.001,6,6,0.75,0.75,0.5,0,1,0.000467181101699669,0.0295472002029117,-0.694308420842383,285232
"7869","syn","rare",2000,0.05,0.01,0.001,6,6,1,1,0.5,0,1,0.000495621426893257,0.0304783224004585,-0.680667424655629,255380
"7870","syn","rare",2000,0.05,0.01,0.001,6,6.5,0.5,0.5,0.5,0,1,0.000419426882200753,0.0271114364961505,-0.668231882637332,655921
"7871","syn","rare",2000,0.05,0.01,0.001,6,7,0.5,0.5,0.5,0,1,0.000429509613058554,0.0271183145184012,-0.656258624791147,86809
"7872","syn","rare",2000,0.05,0.01,0.001,6.5,6,0.5,0.5,0.5,0,1,0.000778540343666637,0.0480875708862219,-0.6891348223967,2265684
"7873","syn","rare",2000,0.05,0.01,0.001,7,6,0.5,0.5,0.5,0,1,0.0010963335481125,0.0722892075830405,-0.679047830730194,1865482
"7874","syn","rare",2000,0.05,0.01,0.005,6,5.5,0.5,0.5,0.5,0,1,0.000331333976996712,0.029738560721692,-0.760763318465265,4341814
"7875","syn","rare",2000,0.05,0.01,0.005,6,6,0.5,0.5,0.5,0,1,0.000406972416940157,0.0292251485073433,-0.684033045081836,2145411
"7876","syn","rare",2000,0.05,0.01,0.005,6,6.5,0.5,0.5,0.5,0,1,0.000430536213853165,0.0275612232977436,-0.655823442662049,581932
"7877","syn","rare",2000,0.05,0.01,0.005,6,7,0.5,0.5,0.5,0,1,0.000450419422392068,0.0273641192014552,-0.649412518526599,84521
"7878","syn","rare",2000,0.05,0.01,0.01,6,6.5,0.5,0.5,0.5,0,1,0.000438212075442718,0.0276918804497021,-0.653741174683843,625004
"7879","syn","rare",2000,0.05,0.01,0.01,6,7,0.5,0.5,0.5,0,1,0.000430425341678375,0.0265459206015957,-0.65125391558755,86119
"7880","syn","rare",2000,0.05,1,0.001,6,6,0.5,0.5,0.5,0,1,0.00038771212509011,0.0278373768445919,-0.717067568277655,3406952
"7881","syn","rare",2000,0.05,1,0.001,6,6,0.5,0.5,0.75,0,1,0.000555356474176765,0.0331420756183021,-0.648788851486368,2675846
"7882","syn","rare",2000,0.05,1,0.001,6,6,0.5,0.5,1,0,1,0.000248975409317802,0.0276125798857468,-0.670514511737096,2372362
"7883","syn","rare",2000,0.05,5,0.001,6,6,0.5,0.5,0.5,0,1,0.000326781439296684,0.0270186596246689,-0.740222564473065,3365088
"7884","syn","rare",2000,0.05,5,0.001,6,6,0.5,0.5,0.75,0,1,0.000476325666121883,0.0317688406469937,-0.696276899745799,1292256
"7885","syn","rare",2000,0.05,5,0.001,6,6,0.5,0.5,1,0,1,0.000129899854266479,0.0224394405114334,-0.77279551366218,1981013
"7886","syn","rare",2000,0.1,0.01,0.001,6,6,0.5,0.5,0.5,0,1,0.000536729412785263,0.030321799225367,-0.675182412876538,2928043
"7887","syn","rare",2000,0.2,0.01,0.001,6,6,0.5,0.5,0.5,0,1,0.000634252588491569,0.0324213632876001,-0.647973689602788,4009478
"7888","syn","rare",2000,0.5,0.01,0.001,6,6,0.5,0.5,0.5,0,1,0.000750217513720808,0.034508220989283,-0.621832285823505,3892628
"7889","syn","rare",2500,0,0.01,0.001,6,6,0.5,0.5,0.5,0,1,0.000115937476904885,0.0199937799523902,-0.78786307079477,27062
"7890","syn","rare",2500,0.01,0.01,0.001,6,6,0.5,0.5,0.5,0,1,0.000143645205631379,0.0215636930321375,-0.770055534593268,595094
"7891","syn","rare",2500,0.05,0.01,0,6,5,0.5,0.5,0.5,0,1,0.00024713499166054,0.0213132743816223,-0.411575779652265,55759
"7892","syn","rare",2500,0.05,0.01,0,6,6.5,0.5,0.5,0.5,0,1,0.000410273873108812,0.0251947529978712,-0.637588211981365,178988
"7893","syn","rare",2500,0.05,0.01,0,6,7,0.5,0.5,0.5,0,1,0.000378852476402588,0.0247200375187472,-0.642961759054463,18858
"7894","syn","rare",2500,0.05,0.01,1e-04,6,5,0.5,0.5,0.5,0,1,0.00036826339824119,0.0224949058499103,-0.604892597468755,392197
"7895","syn","rare",2500,0.05,0.01,1e-04,6,6,0.5,0.5,0.5,0,1,0.000410031188633476,0.0250075032179188,-0.661535924841198,476135
"7896","syn","rare",2500,0.05,0.01,1e-04,6,6.5,0.5,0.5,0.5,0,1,0.000395464979493212,0.0248160353703849,-0.652984734225958,157265
"7897","syn","rare",2500,0.05,0.01,1e-04,6,7,0.5,0.5,0.5,0,1,0.000436079530432024,0.0246636433530758,-0.650272673078596,18911
"7898","syn","rare",2500,0.05,0.01,5e-04,6,5.5,0.5,0.5,0.5,0,1,0.00036514049958718,0.0251918675181657,-0.725732455686472,1208758
"7899","syn","rare",2500,0.05,0.01,5e-04,6,6,0.5,0.5,0.5,0,1,0.000398383752903028,0.0258074994902733,-0.694986306032445,730272
"7900","syn","rare",2500,0.05,0.01,5e-04,6,6.5,0.5,0.5,0.5,0,1,0.000424773233469405,0.0259406933475996,-0.666923362250363,142327
"7901","syn","rare",2500,0.05,0.01,5e-04,6,7,0.5,0.5,0.5,0,1,0.00030374692523311,0.0248713067578481,-0.652152694633204,17481
"7902","syn","rare",2500,0.05,0.01,0.001,5,6,0.5,0.5,0.5,0,1,-1.0567699485215e-06,0.0113635349575271,-0.745247037887205,779356
"7903","syn","rare",2500,0.05,0.01,0.001,6,6,0,0,0.5,0,1,0.000164962947608437,0.0191333961635281,-0.717864263650845,192970
"7904","syn","rare",2500,0.05,0.01,0.001,6,6,0.25,0.25,0.5,0,1,0.000319562882453219,0.0242995216800187,-0.716820446326362,101483
"7905","syn","rare",2500,0.05,0.01,0.001,6,6,0.5,0.5,0.5,0,1,0.000370483264253157,0.0259656040332623,-0.705360841059575,2536666
"7906","syn","rare",2500,0.05,0.01,0.001,6,6,0.5,0.5,0.75,0,1,0.000514969183691504,0.0304361143135453,-0.622040732724724,486593
"7907","syn","rare",2500,0.05,0.01,0.001,6,6,0.5,0.5,1,0,1,0.000114353023394746,0.0207413925328479,-0.787819071964683,177433
"7908","syn","rare",2500,0.05,0.01,0.001,6,6,0.75,0.75,0.5,0,1,0.000428867190367814,0.0273254840001447,-0.696512926079085,54484
"7909","syn","rare",2500,0.05,0.01,0.001,6,6,1,1,0.5,0,1,0.000482151015746104,0.0288979146501017,-0.677709091028371,49028
"7910","syn","rare",2500,0.05,0.01,0.001,6,6.5,0.5,0.5,0.5,0,1,0.000393021420963352,0.0255682150198375,-0.668422858054697,126745
"7911","syn","rare",2500,0.05,0.01,0.001,6,7,0.5,0.5,0.5,0,1,0.000408961291462912,0.0248819486214126,-0.654809247424569,16973
"7912","syn","rare",2500,0.05,0.01,0.001,6.5,6,0.5,0.5,0.5,0,1,0.000719438952846844,0.0445887049009473,-0.690714469739234,435008
"7913","syn","rare",2500,0.05,0.01,0.001,7,6,0.5,0.5,0.5,0,1,0.00105359343488582,0.0684924714104474,-0.681656016775552,358501
"7914","syn","rare",2500,0.05,0.01,0.005,6,5.5,0.5,0.5,0.5,0,1,0.000289260819305918,0.0275567432772483,-0.762200461322812,833071
"7915","syn","rare",2500,0.05,0.01,0.005,6,6,0.5,0.5,0.5,0,1,0.00036385417122412,0.0272082955112934,-0.682862152523736,411414
"7916","syn","rare",2500,0.05,0.01,0.005,6,6.5,0.5,0.5,0.5,0,1,0.000413052950563934,0.0258575226413157,-0.650715080457937,111538
"7917","syn","rare",2500,0.05,0.01,0.005,6,7,0.5,0.5,0.5,0,1,0.000397455034870917,0.0250252784870459,-0.646166724678289,16346
"7918","syn","rare",2500,0.05,0.01,0.01,6,6.5,0.5,0.5,0.5,0,1,0.000406786541005291,0.0259598743555587,-0.654774658523377,120960
"7919","syn","rare",2500,0.05,0.01,0.01,6,7,0.5,0.5,0.5,0,1,0.000375972222222222,0.0235764899083256,-0.655789788517734,16560
"7920","syn","rare",2500,0.05,1,0.001,6,6,0.5,0.5,0.5,0,1,0.000361860748782143,0.0258904551642863,-0.716860552647479,655865
"7921","syn","rare",2500,0.05,1,0.001,6,6,0.5,0.5,0.75,0,1,0.000501295157930868,0.0304643578824302,-0.649970413573791,512756
"7922","syn","rare",2500,0.05,1,0.001,6,6,0.5,0.5,1,0,1,0.000198195406489245,0.024989829469001,-0.668550115911938,449852
"7923","syn","rare",2500,0.05,5,0.001,6,6,0.5,0.5,0.5,0,1,0.000293602750153317,0.025150475803957,-0.741012223322234,648982
"7924","syn","rare",2500,0.05,5,0.001,6,6,0.5,0.5,0.75,0,1,0.000421742688738198,0.0291562257060495,-0.696363851420763,248042
"7925","syn","rare",2500,0.05,5,0.001,6,6,0.5,0.5,1,0,1,0.000108030151547043,0.0209371403127956,-0.773305441522988,380080
"7926","syn","rare",2500,0.1,0.01,0.001,6,6,0.5,0.5,0.5,0,1,0.000502132766156728,0.028224780581074,-0.675011889006562,563728
"7927","syn","rare",2500,0.2,0.01,0.001,6,6,0.5,0.5,0.5,0,1,0.000611645075518194,0.0304004176262279,-0.645288251872188,770609
"7928","syn","rare",2500,0.5,0.01,0.001,6,6,0.5,0.5,0.5,0,1,0.000717616307440423,0.0326135468544462,-0.621784607542269,750038
"7929","syn","rare",3000,0,0.01,0.001,6,6,0.5,0.5,0.5,0,1,8.79920176162951e-05,0.0195009998294448,-0.788483472236249,130788
"7930","syn","rare",3000,0.01,0.01,0.001,6,6,0.5,0.5,0.5,0,1,0.000119282509643387,0.0201904817237985,-0.768649012044785,2861028
"7931","syn","rare",3000,0.05,0.01,0,6,5,0.5,0.5,0.5,0,1,0.00027091188818483,0.0215770477402209,-0.404761501382519,268443
"7932","syn","rare",3000,0.05,0.01,0,6,6.5,0.5,0.5,0.5,0,1,0.00037955351155656,0.0236808180226332,-0.641286138029238,863449
"7933","syn","rare",3000,0.05,0.01,0,6,7,0.5,0.5,0.5,0,1,0.000382968669860428,0.023733441166721,-0.646772280628678,91637
"7934","syn","rare",3000,0.05,0.01,1e-04,6,5,0.5,0.5,0.5,0,1,0.000338423327843932,0.0212990421933578,-0.606966303249365,1894560
"7935","syn","rare",3000,0.05,0.01,1e-04,6,6,0.5,0.5,0.5,0,1,0.000380489556792166,0.0236057576931113,-0.661591657901093,2297139
"7936","syn","rare",3000,0.05,0.01,1e-04,6,6.5,0.5,0.5,0.5,0,1,0.000383952821796857,0.0239307576945068,-0.650828361007628,758825
"7937","syn","rare",3000,0.05,0.01,1e-04,6,7,0.5,0.5,0.5,0,1,0.000353729085284621,0.0234995931627033,-0.652564426300901,88574
"7938","syn","rare",3000,0.05,0.01,5e-04,6,5.5,0.5,0.5,0.5,0,1,0.000339458405862417,0.0237662026457884,-0.726187564727653,5804568
"7939","syn","rare",3000,0.05,0.01,5e-04,6,6,0.5,0.5,0.5,0,1,0.000359851219495526,0.0241893969925909,-0.696025829245244,3511616
"7940","syn","rare",3000,0.05,0.01,5e-04,6,6.5,0.5,0.5,0.5,0,1,0.000365760735091513,0.0238335184786134,-0.67227740643077,683017
"7941","syn","rare",3000,0.05,0.01,5e-04,6,7,0.5,0.5,0.5,0,1,0.000364987121508861,0.0234484003159745,-0.654887454959232,84249
"7942","syn","rare",3000,0.05,0.01,0.001,5,6,0.5,0.5,0.5,0,1,9.5318894234567e-07,0.0112514205669523,-0.743902764006738,3742385
"7943","syn","rare",3000,0.05,0.01,0.001,6,6,0,0,0.5,0,1,0.000145412663403088,0.0180905697463391,-0.717201983931256,929450
"7944","syn","rare",3000,0.05,0.01,0.001,6,6,0.25,0.25,0.5,0,1,0.000275162167689162,0.0222622995454326,-0.718990489439279,489000
"7945","syn","rare",3000,0.05,0.01,0.001,6,6,0.5,0.5,0.5,0,1,0.000341839951629858,0.024457385200081,-0.705395314605698,12204223
"7946","syn","rare",3000,0.05,0.01,0.001,6,6,0.5,0.5,0.75,0,1,0.000467781811613681,0.0283835201943227,-0.622711714475469,2336348
"7947","syn","rare",3000,0.05,0.01,0.001,6,6,0.5,0.5,1,0,1,7.72219132857637e-05,0.0193703049244614,-0.790324899723383,854185
"7948","syn","rare",3000,0.05,0.01,0.001,6,6,0.75,0.75,0.5,0,1,0.000396959897737519,0.0256999749916253,-0.692992419893486,262853
"7949","syn","rare",3000,0.05,0.01,0.001,6,6,1,1,0.5,0,1,0.000441821727609963,0.0271316915292535,-0.679080552354586,235875
"7950","syn","rare",3000,0.05,0.01,0.001,6,6.5,0.5,0.5,0.5,0,1,0.000357675629508094,0.0241497824182222,-0.667448821499452,607657
"7951","syn","rare",3000,0.05,0.01,0.001,6,7,0.5,0.5,0.5,0,1,0.000383546790679168,0.0242532530305212,-0.657254619462073,80422
"7952","syn","rare",3000,0.05,0.01,0.001,6.5,6,0.5,0.5,0.5,0,1,0.000682907647212957,0.0424457397749891,-0.692655454688216,2087571
"7953","syn","rare",3000,0.05,0.01,0.001,7,6,0.5,0.5,0.5,0,1,0.0010148309293663,0.0653394458574236,-0.684126429624628,1723540
"7954","syn","rare",3000,0.05,0.01,0.005,6,5.5,0.5,0.5,0.5,0,1,0.000264055985996737,0.0262115704902662,-0.761959211366773,3991641
"7955","syn","rare",3000,0.05,0.01,0.005,6,6,0.5,0.5,0.5,0,1,0.000334886489072137,0.0253883908237876,-0.685432422221171,1977651
"7956","syn","rare",3000,0.05,0.01,0.005,6,6.5,0.5,0.5,0.5,0,1,0.000356668733740417,0.0241216244933853,-0.656853871606588,536991
"7957","syn","rare",3000,0.05,0.01,0.005,6,7,0.5,0.5,0.5,0,1,0.000375757960167449,0.0239855669635837,-0.64652034990909,78830
"7958","syn","rare",3000,0.05,0.01,0.01,6,6.5,0.5,0.5,0.5,0,1,0.00037244639433255,0.0243243013803125,-0.653838445339111,581002
"7959","syn","rare",3000,0.05,0.01,0.01,6,7,0.5,0.5,0.5,0,1,0.000370058705986025,0.0244693748190833,-0.652430732090248,80571
"7960","syn","rare",3000,0.05,1,0.001,6,6,0.5,0.5,0.5,0,1,0.000323999862715195,0.0243831629066721,-0.717852431466998,3146743
"7961","syn","rare",3000,0.05,1,0.001,6,6,0.5,0.5,0.75,0,1,0.000457465283011796,0.0284389671410074,-0.65031575373491,2454562
"7962","syn","rare",3000,0.05,1,0.001,6,6,0.5,0.5,1,0,1,0.000160603904921779,0.0232609632585995,-0.66626063446544,2145139
"7963","syn","rare",3000,0.05,5,0.001,6,6,0.5,0.5,0.5,0,1,0.000266748444122008,0.0238040740635389,-0.741569356558219,3109659
"7964","syn","rare",3000,0.05,5,0.001,6,6,0.5,0.5,0.75,0,1,0.000382115833947209,0.0272741750186716,-0.696870797055505,1185093
"7965","syn","rare",3000,0.05,5,0.001,6,6,0.5,0.5,1,0,1,8.27101103143991e-05,0.0196749564296898,-0.773425386074408,1821793
"7966","syn","rare",3000,0.1,0.01,0.001,6,6,0.5,0.5,0.5,0,1,0.000476047312802244,0.0268486248057278,-0.674595131784399,2710556
"7967","syn","rare",3000,0.2,0.01,0.001,6,6,0.5,0.5,0.5,0,1,0.000584161725619862,0.0288054230697617,-0.646237494837926,3707885
"7968","syn","rare",3000,0.5,0.01,0.001,6,6,0.5,0.5,0.5,0,1,0.000697914475201365,0.0309649157339972,-0.620973170391757,3599190
"7969","syn","rare",3500,0,0.01,0.001,6,6,0.5,0.5,0.5,0,1,6.9824322774127e-05,0.0175979546092816,-0.787161646706216,122042
"7970","syn","rare",3500,0.01,0.01,0.001,6,6,0.5,0.5,0.5,0,1,9.3102912151099e-05,0.0186484564778266,-0.767818551387117,2675651
"7971","syn","rare",3500,0.05,0.01,0,6,5,0.5,0.5,0.5,0,1,0.000257133104176425,0.0203855515062099,-0.4037875369643,251938
"7972","syn","rare",3500,0.05,0.01,0,6,6.5,0.5,0.5,0.5,0,1,0.00033772019826518,0.0218022224548384,-0.64033501807062,807000
"7973","syn","rare",3500,0.05,0.01,0,6,7,0.5,0.5,0.5,0,1,0.000327122238103049,0.0217409187784865,-0.64716723493113,85358
"7974","syn","rare",3500,0.05,0.01,1e-04,6,5,0.5,0.5,0.5,0,1,0.000314064274685005,0.0199782051359248,-0.608540650105856,1773202
"7975","syn","rare",3500,0.05,0.01,1e-04,6,6,0.5,0.5,0.5,0,1,0.000333844982880438,0.0216240270209878,-0.66358135963357,2150756
"7976","syn","rare",3500,0.05,0.01,1e-04,6,6.5,0.5,0.5,0.5,0,1,0.000347972192489204,0.0220363841143628,-0.651473245890512,708154
"7977","syn","rare",3500,0.05,0.01,1e-04,6,7,0.5,0.5,0.5,0,1,0.000341166872144463,0.0218118869729019,-0.650040343084668,82734
"7978","syn","rare",3500,0.05,0.01,5e-04,6,5.5,0.5,0.5,0.5,0,1,0.000300735316741127,0.0219108493191321,-0.726854349089567,5427729
"7979","syn","rare",3500,0.05,0.01,5e-04,6,6,0.5,0.5,0.5,0,1,0.000319427073145912,0.022225394783552,-0.697124214146347,3282234
"7980","syn","rare",3500,0.05,0.01,5e-04,6,6.5,0.5,0.5,0.5,0,1,0.000325299071151395,0.0218068955084102,-0.67252407693853,640901
"7981","syn","rare",3500,0.05,0.01,5e-04,6,7,0.5,0.5,0.5,0,1,0.000327433367880952,0.0223403106866528,-0.649967583134526,78153
"7982","syn","rare",3500,0.05,0.01,0.001,5,6,0.5,0.5,0.5,0,1,-2.67998593936876e-07,0.0110257477555295,-0.742253751290996,3496287
"7983","syn","rare",3500,0.05,0.01,0.001,6,6,0,0,0.5,0,1,0.000114558379499717,0.0168208818877956,-0.717900120891463,872027
"7984","syn","rare",3500,0.05,0.01,0.001,6,6,0.25,0.25,0.5,0,1,0.000229290579468648,0.020551595020979,-0.721136141455467,459093
"7985","syn","rare",3500,0.05,0.01,0.001,6,6,0.5,0.5,0.5,0,1,0.000305925482637186,0.0224947520087829,-0.705746941474391,11414682
"7986","syn","rare",3500,0.05,0.01,0.001,6,6,0.5,0.5,0.75,0,1,0.000406327981202182,0.0257723668406151,-0.62268605954649,2180253
"7987","syn","rare",3500,0.05,0.01,0.001,6,6,0.5,0.5,1,0,1,5.97634588200237e-05,0.0180433034669855,-0.790995804450031,798677
"7988","syn","rare",3500,0.05,0.01,0.001,6,6,0.75,0.75,0.5,0,1,0.000355490632874411,0.0237858505731341,-0.694693117147119,246447
"7989","syn","rare",3500,0.05,0.01,0.001,6,6,1,1,0.5,0,1,0.00039827933345097,0.0251084134441722,-0.678844072685353,221019
"7990","syn","rare",3500,0.05,0.01,0.001,6,6.5,0.5,0.5,0.5,0,1,0.000316190611479691,0.0220163988522067,-0.667485515219352,570207
"7991","syn","rare",3500,0.05,0.01,0.001,6,7,0.5,0.5,0.5,0,1,0.000333376771894365,0.0220170616872314,-0.656833441465283,75202
"7992","syn","rare",3500,0.05,0.01,0.001,6.5,6,0.5,0.5,0.5,0,1,0.000620975689452694,0.0388978224345718,-0.694706452530115,1952527
"7993","syn","rare",3500,0.05,0.01,0.001,7,6,0.5,0.5,0.5,0,1,0.000969625897881243,0.0612145470064055,-0.68620444750287,1604054
"7994","syn","rare",3500,0.05,0.01,0.005,6,5.5,0.5,0.5,0.5,0,1,0.000228348082025398,0.0241147575033795,-0.762576797680525,3723042
"7995","syn","rare",3500,0.05,0.01,0.005,6,6,0.5,0.5,0.5,0,1,0.000295662571760017,0.023109965336434,-0.684142807495381,1849045
"7996","syn","rare",3500,0.05,0.01,0.005,6,6.5,0.5,0.5,0.5,0,1,0.000319840143541335,0.0220927177470272,-0.657245531894698,503827
"7997","syn","rare",3500,0.05,0.01,0.005,6,7,0.5,0.5,0.5,0,1,0.000354674000573246,0.0223458679023141,-0.655486559618007,73267
"7998","syn","rare",3500,0.05,0.01,0.01,6,6.5,0.5,0.5,0.5,0,1,0.000326353242816732,0.0221161340334303,-0.655485301541555,543694
"7999","syn","rare",3500,0.05,0.01,0.01,6,7,0.5,0.5,0.5,0,1,0.000356663768309812,0.0219086312138096,-0.653100870498648,74755
"8000","syn","rare",3500,0.05,1,0.001,6,6,0.5,0.5,0.5,0,1,0.000285671624542847,0.0223848774528683,-0.718432182421474,2942120
"8001","syn","rare",3500,0.05,1,0.001,6,6,0.5,0.5,0.75,0,1,0.000391624417681649,0.0256784451096432,-0.65058842854045,2285262
"8002","syn","rare",3500,0.05,1,0.001,6,6,0.5,0.5,1,0,1,0.00011313558462322,0.0205993269641343,-0.662794570651294,1971492
"8003","syn","rare",3500,0.05,5,0.001,6,6,0.5,0.5,0.5,0,1,0.000227741860683388,0.0218075776319979,-0.741335724650983,2898032
"8004","syn","rare",3500,0.05,5,0.001,6,6,0.5,0.5,0.75,0,1,0.000337791260416913,0.0248991683402793,-0.696047629467526,1101334
"8005","syn","rare",3500,0.05,5,0.001,6,6,0.5,0.5,1,0,1,6.31571207826424e-05,0.0182303777444714,-0.772836765206449,1700087
"8006","syn","rare",3500,0.1,0.01,0.001,6,6,0.5,0.5,0.5,0,1,0.00043863390498686,0.0248026347872343,-0.674664433106301,2530029
"8007","syn","rare",3500,0.2,0.01,0.001,6,6,0.5,0.5,0.5,0,1,0.000548531399902725,0.0267431717242631,-0.646135530704502,3470584
"8008","syn","rare",3500,0.5,0.01,0.001,6,6,0.5,0.5,0.5,0,1,0.000674348698229164,0.0291128474260533,-0.619317941270869,3362535
"8009","syn","rare",4000,0,0.01,0.001,6,6,0.5,0.5,0.5,0,1,2.61049590755898e-05,0.0166077091464045,-0.789783154553937,114235
"8010","syn","rare",4000,0.01,0.01,0.001,6,6,0.5,0.5,0.5,0,1,7.35402291093753e-05,0.0174890177869607,-0.76780345974746,2489466
"8011","syn","rare",4000,0.05,0.01,0,6,5,0.5,0.5,0.5,0,1,0.000258322555943164,0.0195023869855132,-0.403872182419578,235060
"8012","syn","rare",4000,0.05,0.01,0,6,6.5,0.5,0.5,0.5,0,1,0.000303688917151356,0.0202428337205235,-0.640679440328346,751684
"8013","syn","rare",4000,0.05,0.01,0,6,7,0.5,0.5,0.5,0,1,0.000333496918655003,0.0209314759726341,-0.645287060280383,79673
"8014","syn","rare",4000,0.05,0.01,1e-04,6,5,0.5,0.5,0.5,0,1,0.000280442214573952,0.0188420359872899,-0.60839559895761,1650918
"8015","syn","rare",4000,0.05,0.01,1e-04,6,6,0.5,0.5,0.5,0,1,0.000313383249459922,0.0204705894234463,-0.664462232063666,2002025
"8016","syn","rare",4000,0.05,0.01,1e-04,6,6.5,0.5,0.5,0.5,0,1,0.000302740270776191,0.020397749028286,-0.653247394682198,661358
"8017","syn","rare",4000,0.05,0.01,1e-04,6,7,0.5,0.5,0.5,0,1,0.000304973815269292,0.0203112952822074,-0.651400794324846,77908
"8018","syn","rare",4000,0.05,0.01,5e-04,6,5.5,0.5,0.5,0.5,0,1,0.000265253519474935,0.0203986892785959,-0.72814928411157,5064818
"8019","syn","rare",4000,0.05,0.01,5e-04,6,6,0.5,0.5,0.5,0,1,0.000290154561912108,0.0208083004270563,-0.697711300312568,3056898
"8020","syn","rare",4000,0.05,0.01,5e-04,6,6.5,0.5,0.5,0.5,0,1,0.000314740408849999,0.020777158656079,-0.671542035568171,597921
"8021","syn","rare",4000,0.05,0.01,5e-04,6,7,0.5,0.5,0.5,0,1,0.00032030026824328,0.020738722212946,-0.650162760289646,73068
"8022","syn","rare",4000,0.05,0.01,0.001,5,6,0.5,0.5,0.5,0,1,1.01868340410739e-06,0.0109176784198057,-0.741048561573211,3248605
"8023","syn","rare",4000,0.05,0.01,0.001,6,6,0,0,0.5,0,1,9.56866808077589e-05,0.0160973227454499,-0.716235437971023,815590
"8024","syn","rare",4000,0.05,0.01,0.001,6,6,0.25,0.25,0.5,0,1,0.000194652770467067,0.0190600934546975,-0.720183718084468,427455
"8025","syn","rare",4000,0.05,0.01,0.001,6,6,0.5,0.5,0.5,0,1,0.000273607352234367,0.0210265331311735,-0.706694264002575,10631870
"8026","syn","rare",4000,0.05,0.01,0.001,6,6,0.5,0.5,0.75,0,1,0.000346612224448405,0.0234180101621925,-0.62395637192203,2031879
"8027","syn","rare",4000,0.05,0.01,0.001,6,6,0.5,0.5,1,0,1,4.83846365953555e-05,0.0171539115387606,-0.789172699649488,743455
"8028","syn","rare",4000,0.05,0.01,0.001,6,6,0.75,0.75,0.5,0,1,0.000332027071755832,0.0227033351570602,-0.69643789782426,229612
"8029","syn","rare",4000,0.05,0.01,0.001,6,6,1,1,0.5,0,1,0.000367384011247394,0.0231346920247982,-0.680376907462211,206270
"8030","syn","rare",4000,0.05,0.01,0.001,6,6.5,0.5,0.5,0.5,0,1,0.000283061186009239,0.0204544269145007,-0.668999549671669,530350
"8031","syn","rare",4000,0.05,0.01,0.001,6,7,0.5,0.5,0.5,0,1,0.000297362438125935,0.0201618529101055,-0.657310155855571,69496
"8032","syn","rare",4000,0.05,0.01,0.001,6.5,6,0.5,0.5,0.5,0,1,0.000572008435037441,0.0361621076858561,-0.695065868210451,1816708
"8033","syn","rare",4000,0.05,0.01,0.001,7,6,0.5,0.5,0.5,0,1,0.000902996661286548,0.0575315119965254,-0.691312557749344,1491293
"8034","syn","rare",4000,0.05,0.01,0.005,6,5.5,0.5,0.5,0.5,0,1,0.000190459608801942,0.0223253916755763,-0.763354691066445,3465099
"8035","syn","rare",4000,0.05,0.01,0.005,6,6,0.5,0.5,0.5,0,1,0.000261361630265414,0.0216602579965489,-0.686473126173427,1723155
"8036","syn","rare",4000,0.05,0.01,0.005,6,6.5,0.5,0.5,0.5,0,1,0.000300943833669883,0.0208910202026275,-0.658664424920452,467985
"8037","syn","rare",4000,0.05,0.01,0.005,6,7,0.5,0.5,0.5,0,1,0.000301737186605108,0.0205053348084713,-0.651872157082191,68444
"8038","syn","rare",4000,0.05,0.01,0.01,6,6.5,0.5,0.5,0.5,0,1,0.000295842607501421,0.0206905975745657,-0.657163200018529,506784
"8039","syn","rare",4000,0.05,0.01,0.01,6,7,0.5,0.5,0.5,0,1,0.000331961234745154,0.0209399539435412,-0.651088638101063,69650
"8040","syn","rare",4000,0.05,1,0.001,6,6,0.5,0.5,0.5,0,1,0.000251657614489714,0.0208351057399895,-0.719163847814239,2738936
"8041","syn","rare",4000,0.05,1,0.001,6,6,0.5,0.5,0.75,0,1,0.000348997493911197,0.0237795779963012,-0.652152635613506,2125623
"8042","syn","rare",4000,0.05,1,0.001,6,6,0.5,0.5,1,0,1,8.09465420173441e-05,0.0188938230135601,-0.658802073518225,1814584
"8043","syn","rare",4000,0.05,5,0.001,6,6,0.5,0.5,0.5,0,1,0.000202774498622015,0.0204368543012444,-0.740951911637377,2703948
"8044","syn","rare",4000,0.05,5,0.001,6,6,0.5,0.5,0.75,0,1,0.000292135911810384,0.0229531183069174,-0.697887810071464,1024429
"8045","syn","rare",4000,0.05,5,0.001,6,6,0.5,0.5,1,0,1,4.26268490410153e-05,0.0170817611035169,-0.77291300891247,1579535
"8046","syn","rare",4000,0.1,0.01,0.001,6,6,0.5,0.5,0.5,0,1,0.000407794799486808,0.0233323709976296,-0.6751992989237,2361690
"8047","syn","rare",4000,0.2,0.01,0.001,6,6,0.5,0.5,0.5,0,1,0.000525634363507403,0.0253483721931085,-0.646263316644102,3231428
"8048","syn","rare",4000,0.5,0.01,0.001,6,6,0.5,0.5,0.5,0,1,0.000651900802232566,0.027537237566692,-0.619043243365452,3133256
"8049","syn","rare",4500,0,0.01,0.001,6,6,0.5,0.5,0.5,0,1,2.28897366916321e-05,0.0160151916452144,-0.790824496022335,106681
"8050","syn","rare",4500,0.01,0.01,0.001,6,6,0.5,0.5,0.5,0,1,5.40997006011295e-05,0.016567823371591,-0.767641767975193,2315974
"8051","syn","rare",4500,0.05,0.01,0,6,5,0.5,0.5,0.5,0,1,0.000213245591405776,0.0179988963799781,-0.403873152566237,217076
"8052","syn","rare",4500,0.05,0.01,0,6,6.5,0.5,0.5,0.5,0,1,0.000279083370183832,0.0192528601306854,-0.64311622914844,696508
"8053","syn","rare",4500,0.05,0.01,0,6,7,0.5,0.5,0.5,0,1,0.000265141258968019,0.0192683293484868,-0.647447789044949,74013
"8054","syn","rare",4500,0.05,0.01,1e-04,6,5,0.5,0.5,0.5,0,1,0.000250786602725546,0.0177056360167083,-0.610822924387303,1528281
"8055","syn","rare",4500,0.05,0.01,1e-04,6,6,0.5,0.5,0.5,0,1,0.000273958799688172,0.0191937222758167,-0.666670596367423,1856151
"8056","syn","rare",4500,0.05,0.01,1e-04,6,6.5,0.5,0.5,0.5,0,1,0.000284735365766048,0.0194599087222383,-0.655126417316711,612468
"8057","syn","rare",4500,0.05,0.01,1e-04,6,7,0.5,0.5,0.5,0,1,0.000273909858609871,0.0192335746956917,-0.655124478014336,72353
"8058","syn","rare",4500,0.05,0.01,5e-04,6,5.5,0.5,0.5,0.5,0,1,0.000240036573514846,0.0193545785433943,-0.728950662072959,4708872
"8059","syn","rare",4500,0.05,0.01,5e-04,6,6,0.5,0.5,0.5,0,1,0.000258947124212827,0.0195113566926903,-0.698185774958968,2840544
"8060","syn","rare",4500,0.05,0.01,5e-04,6,6.5,0.5,0.5,0.5,0,1,0.000275675870781448,0.0193592359862774,-0.673873122102856,554100
"8061","syn","rare",4500,0.05,0.01,5e-04,6,7,0.5,0.5,0.5,0,1,0.000268735491935004,0.0198047097250795,-0.653263176080606,67204
"8062","syn","rare",4500,0.05,0.01,0.001,5,6,0.5,0.5,0.5,0,1,-2.41006353921517e-06,0.0107604584808292,-0.740607140154239,3013572
"8063","syn","rare",4500,0.05,0.01,0.001,6,6,0,0,0.5,0,1,8.11135973191373e-05,0.0151032249864964,-0.7177827916354,754384
"8064","syn","rare",4500,0.05,0.01,0.001,6,6,0.25,0.25,0.5,0,1,0.000164756675464671,0.0178679095066956,-0.722884432668016,396302
"8065","syn","rare",4500,0.05,0.01,0.001,6,6,0.5,0.5,0.5,0,1,0.000246005061182132,0.0198027116449429,-0.707877221593497,9867260
"8066","syn","rare",4500,0.05,0.01,0.001,6,6,0.5,0.5,0.75,0,1,0.00029472922329799,0.0216113626736147,-0.626982402456718,1888678
"8067","syn","rare",4500,0.05,0.01,0.001,6,6,0.5,0.5,1,0,1,3.8810482549715e-05,0.0163673073584913,-0.7894183753206,686665
"8068","syn","rare",4500,0.05,0.01,0.001,6,6,0.75,0.75,0.5,0,1,0.000304674293960008,0.02120773326679,-0.699408925728913,213444
"8069","syn","rare",4500,0.05,0.01,0.001,6,6,1,1,0.5,0,1,0.000345322706738513,0.022214560822749,-0.677506304568208,190591
"8070","syn","rare",4500,0.05,0.01,0.001,6,6.5,0.5,0.5,0.5,0,1,0.000258906781213738,0.0195856051445215,-0.669813738593771,491210
"8071","syn","rare",4500,0.05,0.01,0.001,6,7,0.5,0.5,0.5,0,1,0.000282425684819637,0.019503161748825,-0.655400299018884,64287
"8072","syn","rare",4500,0.05,0.01,0.001,6.5,6,0.5,0.5,0.5,0,1,0.000541032561157061,0.0340818117009213,-0.696311042906007,1686273
"8073","syn","rare",4500,0.05,0.01,0.001,7,6,0.5,0.5,0.5,0,1,0.000864781113401644,0.0543424413278389,-0.69216601096434,1382017
"8074","syn","rare",4500,0.05,0.01,0.005,6,5.5,0.5,0.5,0.5,0,1,0.000167971651431465,0.0211102771363715,-0.764233499890364,3227394
"8075","syn","rare",4500,0.05,0.01,0.005,6,6,0.5,0.5,0.5,0,1,0.000231798673064532,0.0202274868385719,-0.687796852597867,1603243
"8076","syn","rare",4500,0.05,0.01,0.005,6,6.5,0.5,0.5,0.5,0,1,0.000273477229143386,0.0196974886981894,-0.659090169123966,434898
"8077","syn","rare",4500,0.05,0.01,0.005,6,7,0.5,0.5,0.5,0,1,0.000288649787025161,0.0198886428305808,-0.648667338347815,63153
"8078","syn","rare",4500,0.05,0.01,0.01,6,6.5,0.5,0.5,0.5,0,1,0.000256736908366056,0.0192613046745129,-0.660273163569415,467054
"8079","syn","rare",4500,0.05,0.01,0.01,6,7,0.5,0.5,0.5,0,1,0.00029775991076823,0.0195246987355384,-0.65472341610499,64551
"8080","syn","rare",4500,0.05,1,0.001,6,6,0.5,0.5,0.5,0,1,0.000229819785150976,0.0197906649195331,-0.720156165514366,2544019
"8081","syn","rare",4500,0.05,1,0.001,6,6,0.5,0.5,0.75,0,1,0.000299526249495431,0.0218734868832645,-0.654548611976512,1974457
"8082","syn","rare",4500,0.05,1,0.001,6,6,0.5,0.5,1,0,1,5.71832815271329e-05,0.0175843916965627,-0.658231459315047,1672258
"8083","syn","rare",4500,0.05,5,0.001,6,6,0.5,0.5,0.5,0,1,0.000177781354004633,0.0192722238329296,-0.741440954739832,2510405
"8084","syn","rare",4500,0.05,5,0.001,6,6,0.5,0.5,0.75,0,1,0.000266104679920648,0.0215629936265951,-0.698974581940501,952217
"8085","syn","rare",4500,0.05,5,0.001,6,6,0.5,0.5,1,0,1,3.46434470896188e-05,0.0164471241121481,-0.771467800869379,1466234
"8086","syn","rare",4500,0.1,0.01,0.001,6,6,0.5,0.5,0.5,0,1,0.000378189631292802,0.0219522691130612,-0.675909701401373,2187698
"8087","syn","rare",4500,0.2,0.01,0.001,6,6,0.5,0.5,0.5,0,1,0.000499881618309702,0.0240441107803347,-0.646404805378275,3000464
"8088","syn","rare",4500,0.5,0.01,0.001,6,6,0.5,0.5,0.5,0,1,0.000633139196252555,0.0263794304873999,-0.618478175634257,2910143
"8089","syn","rare",5000,0,0.01,0.001,6,6,0.5,0.5,0.5,0,1,4.49770509741938e-05,0.0157987558538777,-0.787110634840713,98697
"8090","syn","rare",5000,0.01,0.01,0.001,6,6,0.5,0.5,0.5,0,1,4.42068259344195e-05,0.0159688527282209,-0.767979902991684,2139751
"8091","syn","rare",5000,0.05,0.01,0,6,5,0.5,0.5,0.5,0,1,0.000183716416944919,0.0164703428480972,-0.411526565215516,200957
"8092","syn","rare",5000,0.05,0.01,0,6,6.5,0.5,0.5,0.5,0,1,0.000256732000056129,0.0183179615950338,-0.64552055355235,641377
"8093","syn","rare",5000,0.05,0.01,0,6,7,0.5,0.5,0.5,0,1,0.000264333245001914,0.0186722370290234,-0.651608188377648,67926
"8094","syn","rare",5000,0.05,0.01,1e-04,6,5,0.5,0.5,0.5,0,1,0.000219435155589116,0.0170341071654194,-0.612279822573881,1409096
"8095","syn","rare",5000,0.05,0.01,1e-04,6,6,0.5,0.5,0.5,0,1,0.000254485271681728,0.0183115739883976,-0.668943263528674,1704200
"8096","syn","rare",5000,0.05,0.01,1e-04,6,6.5,0.5,0.5,0.5,0,1,0.000249845532933662,0.0183884322005061,-0.658133300144412,560961
"8097","syn","rare",5000,0.05,0.01,1e-04,6,7,0.5,0.5,0.5,0,1,0.000247197604428178,0.0183285953068133,-0.658859558355874,66122
"8098","syn","rare",5000,0.05,0.01,5e-04,6,5.5,0.5,0.5,0.5,0,1,0.000213522374999395,0.0184215180448158,-0.732010168934284,4335799
"8099","syn","rare",5000,0.05,0.01,5e-04,6,6,0.5,0.5,0.5,0,1,0.000234902658277057,0.018661372767334,-0.701399614081571,2616093
"8100","syn","rare",5000,0.05,0.01,5e-04,6,6.5,0.5,0.5,0.5,0,1,0.000239364489890957,0.01834470945108,-0.676447350439304,506774
"8101","syn","rare",5000,0.05,0.01,5e-04,6,7,0.5,0.5,0.5,0,1,0.000267219883419689,0.0188344116866609,-0.658198650916391,61760
"8102","syn","rare",5000,0.05,0.01,0.001,5,6,0.5,0.5,0.5,0,1,-1.72585707379055e-06,0.0106991427904758,-0.74018578376662,2784066
"8103","syn","rare",5000,0.05,0.01,0.001,6,6,0,0,0.5,0,1,7.71719394693692e-05,0.0146743458431118,-0.715741700952423,693401
"8104","syn","rare",5000,0.05,0.01,0.001,6,6,0.25,0.25,0.5,0,1,0.000154264176325352,0.0172894261433102,-0.722869899022598,365733
"8105","syn","rare",5000,0.05,0.01,0.001,6,6,0.5,0.5,0.5,0,1,0.000224471314794239,0.0188936103140654,-0.709593738947272,9120834
"8106","syn","rare",5000,0.05,0.01,0.001,6,6,0.5,0.5,0.75,0,1,0.000261465843391492,0.020167531086895,-0.632430631367509,1750569
"8107","syn","rare",5000,0.05,0.01,0.001,6,6,0.5,0.5,1,0,1,3.59357557271112e-05,0.0157761422267814,-0.786873009945398,636010
"8108","syn","rare",5000,0.05,0.01,0.001,6,6,0.75,0.75,0.5,0,1,0.000261398878258001,0.0197665819075064,-0.700381765531106,197015
"8109","syn","rare",5000,0.05,0.01,0.001,6,6,1,1,0.5,0,1,0.000314882336999481,0.0212230238639397,-0.680160056752898,177116
"8110","syn","rare",5000,0.05,0.01,0.001,6,6.5,0.5,0.5,0.5,0,1,0.000248039081050431,0.0187563578052115,-0.672991440016939,451472
"8111","syn","rare",5000,0.05,0.01,0.001,6,7,0.5,0.5,0.5,0,1,0.000229679394933235,0.0177798331043295,-0.663655783583448,59762
"8112","syn","rare",5000,0.05,0.01,0.001,6.5,6,0.5,0.5,0.5,0,1,0.000499763838084663,0.0321356175586942,-0.697408633723541,1554442
"8113","syn","rare",5000,0.05,0.01,0.001,7,6,0.5,0.5,0.5,0,1,0.000820768170882101,0.0516771725777291,-0.694564794833012,1272269
"8114","syn","rare",5000,0.05,0.01,0.005,6,5.5,0.5,0.5,0.5,0,1,0.000147593643290961,0.0199852240669991,-0.765080554236093,2992366
"8115","syn","rare",5000,0.05,0.01,0.005,6,6,0.5,0.5,0.5,0,1,0.00019915433716818,0.0189765119279408,-0.689701348282373,1485935
"8116","syn","rare",5000,0.05,0.01,0.005,6,6.5,0.5,0.5,0.5,0,1,0.000236254424354437,0.0186354817870319,-0.661115159157856,401471
"8117","syn","rare",5000,0.05,0.01,0.005,6,7,0.5,0.5,0.5,0,1,0.000231108353583924,0.0185566714872783,-0.65831830717792,58023
"8118","syn","rare",5000,0.05,0.01,0.01,6,6.5,0.5,0.5,0.5,0,1,0.000240323306352483,0.0184854935184554,-0.66021355803173,431170
"8119","syn","rare",5000,0.05,0.01,0.01,6,7,0.5,0.5,0.5,0,1,0.000260968901338103,0.0185299734220364,-0.659655320923395,59263
"8120","syn","rare",5000,0.05,1,0.001,6,6,0.5,0.5,0.5,0,1,0.000209314454482132,0.0188132802592309,-0.721766995220379,2350143
"8121","syn","rare",5000,0.05,1,0.001,6,6,0.5,0.5,0.75,0,1,0.000255202368207783,0.0204400656452406,-0.659658739935161,1829907
"8122","syn","rare",5000,0.05,1,0.001,6,6,0.5,0.5,1,0,1,4.37319194611239e-05,0.0167138535240803,-0.662280007482006,1558651
"8123","syn","rare",5000,0.05,5,0.001,6,6,0.5,0.5,0.5,0,1,0.00015839200255604,0.0182765745869129,-0.743095368598014,2322342
"8124","syn","rare",5000,0.05,5,0.001,6,6,0.5,0.5,0.75,0,1,0.000227164627563669,0.0200980777480284,-0.700802320245331,884621
"8125","syn","rare",5000,0.05,5,0.001,6,6,0.5,0.5,1,0,1,3.10673576046566e-05,0.0158165631354695,-0.770117210140451,1356031
"8126","syn","rare",5000,0.1,0.01,0.001,6,6,0.5,0.5,0.5,0,1,0.000358791036328721,0.0209901198856921,-0.677745510303264,2023055
"8127","syn","rare",5000,0.2,0.01,0.001,6,6,0.5,0.5,0.5,0,1,0.000472773142812356,0.0228921153223319,-0.648055420915098,2768689
"8128","syn","rare",5000,0.5,0.01,0.001,6,6,0.5,0.5,0.5,0,1,0.000615281329281366,0.0254742686196089,-0.618551988324581,2689393
"8129","syn","rare",7500,0,0.01,0.001,6,6,0.5,0.5,0.5,0,1,2.48052612837177e-05,0.0148839663646428,-0.788300585057071,89864
"8130","syn","rare",7500,0.01,0.01,0.001,6,6,0.5,0.5,0.5,0,1,3.83209844196519e-05,0.0153973703827433,-0.768720462891638,1969404
"8131","syn","rare",7500,0.05,0.01,0,6,5,0.5,0.5,0.5,0,1,0.000182564921384695,0.0158261253075096,-0.408347183205849,180372
"8132","syn","rare",7500,0.05,0.01,0,6,6.5,0.5,0.5,0.5,0,1,0.000236069068686082,0.0176545652420292,-0.648401428526945,580234
"8133","syn","rare",7500,0.05,0.01,0,6,7,0.5,0.5,0.5,0,1,0.000238893207657176,0.0174863359384667,-0.656683154330442,61746
"8134","syn","rare",7500,0.05,0.01,1e-04,6,5,0.5,0.5,0.5,0,1,0.000201249587192754,0.0163677732801153,-0.615633637340546,1271780
"8135","syn","rare",7500,0.05,0.01,1e-04,6,6,0.5,0.5,0.5,0,1,0.000230401850294257,0.0174974551990211,-0.672371942074025,1549159
"8136","syn","rare",7500,0.05,0.01,1e-04,6,6.5,0.5,0.5,0.5,0,1,0.000220677743049844,0.017532854316919,-0.663476658824472,510636
"8137","syn","rare",7500,0.05,0.01,1e-04,6,7,0.5,0.5,0.5,0,1,0.000258002008032129,0.0180418595903826,-0.663251090305145,59760
"8138","syn","rare",7500,0.05,0.01,5e-04,6,5.5,0.5,0.5,0.5,0,1,0.000194912392206594,0.0176467266766727,-0.734024326103759,3983778
"8139","syn","rare",7500,0.05,0.01,5e-04,6,6,0.5,0.5,0.5,0,1,0.000209980627686362,0.0177268600731143,-0.705240478303299,2393106
"8140","syn","rare",7500,0.05,0.01,5e-04,6,6.5,0.5,0.5,0.5,0,1,0.000226211971121195,0.0178371617665035,-0.67796303789917,462346
"8141","syn","rare",7500,0.05,0.01,5e-04,6,7,0.5,0.5,0.5,0,1,0.000218778292498195,0.0176405640899069,-0.661903166651611,56773
"8142","syn","rare",7500,0.05,0.01,0.001,5,6,0.5,0.5,0.5,0,1,3.70058745055828e-06,0.0107029012101426,-0.741577256641755,2563620
"8143","syn","rare",7500,0.05,0.01,0.001,6,6,0,0,0.5,0,1,5.57470684917477e-05,0.0142748295829818,-0.719071842120591,624849
"8144","syn","rare",7500,0.05,0.01,0.001,6,6,0.25,0.25,0.5,0,1,0.000141728708970373,0.0166247147637629,-0.727672757159064,333509
"8145","syn","rare",7500,0.05,0.01,0.001,6,6,0.5,0.5,0.5,0,1,0.000196349697618546,0.0178937234910086,-0.712852139972461,8372868
"8146","syn","rare",7500,0.05,0.01,0.001,6,6,0.5,0.5,0.75,0,1,0.000218247791203432,0.019030770175035,-0.64141932107412,1615812
"8147","syn","rare",7500,0.05,0.01,0.001,6,6,0.5,0.5,1,0,1,2.37027069241028e-05,0.0152708346546882,-0.78781073776214,582617
"8148","syn","rare",7500,0.05,0.01,0.001,6,6,0.75,0.75,0.5,0,1,0.000264960521534209,0.0194785518649863,-0.700938964362035,181618
"8149","syn","rare",7500,0.05,0.01,0.001,6,6,1,1,0.5,0,1,0.000272705145183441,0.0197005721197147,-0.688062025317082,163104
"8150","syn","rare",7500,0.05,0.01,0.001,6,6.5,0.5,0.5,0.5,0,1,0.000203730256633529,0.0176684673374481,-0.679266445025806,413430
"8151","syn","rare",7500,0.05,0.01,0.001,6,7,0.5,0.5,0.5,0,1,0.000206805268354478,0.016985152612542,-0.668652377252165,53679
"8152","syn","rare",7500,0.05,0.01,0.001,6.5,6,0.5,0.5,0.5,0,1,0.000475023378163921,0.0305301528789726,-0.69883265077337,1429753
"8153","syn","rare",7500,0.05,0.01,0.001,7,6,0.5,0.5,0.5,0,1,0.000797567354223153,0.0495937155802028,-0.694308722044349,1165480
"8154","syn","rare",7500,0.05,0.01,0.005,6,5.5,0.5,0.5,0.5,0,1,0.00013145258418778,0.0190889080804717,-0.766955657220485,2777333
"8155","syn","rare",7500,0.05,0.01,0.005,6,6,0.5,0.5,0.5,0,1,0.000178489397905664,0.0181098773192138,-0.693095834888273,1368739
"8156","syn","rare",7500,0.05,0.01,0.005,6,6.5,0.5,0.5,0.5,0,1,0.000201070017364197,0.0175684008895878,-0.667322512039579,365695
"8157","syn","rare",7500,0.05,0.01,0.005,6,7,0.5,0.5,0.5,0,1,0.00022559110137483,0.017404368971386,-0.660259596656608,52952
"8158","syn","rare",7500,0.05,0.01,0.01,6,6.5,0.5,0.5,0.5,0,1,0.000226766837582442,0.0178146107138863,-0.664374968913878,392396
"8159","syn","rare",7500,0.05,0.01,0.01,6,7,0.5,0.5,0.5,0,1,0.000230058178314682,0.0176239043693596,-0.657001521504473,53972
"8160","syn","rare",7500,0.05,1,0.001,6,6,0.5,0.5,0.5,0,1,0.000187046903292561,0.017960540957456,-0.724515583390968,2164880
"8161","syn","rare",7500,0.05,1,0.001,6,6,0.5,0.5,0.75,0,1,0.000223578654280345,0.0191619362700752,-0.666758975841078,1701662
"8162","syn","rare",7500,0.05,1,0.001,6,6,0.5,0.5,1,0,1,3.25046951346753e-05,0.0158439235128261,-0.670729947164962,1475996
"8163","syn","rare",7500,0.05,5,0.001,6,6,0.5,0.5,0.5,0,1,0.00014496093032707,0.0176255431374704,-0.743742790577889,2145654
"8164","syn","rare",7500,0.05,5,0.001,6,6,0.5,0.5,0.75,0,1,0.00018703807008911,0.0188426844924392,-0.708700094415438,821012
"8165","syn","rare",7500,0.05,5,0.001,6,6,0.5,0.5,1,0,1,2.44872147593473e-05,0.0153573476727949,-0.770691124244493,1253985
"8166","syn","rare",7500,0.1,0.01,0.001,6,6,0.5,0.5,0.5,0,1,0.000330565525561755,0.0200754908809877,-0.680147633944011,1856680
"8167","syn","rare",7500,0.2,0.01,0.001,6,6,0.5,0.5,0.5,0,1,0.000453593530208646,0.0220246529863462,-0.649737326884245,2540051
"8168","syn","rare",7500,0.5,0.01,0.001,6,6,0.5,0.5,0.5,0,1,0.000602008743312759,0.0246357475971118,-0.619224757873171,2470002
"8169","syn","rare",10000,0,0.01,0.001,6,6,0.5,0.5,0.5,0,1,3.05636182277299e-05,0.0138919667218862,-0.782875778434431,445124
"8170","syn","rare",10000,0.01,0.01,0.001,6,6,0.5,0.5,0.5,0,1,1.65502939059532e-05,0.0139929680936052,-0.774687191964999,9854683
"8171","syn","rare",10000,0.05,0.01,0,6,5,0.5,0.5,0.5,0,1,0.000104347852931952,0.0144623390102398,-0.415077927982615,809802
"8172","syn","rare",10000,0.05,0.01,0,6,6.5,0.5,0.5,0.5,0,1,0.00015157243870063,0.0153772957706459,-0.671071585033847,2692442
"8173","syn","rare",10000,0.05,0.01,0,6,7,0.5,0.5,0.5,0,1,0.000161022539475329,0.01554135277172,-0.677251409064764,288028
"8174","syn","rare",10000,0.05,0.01,1e-04,6,5,0.5,0.5,0.5,0,1,0.000137003402914634,0.0148032906699521,-0.630900745339651,5806493
"8175","syn","rare",10000,0.05,0.01,1e-04,6,6,0.5,0.5,0.5,0,1,0.000155476854197297,0.0154952978566983,-0.688719864620787,7259934
"8176","syn","rare",10000,0.05,0.01,1e-04,6,6.5,0.5,0.5,0.5,0,1,0.000153732863848383,0.0156044182987466,-0.681632324565163,2377357
"8177","syn","rare",10000,0.05,0.01,1e-04,6,7,0.5,0.5,0.5,0,1,0.000156925690780649,0.0155286273416017,-0.679500796655795,279575
"8178","syn","rare",10000,0.05,0.01,5e-04,6,5.5,0.5,0.5,0.5,0,1,0.000128506989036982,0.0155500221729159,-0.745585561314629,19886860
"8179","syn","rare",10000,0.05,0.01,5e-04,6,6,0.5,0.5,0.5,0,1,0.000143578636405051,0.0157038187777024,-0.720584724628328,11666969
"8180","syn","rare",10000,0.05,0.01,5e-04,6,6.5,0.5,0.5,0.5,0,1,0.000145383462189583,0.0155069571138867,-0.696750262013996,2198574
"8181","syn","rare",10000,0.05,0.01,5e-04,6,7,0.5,0.5,0.5,0,1,0.000151886714277105,0.0157170174702852,-0.679082077141506,265488
"8182","syn","rare",10000,0.05,0.01,0.001,5,6,0.5,0.5,0.5,0,1,5.68272615320188e-07,0.0105260635566405,-0.753386201915517,12653082
"8183","syn","rare",10000,0.05,0.01,0.001,6,6,0,0,0.5,0,1,2.95484363884481e-05,0.0131377051364622,-0.730385820450541,2717203
"8184","syn","rare",10000,0.05,0.01,0.001,6,6,0.25,0.25,0.5,0,1,8.49386218404546e-05,0.0147415494826814,-0.739473364626693,1606679
"8185","syn","rare",10000,0.05,0.01,0.001,6,6,0.5,0.5,0.5,0,1,0.000130454747145969,0.015784870451328,-0.727898117280934,41783000
"8186","syn","rare",10000,0.05,0.01,0.001,6,6,0.5,0.5,0.75,0,1,0.000124749404687032,0.0159154748166316,-0.68590543770881,8299836
"8187","syn","rare",10000,0.05,0.01,0.001,6,6,0.5,0.5,1,0,1,1.61580965331224e-05,0.0139512615923169,-0.783727890071842,2871056
"8188","syn","rare",10000,0.05,0.01,0.001,6,6,0.75,0.75,0.5,0,1,0.000180515001699371,0.0170027718730145,-0.713229639429187,920929
"8189","syn","rare",10000,0.05,0.01,0.001,6,6,1,1,0.5,0,1,0.000211835462211853,0.0175458122371892,-0.699417546593263,828527
"8190","syn","rare",10000,0.05,0.01,0.001,6,6.5,0.5,0.5,0.5,0,1,0.000138788571324651,0.015513219005869,-0.696139558542706,1979547
"8191","syn","rare",10000,0.05,0.01,0.001,6,7,0.5,0.5,0.5,0,1,0.000139262144965977,0.0152700944084257,-0.684079113699334,253356
"8192","syn","rare",10000,0.05,0.01,0.001,6.5,6,0.5,0.5,0.5,0,1,0.000382978540072598,0.0261815641890169,-0.707554257549991,7137396
"8193","syn","rare",10000,0.05,0.01,0.001,7,6,0.5,0.5,0.5,0,1,0.000697447032034227,0.0434659772766049,-0.700411503994215,5711235
"8194","syn","rare",10000,0.05,0.01,0.005,6,5.5,0.5,0.5,0.5,0,1,8.36708267541251e-05,0.0167320087556503,-0.774362483400209,14859944
"8195","syn","rare",10000,0.05,0.01,0.005,6,6,0.5,0.5,0.5,0,1,0.000121834685032289,0.0159896059238238,-0.708891430692159,6978255
"8196","syn","rare",10000,0.05,0.01,0.005,6,6.5,0.5,0.5,0.5,0,1,0.000139154498230684,0.0156181677174611,-0.686493898852205,1756046
"8197","syn","rare",10000,0.05,0.01,0.005,6,7,0.5,0.5,0.5,0,1,0.000147322505652178,0.015640881401072,-0.679422217877162,250346
"8198","syn","rare",10000,0.05,0.01,0.01,6,6.5,0.5,0.5,0.5,0,1,0.000149370041247395,0.015639376517679,-0.68000448247404,1867027
"8199","syn","rare",10000,0.05,0.01,0.01,6,7,0.5,0.5,0.5,0,1,0.000158456189429514,0.0156570763522656,-0.680125646353228,250225
"8200","syn","rare",10000,0.05,1,0.001,6,6,0.5,0.5,0.5,0,1,0.000122868487012395,0.0157882143689543,-0.736953285063607,10887419
"8201","syn","rare",10000,0.05,1,0.001,6,6,0.5,0.5,0.75,0,1,0.000127768569228379,0.0161910859254518,-0.701529376996328,9003107
"8202","syn","rare",10000,0.05,1,0.001,6,6,0.5,0.5,1,0,1,1.77899070555117e-05,0.0142736288917372,-0.710465827988985,8687336
"8203","syn","rare",10000,0.05,5,0.001,6,6,0.5,0.5,0.5,0,1,9.59213189833339e-05,0.0154907958655792,-0.750677519598229,10924414
"8204","syn","rare",10000,0.05,5,0.001,6,6,0.5,0.5,0.75,0,1,0.000109789589455952,0.0158955582306953,-0.726309352310162,4408857
"8205","syn","rare",10000,0.05,5,0.001,6,6,0.5,0.5,1,0,1,1.51414450902954e-05,0.0140214560605547,-0.768829516823999,6424083
"8206","syn","rare",10000,0.1,0.01,0.001,6,6,0.5,0.5,0.5,0,1,0.00025063608011529,0.0175647783608328,-0.693909215607963,9222659
"8207","syn","rare",10000,0.2,0.01,0.001,6,6,0.5,0.5,0.5,0,1,0.000384072540863955,0.019652733094059,-0.661310171825442,12680246
"8208","syn","rare",10000,0.5,0.01,0.001,6,6,0.5,0.5,0.5,0,1,0.000543215672095808,0.0222745190176412,-0.62576288110085,12324478
